param,meanA,meanB,sdA,sdB
alpha,2.0405293129592748,0.5956964072748223,0.05790089716806352,0.013163160823529824
