param,meanA,meanB,sdA,sdB
rho,0.7898753071814356,0.13104646407730858,0.029962654789867676,0.009944233558258827
