param,meanA,meanB,sdA,sdB
seed,0.8088133405134478,0.005903875392597236,0.06713831210199367,0.0016774634726191282
