param,meanA,meanB,sdA,sdB
theta,0.9886914861966167,1.0505540599435577,0.04758455139594896,0.03990953753182897
