param,meanA,meanB,sdA,sdB
σ,0.039055064707102946,0.060924546689853455,0.00021016027172107276,0.0001409504428833789
