param,meanA,meanB,sdA,sdB
alpha,2.5997021005942953,2.7731409673167775,0.05672769587213304,0.04647157043437476
