param,meanA,meanB,sdA,sdB
rho,0.8283076169902837,1.2099397887352576,0.032565981924173336,0.02212232888073855
