param,meanA,meanB,sdA,sdB
seed,0.912240623848147,0.9414471267153985,0.08127845064202764,0.08157371390204407
