param,meanA,meanB,sdA,sdB
σ,0.020713765792070616,0.04287701504734879,0.0003150582576506067,0.00019943489635570563
