param,meanA,meanB,sdA,sdB
alpha,1.9155241924657032,2.8398507574110954,0.0688204935529123,0.0533662175916523
