param,meanA,meanB,sdA,sdB
rho,0.6585487882101752,1.2676046154069518,0.030579566697929886,0.027209644064679232
