param,meanA,meanB,sdA,sdB
seed,0.20391291707646161,0.17293291401335675,0.00971449767013896,0.006544095905801336
