param,meanA,meanB,sdA,sdB
σ,0.026926491391604874,0.04604566440969384,0.00040110835303849835,0.00022356961354558306
