param,meanA,meanB,sdA,sdB
alpha,1.9117453291595945,2.02181827241967,0.06252546635474752,0.04091801348868734
