param,meanA,meanB,sdA,sdB
rho,0.7164794360377135,0.945613494551824,0.030246930720878435,0.02380707672040728
