param,meanA,meanB,sdA,sdB
seed,0.8204159226548654,0.8494800067528103,0.06325021811898482,0.06473927203929047
