param,meanA,meanB,sdA,sdB
theta,1.0088990247590781,1.4771014491827463,0.05191512672215976,0.037087057495699245
