param,meanA,meanB,sdA,sdB
σ,0.01630012688633877,0.03909219791787537,0.0002418411155933523,0.0002026632999779055
