uniqueID,preLimVal,region,hemi,mouse,treatment,postLimVal,removeRegion,parent,major,x,y
1152_mPFF_ACAd_left,22.84922857,ACAd,left,1152,mPFF,22.84922857,FALSE,ACA,Isocortex,1152_mPFF,ACAd_left
1152_mPFF_ACAd_right,12.71020467,ACAd,right,1152,mPFF,12.71020467,FALSE,ACA,Isocortex,1152_mPFF,ACAd_right
1152_mPFF_ACAv_left,21.06499974,ACAv,left,1152,mPFF,21.06499974,FALSE,ACA,Isocortex,1152_mPFF,ACAv_left
1152_mPFF_ACAv_right,16.44443285,ACAv,right,1152,mPFF,16.44443285,FALSE,ACA,Isocortex,1152_mPFF,ACAv_right
1152_mPFF_ACB_left,2.853466287,ACB,left,1152,mPFF,2.853466287,FALSE,ACB,STR,1152_mPFF,ACB_left
1152_mPFF_ACB_right,1.433375336,ACB,right,1152,mPFF,1.433375336,FALSE,ACB,STR,1152_mPFF,ACB_right
1152_mPFF_AId_left,8.601748776,AId,left,1152,mPFF,8.601748776,FALSE,AI,Isocortex,1152_mPFF,AId_left
1152_mPFF_AId_right,21.29320138,AId,right,1152,mPFF,21.29320138,FALSE,AI,Isocortex,1152_mPFF,AId_right
1152_mPFF_AIp_left,0,AIp,left,1152,mPFF,0,FALSE,AI,Isocortex,1152_mPFF,AIp_left
1152_mPFF_AIp_right,11.67265835,AIp,right,1152,mPFF,11.67265835,FALSE,AI,Isocortex,1152_mPFF,AIp_right
1152_mPFF_AIv_left,16.88462587,AIv,left,1152,mPFF,16.88462587,FALSE,AI,Isocortex,1152_mPFF,AIv_left
1152_mPFF_AIv_right,31.71219712,AIv,right,1152,mPFF,31.71219712,FALSE,AI,Isocortex,1152_mPFF,AIv_right
1152_mPFF_APr_left,17.8774738,APr,left,1152,mPFF,17.8774738,FALSE,APr,HPF,1152_mPFF,APr_left
1152_mPFF_APr_right,19.2542756,APr,right,1152,mPFF,19.2542756,FALSE,APr,HPF,1152_mPFF,APr_right
1152_mPFF_AQ_left,12.69915577,AQ,left,1152,mPFF,12.69915577,TRUE,AQ,VS,1152_mPFF,AQ_left
1152_mPFF_AQ_right,45.59617215,AQ,right,1152,mPFF,45.59617215,TRUE,AQ,VS,1152_mPFF,AQ_right
1152_mPFF_ARH_left,0,ARH,left,1152,mPFF,0,FALSE,ARH,HY,1152_mPFF,ARH_left
1152_mPFF_ARH_right,0,ARH,right,1152,mPFF,0,FALSE,ARH,HY,1152_mPFF,ARH_right
1152_mPFF_AT_left,0,AT,left,1152,mPFF,0,FALSE,AT,MB,1152_mPFF,AT_left
1152_mPFF_AT_right,0,AT,right,1152,mPFF,0,FALSE,AT,MB,1152_mPFF,AT_right
1152_mPFF_AUDd_left,5.128701943,AUDd,left,1152,mPFF,5.128701943,FALSE,AUDd,Isocortex,1152_mPFF,AUDd_left
1152_mPFF_AUDd_right,21.79211316,AUDd,right,1152,mPFF,21.79211316,FALSE,AUDd,Isocortex,1152_mPFF,AUDd_right
1152_mPFF_AUDp_right,46.46229495,AUDp,right,1152,mPFF,46.46229495,FALSE,AUDp,Isocortex,1152_mPFF,AUDp_right
1152_mPFF_AUDv_left,0,AUDv,left,1152,mPFF,0,FALSE,AUDv,Isocortex,1152_mPFF,AUDv_left
1152_mPFF_AUDv_right,14.08972249,AUDv,right,1152,mPFF,14.08972249,FALSE,AUDv,Isocortex,1152_mPFF,AUDv_right
1152_mPFF_AVPV_left,0,AVPV,left,1152,mPFF,0,FALSE,AVPV,HY,1152_mPFF,AVPV_left
1152_mPFF_AVPV_right,0,AVPV,right,1152,mPFF,0,FALSE,AVPV,HY,1152_mPFF,AVPV_right
1152_mPFF_BLA_left,3.524744964,BLA,left,1152,mPFF,3.524744964,FALSE,BLA,CTXsp,1152_mPFF,BLA_left
1152_mPFF_BLA_right,28.15908513,BLA,right,1152,mPFF,28.15908513,FALSE,BLA,CTXsp,1152_mPFF,BLA_right
1152_mPFF_BMA_left,5.687906204,BMA,left,1152,mPFF,5.687906204,FALSE,BMA,CTXsp,1152_mPFF,BMA_left
1152_mPFF_BMA_right,27.5436135,BMA,right,1152,mPFF,27.5436135,FALSE,BMA,CTXsp,1152_mPFF,BMA_right
1152_mPFF_CA1_left,13.04738109,CA1,left,1152,mPFF,13.04738109,FALSE,CA1,HPF,1152_mPFF,CA1_left
1152_mPFF_CA1_right,13.15312304,CA1,right,1152,mPFF,13.15312304,FALSE,CA1,HPF,1152_mPFF,CA1_right
1152_mPFF_CA2_left,0,CA2,left,1152,mPFF,0,FALSE,CA2,HPF,1152_mPFF,CA2_left
1152_mPFF_CA2_right,29.93144084,CA2,right,1152,mPFF,29.93144084,FALSE,CA2,HPF,1152_mPFF,CA2_right
1152_mPFF_CA3_left,6.133766712,CA3,left,1152,mPFF,6.133766712,FALSE,CA3,HPF,1152_mPFF,CA3_left
1152_mPFF_CA3_right,11.91398298,CA3,right,1152,mPFF,11.91398298,FALSE,CA3,HPF,1152_mPFF,CA3_right
1152_mPFF_CB_left,0,CB,left,1152,mPFF,0,FALSE,CB,CB,1152_mPFF,CB_left
1152_mPFF_CB_right,0,CB,right,1152,mPFF,0,FALSE,CB,CB,1152_mPFF,CB_right
1152_mPFF_CEA_left,9.162945215,CEA,left,1152,mPFF,9.162945215,FALSE,CEA,STR,1152_mPFF,CEA_left
1152_mPFF_CEA_right,43.49816361,CEA,right,1152,mPFF,43.49816361,FALSE,CEA,STR,1152_mPFF,CEA_right
1152_mPFF_CLA_left,19.8665728,CLA,left,1152,mPFF,19.8665728,FALSE,CLA,CTXsp,1152_mPFF,CLA_left
1152_mPFF_CLA_right,12.8943359,CLA,right,1152,mPFF,12.8943359,FALSE,CLA,CTXsp,1152_mPFF,CLA_right
1152_mPFF_CL_left,5.532781489,CL,left,1152,mPFF,5.532781489,FALSE,CL,TH,1152_mPFF,CL_left
1152_mPFF_CL_right,10.46313978,CL,right,1152,mPFF,10.46313978,FALSE,CL,TH,1152_mPFF,CL_right
1152_mPFF_CM_left,0,CM,left,1152,mPFF,0,FALSE,CM,TH,1152_mPFF,CM_left
1152_mPFF_CM_right,0,CM,right,1152,mPFF,0,FALSE,CM,TH,1152_mPFF,CM_right
1152_mPFF_COA_left,7.3473557,COA,left,1152,mPFF,7.3473557,FALSE,COA,OLF,1152_mPFF,COA_left
1152_mPFF_COA_right,11.09919691,COA,right,1152,mPFF,11.09919691,FALSE,COA,OLF,1152_mPFF,COA_right
1152_mPFF_COAp_right,0,COAp,right,1152,mPFF,0,FALSE,COA,OLF,1152_mPFF,COAp_right
1152_mPFF_CP_left,1.766871162,CP,left,1152,mPFF,1.766871162,FALSE,CP,STR,1152_mPFF,CP_left
1152_mPFF_CP_right,2.058446933,CP,right,1152,mPFF,2.058446933,FALSE,CP,STR,1152_mPFF,CP_right
1152_mPFF_CS_left,0,CS,left,1152,mPFF,0,FALSE,CS,P,1152_mPFF,CS_left
1152_mPFF_CS_right,0,CS,right,1152,mPFF,0,FALSE,CS,P,1152_mPFF,CS_right
1152_mPFF_CTXsp_left,0,CTXsp,left,1152,mPFF,0,FALSE,CTXsp,CTXsp,1152_mPFF,CTXsp_left
1152_mPFF_CTXsp_right,25.35858182,CTXsp,right,1152,mPFF,25.35858182,FALSE,CTXsp,CTXsp,1152_mPFF,CTXsp_right
1152_mPFF_DG_left,0,DG,left,1152,mPFF,0,FALSE,DG,HPF,1152_mPFF,DG_left
1152_mPFF_DG_right,1.77263873,DG,right,1152,mPFF,1.77263873,FALSE,DG,HPF,1152_mPFF,DG_right
1152_mPFF_DMH_left,3.511188253,DMH,left,1152,mPFF,3.511188253,FALSE,DMH,HY,1152_mPFF,DMH_left
1152_mPFF_DMH_right,0,DMH,right,1152,mPFF,0,FALSE,DMH,HY,1152_mPFF,DMH_right
1152_mPFF_DR_left,0,DR,left,1152,mPFF,0,FALSE,DR,MB,1152_mPFF,DR_left
1152_mPFF_DR_right,0,DR,right,1152,mPFF,0,FALSE,DR,MB,1152_mPFF,DR_right
1152_mPFF_ECT_right,10.63785748,ECT,right,1152,mPFF,10.63785748,FALSE,ECT,Isocortex,1152_mPFF,ECT_right
1152_mPFF_ENTl_left,5.910738435,ENTl,left,1152,mPFF,5.910738435,FALSE,ENT,HPF,1152_mPFF,ENTl_left
1152_mPFF_ENTl_right,9.278532572,ENTl,right,1152,mPFF,9.278532572,FALSE,ENT,HPF,1152_mPFF,ENTl_right
1152_mPFF_ENTm_left,13.08831403,ENTm,left,1152,mPFF,13.08831403,FALSE,ENT,HPF,1152_mPFF,ENTm_left
1152_mPFF_ENTm_right,12.50354932,ENTm,right,1152,mPFF,12.50354932,FALSE,ENT,HPF,1152_mPFF,ENTm_right
1152_mPFF_EP_left,3.55639341,EP,left,1152,mPFF,3.55639341,FALSE,EP,CTXsp,1152_mPFF,EP_left
1152_mPFF_EP_right,15.70620289,EP,right,1152,mPFF,15.70620289,FALSE,EP,CTXsp,1152_mPFF,EP_right
1152_mPFF_Eth_left,35.11188253,Eth,left,1152,mPFF,35.11188253,FALSE,Eth,TH,1152_mPFF,Eth_left
1152_mPFF_Eth_right,71.135762,Eth,right,1152,mPFF,71.135762,FALSE,Eth,TH,1152_mPFF,Eth_right
1152_mPFF_FC_left,0,FC,left,1152,mPFF,0,FALSE,FC,HPF,1152_mPFF,FC_left
1152_mPFF_FC_right,0,FC,right,1152,mPFF,0,FALSE,FC,HPF,1152_mPFF,FC_right
1152_mPFF_GU_left,14.28154044,GU,left,1152,mPFF,14.28154044,FALSE,GU,Isocortex,1152_mPFF,GU_left
1152_mPFF_GU_right,22.55795131,GU,right,1152,mPFF,22.55795131,FALSE,GU,Isocortex,1152_mPFF,GU_right
1152_mPFF_HATA_left,8.535505595,HATA,left,1152,mPFF,8.535505595,FALSE,HATA,HPF,1152_mPFF,HATA_left
1152_mPFF_HATA_right,0,HATA,right,1152,mPFF,0,FALSE,HATA,HPF,1152_mPFF,HATA_right
1152_mPFF_HPF_left,1.345894258,HPF,left,1152,mPFF,1.345894258,FALSE,HPF,HPF,1152_mPFF,HPF_left
1152_mPFF_HPF_right,3.297962573,HPF,right,1152,mPFF,3.297962573,FALSE,HPF,HPF,1152_mPFF,HPF_right
1152_mPFF_HY_left,0,HY,left,1152,mPFF,0,FALSE,HY,HY,1152_mPFF,HY_left
1152_mPFF_HY_right,0,HY,right,1152,mPFF,0,FALSE,HY,HY,1152_mPFF,HY_right
1152_mPFF_IA_right,0,IA,right,1152,mPFF,0,FALSE,IA,STR,1152_mPFF,IA_right
1152_mPFF_IC_left,1.668800773,IC,left,1152,mPFF,1.668800773,FALSE,IC,MB,1152_mPFF,IC_left
1152_mPFF_IC_right,2.946566854,IC,right,1152,mPFF,2.946566854,FALSE,IC,MB,1152_mPFF,IC_right
1152_mPFF_IG_left,53.10277061,IG,left,1152,mPFF,53.10277061,FALSE,IG,HPF,1152_mPFF,IG_left
1152_mPFF_IG_right,18.84160861,IG,right,1152,mPFF,18.84160861,FALSE,IG,HPF,1152_mPFF,IG_right
1152_mPFF_IIn_left,0,IIn,left,1152,mPFF,0,TRUE,IIn,fiber tracts,1152_mPFF,IIn_left
1152_mPFF_IIn_right,0,IIn,right,1152,mPFF,0,TRUE,IIn,fiber tracts,1152_mPFF,IIn_right
1152_mPFF_IMD_left,0,IMD,left,1152,mPFF,0,FALSE,IMD,TH,1152_mPFF,IMD_left
1152_mPFF_IMD_right,14.8440479,IMD,right,1152,mPFF,14.8440479,FALSE,IMD,TH,1152_mPFF,IMD_right
1152_mPFF_IV_left,0,IV,left,1152,mPFF,0,FALSE,IV,MB,1152_mPFF,IV_left
1152_mPFF_IV_right,0,IV,right,1152,mPFF,0,FALSE,IV,MB,1152_mPFF,IV_right
1152_mPFF_In_left,0,In,left,1152,mPFF,0,TRUE,In,fiber tracts,1152_mPFF,In_left
1152_mPFF_In_right,0,In,right,1152,mPFF,0,TRUE,In,fiber tracts,1152_mPFF,In_right
1152_mPFF_LA_left,11.09919691,LA,left,1152,mPFF,11.09919691,FALSE,LA,CTXsp,1152_mPFF,LA_left
1152_mPFF_LA_right,9.083671102,LA,right,1152,mPFF,9.083671102,FALSE,LA,CTXsp,1152_mPFF,LA_right
1152_mPFF_LD_left,41.49586117,LD,left,1152,mPFF,41.49586117,FALSE,LD,TH,1152_mPFF,LD_left
1152_mPFF_LGd_left,0,LGd,left,1152,mPFF,0,FALSE,LGd,TH,1152_mPFF,LGd_left
1152_mPFF_LGd_right,17.79549602,LGd,right,1152,mPFF,17.79549602,FALSE,LGd,TH,1152_mPFF,LGd_right
1152_mPFF_LGv_left,0,LGv,left,1152,mPFF,0,FALSE,LGv,TH,1152_mPFF,LGv_left
1152_mPFF_LGv_right,0,LGv,right,1152,mPFF,0,FALSE,LGv,TH,1152_mPFF,LGv_right
1152_mPFF_LHA_left,0,LHA,left,1152,mPFF,0,FALSE,LHA,HY,1152_mPFF,LHA_left
1152_mPFF_LHA_right,0,LHA,right,1152,mPFF,0,FALSE,LHA,HY,1152_mPFF,LHA_right
1152_mPFF_LH_left,0,LH,left,1152,mPFF,0,FALSE,LH,TH,1152_mPFF,LH_left
1152_mPFF_LH_right,0,LH,right,1152,mPFF,0,FALSE,LH,TH,1152_mPFF,LH_right
1152_mPFF_LPO_left,0,LPO,left,1152,mPFF,0,FALSE,LPO,HY,1152_mPFF,LPO_left
1152_mPFF_LPO_right,0,LPO,right,1152,mPFF,0,FALSE,LPO,HY,1152_mPFF,LPO_right
1152_mPFF_LP_left,18.65194214,LP,left,1152,mPFF,18.65194214,FALSE,LP,TH,1152_mPFF,LP_left
1152_mPFF_LP_right,9.334447298,LP,right,1152,mPFF,9.334447298,FALSE,LP,TH,1152_mPFF,LP_right
1152_mPFF_LS_left,11.05255591,LS,left,1152,mPFF,11.05255591,FALSE,LS,STR,1152_mPFF,LS_left
1152_mPFF_LS_right,11.01497942,LS,right,1152,mPFF,11.01497942,FALSE,LS,STR,1152_mPFF,LS_right
1152_mPFF_MB_left,2.0425518,MB,left,1152,mPFF,2.0425518,FALSE,MB,MB,1152_mPFF,MB_left
1152_mPFF_MB_right,0,MB,right,1152,mPFF,0,FALSE,MB,MB,1152_mPFF,MB_right
1152_mPFF_MD_left,7.288694177,MD,left,1152,mPFF,7.288694177,FALSE,MD,TH,1152_mPFF,MD_left
1152_mPFF_MD_right,13.06822622,MD,right,1152,mPFF,13.06822622,FALSE,MD,TH,1152_mPFF,MD_right
1152_mPFF_MEA_left,20.93827857,MEA,left,1152,mPFF,20.93827857,FALSE,MEA,STR,1152_mPFF,MEA_left
1152_mPFF_MEA_right,11.69563062,MEA,right,1152,mPFF,11.69563062,FALSE,MEA,STR,1152_mPFF,MEA_right
1152_mPFF_ME_left,0,ME,left,1152,mPFF,0,FALSE,ME,HY,1152_mPFF,ME_left
1152_mPFF_ME_right,0,ME,right,1152,mPFF,0,FALSE,ME,HY,1152_mPFF,ME_right
1152_mPFF_MH_left,0,MH,left,1152,mPFF,0,FALSE,MH,TH,1152_mPFF,MH_left
1152_mPFF_MH_right,0,MH,right,1152,mPFF,0,FALSE,MH,TH,1152_mPFF,MH_right
1152_mPFF_MOp_left,22.56611297,MOp,left,1152,mPFF,22.56611297,FALSE,MOp,Isocortex,1152_mPFF,MOp_left
1152_mPFF_MOp_right,10.8839399,MOp,right,1152,mPFF,10.8839399,FALSE,MOp,Isocortex,1152_mPFF,MOp_right
1152_mPFF_MOs_left,20.07196591,MOs,left,1152,mPFF,20.07196591,FALSE,MOs,Isocortex,1152_mPFF,MOs_left
1152_mPFF_MOs_right,13.87490918,MOs,right,1152,mPFF,13.87490918,FALSE,MOs,Isocortex,1152_mPFF,MOs_right
1152_mPFF_MRN_left,1.957038997,MRN,left,1152,mPFF,1.957038997,FALSE,MRN,MB,1152_mPFF,MRN_left
1152_mPFF_MRN_right,1.04578736,MRN,right,1152,mPFF,1.04578736,FALSE,MRN,MB,1152_mPFF,MRN_right
1152_mPFF_MS_left,9.0229837,MS,left,1152,mPFF,9.0229837,FALSE,MS,PAL,1152_mPFF,MS_left
1152_mPFF_MS_right,11.27814253,MS,right,1152,mPFF,11.27814253,FALSE,MS,PAL,1152_mPFF,MS_right
1152_mPFF_NDB_left,0,NDB,left,1152,mPFF,0,FALSE,NDB,PAL,1152_mPFF,NDB_left
1152_mPFF_NDB_right,2.298667095,NDB,right,1152,mPFF,2.298667095,FALSE,NDB,PAL,1152_mPFF,NDB_right
1152_mPFF_NLL_left,0,NLL,left,1152,mPFF,0,FALSE,NLL,P,1152_mPFF,NLL_left
1152_mPFF_NLL_right,1.306598076,NLL,right,1152,mPFF,1.306598076,FALSE,NLL,P,1152_mPFF,NLL_right
1152_mPFF_OLF_left,7.958469777,OLF,left,1152,mPFF,7.958469777,FALSE,OLF,OLF,1152_mPFF,OLF_left
1152_mPFF_OLF_right,20.78538884,OLF,right,1152,mPFF,20.78538884,FALSE,OLF,OLF,1152_mPFF,OLF_right
1152_mPFF_OT_left,0,OT,left,1152,mPFF,0,FALSE,OT,STR,1152_mPFF,OT_left
1152_mPFF_OT_right,0,OT,right,1152,mPFF,0,FALSE,OT,STR,1152_mPFF,OT_right
1152_mPFF_PAA_left,10.78238912,PAA,left,1152,mPFF,10.78238912,FALSE,PAA,OLF,1152_mPFF,PAA_left
1152_mPFF_PAA_right,33.57826007,PAA,right,1152,mPFF,33.57826007,FALSE,PAA,OLF,1152_mPFF,PAA_right
1152_mPFF_PAG_left,1.483823393,PAG,left,1152,mPFF,1.483823393,FALSE,PAG,MB,1152_mPFF,PAG_left
1152_mPFF_PAG_right,0.961755125,PAG,right,1152,mPFF,0.961755125,FALSE,PAG,MB,1152_mPFF,PAG_right
1152_mPFF_PAL_left,0,PAL,left,1152,mPFF,0,FALSE,PAL,PAL,1152_mPFF,PAL_left
1152_mPFF_PAL_right,4.55884617,PAL,right,1152,mPFF,4.55884617,FALSE,PAL,PAL,1152_mPFF,PAL_right
1152_mPFF_PALd_left,0,PALd,left,1152,mPFF,0,FALSE,PAL,PAL,1152_mPFF,PALd_left
1152_mPFF_PALd_right,0,PALd,right,1152,mPFF,0,FALSE,PAL,PAL,1152_mPFF,PALd_right
1152_mPFF_PAR_left,8.633690998,PAR,left,1152,mPFF,8.633690998,FALSE,PAR,HPF,1152_mPFF,PAR_left
1152_mPFF_PAR_right,6.341407436,PAR,right,1152,mPFF,6.341407436,FALSE,PAR,HPF,1152_mPFF,PAR_right
1152_mPFF_PBG_left,0,PBG,left,1152,mPFF,0,FALSE,PBG,MB,1152_mPFF,PBG_left
1152_mPFF_PBG_right,0,PBG,right,1152,mPFF,0,FALSE,PBG,MB,1152_mPFF,PBG_right
1152_mPFF_PCN_left,8.571914983,PCN,left,1152,mPFF,8.571914983,FALSE,PCN,TH,1152_mPFF,PCN_left
1152_mPFF_PCN_right,9.559255976,PCN,right,1152,mPFF,9.559255976,FALSE,PCN,TH,1152_mPFF,PCN_right
1152_mPFF_PERI_left,22.63764527,PERI,left,1152,mPFF,22.63764527,FALSE,PERI,Isocortex,1152_mPFF,PERI_left
1152_mPFF_PERI_right,4.96821195,PERI,right,1152,mPFF,4.96821195,FALSE,PERI,Isocortex,1152_mPFF,PERI_right
1152_mPFF_PG_left,2.804239212,PG,left,1152,mPFF,2.804239212,FALSE,PG,P,1152_mPFF,PG_left
1152_mPFF_PG_right,3.019747755,PG,right,1152,mPFF,3.019747755,FALSE,PG,P,1152_mPFF,PG_right
1152_mPFF_PIR_left,10.10687688,PIR,left,1152,mPFF,10.10687688,FALSE,PIR,OLF,1152_mPFF,PIR_left
1152_mPFF_PIR_right,16.10169388,PIR,right,1152,mPFF,16.10169388,FALSE,PIR,OLF,1152_mPFF,PIR_right
1152_mPFF_POST_left,43.35538963,POST,left,1152,mPFF,43.35538963,FALSE,POST,HPF,1152_mPFF,POST_left
1152_mPFF_POST_right,21.84611921,POST,right,1152,mPFF,21.84611921,FALSE,POST,HPF,1152_mPFF,POST_right
1152_mPFF_PO_left,26.25816718,PO,left,1152,mPFF,26.25816718,FALSE,PO,TH,1152_mPFF,PO_left
1152_mPFF_PO_right,21.16014113,PO,right,1152,mPFF,21.16014113,FALSE,PO,TH,1152_mPFF,PO_right
1152_mPFF_PPN_left,0,PPN,left,1152,mPFF,0,FALSE,PPN,MB,1152_mPFF,PPN_left
1152_mPFF_PPN_right,0,PPN,right,1152,mPFF,0,FALSE,PPN,MB,1152_mPFF,PPN_right
1152_mPFF_PRE_left,8.369759722,PRE,left,1152,mPFF,8.369759722,FALSE,PRE,HPF,1152_mPFF,PRE_left
1152_mPFF_PRE_right,9.18255909,PRE,right,1152,mPFF,9.18255909,FALSE,PRE,HPF,1152_mPFF,PRE_right
1152_mPFF_PRNr_left,1.262952499,PRNr,left,1152,mPFF,1.262952499,FALSE,PRNr,P,1152_mPFF,PRNr_left
1152_mPFF_PRNr_right,3.055645244,PRNr,right,1152,mPFF,3.055645244,FALSE,PRNr,P,1152_mPFF,PRNr_right
1152_mPFF_PR_left,0,PR,left,1152,mPFF,0,FALSE,PR,TH,1152_mPFF,PR_left
1152_mPFF_PR_right,0,PR,right,1152,mPFF,0,FALSE,PR,TH,1152_mPFF,PR_right
1152_mPFF_PST_right,0,PST,right,1152,mPFF,0,FALSE,PST,HY,1152_mPFF,PST_right
1152_mPFF_PVT_left,0,PVT,left,1152,mPFF,0,FALSE,PVT,TH,1152_mPFF,PVT_left
1152_mPFF_PVT_right,0,PVT,right,1152,mPFF,0,FALSE,PVT,TH,1152_mPFF,PVT_right
1152_mPFF_PVZ_left,0,PVZ,left,1152,mPFF,0,FALSE,PVZ,HY,1152_mPFF,PVZ_left
1152_mPFF_PVZ_right,0,PVZ,right,1152,mPFF,0,FALSE,PVZ,HY,1152_mPFF,PVZ_right
1152_mPFF_P_left,3.077431571,P,left,1152,mPFF,3.077431571,FALSE,P,P,1152_mPFF,P_left
1152_mPFF_P_right,2.3428454,P,right,1152,mPFF,2.3428454,FALSE,P,P,1152_mPFF,P_right
1152_mPFF_Pa4_left,0,Pa4,left,1152,mPFF,0,FALSE,Pa4,MB,1152_mPFF,Pa4_left
1152_mPFF_Pa4_right,0,Pa4,right,1152,mPFF,0,FALSE,Pa4,MB,1152_mPFF,Pa4_right
1152_mPFF_PeF_left,0,PeF,left,1152,mPFF,0,FALSE,PeF,HY,1152_mPFF,PeF_left
1152_mPFF_PeF_right,0,PeF,right,1152,mPFF,0,FALSE,PeF,HY,1152_mPFF,PeF_right
1152_mPFF_RE_left,0,RE,left,1152,mPFF,0,FALSE,RE,TH,1152_mPFF,RE_left
1152_mPFF_RE_right,0,RE,right,1152,mPFF,0,FALSE,RE,TH,1152_mPFF,RE_right
1152_mPFF_RH_left,0,RH,left,1152,mPFF,0,FALSE,RH,TH,1152_mPFF,RH_left
1152_mPFF_RH_right,0,RH,right,1152,mPFF,0,FALSE,RH,TH,1152_mPFF,RH_right
1152_mPFF_RSPagl_left,37.83719671,RSPagl,left,1152,mPFF,37.83719671,FALSE,RSP,Isocortex,1152_mPFF,RSPagl_left
1152_mPFF_RSPagl_right,31.98385568,RSPagl,right,1152,mPFF,31.98385568,FALSE,RSP,Isocortex,1152_mPFF,RSPagl_right
1152_mPFF_RSPd_left,46.90103985,RSPd,left,1152,mPFF,46.90103985,FALSE,RSP,Isocortex,1152_mPFF,RSPd_left
1152_mPFF_RSPd_right,19.66718624,RSPd,right,1152,mPFF,19.66718624,FALSE,RSP,Isocortex,1152_mPFF,RSPd_right
1152_mPFF_RSPv_left,15.59593127,RSPv,left,1152,mPFF,15.59593127,FALSE,RSP,Isocortex,1152_mPFF,RSPv_left
1152_mPFF_RSPv_right,23.56013703,RSPv,right,1152,mPFF,23.56013703,FALSE,RSP,Isocortex,1152_mPFF,RSPv_right
1152_mPFF_RT_left,6.463072182,RT,left,1152,mPFF,6.463072182,FALSE,RT,TH,1152_mPFF,RT_left
1152_mPFF_RT_right,16.59834447,RT,right,1152,mPFF,16.59834447,FALSE,RT,TH,1152_mPFF,RT_right
1152_mPFF_SAG_left,0,SAG,left,1152,mPFF,0,FALSE,SAG,MB,1152_mPFF,SAG_left
1152_mPFF_SAG_right,0,SAG,right,1152,mPFF,0,FALSE,SAG,MB,1152_mPFF,SAG_right
1152_mPFF_SCm_left,1.816179108,SCm,left,1152,mPFF,1.816179108,FALSE,MBmot,MB,1152_mPFF,SCm_left
1152_mPFF_SCm_right,1.654367901,SCm,right,1152,mPFF,1.654367901,FALSE,MBmot,MB,1152_mPFF,SCm_right
1152_mPFF_SCs_left,0,SCs,left,1152,mPFF,0,FALSE,MBsen,MB,1152_mPFF,SCs_left
1152_mPFF_SCs_right,1.394018316,SCs,right,1152,mPFF,1.394018316,FALSE,MBsen,MB,1152_mPFF,SCs_right
1152_mPFF_SEZ_left,0,SEZ,left,1152,mPFF,0,TRUE,SEZ,VS,1152_mPFF,SEZ_left
1152_mPFF_SEZ_right,0,SEZ,right,1152,mPFF,0,TRUE,SEZ,VS,1152_mPFF,SEZ_right
1152_mPFF_SH_left,170.5520841,SH,left,1152,mPFF,170.5520841,FALSE,SH,STR,1152_mPFF,SH_left
1152_mPFF_SH_right,75.63614164,SH,right,1152,mPFF,75.63614164,FALSE,SH,STR,1152_mPFF,SH_right
1152_mPFF_SI_left,0,SI,left,1152,mPFF,0,FALSE,SI,PAL,1152_mPFF,SI_left
1152_mPFF_SI_right,1.559927599,SI,right,1152,mPFF,1.559927599,FALSE,SI,PAL,1152_mPFF,SI_right
1152_mPFF_SMT_left,0,SMT,left,1152,mPFF,0,FALSE,SMT,TH,1152_mPFF,SMT_left
1152_mPFF_SMT_right,8.337067997,SMT,right,1152,mPFF,8.337067997,FALSE,SMT,TH,1152_mPFF,SMT_right
1152_mPFF_SSp-bfd_left,27.27056875,SSp-bfd,left,1152,mPFF,27.27056875,FALSE,SSp,Isocortex,1152_mPFF,SSp-bfd_left
1152_mPFF_SSp-bfd_right,28.86869477,SSp-bfd,right,1152,mPFF,28.86869477,FALSE,SSp,Isocortex,1152_mPFF,SSp-bfd_right
1152_mPFF_SSp-m_left,21.45154397,SSp-m,left,1152,mPFF,21.45154397,FALSE,SSp,Isocortex,1152_mPFF,SSp-m_left
1152_mPFF_SSp-m_right,15.69873954,SSp-m,right,1152,mPFF,15.69873954,FALSE,SSp,Isocortex,1152_mPFF,SSp-m_right
1152_mPFF_SSp-tr_left,0,SSp-tr,left,1152,mPFF,0,FALSE,SSp,Isocortex,1152_mPFF,SSp-tr_left
1152_mPFF_SSp-ul_left,44.9900457,SSp-ul,left,1152,mPFF,44.9900457,FALSE,SSp,Isocortex,1152_mPFF,SSp-ul_left
1152_mPFF_SSp-ul_right,19.13677225,SSp-ul,right,1152,mPFF,19.13677225,FALSE,SSp,Isocortex,1152_mPFF,SSp-ul_right
1152_mPFF_SSp-un_right,0,SSp-un,right,1152,mPFF,0,FALSE,SSp,Isocortex,1152_mPFF,SSp-un_right
1152_mPFF_SSs_left,7.932921366,SSs,left,1152,mPFF,7.932921366,FALSE,SSs,Isocortex,1152_mPFF,SSs_left
1152_mPFF_SSs_right,22.12727195,SSs,right,1152,mPFF,22.12727195,FALSE,SSs,Isocortex,1152_mPFF,SSs_right
1152_mPFF_STN_right,0,STN,right,1152,mPFF,0,FALSE,STN,HY,1152_mPFF,STN_right
1152_mPFF_STR_left,9.425786863,STR,left,1152,mPFF,9.425786863,FALSE,STR,STR,1152_mPFF,STR_left
1152_mPFF_STR_right,10.65438714,STR,right,1152,mPFF,10.65438714,FALSE,STR,STR,1152_mPFF,STR_right
1152_mPFF_SUB_left,3.616241138,SUB,left,1152,mPFF,3.616241138,FALSE,SUB,HPF,1152_mPFF,SUB_left
1152_mPFF_SUB_right,2.803630954,SUB,right,1152,mPFF,2.803630954,FALSE,SUB,HPF,1152_mPFF,SUB_right
1152_mPFF_TEa_right,27.61645638,TEa,right,1152,mPFF,27.61645638,FALSE,TEa,Isocortex,1152_mPFF,TEa_right
1152_mPFF_TH_left,0,TH,left,1152,mPFF,0,FALSE,TH,TH,1152_mPFF,TH_left
1152_mPFF_TH_right,0,TH,right,1152,mPFF,0,FALSE,TH,TH,1152_mPFF,TH_right
1152_mPFF_TRN_left,1.472887811,TRN,left,1152,mPFF,1.472887811,FALSE,TRN,P,1152_mPFF,TRN_left
1152_mPFF_TRN_right,1.545002496,TRN,right,1152,mPFF,1.545002496,FALSE,TRN,P,1152_mPFF,TRN_right
1152_mPFF_TU_left,3.464550079,TU,left,1152,mPFF,3.464550079,FALSE,TU,HY,1152_mPFF,TU_left
1152_mPFF_TU_right,6.428936237,TU,right,1152,mPFF,6.428936237,FALSE,TU,HY,1152_mPFF,TU_right
1152_mPFF_V3_left,0,V3,left,1152,mPFF,0,TRUE,V3,VS,1152_mPFF,V3_left
1152_mPFF_V3_right,0,V3,right,1152,mPFF,0,TRUE,V3,VS,1152_mPFF,V3_right
1152_mPFF_VAL_left,19.63245045,VAL,left,1152,mPFF,19.63245045,FALSE,VAL,TH,1152_mPFF,VAL_left
1152_mPFF_VAL_right,64.06378566,VAL,right,1152,mPFF,64.06378566,FALSE,VAL,TH,1152_mPFF,VAL_right
1152_mPFF_VISC_left,0,VISC,left,1152,mPFF,0,FALSE,VISC,Isocortex,1152_mPFF,VISC_left
1152_mPFF_VISC_right,0,VISC,right,1152,mPFF,0,FALSE,VISC,Isocortex,1152_mPFF,VISC_right
1152_mPFF_VISa_left,11.74973833,VISa,left,1152,mPFF,11.74973833,FALSE,VISa,Isocortex,1152_mPFF,VISa_left
1152_mPFF_VISa_right,6.638630194,VISa,right,1152,mPFF,6.638630194,FALSE,VISa,Isocortex,1152_mPFF,VISa_right
1152_mPFF_VISam_left,3.073767493,VISam,left,1152,mPFF,3.073767493,FALSE,VISam,Isocortex,1152_mPFF,VISam_left
1152_mPFF_VISam_right,3.043029818,VISam,right,1152,mPFF,3.043029818,FALSE,VISam,Isocortex,1152_mPFF,VISam_right
1152_mPFF_VISl_left,28.5223188,VISl,left,1152,mPFF,28.5223188,FALSE,VISl,Isocortex,1152_mPFF,VISl_left
1152_mPFF_VISl_right,18.39453959,VISl,right,1152,mPFF,18.39453959,FALSE,VISl,Isocortex,1152_mPFF,VISl_right
1152_mPFF_VISp_left,26.44944429,VISp,left,1152,mPFF,26.44944429,FALSE,VISp,Isocortex,1152_mPFF,VISp_left
1152_mPFF_VISp_right,35.86523708,VISp,right,1152,mPFF,35.86523708,FALSE,VISp,Isocortex,1152_mPFF,VISp_right
1152_mPFF_VISpl_left,8.337346061,VISpl,left,1152,mPFF,8.337346061,FALSE,VISpl,Isocortex,1152_mPFF,VISpl_left
1152_mPFF_VISpl_right,13.30803051,VISpl,right,1152,mPFF,13.30803051,FALSE,VISpl,Isocortex,1152_mPFF,VISpl_right
1152_mPFF_VISpor_left,19.16972318,VISpor,left,1152,mPFF,19.16972318,FALSE,VISpor,Isocortex,1152_mPFF,VISpor_left
1152_mPFF_VISpor_right,17.17858733,VISpor,right,1152,mPFF,17.17858733,FALSE,VISpor,Isocortex,1152_mPFF,VISpor_right
1152_mPFF_VISrl_left,0,VISrl,left,1152,mPFF,0,FALSE,VISrl,Isocortex,1152_mPFF,VISrl_left
1152_mPFF_VISrl_right,16.25304751,VISrl,right,1152,mPFF,16.25304751,FALSE,VISrl,Isocortex,1152_mPFF,VISrl_right
1152_mPFF_VL_left,3.523920763,VL,left,1152,mPFF,3.523920763,TRUE,VL,VS,1152_mPFF,VL_left
1152_mPFF_VL_right,1.922669383,VL,right,1152,mPFF,1.922669383,TRUE,VL,VS,1152_mPFF,VL_right
1152_mPFF_VMH_left,0,VMH,left,1152,mPFF,0,FALSE,VMH,HY,1152_mPFF,VMH_left
1152_mPFF_VMH_right,4.681584337,VMH,right,1152,mPFF,4.681584337,FALSE,VMH,HY,1152_mPFF,VMH_right
1152_mPFF_VM_left,7.714723485,VM,left,1152,mPFF,7.714723485,FALSE,VM,TH,1152_mPFF,VM_left
1152_mPFF_VM_right,10.9166989,VM,right,1152,mPFF,10.9166989,FALSE,VM,TH,1152_mPFF,VM_right
1152_mPFF_VPL_left,30.68601498,VPL,left,1152,mPFF,30.68601498,FALSE,VPL,TH,1152_mPFF,VPL_left
1152_mPFF_VPL_right,33.3313611,VPL,right,1152,mPFF,33.3313611,FALSE,VPL,TH,1152_mPFF,VPL_right
1152_mPFF_VPM_left,30.51166262,VPM,left,1152,mPFF,30.51166262,FALSE,VPM,TH,1152_mPFF,VPM_left
1152_mPFF_VPM_right,28.83477403,VPM,right,1152,mPFF,28.83477403,FALSE,VPM,TH,1152_mPFF,VPM_right
1152_mPFF_Xi_left,0,Xi,left,1152,mPFF,0,FALSE,Xi,TH,1152_mPFF,Xi_left
1152_mPFF_Xi_right,0,Xi,right,1152,mPFF,0,FALSE,Xi,TH,1152_mPFF,Xi_right
1152_mPFF_ZI_left,3.986501946,ZI,left,1152,mPFF,3.986501946,FALSE,ZI,HY,1152_mPFF,ZI_left
1152_mPFF_ZI_right,4.102961554,ZI,right,1152,mPFF,4.102961554,FALSE,ZI,HY,1152_mPFF,ZI_right
1152_mPFF_alv_left,2.634657852,alv,left,1152,mPFF,2.634657852,TRUE,alv,fiber tracts,1152_mPFF,alv_left
1152_mPFF_alv_right,10.51850184,alv,right,1152,mPFF,10.51850184,TRUE,alv,fiber tracts,1152_mPFF,alv_right
1152_mPFF_amc_left,22.26607185,amc,left,1152,mPFF,22.26607185,TRUE,amc,fiber tracts,1152_mPFF,amc_left
1152_mPFF_amc_right,36.15480973,amc,right,1152,mPFF,36.15480973,TRUE,amc,fiber tracts,1152_mPFF,amc_right
1152_mPFF_ar_left,0,ar,left,1152,mPFF,0,TRUE,ar,fiber tracts,1152_mPFF,ar_left
1152_mPFF_ar_right,8.242970164,ar,right,1152,mPFF,8.242970164,TRUE,ar,fiber tracts,1152_mPFF,ar_right
1152_mPFF_bic_left,0,bic,left,1152,mPFF,0,TRUE,bic,fiber tracts,1152_mPFF,bic_left
1152_mPFF_bic_right,0,bic,right,1152,mPFF,0,TRUE,bic,fiber tracts,1152_mPFF,bic_right
1152_mPFF_cc_left,2.234783221,cc,left,1152,mPFF,2.234783221,TRUE,cc,fiber tracts,1152_mPFF,cc_left
1152_mPFF_cc_right,5.859022517,cc,right,1152,mPFF,5.859022517,TRUE,cc,fiber tracts,1152_mPFF,cc_right
1152_mPFF_ccg_left,4.90342509,ccg,left,1152,mPFF,4.90342509,TRUE,ccg,fiber tracts,1152_mPFF,ccg_left
1152_mPFF_ccg_right,1.478272653,ccg,right,1152,mPFF,1.478272653,TRUE,ccg,fiber tracts,1152_mPFF,ccg_right
1152_mPFF_chpl_left,0,chpl,left,1152,mPFF,0,TRUE,chpl,VS,1152_mPFF,chpl_left
1152_mPFF_chpl_right,0,chpl,right,1152,mPFF,0,TRUE,chpl,VS,1152_mPFF,chpl_right
1152_mPFF_cing_left,26.05458402,cing,left,1152,mPFF,26.05458402,TRUE,cing,fiber tracts,1152_mPFF,cing_left
1152_mPFF_cing_right,2.494286737,cing,right,1152,mPFF,2.494286737,TRUE,cing,fiber tracts,1152_mPFF,cing_right
1152_mPFF_cst_left,0,cst,left,1152,mPFF,0,TRUE,cst,fiber tracts,1152_mPFF,cst_left
1152_mPFF_cst_right,0,cst,right,1152,mPFF,0,TRUE,cst,fiber tracts,1152_mPFF,cst_right
1152_mPFF_dhc_left,0,dhc,left,1152,mPFF,0,TRUE,dhc,fiber tracts,1152_mPFF,dhc_left
1152_mPFF_dhc_right,19.63245045,dhc,right,1152,mPFF,19.63245045,TRUE,dhc,fiber tracts,1152_mPFF,dhc_right
1152_mPFF_dscp_left,0,dscp,left,1152,mPFF,0,TRUE,dscp,fiber tracts,1152_mPFF,dscp_left
1152_mPFF_dscp_right,0,dscp,right,1152,mPFF,0,TRUE,dscp,fiber tracts,1152_mPFF,dscp_right
1152_mPFF_ec_left,3.96916933,ec,left,1152,mPFF,3.96916933,TRUE,ec,fiber tracts,1152_mPFF,ec_left
1152_mPFF_ec_right,0,ec,right,1152,mPFF,0,TRUE,ec,fiber tracts,1152_mPFF,ec_right
1152_mPFF_em_left,0,em,left,1152,mPFF,0,TRUE,em,fiber tracts,1152_mPFF,em_left
1152_mPFF_em_right,0,em,right,1152,mPFF,0,TRUE,em,fiber tracts,1152_mPFF,em_right
1152_mPFF_fi_left,0,fi,left,1152,mPFF,0,TRUE,fi,fiber tracts,1152_mPFF,fi_left
1152_mPFF_fi_right,10.67729761,fi,right,1152,mPFF,10.67729761,TRUE,fi,fiber tracts,1152_mPFF,fi_right
1152_mPFF_fiber tracts_left,0,fiber tracts,left,1152,mPFF,0,TRUE,fiber tracts,fiber tracts,1152_mPFF,fiber tracts_left
1152_mPFF_fiber tracts_right,3.121056225,fiber tracts,right,1152,mPFF,3.121056225,TRUE,fiber tracts,fiber tracts,1152_mPFF,fiber tracts_right
1152_mPFF_fr_left,0,fr,left,1152,mPFF,0,TRUE,fr,fiber tracts,1152_mPFF,fr_left
1152_mPFF_fr_right,0,fr,right,1152,mPFF,0,TRUE,fr,fiber tracts,1152_mPFF,fr_right
1152_mPFF_fx_left,0,fx,left,1152,mPFF,0,TRUE,fx,fiber tracts,1152_mPFF,fx_left
1152_mPFF_fx_right,44.53214369,fx,right,1152,mPFF,44.53214369,TRUE,fx,fiber tracts,1152_mPFF,fx_right
1152_mPFF_hbc_left,0,hbc,left,1152,mPFF,0,TRUE,hbc,fiber tracts,1152_mPFF,hbc_left
1152_mPFF_hbc_right,0,hbc,right,1152,mPFF,0,TRUE,hbc,fiber tracts,1152_mPFF,hbc_right
1152_mPFF_int_left,0,int,left,1152,mPFF,0,TRUE,int,fiber tracts,1152_mPFF,int_left
1152_mPFF_int_right,3.76845798,int,right,1152,mPFF,3.76845798,TRUE,int,fiber tracts,1152_mPFF,int_right
1152_mPFF_ll_left,0,ll,left,1152,mPFF,0,TRUE,ll,fiber tracts,1152_mPFF,ll_left
1152_mPFF_ll_right,0,ll,right,1152,mPFF,0,TRUE,ll,fiber tracts,1152_mPFF,ll_right
1152_mPFF_lotg_left,0,lotg,left,1152,mPFF,0,TRUE,In,fiber tracts,1152_mPFF,lotg_left
1152_mPFF_lotg_right,0,lotg,right,1152,mPFF,0,TRUE,In,fiber tracts,1152_mPFF,lotg_right
1152_mPFF_mcp_left,0,mcp,left,1152,mPFF,0,TRUE,mcp,fiber tracts,1152_mPFF,mcp_left
1152_mPFF_mcp_right,1.30492692,mcp,right,1152,mPFF,1.30492692,TRUE,mcp,fiber tracts,1152_mPFF,mcp_right
1152_mPFF_ml_left,0,ml,left,1152,mPFF,0,TRUE,ml,fiber tracts,1152_mPFF,ml_left
1152_mPFF_ml_right,9.381366505,ml,right,1152,mPFF,9.381366505,TRUE,ml,fiber tracts,1152_mPFF,ml_right
1152_mPFF_mlf_left,0,mlf,left,1152,mPFF,0,TRUE,mlf,fiber tracts,1152_mPFF,mlf_left
1152_mPFF_mlf_right,0,mlf,right,1152,mPFF,0,TRUE,mlf,fiber tracts,1152_mPFF,mlf_right
1152_mPFF_moV_left,0,moV,left,1152,mPFF,0,TRUE,moV,fiber tracts,1152_mPFF,moV_left
1152_mPFF_moV_right,0,moV,right,1152,mPFF,0,TRUE,moV,fiber tracts,1152_mPFF,moV_right
1152_mPFF_mtg_left,0,mtg,left,1152,mPFF,0,TRUE,mtg,fiber tracts,1152_mPFF,mtg_left
1152_mPFF_mtg_right,0,mtg,right,1152,mPFF,0,TRUE,mtg,fiber tracts,1152_mPFF,mtg_right
1152_mPFF_mtt_left,0,mtt,left,1152,mPFF,0,TRUE,mtt,fiber tracts,1152_mPFF,mtt_left
1152_mPFF_mtt_right,21.48021049,mtt,right,1152,mPFF,21.48021049,TRUE,mtt,fiber tracts,1152_mPFF,mtt_right
1152_mPFF_nst_left,0,nst,left,1152,mPFF,0,TRUE,nst,fiber tracts,1152_mPFF,nst_left
1152_mPFF_nst_right,0,nst,right,1152,mPFF,0,TRUE,nst,fiber tracts,1152_mPFF,nst_right
1152_mPFF_opt_left,0,opt,left,1152,mPFF,0,TRUE,opt,fiber tracts,1152_mPFF,opt_left
1152_mPFF_opt_right,0,opt,right,1152,mPFF,0,TRUE,opt,fiber tracts,1152_mPFF,opt_right
1152_mPFF_or_left,8.581987739,or,left,1152,mPFF,8.581987739,TRUE,or,fiber tracts,1152_mPFF,or_left
1152_mPFF_or_right,3.622654546,or,right,1152,mPFF,3.622654546,TRUE,or,fiber tracts,1152_mPFF,or_right
1152_mPFF_rust_left,0,rust,left,1152,mPFF,0,TRUE,rust,fiber tracts,1152_mPFF,rust_left
1152_mPFF_rust_right,0,rust,right,1152,mPFF,0,TRUE,rust,fiber tracts,1152_mPFF,rust_right
1152_mPFF_sV_left,0,sV,left,1152,mPFF,0,TRUE,sV,fiber tracts,1152_mPFF,sV_left
1152_mPFF_sV_right,1.456407948,sV,right,1152,mPFF,1.456407948,TRUE,sV,fiber tracts,1152_mPFF,sV_right
1152_mPFF_scp_left,0,scp,left,1152,mPFF,0,TRUE,scp,fiber tracts,1152_mPFF,scp_left
1152_mPFF_scp_right,0,scp,right,1152,mPFF,0,TRUE,scp,fiber tracts,1152_mPFF,scp_right
1152_mPFF_scwm_left,0,scwm,left,1152,mPFF,0,TRUE,scwm,fiber tracts,1152_mPFF,scwm_left
1152_mPFF_scwm_right,0,scwm,right,1152,mPFF,0,TRUE,scwm,fiber tracts,1152_mPFF,scwm_right
1152_mPFF_st_left,0,st,left,1152,mPFF,0,TRUE,st,fiber tracts,1152_mPFF,st_left
1152_mPFF_st_right,0,st,right,1152,mPFF,0,TRUE,st,fiber tracts,1152_mPFF,st_right
1152_mPFF_stc_left,0,stc,left,1152,mPFF,0,TRUE,stc,fiber tracts,1152_mPFF,stc_left
1152_mPFF_stc_right,0,stc,right,1152,mPFF,0,TRUE,stc,fiber tracts,1152_mPFF,stc_right
1152_mPFF_sup_left,0,sup,left,1152,mPFF,0,TRUE,sup,fiber tracts,1152_mPFF,sup_left
1152_mPFF_sup_right,0,sup,right,1152,mPFF,0,TRUE,sup,fiber tracts,1152_mPFF,sup_right
1152_mPFF_tspc_left,0,tspc,left,1152,mPFF,0,TRUE,tspc,fiber tracts,1152_mPFF,tspc_left
1152_mPFF_tspc_right,0,tspc,right,1152,mPFF,0,TRUE,tspc,fiber tracts,1152_mPFF,tspc_right
1153_mPFF_ACAd_left,7.808356106,ACAd,left,1153,mPFF,7.808356106,FALSE,ACA,Isocortex,1153_mPFF,ACAd_left
1153_mPFF_ACAd_right,7.172117935,ACAd,right,1153,mPFF,7.172117935,FALSE,ACA,Isocortex,1153_mPFF,ACAd_right
1153_mPFF_ACAv_left,8.713579587,ACAv,left,1153,mPFF,8.713579587,FALSE,ACA,Isocortex,1153_mPFF,ACAv_left
1153_mPFF_ACAv_right,7.927650361,ACAv,right,1153,mPFF,7.927650361,FALSE,ACA,Isocortex,1153_mPFF,ACAv_right
1153_mPFF_ACB_left,1.038734865,ACB,left,1153,mPFF,1.038734865,FALSE,ACB,STR,1153_mPFF,ACB_left
1153_mPFF_ACB_right,0.691851721,ACB,right,1153,mPFF,0.691851721,FALSE,ACB,STR,1153_mPFF,ACB_right
1153_mPFF_AId_left,9.16230149,AId,left,1153,mPFF,9.16230149,FALSE,AI,Isocortex,1153_mPFF,AId_left
1153_mPFF_AId_right,6.893440695,AId,right,1153,mPFF,6.893440695,FALSE,AI,Isocortex,1153_mPFF,AId_right
1153_mPFF_AIp_left,14.06246196,AIp,left,1153,mPFF,14.06246196,FALSE,AI,Isocortex,1153_mPFF,AIp_left
1153_mPFF_AIp_right,14.40806327,AIp,right,1153,mPFF,14.40806327,FALSE,AI,Isocortex,1153_mPFF,AIp_right
1153_mPFF_AIv_left,17.98888149,AIv,left,1153,mPFF,17.98888149,FALSE,AI,Isocortex,1153_mPFF,AIv_left
1153_mPFF_AIv_right,29.79530605,AIv,right,1153,mPFF,29.79530605,FALSE,AI,Isocortex,1153_mPFF,AIv_right
1153_mPFF_APr_left,13.8725587,APr,left,1153,mPFF,13.8725587,FALSE,APr,HPF,1153_mPFF,APr_left
1153_mPFF_APr_right,8.31074009,APr,right,1153,mPFF,8.31074009,FALSE,APr,HPF,1153_mPFF,APr_right
1153_mPFF_AQ_left,17.68553876,AQ,left,1153,mPFF,17.68553876,TRUE,AQ,VS,1153_mPFF,AQ_left
1153_mPFF_AQ_right,24.43157328,AQ,right,1153,mPFF,24.43157328,TRUE,AQ,VS,1153_mPFF,AQ_right
1153_mPFF_ARH_left,0,ARH,left,1153,mPFF,0,FALSE,ARH,HY,1153_mPFF,ARH_left
1153_mPFF_ARH_right,0,ARH,right,1153,mPFF,0,FALSE,ARH,HY,1153_mPFF,ARH_right
1153_mPFF_AT_left,0,AT,left,1153,mPFF,0,FALSE,AT,MB,1153_mPFF,AT_left
1153_mPFF_AT_right,0,AT,right,1153,mPFF,0,FALSE,AT,MB,1153_mPFF,AT_right
1153_mPFF_AUDd_left,13.61500371,AUDd,left,1153,mPFF,13.61500371,FALSE,AUDd,Isocortex,1153_mPFF,AUDd_left
1153_mPFF_AUDd_right,21.36965697,AUDd,right,1153,mPFF,21.36965697,FALSE,AUDd,Isocortex,1153_mPFF,AUDd_right
1153_mPFF_AUDp_left,33.64613205,AUDp,left,1153,mPFF,33.64613205,FALSE,AUDp,Isocortex,1153_mPFF,AUDp_left
1153_mPFF_AUDp_right,18.56372369,AUDp,right,1153,mPFF,18.56372369,FALSE,AUDp,Isocortex,1153_mPFF,AUDp_right
1153_mPFF_AUDv_left,8.781597551,AUDv,left,1153,mPFF,8.781597551,FALSE,AUDv,Isocortex,1153_mPFF,AUDv_left
1153_mPFF_AUDv_right,8.414746071,AUDv,right,1153,mPFF,8.414746071,FALSE,AUDv,Isocortex,1153_mPFF,AUDv_right
1153_mPFF_BLA_left,9.344965175,BLA,left,1153,mPFF,9.344965175,FALSE,BLA,CTXsp,1153_mPFF,BLA_left
1153_mPFF_BLA_right,16.90613144,BLA,right,1153,mPFF,16.90613144,FALSE,BLA,CTXsp,1153_mPFF,BLA_right
1153_mPFF_BMA_left,8.62572488,BMA,left,1153,mPFF,8.62572488,FALSE,BMA,CTXsp,1153_mPFF,BMA_left
1153_mPFF_BMA_right,29.86135095,BMA,right,1153,mPFF,29.86135095,FALSE,BMA,CTXsp,1153_mPFF,BMA_right
1153_mPFF_CA1_left,7.618532054,CA1,left,1153,mPFF,7.618532054,FALSE,CA1,HPF,1153_mPFF,CA1_left
1153_mPFF_CA1_right,12.6056136,CA1,right,1153,mPFF,12.6056136,FALSE,CA1,HPF,1153_mPFF,CA1_right
1153_mPFF_CA2_left,0,CA2,left,1153,mPFF,0,FALSE,CA2,HPF,1153_mPFF,CA2_left
1153_mPFF_CA2_right,0,CA2,right,1153,mPFF,0,FALSE,CA2,HPF,1153_mPFF,CA2_right
1153_mPFF_CA3_left,1.639151414,CA3,left,1153,mPFF,1.639151414,FALSE,CA3,HPF,1153_mPFF,CA3_left
1153_mPFF_CA3_right,0,CA3,right,1153,mPFF,0,FALSE,CA3,HPF,1153_mPFF,CA3_right
1153_mPFF_CB_left,0,CB,left,1153,mPFF,0,FALSE,CB,CB,1153_mPFF,CB_left
1153_mPFF_CB_right,0,CB,right,1153,mPFF,0,FALSE,CB,CB,1153_mPFF,CB_right
1153_mPFF_CEA_left,19.44713712,CEA,left,1153,mPFF,19.44713712,FALSE,CEA,STR,1153_mPFF,CEA_left
1153_mPFF_CEA_right,15.18754569,CEA,right,1153,mPFF,15.18754569,FALSE,CEA,STR,1153_mPFF,CEA_right
1153_mPFF_CLA_left,4.821039212,CLA,left,1153,mPFF,4.821039212,FALSE,CLA,CTXsp,1153_mPFF,CLA_left
1153_mPFF_CLA_right,4.950636999,CLA,right,1153,mPFF,4.950636999,FALSE,CLA,CTXsp,1153_mPFF,CLA_right
1153_mPFF_CLI_left,0,CLI,left,1153,mPFF,0,FALSE,CLI,MB,1153_mPFF,CLI_left
1153_mPFF_CLI_right,0,CLI,right,1153,mPFF,0,FALSE,CLI,MB,1153_mPFF,CLI_right
1153_mPFF_CL_left,5.649401136,CL,left,1153,mPFF,5.649401136,FALSE,CL,TH,1153_mPFF,CL_left
1153_mPFF_CL_right,7.983462155,CL,right,1153,mPFF,7.983462155,FALSE,CL,TH,1153_mPFF,CL_right
1153_mPFF_CM_left,0,CM,left,1153,mPFF,0,FALSE,CM,TH,1153_mPFF,CM_left
1153_mPFF_CM_right,0,CM,right,1153,mPFF,0,FALSE,CM,TH,1153_mPFF,CM_right
1153_mPFF_COA_left,8.677433714,COA,left,1153,mPFF,8.677433714,FALSE,COA,OLF,1153_mPFF,COA_left
1153_mPFF_COA_right,5.314236557,COA,right,1153,mPFF,5.314236557,FALSE,COA,OLF,1153_mPFF,COA_right
1153_mPFF_COAp_left,8.732720465,COAp,left,1153,mPFF,8.732720465,FALSE,COA,OLF,1153_mPFF,COAp_left
1153_mPFF_COAp_right,15.99584718,COAp,right,1153,mPFF,15.99584718,FALSE,COA,OLF,1153_mPFF,COAp_right
1153_mPFF_CP_left,3.828739824,CP,left,1153,mPFF,3.828739824,FALSE,CP,STR,1153_mPFF,CP_left
1153_mPFF_CP_right,1.899417651,CP,right,1153,mPFF,1.899417651,FALSE,CP,STR,1153_mPFF,CP_right
1153_mPFF_CS_left,0,CS,left,1153,mPFF,0,FALSE,CS,P,1153_mPFF,CS_left
1153_mPFF_CS_right,0,CS,right,1153,mPFF,0,FALSE,CS,P,1153_mPFF,CS_right
1153_mPFF_CTXsp_left,0,CTXsp,left,1153,mPFF,0,FALSE,CTXsp,CTXsp,1153_mPFF,CTXsp_left
1153_mPFF_CTXsp_right,0,CTXsp,right,1153,mPFF,0,FALSE,CTXsp,CTXsp,1153_mPFF,CTXsp_right
1153_mPFF_DG_left,3.105074217,DG,left,1153,mPFF,3.105074217,FALSE,DG,HPF,1153_mPFF,DG_left
1153_mPFF_DG_right,0,DG,right,1153,mPFF,0,FALSE,DG,HPF,1153_mPFF,DG_right
1153_mPFF_DMH_left,0,DMH,left,1153,mPFF,0,FALSE,DMH,HY,1153_mPFF,DMH_left
1153_mPFF_DMH_right,0,DMH,right,1153,mPFF,0,FALSE,DMH,HY,1153_mPFF,DMH_right
1153_mPFF_DR_left,0,DR,left,1153,mPFF,0,FALSE,DR,MB,1153_mPFF,DR_left
1153_mPFF_DR_right,0,DR,right,1153,mPFF,0,FALSE,DR,MB,1153_mPFF,DR_right
1153_mPFF_ECT_left,7.577205355,ECT,left,1153,mPFF,7.577205355,FALSE,ECT,Isocortex,1153_mPFF,ECT_left
1153_mPFF_ECT_right,11.6152395,ECT,right,1153,mPFF,11.6152395,FALSE,ECT,Isocortex,1153_mPFF,ECT_right
1153_mPFF_ENTl_left,5.109131858,ENTl,left,1153,mPFF,5.109131858,FALSE,ENT,HPF,1153_mPFF,ENTl_left
1153_mPFF_ENTl_right,21.05741544,ENTl,right,1153,mPFF,21.05741544,FALSE,ENT,HPF,1153_mPFF,ENTl_right
1153_mPFF_ENTm_left,4.936961972,ENTm,left,1153,mPFF,4.936961972,FALSE,ENT,HPF,1153_mPFF,ENTm_left
1153_mPFF_ENTm_right,8.590054705,ENTm,right,1153,mPFF,8.590054705,FALSE,ENT,HPF,1153_mPFF,ENTm_right
1153_mPFF_EP_left,20.61405206,EP,left,1153,mPFF,20.61405206,FALSE,EP,CTXsp,1153_mPFF,EP_left
1153_mPFF_EP_right,20.47358054,EP,right,1153,mPFF,20.47358054,FALSE,EP,CTXsp,1153_mPFF,EP_right
1153_mPFF_Eth_left,34.65885392,Eth,left,1153,mPFF,34.65885392,FALSE,Eth,TH,1153_mPFF,Eth_left
1153_mPFF_Eth_right,12.27205819,Eth,right,1153,mPFF,12.27205819,FALSE,Eth,TH,1153_mPFF,Eth_right
1153_mPFF_FC_left,0,FC,left,1153,mPFF,0,FALSE,FC,HPF,1153_mPFF,FC_left
1153_mPFF_FC_right,0,FC,right,1153,mPFF,0,FALSE,FC,HPF,1153_mPFF,FC_right
1153_mPFF_GU_left,7.035831832,GU,left,1153,mPFF,7.035831832,FALSE,GU,Isocortex,1153_mPFF,GU_left
1153_mPFF_GU_right,12.89222658,GU,right,1153,mPFF,12.89222658,FALSE,GU,Isocortex,1153_mPFF,GU_right
1153_mPFF_HATA_left,9.183856183,HATA,left,1153,mPFF,9.183856183,FALSE,HATA,HPF,1153_mPFF,HATA_left
1153_mPFF_HATA_right,10.63994097,HATA,right,1153,mPFF,10.63994097,FALSE,HATA,HPF,1153_mPFF,HATA_right
1153_mPFF_HPF_left,0.78597697,HPF,left,1153,mPFF,0.78597697,FALSE,HPF,HPF,1153_mPFF,HPF_left
1153_mPFF_HPF_right,2.142136772,HPF,right,1153,mPFF,2.142136772,FALSE,HPF,HPF,1153_mPFF,HPF_right
1153_mPFF_HY_left,0,HY,left,1153,mPFF,0,FALSE,HY,HY,1153_mPFF,HY_left
1153_mPFF_HY_right,0,HY,right,1153,mPFF,0,FALSE,HY,HY,1153_mPFF,HY_right
1153_mPFF_IA_left,24.23045201,IA,left,1153,mPFF,24.23045201,FALSE,IA,STR,1153_mPFF,IA_left
1153_mPFF_IA_right,17.5410489,IA,right,1153,mPFF,17.5410489,FALSE,IA,STR,1153_mPFF,IA_right
1153_mPFF_IC_left,0,IC,left,1153,mPFF,0,FALSE,IC,MB,1153_mPFF,IC_left
1153_mPFF_IC_right,3.56298631,IC,right,1153,mPFF,3.56298631,FALSE,IC,MB,1153_mPFF,IC_right
1153_mPFF_IG_left,19.73472126,IG,left,1153,mPFF,19.73472126,FALSE,IG,HPF,1153_mPFF,IG_left
1153_mPFF_IG_right,87.98396562,IG,right,1153,mPFF,87.98396562,FALSE,IG,HPF,1153_mPFF,IG_right
1153_mPFF_IIn_left,0,IIn,left,1153,mPFF,0,TRUE,IIn,fiber tracts,1153_mPFF,IIn_left
1153_mPFF_IIn_right,0,IIn,right,1153,mPFF,0,TRUE,IIn,fiber tracts,1153_mPFF,IIn_right
1153_mPFF_IMD_left,0,IMD,left,1153,mPFF,0,FALSE,IMD,TH,1153_mPFF,IMD_left
1153_mPFF_IMD_right,0,IMD,right,1153,mPFF,0,FALSE,IMD,TH,1153_mPFF,IMD_right
1153_mPFF_In_left,0,In,left,1153,mPFF,0,TRUE,In,fiber tracts,1153_mPFF,In_left
1153_mPFF_In_right,0,In,right,1153,mPFF,0,TRUE,In,fiber tracts,1153_mPFF,In_right
1153_mPFF_LA_left,15.84332404,LA,left,1153,mPFF,15.84332404,FALSE,LA,CTXsp,1153_mPFF,LA_left
1153_mPFF_LA_right,25.2114109,LA,right,1153,mPFF,25.2114109,FALSE,LA,CTXsp,1153_mPFF,LA_right
1153_mPFF_LGd_left,10.69410967,LGd,left,1153,mPFF,10.69410967,FALSE,LGd,TH,1153_mPFF,LGd_left
1153_mPFF_LGd_right,19.53659236,LGd,right,1153,mPFF,19.53659236,FALSE,LGd,TH,1153_mPFF,LGd_right
1153_mPFF_LGv_left,14.36873154,LGv,left,1153,mPFF,14.36873154,FALSE,LGv,TH,1153_mPFF,LGv_left
1153_mPFF_LGv_right,0,LGv,right,1153,mPFF,0,FALSE,LGv,TH,1153_mPFF,LGv_right
1153_mPFF_LHA_left,0,LHA,left,1153,mPFF,0,FALSE,LHA,HY,1153_mPFF,LHA_left
1153_mPFF_LHA_right,0,LHA,right,1153,mPFF,0,FALSE,LHA,HY,1153_mPFF,LHA_right
1153_mPFF_LH_left,0,LH,left,1153,mPFF,0,FALSE,LH,TH,1153_mPFF,LH_left
1153_mPFF_LH_right,1.810537219,LH,right,1153,mPFF,1.810537219,FALSE,LH,TH,1153_mPFF,LH_right
1153_mPFF_LP_left,8.904496322,LP,left,1153,mPFF,8.904496322,FALSE,LP,TH,1153_mPFF,LP_left
1153_mPFF_LP_right,5.110880692,LP,right,1153,mPFF,5.110880692,FALSE,LP,TH,1153_mPFF,LP_right
1153_mPFF_LS_left,10.75180046,LS,left,1153,mPFF,10.75180046,FALSE,LS,STR,1153_mPFF,LS_left
1153_mPFF_LS_right,7.445321853,LS,right,1153,mPFF,7.445321853,FALSE,LS,STR,1153_mPFF,LS_right
1153_mPFF_MB_left,0,MB,left,1153,mPFF,0,FALSE,MB,MB,1153_mPFF,MB_left
1153_mPFF_MB_right,0.507462608,MB,right,1153,mPFF,0.507462608,FALSE,MB,MB,1153_mPFF,MB_right
1153_mPFF_MD_left,3.754858873,MD,left,1153,mPFF,3.754858873,FALSE,MD,TH,1153_mPFF,MD_left
1153_mPFF_MD_right,3.610809828,MD,right,1153,mPFF,3.610809828,FALSE,MD,TH,1153_mPFF,MD_right
1153_mPFF_MEA_left,13.82899973,MEA,left,1153,mPFF,13.82899973,FALSE,MEA,STR,1153_mPFF,MEA_left
1153_mPFF_MEA_right,19.47855646,MEA,right,1153,mPFF,19.47855646,FALSE,MEA,STR,1153_mPFF,MEA_right
1153_mPFF_ME_left,0,ME,left,1153,mPFF,0,FALSE,ME,HY,1153_mPFF,ME_left
1153_mPFF_ME_right,0,ME,right,1153,mPFF,0,FALSE,ME,HY,1153_mPFF,ME_right
1153_mPFF_MH_left,0,MH,left,1153,mPFF,0,FALSE,MH,TH,1153_mPFF,MH_left
1153_mPFF_MH_right,0,MH,right,1153,mPFF,0,FALSE,MH,TH,1153_mPFF,MH_right
1153_mPFF_MOp_left,12.91429591,MOp,left,1153,mPFF,12.91429591,FALSE,MOp,Isocortex,1153_mPFF,MOp_left
1153_mPFF_MOp_right,11.17168793,MOp,right,1153,mPFF,11.17168793,FALSE,MOp,Isocortex,1153_mPFF,MOp_right
1153_mPFF_MOs_left,17.31370054,MOs,left,1153,mPFF,17.31370054,FALSE,MOs,Isocortex,1153_mPFF,MOs_left
1153_mPFF_MOs_right,7.810849538,MOs,right,1153,mPFF,7.810849538,FALSE,MOs,Isocortex,1153_mPFF,MOs_right
1153_mPFF_MRN_left,0,MRN,left,1153,mPFF,0,FALSE,MRN,MB,1153_mPFF,MRN_left
1153_mPFF_MRN_right,0.387580387,MRN,right,1153,mPFF,0.387580387,FALSE,MRN,MB,1153_mPFF,MRN_right
1153_mPFF_MS_left,0,MS,left,1153,mPFF,0,FALSE,MS,PAL,1153_mPFF,MS_left
1153_mPFF_MS_right,0,MS,right,1153,mPFF,0,FALSE,MS,PAL,1153_mPFF,MS_right
1153_mPFF_NDB_left,0,NDB,left,1153,mPFF,0,FALSE,NDB,PAL,1153_mPFF,NDB_left
1153_mPFF_NDB_right,0,NDB,right,1153,mPFF,0,FALSE,NDB,PAL,1153_mPFF,NDB_right
1153_mPFF_NLL_left,0,NLL,left,1153,mPFF,0,FALSE,NLL,P,1153_mPFF,NLL_left
1153_mPFF_NLL_right,0,NLL,right,1153,mPFF,0,FALSE,NLL,P,1153_mPFF,NLL_right
1153_mPFF_OLF_left,21.93198943,OLF,left,1153,mPFF,21.93198943,FALSE,OLF,OLF,1153_mPFF,OLF_left
1153_mPFF_OLF_right,13.50660765,OLF,right,1153,mPFF,13.50660765,FALSE,OLF,OLF,1153_mPFF,OLF_right
1153_mPFF_OT_left,0,OT,left,1153,mPFF,0,FALSE,OT,STR,1153_mPFF,OT_left
1153_mPFF_OT_right,0,OT,right,1153,mPFF,0,FALSE,OT,STR,1153_mPFF,OT_right
1153_mPFF_PAA_left,25.76050045,PAA,left,1153,mPFF,25.76050045,FALSE,PAA,OLF,1153_mPFF,PAA_left
1153_mPFF_PAA_right,20.57638464,PAA,right,1153,mPFF,20.57638464,FALSE,PAA,OLF,1153_mPFF,PAA_right
1153_mPFF_PAG_left,1.463638838,PAG,left,1153,mPFF,1.463638838,FALSE,PAG,MB,1153_mPFF,PAG_left
1153_mPFF_PAG_right,0,PAG,right,1153,mPFF,0,FALSE,PAG,MB,1153_mPFF,PAG_right
1153_mPFF_PAL_left,0,PAL,left,1153,mPFF,0,FALSE,PAL,PAL,1153_mPFF,PAL_left
1153_mPFF_PAL_right,2.13262226,PAL,right,1153,mPFF,2.13262226,FALSE,PAL,PAL,1153_mPFF,PAL_right
1153_mPFF_PALd_left,4.98275941,PALd,left,1153,mPFF,4.98275941,FALSE,PAL,PAL,1153_mPFF,PALd_left
1153_mPFF_PALd_right,0,PALd,right,1153,mPFF,0,FALSE,PAL,PAL,1153_mPFF,PALd_right
1153_mPFF_PAR_left,10.56304695,PAR,left,1153,mPFF,10.56304695,FALSE,PAR,HPF,1153_mPFF,PAR_left
1153_mPFF_PAR_right,0,PAR,right,1153,mPFF,0,FALSE,PAR,HPF,1153_mPFF,PAR_right
1153_mPFF_PBG_left,0,PBG,left,1153,mPFF,0,FALSE,PBG,MB,1153_mPFF,PBG_left
1153_mPFF_PBG_right,0,PBG,right,1153,mPFF,0,FALSE,PBG,MB,1153_mPFF,PBG_right
1153_mPFF_PCN_left,3.326750653,PCN,left,1153,mPFF,3.326750653,FALSE,PCN,TH,1153_mPFF,PCN_left
1153_mPFF_PCN_right,16.74120855,PCN,right,1153,mPFF,16.74120855,FALSE,PCN,TH,1153_mPFF,PCN_right
1153_mPFF_PERI_left,5.958797493,PERI,left,1153,mPFF,5.958797493,FALSE,PERI,Isocortex,1153_mPFF,PERI_left
1153_mPFF_PERI_right,25.00815658,PERI,right,1153,mPFF,25.00815658,FALSE,PERI,Isocortex,1153_mPFF,PERI_right
1153_mPFF_PG_left,4.526385229,PG,left,1153,mPFF,4.526385229,FALSE,PG,P,1153_mPFF,PG_left
1153_mPFF_PG_right,2.782865157,PG,right,1153,mPFF,2.782865157,FALSE,PG,P,1153_mPFF,PG_right
1153_mPFF_PH_left,0,PH,left,1153,mPFF,0,FALSE,PH,HY,1153_mPFF,PH_left
1153_mPFF_PH_right,0,PH,right,1153,mPFF,0,FALSE,PH,HY,1153_mPFF,PH_right
1153_mPFF_PIR_left,13.9242193,PIR,left,1153,mPFF,13.9242193,FALSE,PIR,OLF,1153_mPFF,PIR_left
1153_mPFF_PIR_right,14.36379842,PIR,right,1153,mPFF,14.36379842,FALSE,PIR,OLF,1153_mPFF,PIR_right
1153_mPFF_POST_left,5.72830673,POST,left,1153,mPFF,5.72830673,FALSE,POST,HPF,1153_mPFF,POST_left
1153_mPFF_POST_right,9.965508049,POST,right,1153,mPFF,9.965508049,FALSE,POST,HPF,1153_mPFF,POST_right
1153_mPFF_PO_left,18.40863707,PO,left,1153,mPFF,18.40863707,FALSE,PO,TH,1153_mPFF,PO_left
1153_mPFF_PO_right,26.81974442,PO,right,1153,mPFF,26.81974442,FALSE,PO,TH,1153_mPFF,PO_right
1153_mPFF_PPN_left,0,PPN,left,1153,mPFF,0,FALSE,PPN,MB,1153_mPFF,PPN_left
1153_mPFF_PPN_right,0,PPN,right,1153,mPFF,0,FALSE,PPN,MB,1153_mPFF,PPN_right
1153_mPFF_PRE_left,9.585252291,PRE,left,1153,mPFF,9.585252291,FALSE,PRE,HPF,1153_mPFF,PRE_left
1153_mPFF_PRE_right,13.90554825,PRE,right,1153,mPFF,13.90554825,FALSE,PRE,HPF,1153_mPFF,PRE_right
1153_mPFF_PRNr_left,0,PRNr,left,1153,mPFF,0,FALSE,PRNr,P,1153_mPFF,PRNr_left
1153_mPFF_PRNr_right,0.731845508,PRNr,right,1153,mPFF,0.731845508,FALSE,PRNr,P,1153_mPFF,PRNr_right
1153_mPFF_PR_left,0,PR,left,1153,mPFF,0,FALSE,PR,TH,1153_mPFF,PR_left
1153_mPFF_PR_right,5.131318997,PR,right,1153,mPFF,5.131318997,FALSE,PR,TH,1153_mPFF,PR_right
1153_mPFF_PST_left,0,PST,left,1153,mPFF,0,FALSE,PST,HY,1153_mPFF,PST_left
1153_mPFF_PST_right,0,PST,right,1153,mPFF,0,FALSE,PST,HY,1153_mPFF,PST_right
1153_mPFF_PVT_left,0,PVT,left,1153,mPFF,0,FALSE,PVT,TH,1153_mPFF,PVT_left
1153_mPFF_PVT_right,0,PVT,right,1153,mPFF,0,FALSE,PVT,TH,1153_mPFF,PVT_right
1153_mPFF_PVZ_left,0,PVZ,left,1153,mPFF,0,FALSE,PVZ,HY,1153_mPFF,PVZ_left
1153_mPFF_PVZ_right,0,PVZ,right,1153,mPFF,0,FALSE,PVZ,HY,1153_mPFF,PVZ_right
1153_mPFF_P_left,0.921583232,P,left,1153,mPFF,0.921583232,FALSE,P,P,1153_mPFF,P_left
1153_mPFF_P_right,0,P,right,1153,mPFF,0,FALSE,P,P,1153_mPFF,P_right
1153_mPFF_Pa4_left,0,Pa4,left,1153,mPFF,0,FALSE,Pa4,MB,1153_mPFF,Pa4_left
1153_mPFF_Pa4_right,0,Pa4,right,1153,mPFF,0,FALSE,Pa4,MB,1153_mPFF,Pa4_right
1153_mPFF_PeF_left,0,PeF,left,1153,mPFF,0,FALSE,PeF,HY,1153_mPFF,PeF_left
1153_mPFF_PeF_right,0,PeF,right,1153,mPFF,0,FALSE,PeF,HY,1153_mPFF,PeF_right
1153_mPFF_RE_left,0,RE,left,1153,mPFF,0,FALSE,RE,TH,1153_mPFF,RE_left
1153_mPFF_RE_right,6.491647577,RE,right,1153,mPFF,6.491647577,FALSE,RE,TH,1153_mPFF,RE_right
1153_mPFF_RH_left,0,RH,left,1153,mPFF,0,FALSE,RH,TH,1153_mPFF,RH_left
1153_mPFF_RH_right,0,RH,right,1153,mPFF,0,FALSE,RH,TH,1153_mPFF,RH_right
1153_mPFF_RSPagl_left,29.34266589,RSPagl,left,1153,mPFF,29.34266589,FALSE,RSP,Isocortex,1153_mPFF,RSPagl_left
1153_mPFF_RSPagl_right,16.71715455,RSPagl,right,1153,mPFF,16.71715455,FALSE,RSP,Isocortex,1153_mPFF,RSPagl_right
1153_mPFF_RSPd_left,20.31616423,RSPd,left,1153,mPFF,20.31616423,FALSE,RSP,Isocortex,1153_mPFF,RSPd_left
1153_mPFF_RSPd_right,17.35195861,RSPd,right,1153,mPFF,17.35195861,FALSE,RSP,Isocortex,1153_mPFF,RSPd_right
1153_mPFF_RSPv_left,34.63741345,RSPv,left,1153,mPFF,34.63741345,FALSE,RSP,Isocortex,1153_mPFF,RSPv_left
1153_mPFF_RSPv_right,20.43893091,RSPv,right,1153,mPFF,20.43893091,FALSE,RSP,Isocortex,1153_mPFF,RSPv_right
1153_mPFF_RT_left,17.02241562,RT,left,1153,mPFF,17.02241562,FALSE,RT,TH,1153_mPFF,RT_left
1153_mPFF_RT_right,9.68339491,RT,right,1153,mPFF,9.68339491,FALSE,RT,TH,1153_mPFF,RT_right
1153_mPFF_SAG_left,4.260127274,SAG,left,1153,mPFF,4.260127274,FALSE,SAG,MB,1153_mPFF,SAG_left
1153_mPFF_SAG_right,0,SAG,right,1153,mPFF,0,FALSE,SAG,MB,1153_mPFF,SAG_right
1153_mPFF_SCm_left,0,SCm,left,1153,mPFF,0,FALSE,MBmot,MB,1153_mPFF,SCm_left
1153_mPFF_SCm_right,0.303202838,SCm,right,1153,mPFF,0.303202838,FALSE,MBmot,MB,1153_mPFF,SCm_right
1153_mPFF_SCs_left,0,SCs,left,1153,mPFF,0,FALSE,MBsen,MB,1153_mPFF,SCs_left
1153_mPFF_SCs_right,0,SCs,right,1153,mPFF,0,FALSE,MBsen,MB,1153_mPFF,SCs_right
1153_mPFF_SEZ_left,0,SEZ,left,1153,mPFF,0,TRUE,SEZ,VS,1153_mPFF,SEZ_left
1153_mPFF_SEZ_right,0,SEZ,right,1153,mPFF,0,TRUE,SEZ,VS,1153_mPFF,SEZ_right
1153_mPFF_SH_left,22.00033499,SH,left,1153,mPFF,22.00033499,FALSE,SH,STR,1153_mPFF,SH_left
1153_mPFF_SH_right,11.70150564,SH,right,1153,mPFF,11.70150564,FALSE,SH,STR,1153_mPFF,SH_right
1153_mPFF_SI_left,0,SI,left,1153,mPFF,0,FALSE,SI,PAL,1153_mPFF,SI_left
1153_mPFF_SI_right,1.481629491,SI,right,1153,mPFF,1.481629491,FALSE,SI,PAL,1153_mPFF,SI_right
1153_mPFF_SMT_left,0,SMT,left,1153,mPFF,0,FALSE,SMT,TH,1153_mPFF,SMT_left
1153_mPFF_SMT_right,0,SMT,right,1153,mPFF,0,FALSE,SMT,TH,1153_mPFF,SMT_right
1153_mPFF_SSp-bfd_left,15.22124388,SSp-bfd,left,1153,mPFF,15.22124388,FALSE,SSp,Isocortex,1153_mPFF,SSp-bfd_left
1153_mPFF_SSp-bfd_right,18.21509902,SSp-bfd,right,1153,mPFF,18.21509902,FALSE,SSp,Isocortex,1153_mPFF,SSp-bfd_right
1153_mPFF_SSp-m_left,19.43483307,SSp-m,left,1153,mPFF,19.43483307,FALSE,SSp,Isocortex,1153_mPFF,SSp-m_left
1153_mPFF_SSp-m_right,23.28992386,SSp-m,right,1153,mPFF,23.28992386,FALSE,SSp,Isocortex,1153_mPFF,SSp-m_right
1153_mPFF_SSp-ul_left,27.51210824,SSp-ul,left,1153,mPFF,27.51210824,FALSE,SSp,Isocortex,1153_mPFF,SSp-ul_left
1153_mPFF_SSp-ul_right,25.12986844,SSp-ul,right,1153,mPFF,25.12986844,FALSE,SSp,Isocortex,1153_mPFF,SSp-ul_right
1153_mPFF_SSs_left,11.29544668,SSs,left,1153,mPFF,11.29544668,FALSE,SSs,Isocortex,1153_mPFF,SSs_left
1153_mPFF_SSs_right,15.02793059,SSs,right,1153,mPFF,15.02793059,FALSE,SSs,Isocortex,1153_mPFF,SSs_right
1153_mPFF_STN_left,0,STN,left,1153,mPFF,0,FALSE,STN,HY,1153_mPFF,STN_left
1153_mPFF_STN_right,0,STN,right,1153,mPFF,0,FALSE,STN,HY,1153_mPFF,STN_right
1153_mPFF_STR_left,16.12835893,STR,left,1153,mPFF,16.12835893,FALSE,STR,STR,1153_mPFF,STR_left
1153_mPFF_STR_right,6.508880753,STR,right,1153,mPFF,6.508880753,FALSE,STR,STR,1153_mPFF,STR_right
1153_mPFF_SUB_left,8.592381196,SUB,left,1153,mPFF,8.592381196,FALSE,SUB,HPF,1153_mPFF,SUB_left
1153_mPFF_SUB_right,5.001564251,SUB,right,1153,mPFF,5.001564251,FALSE,SUB,HPF,1153_mPFF,SUB_right
1153_mPFF_Su3_right,0,Su3,right,1153,mPFF,0,FALSE,Su3,MB,1153_mPFF,Su3_right
1153_mPFF_TEa_left,8.194914472,TEa,left,1153,mPFF,8.194914472,FALSE,TEa,Isocortex,1153_mPFF,TEa_left
1153_mPFF_TEa_right,5.140557219,TEa,right,1153,mPFF,5.140557219,FALSE,TEa,Isocortex,1153_mPFF,TEa_right
1153_mPFF_TH_left,13.74994216,TH,left,1153,mPFF,13.74994216,FALSE,TH,TH,1153_mPFF,TH_left
1153_mPFF_TH_right,0,TH,right,1153,mPFF,0,FALSE,TH,TH,1153_mPFF,TH_right
1153_mPFF_TRN_left,0,TRN,left,1153,mPFF,0,FALSE,TRN,P,1153_mPFF,TRN_left
1153_mPFF_TRN_right,1.853583714,TRN,right,1153,mPFF,1.853583714,FALSE,TRN,P,1153_mPFF,TRN_right
1153_mPFF_TU_left,1.372622729,TU,left,1153,mPFF,1.372622729,FALSE,TU,HY,1153_mPFF,TU_left
1153_mPFF_TU_right,0,TU,right,1153,mPFF,0,FALSE,TU,HY,1153_mPFF,TU_right
1153_mPFF_V3_left,0,V3,left,1153,mPFF,0,TRUE,V3,VS,1153_mPFF,V3_left
1153_mPFF_V3_right,0,V3,right,1153,mPFF,0,TRUE,V3,VS,1153_mPFF,V3_right
1153_mPFF_VAL_left,107.4506996,VAL,left,1153,mPFF,107.4506996,FALSE,VAL,TH,1153_mPFF,VAL_left
1153_mPFF_VAL_right,0,VAL,right,1153,mPFF,0,FALSE,VAL,TH,1153_mPFF,VAL_right
1153_mPFF_VISC_left,3.768736794,VISC,left,1153,mPFF,3.768736794,FALSE,VISC,Isocortex,1153_mPFF,VISC_left
1153_mPFF_VISC_right,0,VISC,right,1153,mPFF,0,FALSE,VISC,Isocortex,1153_mPFF,VISC_right
1153_mPFF_VISa_left,10.78123551,VISa,left,1153,mPFF,10.78123551,FALSE,VISa,Isocortex,1153_mPFF,VISa_left
1153_mPFF_VISa_right,6.726498614,VISa,right,1153,mPFF,6.726498614,FALSE,VISa,Isocortex,1153_mPFF,VISa_right
1153_mPFF_VISam_left,9.993537073,VISam,left,1153,mPFF,9.993537073,FALSE,VISam,Isocortex,1153_mPFF,VISam_left
1153_mPFF_VISam_right,3.765032515,VISam,right,1153,mPFF,3.765032515,FALSE,VISam,Isocortex,1153_mPFF,VISam_right
1153_mPFF_VISl_left,6.95551389,VISl,left,1153,mPFF,6.95551389,FALSE,VISl,Isocortex,1153_mPFF,VISl_left
1153_mPFF_VISl_right,27.11767285,VISl,right,1153,mPFF,27.11767285,FALSE,VISl,Isocortex,1153_mPFF,VISl_right
1153_mPFF_VISli_right,0,VISli,right,1153,mPFF,0,FALSE,VISli,Isocortex,1153_mPFF,VISli_right
1153_mPFF_VISp_left,18.66761048,VISp,left,1153,mPFF,18.66761048,FALSE,VISp,Isocortex,1153_mPFF,VISp_left
1153_mPFF_VISp_right,18.02512704,VISp,right,1153,mPFF,18.02512704,FALSE,VISp,Isocortex,1153_mPFF,VISp_right
1153_mPFF_VISpl_left,22.04538933,VISpl,left,1153,mPFF,22.04538933,FALSE,VISpl,Isocortex,1153_mPFF,VISpl_left
1153_mPFF_VISpl_right,12.2212236,VISpl,right,1153,mPFF,12.2212236,FALSE,VISpl,Isocortex,1153_mPFF,VISpl_right
1153_mPFF_VISpor_left,6.032442919,VISpor,left,1153,mPFF,6.032442919,FALSE,VISpor,Isocortex,1153_mPFF,VISpor_left
1153_mPFF_VISpor_right,7.271740936,VISpor,right,1153,mPFF,7.271740936,FALSE,VISpor,Isocortex,1153_mPFF,VISpor_right
1153_mPFF_VISrl_left,17.89844156,VISrl,left,1153,mPFF,17.89844156,FALSE,VISrl,Isocortex,1153_mPFF,VISrl_left
1153_mPFF_VISrl_right,13.23735719,VISrl,right,1153,mPFF,13.23735719,FALSE,VISrl,Isocortex,1153_mPFF,VISrl_right
1153_mPFF_VL_left,0,VL,left,1153,mPFF,0,TRUE,VL,VS,1153_mPFF,VL_left
1153_mPFF_VL_right,0,VL,right,1153,mPFF,0,TRUE,VL,VS,1153_mPFF,VL_right
1153_mPFF_VMH_left,1.121811267,VMH,left,1153,mPFF,1.121811267,FALSE,VMH,HY,1153_mPFF,VMH_left
1153_mPFF_VMH_right,3.20830825,VMH,right,1153,mPFF,3.20830825,FALSE,VMH,HY,1153_mPFF,VMH_right
1153_mPFF_VM_left,3.65264639,VM,left,1153,mPFF,3.65264639,FALSE,VM,TH,1153_mPFF,VM_left
1153_mPFF_VM_right,0.825587265,VM,right,1153,mPFF,0.825587265,FALSE,VM,TH,1153_mPFF,VM_right
1153_mPFF_VPL_left,36.75795699,VPL,left,1153,mPFF,36.75795699,FALSE,VPL,TH,1153_mPFF,VPL_left
1153_mPFF_VPL_right,20.12226933,VPL,right,1153,mPFF,20.12226933,FALSE,VPL,TH,1153_mPFF,VPL_right
1153_mPFF_VPM_left,20.2362535,VPM,left,1153,mPFF,20.2362535,FALSE,VPM,TH,1153_mPFF,VPM_left
1153_mPFF_VPM_right,39.94415154,VPM,right,1153,mPFF,39.94415154,FALSE,VPM,TH,1153_mPFF,VPM_right
1153_mPFF_VP_left,0,VP,left,1153,mPFF,0,FALSE,VP,TH,1153_mPFF,VP_left
1153_mPFF_VP_right,0,VP,right,1153,mPFF,0,FALSE,VP,TH,1153_mPFF,VP_right
1153_mPFF_Xi_left,0,Xi,left,1153,mPFF,0,FALSE,Xi,TH,1153_mPFF,Xi_left
1153_mPFF_Xi_right,0,Xi,right,1153,mPFF,0,FALSE,Xi,TH,1153_mPFF,Xi_right
1153_mPFF_ZI_left,1.30121461,ZI,left,1153,mPFF,1.30121461,FALSE,ZI,HY,1153_mPFF,ZI_left
1153_mPFF_ZI_right,2.673833412,ZI,right,1153,mPFF,2.673833412,FALSE,ZI,HY,1153_mPFF,ZI_right
1153_mPFF_alv_left,9.507294528,alv,left,1153,mPFF,9.507294528,TRUE,alv,fiber tracts,1153_mPFF,alv_left
1153_mPFF_alv_right,11.10325074,alv,right,1153,mPFF,11.10325074,TRUE,alv,fiber tracts,1153_mPFF,alv_right
1153_mPFF_amc_left,8.233976993,amc,left,1153,mPFF,8.233976993,TRUE,amc,fiber tracts,1153_mPFF,amc_left
1153_mPFF_amc_right,22.46125785,amc,right,1153,mPFF,22.46125785,TRUE,amc,fiber tracts,1153_mPFF,amc_right
1153_mPFF_ar_left,0,ar,left,1153,mPFF,0,TRUE,ar,fiber tracts,1153_mPFF,ar_left
1153_mPFF_ar_right,1.471308023,ar,right,1153,mPFF,1.471308023,TRUE,ar,fiber tracts,1153_mPFF,ar_right
1153_mPFF_bic_left,0,bic,left,1153,mPFF,0,TRUE,bic,fiber tracts,1153_mPFF,bic_left
1153_mPFF_bic_right,0,bic,right,1153,mPFF,0,TRUE,bic,fiber tracts,1153_mPFF,bic_right
1153_mPFF_cc_left,3.844107521,cc,left,1153,mPFF,3.844107521,TRUE,cc,fiber tracts,1153_mPFF,cc_left
1153_mPFF_cc_right,18.68094331,cc,right,1153,mPFF,18.68094331,TRUE,cc,fiber tracts,1153_mPFF,cc_right
1153_mPFF_ccg_left,3.069460824,ccg,left,1153,mPFF,3.069460824,TRUE,ccg,fiber tracts,1153_mPFF,ccg_left
1153_mPFF_ccg_right,1.282356782,ccg,right,1153,mPFF,1.282356782,TRUE,ccg,fiber tracts,1153_mPFF,ccg_right
1153_mPFF_chpl_left,0,chpl,left,1153,mPFF,0,TRUE,chpl,VS,1153_mPFF,chpl_left
1153_mPFF_chpl_right,0,chpl,right,1153,mPFF,0,TRUE,chpl,VS,1153_mPFF,chpl_right
1153_mPFF_cing_left,4.814018961,cing,left,1153,mPFF,4.814018961,TRUE,cing,fiber tracts,1153_mPFF,cing_left
1153_mPFF_cing_right,0,cing,right,1153,mPFF,0,TRUE,cing,fiber tracts,1153_mPFF,cing_right
1153_mPFF_cst_left,13.42358734,cst,left,1153,mPFF,13.42358734,TRUE,cst,fiber tracts,1153_mPFF,cst_left
1153_mPFF_cst_right,0,cst,right,1153,mPFF,0,TRUE,cst,fiber tracts,1153_mPFF,cst_right
1153_mPFF_dhc_left,4.399257683,dhc,left,1153,mPFF,4.399257683,TRUE,dhc,fiber tracts,1153_mPFF,dhc_left
1153_mPFF_dhc_right,12.08624841,dhc,right,1153,mPFF,12.08624841,TRUE,dhc,fiber tracts,1153_mPFF,dhc_right
1153_mPFF_dscp_left,0,dscp,left,1153,mPFF,0,TRUE,dscp,fiber tracts,1153_mPFF,dscp_left
1153_mPFF_dscp_right,0,dscp,right,1153,mPFF,0,TRUE,dscp,fiber tracts,1153_mPFF,dscp_right
1153_mPFF_ec_left,0,ec,left,1153,mPFF,0,TRUE,ec,fiber tracts,1153_mPFF,ec_left
1153_mPFF_ec_right,5.117284169,ec,right,1153,mPFF,5.117284169,TRUE,ec,fiber tracts,1153_mPFF,ec_right
1153_mPFF_em_left,24.55746846,em,left,1153,mPFF,24.55746846,TRUE,em,fiber tracts,1153_mPFF,em_left
1153_mPFF_em_right,17.58496939,em,right,1153,mPFF,17.58496939,TRUE,em,fiber tracts,1153_mPFF,em_right
1153_mPFF_fi_left,3.473170416,fi,left,1153,mPFF,3.473170416,TRUE,fi,fiber tracts,1153_mPFF,fi_left
1153_mPFF_fi_right,0,fi,right,1153,mPFF,0,TRUE,fi,fiber tracts,1153_mPFF,fi_right
1153_mPFF_fiber tracts_left,3.04660323,fiber tracts,left,1153,mPFF,3.04660323,TRUE,fiber tracts,fiber tracts,1153_mPFF,fiber tracts_left
1153_mPFF_fiber tracts_right,4.900801033,fiber tracts,right,1153,mPFF,4.900801033,TRUE,fiber tracts,fiber tracts,1153_mPFF,fiber tracts_right
1153_mPFF_fr_left,0,fr,left,1153,mPFF,0,TRUE,fr,fiber tracts,1153_mPFF,fr_left
1153_mPFF_fr_right,0,fr,right,1153,mPFF,0,TRUE,fr,fiber tracts,1153_mPFF,fr_right
1153_mPFF_fx_left,0,fx,left,1153,mPFF,0,TRUE,fx,fiber tracts,1153_mPFF,fx_left
1153_mPFF_fx_right,0,fx,right,1153,mPFF,0,TRUE,fx,fiber tracts,1153_mPFF,fx_right
1153_mPFF_hbc_left,0,hbc,left,1153,mPFF,0,TRUE,hbc,fiber tracts,1153_mPFF,hbc_left
1153_mPFF_hbc_right,0,hbc,right,1153,mPFF,0,TRUE,hbc,fiber tracts,1153_mPFF,hbc_right
1153_mPFF_int_left,1.476131984,int,left,1153,mPFF,1.476131984,TRUE,int,fiber tracts,1153_mPFF,int_left
1153_mPFF_int_right,0,int,right,1153,mPFF,0,TRUE,int,fiber tracts,1153_mPFF,int_right
1153_mPFF_ll_left,2.130063637,ll,left,1153,mPFF,2.130063637,TRUE,ll,fiber tracts,1153_mPFF,ll_left
1153_mPFF_ll_right,0,ll,right,1153,mPFF,0,TRUE,ll,fiber tracts,1153_mPFF,ll_right
1153_mPFF_lotg_left,0,lotg,left,1153,mPFF,0,TRUE,In,fiber tracts,1153_mPFF,lotg_left
1153_mPFF_lotg_right,0,lotg,right,1153,mPFF,0,TRUE,In,fiber tracts,1153_mPFF,lotg_right
1153_mPFF_mcp_left,0,mcp,left,1153,mPFF,0,TRUE,mcp,fiber tracts,1153_mPFF,mcp_left
1153_mPFF_mcp_right,0,mcp,right,1153,mPFF,0,TRUE,mcp,fiber tracts,1153_mPFF,mcp_right
1153_mPFF_ml_left,0,ml,left,1153,mPFF,0,TRUE,ml,fiber tracts,1153_mPFF,ml_left
1153_mPFF_ml_right,0,ml,right,1153,mPFF,0,TRUE,ml,fiber tracts,1153_mPFF,ml_right
1153_mPFF_mlf_left,0,mlf,left,1153,mPFF,0,TRUE,mlf,fiber tracts,1153_mPFF,mlf_left
1153_mPFF_mlf_right,0,mlf,right,1153,mPFF,0,TRUE,mlf,fiber tracts,1153_mPFF,mlf_right
1153_mPFF_moV_left,0,moV,left,1153,mPFF,0,TRUE,moV,fiber tracts,1153_mPFF,moV_left
1153_mPFF_moV_right,0,moV,right,1153,mPFF,0,TRUE,moV,fiber tracts,1153_mPFF,moV_right
1153_mPFF_mtg_left,0,mtg,left,1153,mPFF,0,TRUE,mtg,fiber tracts,1153_mPFF,mtg_left
1153_mPFF_mtg_right,0,mtg,right,1153,mPFF,0,TRUE,mtg,fiber tracts,1153_mPFF,mtg_right
1153_mPFF_mtt_left,0,mtt,left,1153,mPFF,0,TRUE,mtt,fiber tracts,1153_mPFF,mtt_left
1153_mPFF_mtt_right,0,mtt,right,1153,mPFF,0,TRUE,mtt,fiber tracts,1153_mPFF,mtt_right
1153_mPFF_nst_left,0,nst,left,1153,mPFF,0,TRUE,nst,fiber tracts,1153_mPFF,nst_left
1153_mPFF_nst_right,0,nst,right,1153,mPFF,0,TRUE,nst,fiber tracts,1153_mPFF,nst_right
1153_mPFF_opt_left,0,opt,left,1153,mPFF,0,TRUE,opt,fiber tracts,1153_mPFF,opt_left
1153_mPFF_opt_right,3.270365049,opt,right,1153,mPFF,3.270365049,TRUE,opt,fiber tracts,1153_mPFF,opt_right
1153_mPFF_or_left,6.503585309,or,left,1153,mPFF,6.503585309,TRUE,or,fiber tracts,1153_mPFF,or_left
1153_mPFF_or_right,1.286649718,or,right,1153,mPFF,1.286649718,TRUE,or,fiber tracts,1153_mPFF,or_right
1153_mPFF_rust_left,0,rust,left,1153,mPFF,0,TRUE,rust,fiber tracts,1153_mPFF,rust_left
1153_mPFF_rust_right,0,rust,right,1153,mPFF,0,TRUE,rust,fiber tracts,1153_mPFF,rust_right
1153_mPFF_sV_left,0,sV,left,1153,mPFF,0,TRUE,sV,fiber tracts,1153_mPFF,sV_left
1153_mPFF_sV_right,0,sV,right,1153,mPFF,0,TRUE,sV,fiber tracts,1153_mPFF,sV_right
1153_mPFF_scp_left,0,scp,left,1153,mPFF,0,TRUE,scp,fiber tracts,1153_mPFF,scp_left
1153_mPFF_scp_right,0,scp,right,1153,mPFF,0,TRUE,scp,fiber tracts,1153_mPFF,scp_right
1153_mPFF_scwm_left,3.38832337,scwm,left,1153,mPFF,3.38832337,TRUE,scwm,fiber tracts,1153_mPFF,scwm_left
1153_mPFF_scwm_right,9.882883648,scwm,right,1153,mPFF,9.882883648,TRUE,scwm,fiber tracts,1153_mPFF,scwm_right
1153_mPFF_st_left,0,st,left,1153,mPFF,0,TRUE,st,fiber tracts,1153_mPFF,st_left
1153_mPFF_st_right,7.10874087,st,right,1153,mPFF,7.10874087,TRUE,st,fiber tracts,1153_mPFF,st_right
1153_mPFF_stc_left,0,stc,left,1153,mPFF,0,TRUE,stc,fiber tracts,1153_mPFF,stc_left
1153_mPFF_stc_right,144.7424284,stc,right,1153,mPFF,144.7424284,TRUE,stc,fiber tracts,1153_mPFF,stc_right
1153_mPFF_sup_left,0,sup,left,1153,mPFF,0,TRUE,sup,fiber tracts,1153_mPFF,sup_left
1153_mPFF_sup_right,0,sup,right,1153,mPFF,0,TRUE,sup,fiber tracts,1153_mPFF,sup_right
1153_mPFF_tspc_left,0,tspc,left,1153,mPFF,0,TRUE,tspc,fiber tracts,1153_mPFF,tspc_left
1153_mPFF_tspc_right,0,tspc,right,1153,mPFF,0,TRUE,tspc,fiber tracts,1153_mPFF,tspc_right
1159_mPFF_ACAd_left,10.90790362,ACAd,left,1159,mPFF,10.90790362,FALSE,ACA,Isocortex,1159_mPFF,ACAd_left
1159_mPFF_ACAd_right,12.08653925,ACAd,right,1159,mPFF,12.08653925,FALSE,ACA,Isocortex,1159_mPFF,ACAd_right
1159_mPFF_ACAv_left,9.612866091,ACAv,left,1159,mPFF,9.612866091,FALSE,ACA,Isocortex,1159_mPFF,ACAv_left
1159_mPFF_ACAv_right,12.43022839,ACAv,right,1159,mPFF,12.43022839,FALSE,ACA,Isocortex,1159_mPFF,ACAv_right
1159_mPFF_ACB_left,0.690713731,ACB,left,1159,mPFF,0.690713731,FALSE,ACB,STR,1159_mPFF,ACB_left
1159_mPFF_ACB_right,0.344607718,ACB,right,1159,mPFF,0.344607718,FALSE,ACB,STR,1159_mPFF,ACB_right
1159_mPFF_AId_left,19.6605081,AId,left,1159,mPFF,19.6605081,FALSE,AI,Isocortex,1159_mPFF,AId_left
1159_mPFF_AId_right,16.59738447,AId,right,1159,mPFF,16.59738447,FALSE,AI,Isocortex,1159_mPFF,AId_right
1159_mPFF_AIp_left,0,AIp,left,1159,mPFF,0,FALSE,AI,Isocortex,1159_mPFF,AIp_left
1159_mPFF_AIp_right,24.5126822,AIp,right,1159,mPFF,24.5126822,FALSE,AI,Isocortex,1159_mPFF,AIp_right
1159_mPFF_AIv_left,26.53239245,AIv,left,1159,mPFF,26.53239245,FALSE,AI,Isocortex,1159_mPFF,AIv_left
1159_mPFF_AIv_right,23.94604863,AIv,right,1159,mPFF,23.94604863,FALSE,AI,Isocortex,1159_mPFF,AIv_right
1159_mPFF_APr_left,25.38339818,APr,left,1159,mPFF,25.38339818,FALSE,APr,HPF,1159_mPFF,APr_left
1159_mPFF_APr_right,22.34412341,APr,right,1159,mPFF,22.34412341,FALSE,APr,HPF,1159_mPFF,APr_right
1159_mPFF_AQ_left,7.47697461,AQ,left,1159,mPFF,7.47697461,TRUE,AQ,VS,1159_mPFF,AQ_left
1159_mPFF_AQ_right,0,AQ,right,1159,mPFF,0,TRUE,AQ,VS,1159_mPFF,AQ_right
1159_mPFF_ARH_left,0,ARH,left,1159,mPFF,0,FALSE,ARH,HY,1159_mPFF,ARH_left
1159_mPFF_ARH_right,0,ARH,right,1159,mPFF,0,FALSE,ARH,HY,1159_mPFF,ARH_right
1159_mPFF_AT_left,0,AT,left,1159,mPFF,0,FALSE,AT,MB,1159_mPFF,AT_left
1159_mPFF_AT_right,0,AT,right,1159,mPFF,0,FALSE,AT,MB,1159_mPFF,AT_right
1159_mPFF_AUDd_left,17.49738608,AUDd,left,1159,mPFF,17.49738608,FALSE,AUDd,Isocortex,1159_mPFF,AUDd_left
1159_mPFF_AUDd_right,36.3817951,AUDd,right,1159,mPFF,36.3817951,FALSE,AUDd,Isocortex,1159_mPFF,AUDd_right
1159_mPFF_AUDp_left,21.40893796,AUDp,left,1159,mPFF,21.40893796,FALSE,AUDp,Isocortex,1159_mPFF,AUDp_left
1159_mPFF_AUDv_left,7.58824917,AUDv,left,1159,mPFF,7.58824917,FALSE,AUDv,Isocortex,1159_mPFF,AUDv_left
1159_mPFF_AUDv_right,28.35223971,AUDv,right,1159,mPFF,28.35223971,FALSE,AUDv,Isocortex,1159_mPFF,AUDv_right
1159_mPFF_BLA_left,35.01691637,BLA,left,1159,mPFF,35.01691637,FALSE,BLA,CTXsp,1159_mPFF,BLA_left
1159_mPFF_BLA_right,14.93499994,BLA,right,1159,mPFF,14.93499994,FALSE,BLA,CTXsp,1159_mPFF,BLA_right
1159_mPFF_BMA_left,18.28346746,BMA,left,1159,mPFF,18.28346746,FALSE,BMA,CTXsp,1159_mPFF,BMA_left
1159_mPFF_BMA_right,12.49111788,BMA,right,1159,mPFF,12.49111788,FALSE,BMA,CTXsp,1159_mPFF,BMA_right
1159_mPFF_CA1_left,14.97286582,CA1,left,1159,mPFF,14.97286582,FALSE,CA1,HPF,1159_mPFF,CA1_left
1159_mPFF_CA1_right,10.84786192,CA1,right,1159,mPFF,10.84786192,FALSE,CA1,HPF,1159_mPFF,CA1_right
1159_mPFF_CA2_left,0,CA2,left,1159,mPFF,0,FALSE,CA2,HPF,1159_mPFF,CA2_left
1159_mPFF_CA2_right,0,CA2,right,1159,mPFF,0,FALSE,CA2,HPF,1159_mPFF,CA2_right
1159_mPFF_CA3_left,5.266228261,CA3,left,1159,mPFF,5.266228261,FALSE,CA3,HPF,1159_mPFF,CA3_left
1159_mPFF_CA3_right,4.18912617,CA3,right,1159,mPFF,4.18912617,FALSE,CA3,HPF,1159_mPFF,CA3_right
1159_mPFF_CB_left,0,CB,left,1159,mPFF,0,FALSE,CB,CB,1159_mPFF,CB_left
1159_mPFF_CB_right,0,CB,right,1159,mPFF,0,FALSE,CB,CB,1159_mPFF,CB_right
1159_mPFF_CEA_left,23.53304021,CEA,left,1159,mPFF,23.53304021,FALSE,CEA,STR,1159_mPFF,CEA_left
1159_mPFF_CEA_right,12.43212923,CEA,right,1159,mPFF,12.43212923,FALSE,CEA,STR,1159_mPFF,CEA_right
1159_mPFF_CLA_left,11.08354592,CLA,left,1159,mPFF,11.08354592,FALSE,CLA,CTXsp,1159_mPFF,CLA_left
1159_mPFF_CLA_right,24.6981409,CLA,right,1159,mPFF,24.6981409,FALSE,CLA,CTXsp,1159_mPFF,CLA_right
1159_mPFF_CLI_left,0,CLI,left,1159,mPFF,0,FALSE,CLI,MB,1159_mPFF,CLI_left
1159_mPFF_CLI_right,0,CLI,right,1159,mPFF,0,FALSE,CLI,MB,1159_mPFF,CLI_right
1159_mPFF_CL_left,0,CL,left,1159,mPFF,0,FALSE,CL,TH,1159_mPFF,CL_left
1159_mPFF_CL_right,5.173213945,CL,right,1159,mPFF,5.173213945,FALSE,CL,TH,1159_mPFF,CL_right
1159_mPFF_CM_left,11.10360642,CM,left,1159,mPFF,11.10360642,FALSE,CM,TH,1159_mPFF,CM_left
1159_mPFF_CM_right,11.73298032,CM,right,1159,mPFF,11.73298032,FALSE,CM,TH,1159_mPFF,CM_right
1159_mPFF_COA_left,25.7435145,COA,left,1159,mPFF,25.7435145,FALSE,COA,OLF,1159_mPFF,COA_left
1159_mPFF_COA_right,26.93029548,COA,right,1159,mPFF,26.93029548,FALSE,COA,OLF,1159_mPFF,COA_right
1159_mPFF_COAp_left,13.36555695,COAp,left,1159,mPFF,13.36555695,FALSE,COA,OLF,1159_mPFF,COAp_left
1159_mPFF_COAp_right,10.01283487,COAp,right,1159,mPFF,10.01283487,FALSE,COA,OLF,1159_mPFF,COAp_right
1159_mPFF_CP_left,1.37900218,CP,left,1159,mPFF,1.37900218,FALSE,CP,STR,1159_mPFF,CP_left
1159_mPFF_CP_right,2.227460339,CP,right,1159,mPFF,2.227460339,FALSE,CP,STR,1159_mPFF,CP_right
1159_mPFF_CS_left,0,CS,left,1159,mPFF,0,FALSE,CS,P,1159_mPFF,CS_left
1159_mPFF_CS_right,0,CS,right,1159,mPFF,0,FALSE,CS,P,1159_mPFF,CS_right
1159_mPFF_CTXsp_left,0,CTXsp,left,1159,mPFF,0,FALSE,CTXsp,CTXsp,1159_mPFF,CTXsp_left
1159_mPFF_CTXsp_right,0,CTXsp,right,1159,mPFF,0,FALSE,CTXsp,CTXsp,1159_mPFF,CTXsp_right
1159_mPFF_DG_left,2.467710868,DG,left,1159,mPFF,2.467710868,FALSE,DG,HPF,1159_mPFF,DG_left
1159_mPFF_DG_right,5.646299264,DG,right,1159,mPFF,5.646299264,FALSE,DG,HPF,1159_mPFF,DG_right
1159_mPFF_DMH_left,0,DMH,left,1159,mPFF,0,FALSE,DMH,HY,1159_mPFF,DMH_left
1159_mPFF_DMH_right,0,DMH,right,1159,mPFF,0,FALSE,DMH,HY,1159_mPFF,DMH_right
1159_mPFF_DR_left,0,DR,left,1159,mPFF,0,FALSE,DR,MB,1159_mPFF,DR_left
1159_mPFF_DR_right,0,DR,right,1159,mPFF,0,FALSE,DR,MB,1159_mPFF,DR_right
1159_mPFF_ECT_left,16.62960221,ECT,left,1159,mPFF,16.62960221,FALSE,ECT,Isocortex,1159_mPFF,ECT_left
1159_mPFF_ECT_right,23.46789745,ECT,right,1159,mPFF,23.46789745,FALSE,ECT,Isocortex,1159_mPFF,ECT_right
1159_mPFF_ENTl_left,12.02166891,ENTl,left,1159,mPFF,12.02166891,FALSE,ENT,HPF,1159_mPFF,ENTl_left
1159_mPFF_ENTl_right,6.091718396,ENTl,right,1159,mPFF,6.091718396,FALSE,ENT,HPF,1159_mPFF,ENTl_right
1159_mPFF_ENTm_left,10.03222144,ENTm,left,1159,mPFF,10.03222144,FALSE,ENT,HPF,1159_mPFF,ENTm_left
1159_mPFF_ENTm_right,11.13866101,ENTm,right,1159,mPFF,11.13866101,FALSE,ENT,HPF,1159_mPFF,ENTm_right
1159_mPFF_EP_left,7.317857623,EP,left,1159,mPFF,7.317857623,FALSE,EP,CTXsp,1159_mPFF,EP_left
1159_mPFF_EP_right,14.58600541,EP,right,1159,mPFF,14.58600541,FALSE,EP,CTXsp,1159_mPFF,EP_right
1159_mPFF_Eth_left,13.96548734,Eth,left,1159,mPFF,13.96548734,FALSE,Eth,TH,1159_mPFF,Eth_left
1159_mPFF_Eth_right,0,Eth,right,1159,mPFF,0,FALSE,Eth,TH,1159_mPFF,Eth_right
1159_mPFF_FC_left,0,FC,left,1159,mPFF,0,FALSE,FC,HPF,1159_mPFF,FC_left
1159_mPFF_FC_right,18.66976503,FC,right,1159,mPFF,18.66976503,FALSE,FC,HPF,1159_mPFF,FC_right
1159_mPFF_GU_left,9.101259667,GU,left,1159,mPFF,9.101259667,FALSE,GU,Isocortex,1159_mPFF,GU_left
1159_mPFF_GU_right,18.03525309,GU,right,1159,mPFF,18.03525309,FALSE,GU,Isocortex,1159_mPFF,GU_right
1159_mPFF_HATA_right,0,HATA,right,1159,mPFF,0,FALSE,HATA,HPF,1159_mPFF,HATA_right
1159_mPFF_HPF_left,3.437783205,HPF,left,1159,mPFF,3.437783205,FALSE,HPF,HPF,1159_mPFF,HPF_left
1159_mPFF_HPF_right,2.543320945,HPF,right,1159,mPFF,2.543320945,FALSE,HPF,HPF,1159_mPFF,HPF_right
1159_mPFF_HY_left,0,HY,left,1159,mPFF,0,FALSE,HY,HY,1159_mPFF,HY_left
1159_mPFF_HY_right,0,HY,right,1159,mPFF,0,FALSE,HY,HY,1159_mPFF,HY_right
1159_mPFF_IA_left,32.95192758,IA,left,1159,mPFF,32.95192758,FALSE,IA,STR,1159_mPFF,IA_left
1159_mPFF_IA_right,82.14983078,IA,right,1159,mPFF,82.14983078,FALSE,IA,STR,1159_mPFF,IA_right
1159_mPFF_IC_left,4.086327302,IC,left,1159,mPFF,4.086327302,FALSE,IC,MB,1159_mPFF,IC_left
1159_mPFF_IC_right,0,IC,right,1159,mPFF,0,FALSE,IC,MB,1159_mPFF,IC_right
1159_mPFF_IG_left,19.68034387,IG,left,1159,mPFF,19.68034387,FALSE,IG,HPF,1159_mPFF,IG_left
1159_mPFF_IG_right,36.56988682,IG,right,1159,mPFF,36.56988682,FALSE,IG,HPF,1159_mPFF,IG_right
1159_mPFF_IMD_left,0,IMD,left,1159,mPFF,0,FALSE,IMD,TH,1159_mPFF,IMD_left
1159_mPFF_IMD_right,0,IMD,right,1159,mPFF,0,FALSE,IMD,TH,1159_mPFF,IMD_right
1159_mPFF_In_left,8.217111625,In,left,1159,mPFF,8.217111625,TRUE,In,fiber tracts,1159_mPFF,In_left
1159_mPFF_In_right,0,In,right,1159,mPFF,0,TRUE,In,fiber tracts,1159_mPFF,In_right
1159_mPFF_LA_left,29.87287739,LA,left,1159,mPFF,29.87287739,FALSE,LA,CTXsp,1159_mPFF,LA_left
1159_mPFF_LA_right,23.87862168,LA,right,1159,mPFF,23.87862168,FALSE,LA,CTXsp,1159_mPFF,LA_right
1159_mPFF_LGd_left,23.90548742,LGd,left,1159,mPFF,23.90548742,FALSE,LGd,TH,1159_mPFF,LGd_left
1159_mPFF_LGd_right,0,LGd,right,1159,mPFF,0,FALSE,LGd,TH,1159_mPFF,LGd_right
1159_mPFF_LGv_left,10.95108781,LGv,left,1159,mPFF,10.95108781,FALSE,LGv,TH,1159_mPFF,LGv_left
1159_mPFF_LGv_right,15.36954584,LGv,right,1159,mPFF,15.36954584,FALSE,LGv,TH,1159_mPFF,LGv_right
1159_mPFF_LHA_left,0,LHA,left,1159,mPFF,0,FALSE,LHA,HY,1159_mPFF,LHA_left
1159_mPFF_LHA_right,1.882395049,LHA,right,1159,mPFF,1.882395049,FALSE,LHA,HY,1159_mPFF,LHA_right
1159_mPFF_LH_left,0,LH,left,1159,mPFF,0,FALSE,LH,TH,1159_mPFF,LH_left
1159_mPFF_LH_right,0,LH,right,1159,mPFF,0,FALSE,LH,TH,1159_mPFF,LH_right
1159_mPFF_LP_left,15.66754843,LP,left,1159,mPFF,15.66754843,FALSE,LP,TH,1159_mPFF,LP_left
1159_mPFF_LP_right,6.884826852,LP,right,1159,mPFF,6.884826852,FALSE,LP,TH,1159_mPFF,LP_right
1159_mPFF_LS_left,8.255822782,LS,left,1159,mPFF,8.255822782,FALSE,LS,STR,1159_mPFF,LS_left
1159_mPFF_LS_right,8.45061969,LS,right,1159,mPFF,8.45061969,FALSE,LS,STR,1159_mPFF,LS_right
1159_mPFF_MB_left,0.502584519,MB,left,1159,mPFF,0.502584519,FALSE,MB,MB,1159_mPFF,MB_left
1159_mPFF_MB_right,0,MB,right,1159,mPFF,0,FALSE,MB,MB,1159_mPFF,MB_right
1159_mPFF_MD_left,2.112402034,MD,left,1159,mPFF,2.112402034,FALSE,MD,TH,1159_mPFF,MD_left
1159_mPFF_MD_right,6.057258373,MD,right,1159,mPFF,6.057258373,FALSE,MD,TH,1159_mPFF,MD_right
1159_mPFF_MEA_left,17.43737039,MEA,left,1159,mPFF,17.43737039,FALSE,MEA,STR,1159_mPFF,MEA_left
1159_mPFF_MEA_right,16.80853774,MEA,right,1159,mPFF,16.80853774,FALSE,MEA,STR,1159_mPFF,MEA_right
1159_mPFF_ME_left,0,ME,left,1159,mPFF,0,FALSE,ME,HY,1159_mPFF,ME_left
1159_mPFF_ME_right,0,ME,right,1159,mPFF,0,FALSE,ME,HY,1159_mPFF,ME_right
1159_mPFF_MH_left,0,MH,left,1159,mPFF,0,FALSE,MH,TH,1159_mPFF,MH_left
1159_mPFF_MH_right,0,MH,right,1159,mPFF,0,FALSE,MH,TH,1159_mPFF,MH_right
1159_mPFF_MOp_left,16.720168,MOp,left,1159,mPFF,16.720168,FALSE,MOp,Isocortex,1159_mPFF,MOp_left
1159_mPFF_MOp_right,20.07118444,MOp,right,1159,mPFF,20.07118444,FALSE,MOp,Isocortex,1159_mPFF,MOp_right
1159_mPFF_MOs_left,9.642862124,MOs,left,1159,mPFF,9.642862124,FALSE,MOs,Isocortex,1159_mPFF,MOs_left
1159_mPFF_MOs_right,13.78346633,MOs,right,1159,mPFF,13.78346633,FALSE,MOs,Isocortex,1159_mPFF,MOs_right
1159_mPFF_MRN_left,0.427055666,MRN,left,1159,mPFF,0.427055666,FALSE,MRN,MB,1159_mPFF,MRN_left
1159_mPFF_MRN_right,0,MRN,right,1159,mPFF,0,FALSE,MRN,MB,1159_mPFF,MRN_right
1159_mPFF_MS_left,0,MS,left,1159,mPFF,0,FALSE,MS,PAL,1159_mPFF,MS_left
1159_mPFF_MS_right,0,MS,right,1159,mPFF,0,FALSE,MS,PAL,1159_mPFF,MS_right
1159_mPFF_NDB_left,0,NDB,left,1159,mPFF,0,FALSE,NDB,PAL,1159_mPFF,NDB_left
1159_mPFF_NDB_right,3.007392008,NDB,right,1159,mPFF,3.007392008,FALSE,NDB,PAL,1159_mPFF,NDB_right
1159_mPFF_NLL_left,0.871327249,NLL,left,1159,mPFF,0.871327249,FALSE,NLL,P,1159_mPFF,NLL_left
1159_mPFF_NLL_right,0,NLL,right,1159,mPFF,0,FALSE,NLL,P,1159_mPFF,NLL_right
1159_mPFF_OLF_left,3.841374665,OLF,left,1159,mPFF,3.841374665,FALSE,OLF,OLF,1159_mPFF,OLF_left
1159_mPFF_OLF_right,2.302379103,OLF,right,1159,mPFF,2.302379103,FALSE,OLF,OLF,1159_mPFF,OLF_right
1159_mPFF_OT_left,0,OT,left,1159,mPFF,0,FALSE,OT,STR,1159_mPFF,OT_left
1159_mPFF_OT_right,0,OT,right,1159,mPFF,0,FALSE,OT,STR,1159_mPFF,OT_right
1159_mPFF_PAA_left,2.435186743,PAA,left,1159,mPFF,2.435186743,FALSE,PAA,OLF,1159_mPFF,PAA_left
1159_mPFF_PAA_right,15.55862782,PAA,right,1159,mPFF,15.55862782,FALSE,PAA,OLF,1159_mPFF,PAA_right
1159_mPFF_PAG_left,0.472385397,PAG,left,1159,mPFF,0.472385397,FALSE,PAG,MB,1159_mPFF,PAG_left
1159_mPFF_PAG_right,0,PAG,right,1159,mPFF,0,FALSE,PAG,MB,1159_mPFF,PAG_right
1159_mPFF_PAL_left,0,PAL,left,1159,mPFF,0,FALSE,PAL,PAL,1159_mPFF,PAL_left
1159_mPFF_PAL_right,1.061230546,PAL,right,1159,mPFF,1.061230546,FALSE,PAL,PAL,1159_mPFF,PAL_right
1159_mPFF_PALd_right,2.435611088,PALd,right,1159,mPFF,2.435611088,FALSE,PAL,PAL,1159_mPFF,PALd_right
1159_mPFF_PAR_left,11.83443959,PAR,left,1159,mPFF,11.83443959,FALSE,PAR,HPF,1159_mPFF,PAR_left
1159_mPFF_PAR_right,4.125655905,PAR,right,1159,mPFF,4.125655905,FALSE,PAR,HPF,1159_mPFF,PAR_right
1159_mPFF_PBG_left,0,PBG,left,1159,mPFF,0,FALSE,PBG,MB,1159_mPFF,PBG_left
1159_mPFF_PBG_right,0,PBG,right,1159,mPFF,0,FALSE,PBG,MB,1159_mPFF,PBG_right
1159_mPFF_PCN_left,9.144374705,PCN,left,1159,mPFF,9.144374705,FALSE,PCN,TH,1159_mPFF,PCN_left
1159_mPFF_PCN_right,9.200119745,PCN,right,1159,mPFF,9.200119745,FALSE,PCN,TH,1159_mPFF,PCN_right
1159_mPFF_PERI_left,27.08650125,PERI,left,1159,mPFF,27.08650125,FALSE,PERI,Isocortex,1159_mPFF,PERI_left
1159_mPFF_PERI_right,52.26088645,PERI,right,1159,mPFF,52.26088645,FALSE,PERI,Isocortex,1159_mPFF,PERI_right
1159_mPFF_PG_left,4.272779188,PG,left,1159,mPFF,4.272779188,FALSE,PG,P,1159_mPFF,PG_left
1159_mPFF_PG_right,2.698789652,PG,right,1159,mPFF,2.698789652,FALSE,PG,P,1159_mPFF,PG_right
1159_mPFF_PH_left,0,PH,left,1159,mPFF,0,FALSE,PH,HY,1159_mPFF,PH_left
1159_mPFF_PH_right,0,PH,right,1159,mPFF,0,FALSE,PH,HY,1159_mPFF,PH_right
1159_mPFF_PIR_left,21.92774772,PIR,left,1159,mPFF,21.92774772,FALSE,PIR,OLF,1159_mPFF,PIR_left
1159_mPFF_PIR_right,14.62029269,PIR,right,1159,mPFF,14.62029269,FALSE,PIR,OLF,1159_mPFF,PIR_right
1159_mPFF_POST_left,17.03668115,POST,left,1159,mPFF,17.03668115,FALSE,POST,HPF,1159_mPFF,POST_left
1159_mPFF_POST_right,28.83094879,POST,right,1159,mPFF,28.83094879,FALSE,POST,HPF,1159_mPFF,POST_right
1159_mPFF_PO_left,26.96831153,PO,left,1159,mPFF,26.96831153,FALSE,PO,TH,1159_mPFF,PO_left
1159_mPFF_PO_right,28.54237176,PO,right,1159,mPFF,28.54237176,FALSE,PO,TH,1159_mPFF,PO_right
1159_mPFF_PPN_left,0,PPN,left,1159,mPFF,0,FALSE,PPN,MB,1159_mPFF,PPN_left
1159_mPFF_PPN_right,0,PPN,right,1159,mPFF,0,FALSE,PPN,MB,1159_mPFF,PPN_right
1159_mPFF_PRE_left,14.55110144,PRE,left,1159,mPFF,14.55110144,FALSE,PRE,HPF,1159_mPFF,PRE_left
1159_mPFF_PRE_right,14.22045643,PRE,right,1159,mPFF,14.22045643,FALSE,PRE,HPF,1159_mPFF,PRE_right
1159_mPFF_PRNr_left,0,PRNr,left,1159,mPFF,0,FALSE,PRNr,P,1159_mPFF,PRNr_left
1159_mPFF_PRNr_right,1.725635583,PRNr,right,1159,mPFF,1.725635583,FALSE,PRNr,P,1159_mPFF,PRNr_right
1159_mPFF_PR_left,0,PR,left,1159,mPFF,0,FALSE,PR,TH,1159_mPFF,PR_left
1159_mPFF_PR_right,0,PR,right,1159,mPFF,0,FALSE,PR,TH,1159_mPFF,PR_right
1159_mPFF_PST_left,0,PST,left,1159,mPFF,0,FALSE,PST,HY,1159_mPFF,PST_left
1159_mPFF_PST_right,0,PST,right,1159,mPFF,0,FALSE,PST,HY,1159_mPFF,PST_right
1159_mPFF_PVT_left,0,PVT,left,1159,mPFF,0,FALSE,PVT,TH,1159_mPFF,PVT_left
1159_mPFF_PVT_right,0,PVT,right,1159,mPFF,0,FALSE,PVT,TH,1159_mPFF,PVT_right
1159_mPFF_PVZ_left,0,PVZ,left,1159,mPFF,0,FALSE,PVZ,HY,1159_mPFF,PVZ_left
1159_mPFF_PVZ_right,0,PVZ,right,1159,mPFF,0,FALSE,PVZ,HY,1159_mPFF,PVZ_right
1159_mPFF_P_left,0,P,left,1159,mPFF,0,FALSE,P,P,1159_mPFF,P_left
1159_mPFF_P_right,0,P,right,1159,mPFF,0,FALSE,P,P,1159_mPFF,P_right
1159_mPFF_Pa4_left,0,Pa4,left,1159,mPFF,0,FALSE,Pa4,MB,1159_mPFF,Pa4_left
1159_mPFF_Pa4_right,0,Pa4,right,1159,mPFF,0,FALSE,Pa4,MB,1159_mPFF,Pa4_right
1159_mPFF_PeF_right,0,PeF,right,1159,mPFF,0,FALSE,PeF,HY,1159_mPFF,PeF_right
1159_mPFF_RE_left,0,RE,left,1159,mPFF,0,FALSE,RE,TH,1159_mPFF,RE_left
1159_mPFF_RE_right,0,RE,right,1159,mPFF,0,FALSE,RE,TH,1159_mPFF,RE_right
1159_mPFF_RH_right,0,RH,right,1159,mPFF,0,FALSE,RH,TH,1159_mPFF,RH_right
1159_mPFF_RSPagl_left,15.19840693,RSPagl,left,1159,mPFF,15.19840693,FALSE,RSP,Isocortex,1159_mPFF,RSPagl_left
1159_mPFF_RSPagl_right,17.649148,RSPagl,right,1159,mPFF,17.649148,FALSE,RSP,Isocortex,1159_mPFF,RSPagl_right
1159_mPFF_RSPd_left,10.05232467,RSPd,left,1159,mPFF,10.05232467,FALSE,RSP,Isocortex,1159_mPFF,RSPd_left
1159_mPFF_RSPd_right,27.36228039,RSPd,right,1159,mPFF,27.36228039,FALSE,RSP,Isocortex,1159_mPFF,RSPd_right
1159_mPFF_RSPv_left,26.17346362,RSPv,left,1159,mPFF,26.17346362,FALSE,RSP,Isocortex,1159_mPFF,RSPv_left
1159_mPFF_RSPv_right,19.53119386,RSPv,right,1159,mPFF,19.53119386,FALSE,RSP,Isocortex,1159_mPFF,RSPv_right
1159_mPFF_RT_left,5.594927633,RT,left,1159,mPFF,5.594927633,FALSE,RT,TH,1159_mPFF,RT_left
1159_mPFF_RT_right,27.77422319,RT,right,1159,mPFF,27.77422319,FALSE,RT,TH,1159_mPFF,RT_right
1159_mPFF_SAG_left,0,SAG,left,1159,mPFF,0,FALSE,SAG,MB,1159_mPFF,SAG_left
1159_mPFF_SAG_right,0,SAG,right,1159,mPFF,0,FALSE,SAG,MB,1159_mPFF,SAG_right
1159_mPFF_SCm_left,0.554486287,SCm,left,1159,mPFF,0.554486287,FALSE,MBmot,MB,1159_mPFF,SCm_left
1159_mPFF_SCm_right,0.355768683,SCm,right,1159,mPFF,0.355768683,FALSE,MBmot,MB,1159_mPFF,SCm_right
1159_mPFF_SCs_left,0,SCs,left,1159,mPFF,0,FALSE,MBsen,MB,1159_mPFF,SCs_left
1159_mPFF_SCs_right,0.525153081,SCs,right,1159,mPFF,0.525153081,FALSE,MBsen,MB,1159_mPFF,SCs_right
1159_mPFF_SEZ_left,24.93401374,SEZ,left,1159,mPFF,24.93401374,TRUE,SEZ,VS,1159_mPFF,SEZ_left
1159_mPFF_SEZ_right,0,SEZ,right,1159,mPFF,0,TRUE,SEZ,VS,1159_mPFF,SEZ_right
1159_mPFF_SH_left,0,SH,left,1159,mPFF,0,FALSE,SH,STR,1159_mPFF,SH_left
1159_mPFF_SH_right,26.62280685,SH,right,1159,mPFF,26.62280685,FALSE,SH,STR,1159_mPFF,SH_right
1159_mPFF_SI_left,0,SI,left,1159,mPFF,0,FALSE,SI,PAL,1159_mPFF,SI_left
1159_mPFF_SI_right,12.38102303,SI,right,1159,mPFF,12.38102303,FALSE,SI,PAL,1159_mPFF,SI_right
1159_mPFF_SMT_right,0,SMT,right,1159,mPFF,0,FALSE,SMT,TH,1159_mPFF,SMT_right
1159_mPFF_SSp-bfd_left,55.03850951,SSp-bfd,left,1159,mPFF,55.03850951,FALSE,SSp,Isocortex,1159_mPFF,SSp-bfd_left
1159_mPFF_SSp-bfd_right,25.18253698,SSp-bfd,right,1159,mPFF,25.18253698,FALSE,SSp,Isocortex,1159_mPFF,SSp-bfd_right
1159_mPFF_SSp-m_left,23.39889358,SSp-m,left,1159,mPFF,23.39889358,FALSE,SSp,Isocortex,1159_mPFF,SSp-m_left
1159_mPFF_SSp-m_right,33.43509334,SSp-m,right,1159,mPFF,33.43509334,FALSE,SSp,Isocortex,1159_mPFF,SSp-m_right
1159_mPFF_SSp-ul_left,35.77509797,SSp-ul,left,1159,mPFF,35.77509797,FALSE,SSp,Isocortex,1159_mPFF,SSp-ul_left
1159_mPFF_SSp-ul_right,67.25871759,SSp-ul,right,1159,mPFF,67.25871759,FALSE,SSp,Isocortex,1159_mPFF,SSp-ul_right
1159_mPFF_SSs_left,24.6471645,SSs,left,1159,mPFF,24.6471645,FALSE,SSs,Isocortex,1159_mPFF,SSs_left
1159_mPFF_SSs_right,17.55137508,SSs,right,1159,mPFF,17.55137508,FALSE,SSs,Isocortex,1159_mPFF,SSs_right
1159_mPFF_STN_left,9.00016341,STN,left,1159,mPFF,9.00016341,FALSE,STN,HY,1159_mPFF,STN_left
1159_mPFF_STN_right,0,STN,right,1159,mPFF,0,FALSE,STN,HY,1159_mPFF,STN_right
1159_mPFF_STR_left,17.35180137,STR,left,1159,mPFF,17.35180137,FALSE,STR,STR,1159_mPFF,STR_left
1159_mPFF_STR_right,21.10244574,STR,right,1159,mPFF,21.10244574,FALSE,STR,STR,1159_mPFF,STR_right
1159_mPFF_SUB_left,2.325381843,SUB,left,1159,mPFF,2.325381843,FALSE,SUB,HPF,1159_mPFF,SUB_left
1159_mPFF_SUB_right,8.47926669,SUB,right,1159,mPFF,8.47926669,FALSE,SUB,HPF,1159_mPFF,SUB_right
1159_mPFF_Su3_left,0,Su3,left,1159,mPFF,0,FALSE,Su3,MB,1159_mPFF,Su3_left
1159_mPFF_Su3_right,0,Su3,right,1159,mPFF,0,FALSE,Su3,MB,1159_mPFF,Su3_right
1159_mPFF_TEa_left,12.13945761,TEa,left,1159,mPFF,12.13945761,FALSE,TEa,Isocortex,1159_mPFF,TEa_left
1159_mPFF_TEa_right,108.0911467,TEa,right,1159,mPFF,108.0911467,FALSE,TEa,Isocortex,1159_mPFF,TEa_right
1159_mPFF_TH_left,2.510220508,TH,left,1159,mPFF,2.510220508,FALSE,TH,TH,1159_mPFF,TH_left
1159_mPFF_TH_right,6.82471057,TH,right,1159,mPFF,6.82471057,FALSE,TH,TH,1159_mPFF,TH_right
1159_mPFF_TRN_left,2.173076013,TRN,left,1159,mPFF,2.173076013,FALSE,TRN,P,1159_mPFF,TRN_left
1159_mPFF_TRN_right,4.628196202,TRN,right,1159,mPFF,4.628196202,FALSE,TRN,P,1159_mPFF,TRN_right
1159_mPFF_TU_left,7.075769346,TU,left,1159,mPFF,7.075769346,FALSE,TU,HY,1159_mPFF,TU_left
1159_mPFF_TU_right,0,TU,right,1159,mPFF,0,FALSE,TU,HY,1159_mPFF,TU_right
1159_mPFF_V3_left,0,V3,left,1159,mPFF,0,TRUE,V3,VS,1159_mPFF,V3_left
1159_mPFF_V3_right,0,V3,right,1159,mPFF,0,TRUE,V3,VS,1159_mPFF,V3_right
1159_mPFF_VAL_right,27.85730182,VAL,right,1159,mPFF,27.85730182,FALSE,VAL,TH,1159_mPFF,VAL_right
1159_mPFF_VISC_right,10.55804932,VISC,right,1159,mPFF,10.55804932,FALSE,VISC,Isocortex,1159_mPFF,VISC_right
1159_mPFF_VISa_left,7.403732681,VISa,left,1159,mPFF,7.403732681,FALSE,VISa,Isocortex,1159_mPFF,VISa_left
1159_mPFF_VISa_right,15.19672808,VISa,right,1159,mPFF,15.19672808,FALSE,VISa,Isocortex,1159_mPFF,VISa_right
1159_mPFF_VISam_left,6.37060387,VISam,left,1159,mPFF,6.37060387,FALSE,VISam,Isocortex,1159_mPFF,VISam_left
1159_mPFF_VISam_right,10.86046447,VISam,right,1159,mPFF,10.86046447,FALSE,VISam,Isocortex,1159_mPFF,VISam_right
1159_mPFF_VISl_left,32.97604443,VISl,left,1159,mPFF,32.97604443,FALSE,VISl,Isocortex,1159_mPFF,VISl_left
1159_mPFF_VISl_right,25.8257597,VISl,right,1159,mPFF,25.8257597,FALSE,VISl,Isocortex,1159_mPFF,VISl_right
1159_mPFF_VISli_left,21.45734626,VISli,left,1159,mPFF,21.45734626,FALSE,VISli,Isocortex,1159_mPFF,VISli_left
1159_mPFF_VISli_right,6.356731026,VISli,right,1159,mPFF,6.356731026,FALSE,VISli,Isocortex,1159_mPFF,VISli_right
1159_mPFF_VISp_left,21.11671411,VISp,left,1159,mPFF,21.11671411,FALSE,VISp,Isocortex,1159_mPFF,VISp_left
1159_mPFF_VISp_right,19.98419862,VISp,right,1159,mPFF,19.98419862,FALSE,VISp,Isocortex,1159_mPFF,VISp_right
1159_mPFF_VISpl_left,14.59059929,VISpl,left,1159,mPFF,14.59059929,FALSE,VISpl,Isocortex,1159_mPFF,VISpl_left
1159_mPFF_VISpl_right,5.490624462,VISpl,right,1159,mPFF,5.490624462,FALSE,VISpl,Isocortex,1159_mPFF,VISpl_right
1159_mPFF_VISpor_left,14.17530971,VISpor,left,1159,mPFF,14.17530971,FALSE,VISpor,Isocortex,1159_mPFF,VISpor_left
1159_mPFF_VISpor_right,13.38076945,VISpor,right,1159,mPFF,13.38076945,FALSE,VISpor,Isocortex,1159_mPFF,VISpor_right
1159_mPFF_VISrl_left,26.72569378,VISrl,left,1159,mPFF,26.72569378,FALSE,VISrl,Isocortex,1159_mPFF,VISrl_left
1159_mPFF_VISrl_right,17.96685875,VISrl,right,1159,mPFF,17.96685875,FALSE,VISrl,Isocortex,1159_mPFF,VISrl_right
1159_mPFF_VL_left,0,VL,left,1159,mPFF,0,TRUE,VL,VS,1159_mPFF,VL_left
1159_mPFF_VL_right,2.132404807,VL,right,1159,mPFF,2.132404807,TRUE,VL,VS,1159_mPFF,VL_right
1159_mPFF_VMH_left,11.23388178,VMH,left,1159,mPFF,11.23388178,FALSE,VMH,HY,1159_mPFF,VMH_left
1159_mPFF_VMH_right,2.729128775,VMH,right,1159,mPFF,2.729128775,FALSE,VMH,HY,1159_mPFF,VMH_right
1159_mPFF_VM_left,0,VM,left,1159,mPFF,0,FALSE,VM,TH,1159_mPFF,VM_left
1159_mPFF_VM_right,2.370763813,VM,right,1159,mPFF,2.370763813,FALSE,VM,TH,1159_mPFF,VM_right
1159_mPFF_VPL_left,21.03038094,VPL,left,1159,mPFF,21.03038094,FALSE,VPL,TH,1159_mPFF,VPL_left
1159_mPFF_VPL_right,25.49405138,VPL,right,1159,mPFF,25.49405138,FALSE,VPL,TH,1159_mPFF,VPL_right
1159_mPFF_VPM_left,33.67598755,VPM,left,1159,mPFF,33.67598755,FALSE,VPM,TH,1159_mPFF,VPM_left
1159_mPFF_VPM_right,31.16241656,VPM,right,1159,mPFF,31.16241656,FALSE,VPM,TH,1159_mPFF,VPM_right
1159_mPFF_VP_left,0,VP,left,1159,mPFF,0,FALSE,VP,TH,1159_mPFF,VP_left
1159_mPFF_VP_right,0,VP,right,1159,mPFF,0,FALSE,VP,TH,1159_mPFF,VP_right
1159_mPFF_Xi_left,0,Xi,left,1159,mPFF,0,FALSE,Xi,TH,1159_mPFF,Xi_left
1159_mPFF_Xi_right,0,Xi,right,1159,mPFF,0,FALSE,Xi,TH,1159_mPFF,Xi_right
1159_mPFF_ZI_left,0,ZI,left,1159,mPFF,0,FALSE,ZI,HY,1159_mPFF,ZI_left
1159_mPFF_ZI_right,0,ZI,right,1159,mPFF,0,FALSE,ZI,HY,1159_mPFF,ZI_right
1159_mPFF_alv_left,18.03638485,alv,left,1159,mPFF,18.03638485,TRUE,alv,fiber tracts,1159_mPFF,alv_left
1159_mPFF_alv_right,2.229225675,alv,right,1159,mPFF,2.229225675,TRUE,alv,fiber tracts,1159_mPFF,alv_right
1159_mPFF_amc_left,18.28874941,amc,left,1159,mPFF,18.28874941,TRUE,amc,fiber tracts,1159_mPFF,amc_left
1159_mPFF_amc_right,10.1835082,amc,right,1159,mPFF,10.1835082,TRUE,amc,fiber tracts,1159_mPFF,amc_right
1159_mPFF_ar_left,4.434993325,ar,left,1159,mPFF,4.434993325,TRUE,ar,fiber tracts,1159_mPFF,ar_left
1159_mPFF_ar_right,13.58016907,ar,right,1159,mPFF,13.58016907,TRUE,ar,fiber tracts,1159_mPFF,ar_right
1159_mPFF_bic_left,0,bic,left,1159,mPFF,0,TRUE,bic,fiber tracts,1159_mPFF,bic_left
1159_mPFF_bic_right,0,bic,right,1159,mPFF,0,TRUE,bic,fiber tracts,1159_mPFF,bic_right
1159_mPFF_cc_left,23.51503709,cc,left,1159,mPFF,23.51503709,TRUE,cc,fiber tracts,1159_mPFF,cc_left
1159_mPFF_cc_right,11.49665281,cc,right,1159,mPFF,11.49665281,TRUE,cc,fiber tracts,1159_mPFF,cc_right
1159_mPFF_ccg_left,3.068885113,ccg,left,1159,mPFF,3.068885113,TRUE,ccg,fiber tracts,1159_mPFF,ccg_left
1159_mPFF_ccg_right,8.844444551,ccg,right,1159,mPFF,8.844444551,TRUE,ccg,fiber tracts,1159_mPFF,ccg_right
1159_mPFF_chpl_left,0,chpl,left,1159,mPFF,0,TRUE,chpl,VS,1159_mPFF,chpl_left
1159_mPFF_chpl_right,0,chpl,right,1159,mPFF,0,TRUE,chpl,VS,1159_mPFF,chpl_right
1159_mPFF_cing_left,0,cing,left,1159,mPFF,0,TRUE,cing,fiber tracts,1159_mPFF,cing_left
1159_mPFF_cing_right,17.4324289,cing,right,1159,mPFF,17.4324289,TRUE,cing,fiber tracts,1159_mPFF,cing_right
1159_mPFF_cst_left,0,cst,left,1159,mPFF,0,TRUE,cst,fiber tracts,1159_mPFF,cst_left
1159_mPFF_cst_right,0,cst,right,1159,mPFF,0,TRUE,cst,fiber tracts,1159_mPFF,cst_right
1159_mPFF_dhc_left,35.33122953,dhc,left,1159,mPFF,35.33122953,TRUE,dhc,fiber tracts,1159_mPFF,dhc_left
1159_mPFF_dhc_right,10.78188054,dhc,right,1159,mPFF,10.78188054,TRUE,dhc,fiber tracts,1159_mPFF,dhc_right
1159_mPFF_dscp_left,0,dscp,left,1159,mPFF,0,TRUE,dscp,fiber tracts,1159_mPFF,dscp_left
1159_mPFF_dscp_right,0,dscp,right,1159,mPFF,0,TRUE,dscp,fiber tracts,1159_mPFF,dscp_right
1159_mPFF_ec_left,9.042457575,ec,left,1159,mPFF,9.042457575,TRUE,ec,fiber tracts,1159_mPFF,ec_left
1159_mPFF_ec_right,18.63790593,ec,right,1159,mPFF,18.63790593,TRUE,ec,fiber tracts,1159_mPFF,ec_right
1159_mPFF_em_left,0,em,left,1159,mPFF,0,TRUE,em,fiber tracts,1159_mPFF,em_left
1159_mPFF_em_right,0,em,right,1159,mPFF,0,TRUE,em,fiber tracts,1159_mPFF,em_right
1159_mPFF_fi_left,0,fi,left,1159,mPFF,0,TRUE,fi,fiber tracts,1159_mPFF,fi_left
1159_mPFF_fi_right,0,fi,right,1159,mPFF,0,TRUE,fi,fiber tracts,1159_mPFF,fi_right
1159_mPFF_fiber tracts_left,1.971810299,fiber tracts,left,1159,mPFF,1.971810299,TRUE,fiber tracts,fiber tracts,1159_mPFF,fiber tracts_left
1159_mPFF_fiber tracts_right,0,fiber tracts,right,1159,mPFF,0,TRUE,fiber tracts,fiber tracts,1159_mPFF,fiber tracts_right
1159_mPFF_fr_left,0,fr,left,1159,mPFF,0,TRUE,fr,fiber tracts,1159_mPFF,fr_left
1159_mPFF_fr_right,0,fr,right,1159,mPFF,0,TRUE,fr,fiber tracts,1159_mPFF,fr_right
1159_mPFF_fx_left,0,fx,left,1159,mPFF,0,TRUE,fx,fiber tracts,1159_mPFF,fx_left
1159_mPFF_fx_right,0,fx,right,1159,mPFF,0,TRUE,fx,fiber tracts,1159_mPFF,fx_right
1159_mPFF_hbc_left,0,hbc,left,1159,mPFF,0,TRUE,hbc,fiber tracts,1159_mPFF,hbc_left
1159_mPFF_hbc_right,0,hbc,right,1159,mPFF,0,TRUE,hbc,fiber tracts,1159_mPFF,hbc_right
1159_mPFF_int_left,0,int,left,1159,mPFF,0,TRUE,int,fiber tracts,1159_mPFF,int_left
1159_mPFF_int_right,1.760311756,int,right,1159,mPFF,1.760311756,TRUE,int,fiber tracts,1159_mPFF,int_right
1159_mPFF_ll_left,0,ll,left,1159,mPFF,0,TRUE,ll,fiber tracts,1159_mPFF,ll_left
1159_mPFF_ll_right,0,ll,right,1159,mPFF,0,TRUE,ll,fiber tracts,1159_mPFF,ll_right
1159_mPFF_lotg_left,0,lotg,left,1159,mPFF,0,TRUE,In,fiber tracts,1159_mPFF,lotg_left
1159_mPFF_lotg_right,0,lotg,right,1159,mPFF,0,TRUE,In,fiber tracts,1159_mPFF,lotg_right
1159_mPFF_mcp_left,0,mcp,left,1159,mPFF,0,TRUE,mcp,fiber tracts,1159_mPFF,mcp_left
1159_mPFF_mcp_right,2.739312019,mcp,right,1159,mPFF,2.739312019,TRUE,mcp,fiber tracts,1159_mPFF,mcp_right
1159_mPFF_ml_left,0,ml,left,1159,mPFF,0,TRUE,ml,fiber tracts,1159_mPFF,ml_left
1159_mPFF_ml_right,9.30807043,ml,right,1159,mPFF,9.30807043,TRUE,ml,fiber tracts,1159_mPFF,ml_right
1159_mPFF_mlf_left,0,mlf,left,1159,mPFF,0,TRUE,mlf,fiber tracts,1159_mPFF,mlf_left
1159_mPFF_mlf_right,0,mlf,right,1159,mPFF,0,TRUE,mlf,fiber tracts,1159_mPFF,mlf_right
1159_mPFF_moV_left,0,moV,left,1159,mPFF,0,TRUE,moV,fiber tracts,1159_mPFF,moV_left
1159_mPFF_moV_right,0,moV,right,1159,mPFF,0,TRUE,moV,fiber tracts,1159_mPFF,moV_right
1159_mPFF_mtg_left,0,mtg,left,1159,mPFF,0,TRUE,mtg,fiber tracts,1159_mPFF,mtg_left
1159_mPFF_mtg_right,0,mtg,right,1159,mPFF,0,TRUE,mtg,fiber tracts,1159_mPFF,mtg_right
1159_mPFF_mtt_left,0,mtt,left,1159,mPFF,0,TRUE,mtt,fiber tracts,1159_mPFF,mtt_left
1159_mPFF_mtt_right,0,mtt,right,1159,mPFF,0,TRUE,mtt,fiber tracts,1159_mPFF,mtt_right
1159_mPFF_nst_left,0,nst,left,1159,mPFF,0,TRUE,nst,fiber tracts,1159_mPFF,nst_left
1159_mPFF_nst_right,0,nst,right,1159,mPFF,0,TRUE,nst,fiber tracts,1159_mPFF,nst_right
1159_mPFF_opt_left,0,opt,left,1159,mPFF,0,TRUE,opt,fiber tracts,1159_mPFF,opt_left
1159_mPFF_opt_right,0,opt,right,1159,mPFF,0,TRUE,opt,fiber tracts,1159_mPFF,opt_right
1159_mPFF_or_left,9.02268473,or,left,1159,mPFF,9.02268473,TRUE,or,fiber tracts,1159_mPFF,or_left
1159_mPFF_or_right,5.033713504,or,right,1159,mPFF,5.033713504,TRUE,or,fiber tracts,1159_mPFF,or_right
1159_mPFF_rust_left,0,rust,left,1159,mPFF,0,TRUE,rust,fiber tracts,1159_mPFF,rust_left
1159_mPFF_rust_right,0,rust,right,1159,mPFF,0,TRUE,rust,fiber tracts,1159_mPFF,rust_right
1159_mPFF_sV_left,0,sV,left,1159,mPFF,0,TRUE,sV,fiber tracts,1159_mPFF,sV_left
1159_mPFF_sV_right,0,sV,right,1159,mPFF,0,TRUE,sV,fiber tracts,1159_mPFF,sV_right
1159_mPFF_scp_left,0,scp,left,1159,mPFF,0,TRUE,scp,fiber tracts,1159_mPFF,scp_left
1159_mPFF_scp_right,0,scp,right,1159,mPFF,0,TRUE,scp,fiber tracts,1159_mPFF,scp_right
1159_mPFF_scwm_left,4.381316843,scwm,left,1159,mPFF,4.381316843,TRUE,scwm,fiber tracts,1159_mPFF,scwm_left
1159_mPFF_scwm_right,0,scwm,right,1159,mPFF,0,TRUE,scwm,fiber tracts,1159_mPFF,scwm_right
1159_mPFF_st_left,9.485195806,st,left,1159,mPFF,9.485195806,TRUE,st,fiber tracts,1159_mPFF,st_left
1159_mPFF_st_right,36.9330428,st,right,1159,mPFF,36.9330428,TRUE,st,fiber tracts,1159_mPFF,st_right
1159_mPFF_stc_right,0,stc,right,1159,mPFF,0,TRUE,stc,fiber tracts,1159_mPFF,stc_right
1159_mPFF_sup_left,0,sup,left,1159,mPFF,0,TRUE,sup,fiber tracts,1159_mPFF,sup_left
1159_mPFF_sup_right,0,sup,right,1159,mPFF,0,TRUE,sup,fiber tracts,1159_mPFF,sup_right
1159_mPFF_tspc_left,0,tspc,left,1159,mPFF,0,TRUE,tspc,fiber tracts,1159_mPFF,tspc_left
1159_mPFF_tspc_right,0,tspc,right,1159,mPFF,0,TRUE,tspc,fiber tracts,1159_mPFF,tspc_right
1160_mPFF_AIp_left,14.29957605,AIp,left,1160,mPFF,14.29957605,FALSE,AI,Isocortex,1160_mPFF,AIp_left
1160_mPFF_AIp_right,30.29509838,AIp,right,1160,mPFF,30.29509838,FALSE,AI,Isocortex,1160_mPFF,AIp_right
1160_mPFF_APr_left,25.33235667,APr,left,1160,mPFF,25.33235667,FALSE,APr,HPF,1160_mPFF,APr_left
1160_mPFF_APr_right,24.31288378,APr,right,1160,mPFF,24.31288378,FALSE,APr,HPF,1160_mPFF,APr_right
1160_mPFF_AQ_left,0,AQ,left,1160,mPFF,0,TRUE,AQ,VS,1160_mPFF,AQ_left
1160_mPFF_AQ_right,0,AQ,right,1160,mPFF,0,TRUE,AQ,VS,1160_mPFF,AQ_right
1160_mPFF_ARH_left,0,ARH,left,1160,mPFF,0,FALSE,ARH,HY,1160_mPFF,ARH_left
1160_mPFF_ARH_right,0,ARH,right,1160,mPFF,0,FALSE,ARH,HY,1160_mPFF,ARH_right
1160_mPFF_AUDd_left,25.06701423,AUDd,left,1160,mPFF,25.06701423,FALSE,AUDd,Isocortex,1160_mPFF,AUDd_left
1160_mPFF_AUDd_right,18.20883142,AUDd,right,1160,mPFF,18.20883142,FALSE,AUDd,Isocortex,1160_mPFF,AUDd_right
1160_mPFF_AUDp_left,13.64656895,AUDp,left,1160,mPFF,13.64656895,FALSE,AUDp,Isocortex,1160_mPFF,AUDp_left
1160_mPFF_AUDv_left,16.99116947,AUDv,left,1160,mPFF,16.99116947,FALSE,AUDv,Isocortex,1160_mPFF,AUDv_left
1160_mPFF_AUDv_right,18.95622827,AUDv,right,1160,mPFF,18.95622827,FALSE,AUDv,Isocortex,1160_mPFF,AUDv_right
1160_mPFF_BLA_left,23.87839779,BLA,left,1160,mPFF,23.87839779,FALSE,BLA,CTXsp,1160_mPFF,BLA_left
1160_mPFF_BLA_right,27.06036972,BLA,right,1160,mPFF,27.06036972,FALSE,BLA,CTXsp,1160_mPFF,BLA_right
1160_mPFF_BMA_left,14.73581643,BMA,left,1160,mPFF,14.73581643,FALSE,BMA,CTXsp,1160_mPFF,BMA_left
1160_mPFF_BMA_right,17.93218126,BMA,right,1160,mPFF,17.93218126,FALSE,BMA,CTXsp,1160_mPFF,BMA_right
1160_mPFF_CA1_left,12.53893235,CA1,left,1160,mPFF,12.53893235,FALSE,CA1,HPF,1160_mPFF,CA1_left
1160_mPFF_CA1_right,15.79387017,CA1,right,1160,mPFF,15.79387017,FALSE,CA1,HPF,1160_mPFF,CA1_right
1160_mPFF_CA2_left,35.04990426,CA2,left,1160,mPFF,35.04990426,FALSE,CA2,HPF,1160_mPFF,CA2_left
1160_mPFF_CA2_right,18.19765315,CA2,right,1160,mPFF,18.19765315,FALSE,CA2,HPF,1160_mPFF,CA2_right
1160_mPFF_CA3_left,18.3338206,CA3,left,1160,mPFF,18.3338206,FALSE,CA3,HPF,1160_mPFF,CA3_left
1160_mPFF_CA3_right,22.80287765,CA3,right,1160,mPFF,22.80287765,FALSE,CA3,HPF,1160_mPFF,CA3_right
1160_mPFF_CB_left,0,CB,left,1160,mPFF,0,FALSE,CB,CB,1160_mPFF,CB_left
1160_mPFF_CB_right,0,CB,right,1160,mPFF,0,FALSE,CB,CB,1160_mPFF,CB_right
1160_mPFF_CEA_left,32.83339117,CEA,left,1160,mPFF,32.83339117,FALSE,CEA,STR,1160_mPFF,CEA_left
1160_mPFF_CEA_right,23.4259857,CEA,right,1160,mPFF,23.4259857,FALSE,CEA,STR,1160_mPFF,CEA_right
1160_mPFF_CLI_left,0,CLI,left,1160,mPFF,0,FALSE,CLI,MB,1160_mPFF,CLI_left
1160_mPFF_CLI_right,0,CLI,right,1160,mPFF,0,FALSE,CLI,MB,1160_mPFF,CLI_right
1160_mPFF_CL_left,4.996994707,CL,left,1160,mPFF,4.996994707,FALSE,CL,TH,1160_mPFF,CL_left
1160_mPFF_CL_right,18.14983166,CL,right,1160,mPFF,18.14983166,FALSE,CL,TH,1160_mPFF,CL_right
1160_mPFF_CM_left,0,CM,left,1160,mPFF,0,FALSE,CM,TH,1160_mPFF,CM_left
1160_mPFF_CM_right,5.9051987,CM,right,1160,mPFF,5.9051987,FALSE,CM,TH,1160_mPFF,CM_right
1160_mPFF_COA_left,22.01222272,COA,left,1160,mPFF,22.01222272,FALSE,COA,OLF,1160_mPFF,COA_left
1160_mPFF_COA_right,21.69808512,COA,right,1160,mPFF,21.69808512,FALSE,COA,OLF,1160_mPFF,COA_right
1160_mPFF_COAp_left,12.86666707,COAp,left,1160,mPFF,12.86666707,FALSE,COA,OLF,1160_mPFF,COAp_left
1160_mPFF_COAp_right,25.08023972,COAp,right,1160,mPFF,25.08023972,FALSE,COA,OLF,1160_mPFF,COAp_right
1160_mPFF_CP_left,10.03729274,CP,left,1160,mPFF,10.03729274,FALSE,CP,STR,1160_mPFF,CP_left
1160_mPFF_CP_right,7.258680751,CP,right,1160,mPFF,7.258680751,FALSE,CP,STR,1160_mPFF,CP_right
1160_mPFF_CS_left,0,CS,left,1160,mPFF,0,FALSE,CS,P,1160_mPFF,CS_left
1160_mPFF_CS_right,0,CS,right,1160,mPFF,0,FALSE,CS,P,1160_mPFF,CS_right
1160_mPFF_CTXsp_left,11.96648733,CTXsp,left,1160,mPFF,11.96648733,FALSE,CTXsp,CTXsp,1160_mPFF,CTXsp_left
1160_mPFF_CTXsp_right,39.92619421,CTXsp,right,1160,mPFF,39.92619421,FALSE,CTXsp,CTXsp,1160_mPFF,CTXsp_right
1160_mPFF_DG_left,5.20390219,DG,left,1160,mPFF,5.20390219,FALSE,DG,HPF,1160_mPFF,DG_left
1160_mPFF_DG_right,2.112116647,DG,right,1160,mPFF,2.112116647,FALSE,DG,HPF,1160_mPFF,DG_right
1160_mPFF_DMH_left,1.762223328,DMH,left,1160,mPFF,1.762223328,FALSE,DMH,HY,1160_mPFF,DMH_left
1160_mPFF_DMH_right,0,DMH,right,1160,mPFF,0,FALSE,DMH,HY,1160_mPFF,DMH_right
1160_mPFF_DR_left,0,DR,left,1160,mPFF,0,FALSE,DR,MB,1160_mPFF,DR_left
1160_mPFF_DR_right,0,DR,right,1160,mPFF,0,FALSE,DR,MB,1160_mPFF,DR_right
1160_mPFF_ECT_left,5.776615514,ECT,left,1160,mPFF,5.776615514,FALSE,ECT,Isocortex,1160_mPFF,ECT_left
1160_mPFF_ECT_right,18.80692147,ECT,right,1160,mPFF,18.80692147,FALSE,ECT,Isocortex,1160_mPFF,ECT_right
1160_mPFF_ENTl_left,56.33947557,ENTl,left,1160,mPFF,56.33947557,FALSE,ENT,HPF,1160_mPFF,ENTl_left
1160_mPFF_ENTl_right,12.73600473,ENTl,right,1160,mPFF,12.73600473,FALSE,ENT,HPF,1160_mPFF,ENTl_right
1160_mPFF_ENTm_left,6.773886786,ENTm,left,1160,mPFF,6.773886786,FALSE,ENT,HPF,1160_mPFF,ENTm_left
1160_mPFF_ENTm_right,28.44496606,ENTm,right,1160,mPFF,28.44496606,FALSE,ENT,HPF,1160_mPFF,ENTm_right
1160_mPFF_EP_left,26.8716917,EP,left,1160,mPFF,26.8716917,FALSE,EP,CTXsp,1160_mPFF,EP_left
1160_mPFF_EP_right,34.7442388,EP,right,1160,mPFF,34.7442388,FALSE,EP,CTXsp,1160_mPFF,EP_right
1160_mPFF_Eth_left,26.84027697,Eth,left,1160,mPFF,26.84027697,FALSE,Eth,TH,1160_mPFF,Eth_left
1160_mPFF_Eth_right,66.12682269,Eth,right,1160,mPFF,66.12682269,FALSE,Eth,TH,1160_mPFF,Eth_right
1160_mPFF_FC_left,13.18047879,FC,left,1160,mPFF,13.18047879,FALSE,FC,HPF,1160_mPFF,FC_left
1160_mPFF_FC_right,0,FC,right,1160,mPFF,0,FALSE,FC,HPF,1160_mPFF,FC_right
1160_mPFF_HATA_left,0,HATA,left,1160,mPFF,0,FALSE,HATA,HPF,1160_mPFF,HATA_left
1160_mPFF_HATA_right,8.272433486,HATA,right,1160,mPFF,8.272433486,FALSE,HATA,HPF,1160_mPFF,HATA_right
1160_mPFF_HPF_left,2.252719175,HPF,left,1160,mPFF,2.252719175,FALSE,HPF,HPF,1160_mPFF,HPF_left
1160_mPFF_HPF_right,5.38826073,HPF,right,1160,mPFF,5.38826073,FALSE,HPF,HPF,1160_mPFF,HPF_right
1160_mPFF_HY_left,1.317112266,HY,left,1160,mPFF,1.317112266,FALSE,HY,HY,1160_mPFF,HY_left
1160_mPFF_HY_right,0.951310708,HY,right,1160,mPFF,0.951310708,FALSE,HY,HY,1160_mPFF,HY_right
1160_mPFF_IA_left,0,IA,left,1160,mPFF,0,FALSE,IA,STR,1160_mPFF,IA_left
1160_mPFF_IA_right,18.19765315,IA,right,1160,mPFF,18.19765315,FALSE,IA,STR,1160_mPFF,IA_right
1160_mPFF_IC_left,0,IC,left,1160,mPFF,0,FALSE,IC,MB,1160_mPFF,IC_left
1160_mPFF_IC_right,0,IC,right,1160,mPFF,0,FALSE,IC,MB,1160_mPFF,IC_right
1160_mPFF_IMD_left,9.00448551,IMD,left,1160,mPFF,9.00448551,FALSE,IMD,TH,1160_mPFF,IMD_left
1160_mPFF_IMD_right,5.790162365,IMD,right,1160,mPFF,5.790162365,FALSE,IMD,TH,1160_mPFF,IMD_right
1160_mPFF_LA_left,28.29319848,LA,left,1160,mPFF,28.29319848,FALSE,LA,CTXsp,1160_mPFF,LA_left
1160_mPFF_LA_right,31.06252187,LA,right,1160,mPFF,31.06252187,FALSE,LA,CTXsp,1160_mPFF,LA_right
1160_mPFF_LD_right,0,LD,right,1160,mPFF,0,FALSE,LD,TH,1160_mPFF,LD_right
1160_mPFF_LGd_left,8.102088825,LGd,left,1160,mPFF,8.102088825,FALSE,LGd,TH,1160_mPFF,LGd_left
1160_mPFF_LGd_right,4.042013496,LGd,right,1160,mPFF,4.042013496,FALSE,LGd,TH,1160_mPFF,LGd_right
1160_mPFF_LGv_left,11.14606255,LGv,left,1160,mPFF,11.14606255,FALSE,LGv,TH,1160_mPFF,LGv_left
1160_mPFF_LGv_right,28.4204074,LGv,right,1160,mPFF,28.4204074,FALSE,LGv,TH,1160_mPFF,LGv_right
1160_mPFF_LHA_left,0,LHA,left,1160,mPFF,0,FALSE,LHA,HY,1160_mPFF,LHA_left
1160_mPFF_LHA_right,0,LHA,right,1160,mPFF,0,FALSE,LHA,HY,1160_mPFF,LHA_right
1160_mPFF_LH_left,0,LH,left,1160,mPFF,0,FALSE,LH,TH,1160_mPFF,LH_left
1160_mPFF_LH_right,0,LH,right,1160,mPFF,0,FALSE,LH,TH,1160_mPFF,LH_right
1160_mPFF_LP_left,21.2679735,LP,left,1160,mPFF,21.2679735,FALSE,LP,TH,1160_mPFF,LP_left
1160_mPFF_LP_right,17.13017527,LP,right,1160,mPFF,17.13017527,FALSE,LP,TH,1160_mPFF,LP_right
1160_mPFF_MB_left,0,MB,left,1160,mPFF,0,FALSE,MB,MB,1160_mPFF,MB_left
1160_mPFF_MB_right,0,MB,right,1160,mPFF,0,FALSE,MB,MB,1160_mPFF,MB_right
1160_mPFF_MD_left,17.31224737,MD,left,1160,mPFF,17.31224737,FALSE,MD,TH,1160_mPFF,MD_left
1160_mPFF_MD_right,14.83732261,MD,right,1160,mPFF,14.83732261,FALSE,MD,TH,1160_mPFF,MD_right
1160_mPFF_MEA_left,15.36102932,MEA,left,1160,mPFF,15.36102932,FALSE,MEA,STR,1160_mPFF,MEA_left
1160_mPFF_MEA_right,17.94882014,MEA,right,1160,mPFF,17.94882014,FALSE,MEA,STR,1160_mPFF,MEA_right
1160_mPFF_ME_left,0,ME,left,1160,mPFF,0,FALSE,ME,HY,1160_mPFF,ME_left
1160_mPFF_ME_right,0,ME,right,1160,mPFF,0,FALSE,ME,HY,1160_mPFF,ME_right
1160_mPFF_MH_left,0,MH,left,1160,mPFF,0,FALSE,MH,TH,1160_mPFF,MH_left
1160_mPFF_MH_right,0,MH,right,1160,mPFF,0,FALSE,MH,TH,1160_mPFF,MH_right
1160_mPFF_MRN_left,0.952990665,MRN,left,1160,mPFF,0.952990665,FALSE,MRN,MB,1160_mPFF,MRN_left
1160_mPFF_MRN_right,0,MRN,right,1160,mPFF,0,FALSE,MRN,MB,1160_mPFF,MRN_right
1160_mPFF_NLL_left,0,NLL,left,1160,mPFF,0,FALSE,NLL,P,1160_mPFF,NLL_left
1160_mPFF_NLL_right,0,NLL,right,1160,mPFF,0,FALSE,NLL,P,1160_mPFF,NLL_right
1160_mPFF_OLF_left,53.12774073,OLF,left,1160,mPFF,53.12774073,FALSE,OLF,OLF,1160_mPFF,OLF_left
1160_mPFF_OLF_right,24.09959471,OLF,right,1160,mPFF,24.09959471,FALSE,OLF,OLF,1160_mPFF,OLF_right
1160_mPFF_PAA_left,29.90990057,PAA,left,1160,mPFF,29.90990057,FALSE,PAA,OLF,1160_mPFF,PAA_left
1160_mPFF_PAA_right,26.47687941,PAA,right,1160,mPFF,26.47687941,FALSE,PAA,OLF,1160_mPFF,PAA_right
1160_mPFF_PAG_left,2.165840815,PAG,left,1160,mPFF,2.165840815,FALSE,PAG,MB,1160_mPFF,PAG_left
1160_mPFF_PAG_right,1.034054186,PAG,right,1160,mPFF,1.034054186,FALSE,PAG,MB,1160_mPFF,PAG_right
1160_mPFF_PAL_left,9.93937745,PAL,left,1160,mPFF,9.93937745,FALSE,PAL,PAL,1160_mPFF,PAL_left
1160_mPFF_PAL_right,10.80830308,PAL,right,1160,mPFF,10.80830308,FALSE,PAL,PAL,1160_mPFF,PAL_right
1160_mPFF_PALd_left,0,PALd,left,1160,mPFF,0,FALSE,PAL,PAL,1160_mPFF,PALd_left
1160_mPFF_PALd_right,8.579249593,PALd,right,1160,mPFF,8.579249593,FALSE,PAL,PAL,1160_mPFF,PALd_right
1160_mPFF_PAR_left,14.18131455,PAR,left,1160,mPFF,14.18131455,FALSE,PAR,HPF,1160_mPFF,PAR_left
1160_mPFF_PA_right,0,PA,right,1160,mPFF,0,FALSE,PA,CTXsp,1160_mPFF,PA_right
1160_mPFF_PBG_left,0,PBG,left,1160,mPFF,0,FALSE,PBG,MB,1160_mPFF,PBG_left
1160_mPFF_PBG_right,0,PBG,right,1160,mPFF,0,FALSE,PBG,MB,1160_mPFF,PBG_right
1160_mPFF_PCN_left,32.70989065,PCN,left,1160,mPFF,32.70989065,FALSE,PCN,TH,1160_mPFF,PCN_left
1160_mPFF_PCN_right,35.84586829,PCN,right,1160,mPFF,35.84586829,FALSE,PCN,TH,1160_mPFF,PCN_right
1160_mPFF_PERI_left,38.22166929,PERI,left,1160,mPFF,38.22166929,FALSE,PERI,Isocortex,1160_mPFF,PERI_left
1160_mPFF_PERI_right,3.98731294,PERI,right,1160,mPFF,3.98731294,FALSE,PERI,Isocortex,1160_mPFF,PERI_right
1160_mPFF_PG_left,6.072050163,PG,left,1160,mPFF,6.072050163,FALSE,PG,P,1160_mPFF,PG_left
1160_mPFF_PG_right,11.07586928,PG,right,1160,mPFF,11.07586928,FALSE,PG,P,1160_mPFF,PG_right
1160_mPFF_PH_left,0,PH,left,1160,mPFF,0,FALSE,PH,HY,1160_mPFF,PH_left
1160_mPFF_PH_right,0,PH,right,1160,mPFF,0,FALSE,PH,HY,1160_mPFF,PH_right
1160_mPFF_PIR_left,24.99019682,PIR,left,1160,mPFF,24.99019682,FALSE,PIR,OLF,1160_mPFF,PIR_left
1160_mPFF_PIR_right,20.32205846,PIR,right,1160,mPFF,20.32205846,FALSE,PIR,OLF,1160_mPFF,PIR_right
1160_mPFF_POST_left,0,POST,left,1160,mPFF,0,FALSE,POST,HPF,1160_mPFF,POST_left
1160_mPFF_POST_right,34.464806,POST,right,1160,mPFF,34.464806,FALSE,POST,HPF,1160_mPFF,POST_right
1160_mPFF_PO_left,53.52286034,PO,left,1160,mPFF,53.52286034,FALSE,PO,TH,1160_mPFF,PO_left
1160_mPFF_PO_right,42.59910917,PO,right,1160,mPFF,42.59910917,FALSE,PO,TH,1160_mPFF,PO_right
1160_mPFF_PPN_left,0,PPN,left,1160,mPFF,0,FALSE,PPN,MB,1160_mPFF,PPN_left
1160_mPFF_PPN_right,0,PPN,right,1160,mPFF,0,FALSE,PPN,MB,1160_mPFF,PPN_right
1160_mPFF_PRE_left,10.64703055,PRE,left,1160,mPFF,10.64703055,FALSE,PRE,HPF,1160_mPFF,PRE_left
1160_mPFF_PRE_right,10.47173095,PRE,right,1160,mPFF,10.47173095,FALSE,PRE,HPF,1160_mPFF,PRE_right
1160_mPFF_PRNr_left,1.494495105,PRNr,left,1160,mPFF,1.494495105,FALSE,PRNr,P,1160_mPFF,PRNr_left
1160_mPFF_PRNr_right,1.819029626,PRNr,right,1160,mPFF,1.819029626,FALSE,PRNr,P,1160_mPFF,PRNr_right
1160_mPFF_PR_left,0,PR,left,1160,mPFF,0,FALSE,PR,TH,1160_mPFF,PR_left
1160_mPFF_PR_right,0,PR,right,1160,mPFF,0,FALSE,PR,TH,1160_mPFF,PR_right
1160_mPFF_PSTN_left,0,PSTN,left,1160,mPFF,0,FALSE,PSTN,HY,1160_mPFF,PSTN_left
1160_mPFF_PST_left,0,PST,left,1160,mPFF,0,FALSE,PST,HY,1160_mPFF,PST_left
1160_mPFF_PST_right,16.51268526,PST,right,1160,mPFF,16.51268526,FALSE,PST,HY,1160_mPFF,PST_right
1160_mPFF_PVT_left,0,PVT,left,1160,mPFF,0,FALSE,PVT,TH,1160_mPFF,PVT_left
1160_mPFF_PVT_right,3.730899599,PVT,right,1160,mPFF,3.730899599,FALSE,PVT,TH,1160_mPFF,PVT_right
1160_mPFF_PVZ_left,0,PVZ,left,1160,mPFF,0,FALSE,PVZ,HY,1160_mPFF,PVZ_left
1160_mPFF_PVZ_right,0,PVZ,right,1160,mPFF,0,FALSE,PVZ,HY,1160_mPFF,PVZ_right
1160_mPFF_P_left,0,P,left,1160,mPFF,0,FALSE,P,P,1160_mPFF,P_left
1160_mPFF_P_right,0,P,right,1160,mPFF,0,FALSE,P,P,1160_mPFF,P_right
1160_mPFF_Pa4_left,0,Pa4,left,1160,mPFF,0,FALSE,Pa4,MB,1160_mPFF,Pa4_left
1160_mPFF_Pa4_right,0,Pa4,right,1160,mPFF,0,FALSE,Pa4,MB,1160_mPFF,Pa4_right
1160_mPFF_ProS_right,19.73917297,ProS,right,1160,mPFF,19.73917297,FALSE,ProS,HPF,1160_mPFF,ProS_right
1160_mPFF_RE_left,0,RE,left,1160,mPFF,0,FALSE,RE,TH,1160_mPFF,RE_left
1160_mPFF_RE_right,0,RE,right,1160,mPFF,0,FALSE,RE,TH,1160_mPFF,RE_right
1160_mPFF_RH_left,0,RH,left,1160,mPFF,0,FALSE,RH,TH,1160_mPFF,RH_left
1160_mPFF_RH_right,0,RH,right,1160,mPFF,0,FALSE,RH,TH,1160_mPFF,RH_right
1160_mPFF_RSPagl_left,18.11708861,RSPagl,left,1160,mPFF,18.11708861,FALSE,RSP,Isocortex,1160_mPFF,RSPagl_left
1160_mPFF_RSPagl_right,39.74931884,RSPagl,right,1160,mPFF,39.74931884,FALSE,RSP,Isocortex,1160_mPFF,RSPagl_right
1160_mPFF_RSPd_left,22.29017975,RSPd,left,1160,mPFF,22.29017975,FALSE,RSP,Isocortex,1160_mPFF,RSPd_left
1160_mPFF_RSPd_right,14.1111796,RSPd,right,1160,mPFF,14.1111796,FALSE,RSP,Isocortex,1160_mPFF,RSPd_right
1160_mPFF_RSPv_left,27.70390097,RSPv,left,1160,mPFF,27.70390097,FALSE,RSP,Isocortex,1160_mPFF,RSPv_left
1160_mPFF_RSPv_right,25.16483864,RSPv,right,1160,mPFF,25.16483864,FALSE,RSP,Isocortex,1160_mPFF,RSPv_right
1160_mPFF_RT_left,19.13810462,RT,left,1160,mPFF,19.13810462,FALSE,RT,TH,1160_mPFF,RT_left
1160_mPFF_RT_right,36.69162566,RT,right,1160,mPFF,36.69162566,FALSE,RT,TH,1160_mPFF,RT_right
1160_mPFF_SAG_left,0,SAG,left,1160,mPFF,0,FALSE,SAG,MB,1160_mPFF,SAG_left
1160_mPFF_SAG_right,0,SAG,right,1160,mPFF,0,FALSE,SAG,MB,1160_mPFF,SAG_right
1160_mPFF_SCm_left,0.59905543,SCm,left,1160,mPFF,0.59905543,FALSE,MBmot,MB,1160_mPFF,SCm_left
1160_mPFF_SCm_right,3.865061674,SCm,right,1160,mPFF,3.865061674,FALSE,MBmot,MB,1160_mPFF,SCm_right
1160_mPFF_SCs_left,0,SCs,left,1160,mPFF,0,FALSE,MBsen,MB,1160_mPFF,SCs_left
1160_mPFF_SCs_right,2.57080138,SCs,right,1160,mPFF,2.57080138,FALSE,MBsen,MB,1160_mPFF,SCs_right
1160_mPFF_SI_right,0,SI,right,1160,mPFF,0,FALSE,SI,PAL,1160_mPFF,SI_right
1160_mPFF_SMT_left,0,SMT,left,1160,mPFF,0,FALSE,SMT,TH,1160_mPFF,SMT_left
1160_mPFF_SMT_right,0,SMT,right,1160,mPFF,0,FALSE,SMT,TH,1160_mPFF,SMT_right
1160_mPFF_SSp-bfd_left,38.40095269,SSp-bfd,left,1160,mPFF,38.40095269,FALSE,SSp,Isocortex,1160_mPFF,SSp-bfd_left
1160_mPFF_SSp-bfd_right,32.40475783,SSp-bfd,right,1160,mPFF,32.40475783,FALSE,SSp,Isocortex,1160_mPFF,SSp-bfd_right
1160_mPFF_SSp-tr_right,0,SSp-tr,right,1160,mPFF,0,FALSE,SSp,Isocortex,1160_mPFF,SSp-tr_right
1160_mPFF_SSs_left,30.05768967,SSs,left,1160,mPFF,30.05768967,FALSE,SSs,Isocortex,1160_mPFF,SSs_left
1160_mPFF_SSs_right,23.46129859,SSs,right,1160,mPFF,23.46129859,FALSE,SSs,Isocortex,1160_mPFF,SSs_right
1160_mPFF_STN_left,0,STN,left,1160,mPFF,0,FALSE,STN,HY,1160_mPFF,STN_left
1160_mPFF_STN_right,6.06588438,STN,right,1160,mPFF,6.06588438,FALSE,STN,HY,1160_mPFF,STN_right
1160_mPFF_STR_left,26.72186752,STR,left,1160,mPFF,26.72186752,FALSE,STR,STR,1160_mPFF,STR_left
1160_mPFF_STR_right,30.80643061,STR,right,1160,mPFF,30.80643061,FALSE,STR,STR,1160_mPFF,STR_right
1160_mPFF_SUB_left,5.548209101,SUB,left,1160,mPFF,5.548209101,FALSE,SUB,HPF,1160_mPFF,SUB_left
1160_mPFF_SUB_right,21.22322257,SUB,right,1160,mPFF,21.22322257,FALSE,SUB,HPF,1160_mPFF,SUB_right
1160_mPFF_Su3_left,0,Su3,left,1160,mPFF,0,FALSE,Su3,MB,1160_mPFF,Su3_left
1160_mPFF_Su3_right,0,Su3,right,1160,mPFF,0,FALSE,Su3,MB,1160_mPFF,Su3_right
1160_mPFF_TEa_left,15.29310541,TEa,left,1160,mPFF,15.29310541,FALSE,TEa,Isocortex,1160_mPFF,TEa_left
1160_mPFF_TEa_right,20.75636746,TEa,right,1160,mPFF,20.75636746,FALSE,TEa,Isocortex,1160_mPFF,TEa_right
1160_mPFF_TH_left,0,TH,left,1160,mPFF,0,FALSE,TH,TH,1160_mPFF,TH_left
1160_mPFF_TH_right,9.067542761,TH,right,1160,mPFF,9.067542761,FALSE,TH,TH,1160_mPFF,TH_right
1160_mPFF_TRN_left,0,TRN,left,1160,mPFF,0,FALSE,TRN,P,1160_mPFF,TRN_left
1160_mPFF_TRN_right,4.724304432,TRN,right,1160,mPFF,4.724304432,FALSE,TRN,P,1160_mPFF,TRN_right
1160_mPFF_TR_right,0,TR,right,1160,mPFF,0,FALSE,TR,OLF,1160_mPFF,TR_right
1160_mPFF_TU_left,0,TU,left,1160,mPFF,0,FALSE,TU,HY,1160_mPFF,TU_left
1160_mPFF_TU_right,1.748948148,TU,right,1160,mPFF,1.748948148,FALSE,TU,HY,1160_mPFF,TU_right
1160_mPFF_V3_left,0,V3,left,1160,mPFF,0,TRUE,V3,VS,1160_mPFF,V3_left
1160_mPFF_V3_right,0,V3,right,1160,mPFF,0,TRUE,V3,VS,1160_mPFF,V3_right
1160_mPFF_VAL_left,0,VAL,left,1160,mPFF,0,FALSE,VAL,TH,1160_mPFF,VAL_left
1160_mPFF_VAL_right,9.77906491,VAL,right,1160,mPFF,9.77906491,FALSE,VAL,TH,1160_mPFF,VAL_right
1160_mPFF_VISC_left,0,VISC,left,1160,mPFF,0,FALSE,VISC,Isocortex,1160_mPFF,VISC_left
1160_mPFF_VISC_right,2.427323208,VISC,right,1160,mPFF,2.427323208,FALSE,VISC,Isocortex,1160_mPFF,VISC_right
1160_mPFF_VISa_left,25.46964525,VISa,left,1160,mPFF,25.46964525,FALSE,VISa,Isocortex,1160_mPFF,VISa_left
1160_mPFF_VISa_right,13.92311818,VISa,right,1160,mPFF,13.92311818,FALSE,VISa,Isocortex,1160_mPFF,VISa_right
1160_mPFF_VISam_left,5.446636011,VISam,left,1160,mPFF,5.446636011,FALSE,VISam,Isocortex,1160_mPFF,VISam_left
1160_mPFF_VISam_right,10.60615447,VISam,right,1160,mPFF,10.60615447,FALSE,VISam,Isocortex,1160_mPFF,VISam_right
1160_mPFF_VISl_left,104.7947632,VISl,left,1160,mPFF,104.7947632,FALSE,VISl,Isocortex,1160_mPFF,VISl_left
1160_mPFF_VISl_right,27.44522695,VISl,right,1160,mPFF,27.44522695,FALSE,VISl,Isocortex,1160_mPFF,VISl_right
1160_mPFF_VISli_right,16.43123465,VISli,right,1160,mPFF,16.43123465,FALSE,VISli,Isocortex,1160_mPFF,VISli_right
1160_mPFF_VISp_left,33.70975339,VISp,left,1160,mPFF,33.70975339,FALSE,VISp,Isocortex,1160_mPFF,VISp_left
1160_mPFF_VISp_right,30.77253065,VISp,right,1160,mPFF,30.77253065,FALSE,VISp,Isocortex,1160_mPFF,VISp_right
1160_mPFF_VISpl_left,24.41873313,VISpl,left,1160,mPFF,24.41873313,FALSE,VISpl,Isocortex,1160_mPFF,VISpl_left
1160_mPFF_VISpl_right,57.4258396,VISpl,right,1160,mPFF,57.4258396,FALSE,VISpl,Isocortex,1160_mPFF,VISpl_right
1160_mPFF_VISpor_left,21.37110237,VISpor,left,1160,mPFF,21.37110237,FALSE,VISpor,Isocortex,1160_mPFF,VISpor_left
1160_mPFF_VISpor_right,31.38364815,VISpor,right,1160,mPFF,31.38364815,FALSE,VISpor,Isocortex,1160_mPFF,VISpor_right
1160_mPFF_VISrl_left,18.65679979,VISrl,left,1160,mPFF,18.65679979,FALSE,VISrl,Isocortex,1160_mPFF,VISrl_left
1160_mPFF_VISrl_right,15.52970884,VISrl,right,1160,mPFF,15.52970884,FALSE,VISrl,Isocortex,1160_mPFF,VISrl_right
1160_mPFF_VL_left,0,VL,left,1160,mPFF,0,TRUE,VL,VS,1160_mPFF,VL_left
1160_mPFF_VL_right,0,VL,right,1160,mPFF,0,TRUE,VL,VS,1160_mPFF,VL_right
1160_mPFF_VMH_left,3.762383984,VMH,left,1160,mPFF,3.762383984,FALSE,VMH,HY,1160_mPFF,VMH_left
1160_mPFF_VMH_right,4.677815024,VMH,right,1160,mPFF,4.677815024,FALSE,VMH,HY,1160_mPFF,VMH_right
1160_mPFF_VM_left,3.699937777,VM,left,1160,mPFF,3.699937777,FALSE,VM,TH,1160_mPFF,VM_left
1160_mPFF_VM_right,12.09061761,VM,right,1160,mPFF,12.09061761,FALSE,VM,TH,1160_mPFF,VM_right
1160_mPFF_VPL_left,51.89287706,VPL,left,1160,mPFF,51.89287706,FALSE,VPL,TH,1160_mPFF,VPL_left
1160_mPFF_VPL_right,32.38998049,VPL,right,1160,mPFF,32.38998049,FALSE,VPL,TH,1160_mPFF,VPL_right
1160_mPFF_VPM_left,23.65588258,VPM,left,1160,mPFF,23.65588258,FALSE,VPM,TH,1160_mPFF,VPM_left
1160_mPFF_VPM_right,24.09492631,VPM,right,1160,mPFF,24.09492631,FALSE,VPM,TH,1160_mPFF,VPM_right
1160_mPFF_VP_left,9.33701575,VP,left,1160,mPFF,9.33701575,FALSE,VP,TH,1160_mPFF,VP_left
1160_mPFF_VP_right,0,VP,right,1160,mPFF,0,FALSE,VP,TH,1160_mPFF,VP_right
1160_mPFF_Xi_left,0,Xi,left,1160,mPFF,0,FALSE,Xi,TH,1160_mPFF,Xi_left
1160_mPFF_Xi_right,0,Xi,right,1160,mPFF,0,FALSE,Xi,TH,1160_mPFF,Xi_right
1160_mPFF_ZI_left,3.605108666,ZI,left,1160,mPFF,3.605108666,FALSE,ZI,HY,1160_mPFF,ZI_left
1160_mPFF_ZI_right,0,ZI,right,1160,mPFF,0,FALSE,ZI,HY,1160_mPFF,ZI_right
1160_mPFF_alv_left,4.245759465,alv,left,1160,mPFF,4.245759465,TRUE,alv,fiber tracts,1160_mPFF,alv_left
1160_mPFF_alv_right,8.279015815,alv,right,1160,mPFF,8.279015815,TRUE,alv,fiber tracts,1160_mPFF,alv_right
1160_mPFF_amc_left,20.21006748,amc,left,1160,mPFF,20.21006748,TRUE,amc,fiber tracts,1160_mPFF,amc_left
1160_mPFF_amc_right,10.74319282,amc,right,1160,mPFF,10.74319282,TRUE,amc,fiber tracts,1160_mPFF,amc_right
1160_mPFF_ar_left,10.83018224,ar,left,1160,mPFF,10.83018224,TRUE,ar,fiber tracts,1160_mPFF,ar_left
1160_mPFF_ar_right,0,ar,right,1160,mPFF,0,TRUE,ar,fiber tracts,1160_mPFF,ar_right
1160_mPFF_bic_left,0,bic,left,1160,mPFF,0,TRUE,bic,fiber tracts,1160_mPFF,bic_left
1160_mPFF_bic_right,0,bic,right,1160,mPFF,0,TRUE,bic,fiber tracts,1160_mPFF,bic_right
1160_mPFF_cc_left,34.96154812,cc,left,1160,mPFF,34.96154812,TRUE,cc,fiber tracts,1160_mPFF,cc_left
1160_mPFF_cc_right,9.032120198,cc,right,1160,mPFF,9.032120198,TRUE,cc,fiber tracts,1160_mPFF,cc_right
1160_mPFF_chpl_left,0,chpl,left,1160,mPFF,0,TRUE,chpl,VS,1160_mPFF,chpl_left
1160_mPFF_chpl_right,0,chpl,right,1160,mPFF,0,TRUE,chpl,VS,1160_mPFF,chpl_right
1160_mPFF_cing_left,23.81246226,cing,left,1160,mPFF,23.81246226,TRUE,cing,fiber tracts,1160_mPFF,cing_left
1160_mPFF_cing_right,26.2574187,cing,right,1160,mPFF,26.2574187,TRUE,cing,fiber tracts,1160_mPFF,cing_right
1160_mPFF_cst_left,0,cst,left,1160,mPFF,0,TRUE,cst,fiber tracts,1160_mPFF,cst_left
1160_mPFF_cst_right,0,cst,right,1160,mPFF,0,TRUE,cst,fiber tracts,1160_mPFF,cst_right
1160_mPFF_dhc_left,22.69233164,dhc,left,1160,mPFF,22.69233164,TRUE,dhc,fiber tracts,1160_mPFF,dhc_left
1160_mPFF_dhc_right,40.38553992,dhc,right,1160,mPFF,40.38553992,TRUE,dhc,fiber tracts,1160_mPFF,dhc_right
1160_mPFF_dscp_left,0,dscp,left,1160,mPFF,0,TRUE,dscp,fiber tracts,1160_mPFF,dscp_left
1160_mPFF_dscp_right,0,dscp,right,1160,mPFF,0,TRUE,dscp,fiber tracts,1160_mPFF,dscp_right
1160_mPFF_ec_left,27.55918293,ec,left,1160,mPFF,27.55918293,TRUE,ec,fiber tracts,1160_mPFF,ec_left
1160_mPFF_ec_right,27.14785184,ec,right,1160,mPFF,27.14785184,TRUE,ec,fiber tracts,1160_mPFF,ec_right
1160_mPFF_em_left,28.4204074,em,left,1160,mPFF,28.4204074,TRUE,em,fiber tracts,1160_mPFF,em_left
1160_mPFF_em_right,50.4727361,em,right,1160,mPFF,50.4727361,TRUE,em,fiber tracts,1160_mPFF,em_right
1160_mPFF_fi_left,19.4946153,fi,left,1160,mPFF,19.4946153,TRUE,fi,fiber tracts,1160_mPFF,fi_left
1160_mPFF_fi_right,10.90945781,fi,right,1160,mPFF,10.90945781,TRUE,fi,fiber tracts,1160_mPFF,fi_right
1160_mPFF_fiber tracts_left,4.431865398,fiber tracts,left,1160,mPFF,4.431865398,TRUE,fiber tracts,fiber tracts,1160_mPFF,fiber tracts_left
1160_mPFF_fiber tracts_right,0,fiber tracts,right,1160,mPFF,0,TRUE,fiber tracts,fiber tracts,1160_mPFF,fiber tracts_right
1160_mPFF_fr_left,9.09882657,fr,left,1160,mPFF,9.09882657,TRUE,fr,fiber tracts,1160_mPFF,fr_left
1160_mPFF_fr_right,0,fr,right,1160,mPFF,0,TRUE,fr,fiber tracts,1160_mPFF,fr_right
1160_mPFF_fx_left,0,fx,left,1160,mPFF,0,TRUE,fx,fiber tracts,1160_mPFF,fx_left
1160_mPFF_fx_right,0,fx,right,1160,mPFF,0,TRUE,fx,fiber tracts,1160_mPFF,fx_right
1160_mPFF_hbc_left,25.4767144,hbc,left,1160,mPFF,25.4767144,TRUE,hbc,fiber tracts,1160_mPFF,hbc_left
1160_mPFF_hbc_right,0,hbc,right,1160,mPFF,0,TRUE,hbc,fiber tracts,1160_mPFF,hbc_right
1160_mPFF_int_left,1.781494685,int,left,1160,mPFF,1.781494685,TRUE,int,fiber tracts,1160_mPFF,int_left
1160_mPFF_int_right,7.120910661,int,right,1160,mPFF,7.120910661,TRUE,int,fiber tracts,1160_mPFF,int_right
1160_mPFF_ll_left,0,ll,left,1160,mPFF,0,TRUE,ll,fiber tracts,1160_mPFF,ll_left
1160_mPFF_ll_right,0,ll,right,1160,mPFF,0,TRUE,ll,fiber tracts,1160_mPFF,ll_right
1160_mPFF_mcp_left,0,mcp,left,1160,mPFF,0,TRUE,mcp,fiber tracts,1160_mPFF,mcp_left
1160_mPFF_mcp_right,0,mcp,right,1160,mPFF,0,TRUE,mcp,fiber tracts,1160_mPFF,mcp_right
1160_mPFF_ml_left,0,ml,left,1160,mPFF,0,TRUE,ml,fiber tracts,1160_mPFF,ml_left
1160_mPFF_ml_right,0,ml,right,1160,mPFF,0,TRUE,ml,fiber tracts,1160_mPFF,ml_right
1160_mPFF_mlf_left,0,mlf,left,1160,mPFF,0,TRUE,mlf,fiber tracts,1160_mPFF,mlf_left
1160_mPFF_mlf_right,0,mlf,right,1160,mPFF,0,TRUE,mlf,fiber tracts,1160_mPFF,mlf_right
1160_mPFF_moV_left,0,moV,left,1160,mPFF,0,TRUE,moV,fiber tracts,1160_mPFF,moV_left
1160_mPFF_moV_right,0,moV,right,1160,mPFF,0,TRUE,moV,fiber tracts,1160_mPFF,moV_right
1160_mPFF_mtg_left,0,mtg,left,1160,mPFF,0,TRUE,mtg,fiber tracts,1160_mPFF,mtg_left
1160_mPFF_mtg_right,0,mtg,right,1160,mPFF,0,TRUE,mtg,fiber tracts,1160_mPFF,mtg_right
1160_mPFF_mtt_left,0,mtt,left,1160,mPFF,0,TRUE,mtt,fiber tracts,1160_mPFF,mtt_left
1160_mPFF_mtt_right,0,mtt,right,1160,mPFF,0,TRUE,mtt,fiber tracts,1160_mPFF,mtt_right
1160_mPFF_nst_left,0,nst,left,1160,mPFF,0,TRUE,nst,fiber tracts,1160_mPFF,nst_left
1160_mPFF_nst_right,0,nst,right,1160,mPFF,0,TRUE,nst,fiber tracts,1160_mPFF,nst_right
1160_mPFF_opt_left,5.06639207,opt,left,1160,mPFF,5.06639207,TRUE,opt,fiber tracts,1160_mPFF,opt_left
1160_mPFF_opt_right,4.749102019,opt,right,1160,mPFF,4.749102019,TRUE,opt,fiber tracts,1160_mPFF,opt_right
1160_mPFF_or_left,14.05642857,or,left,1160,mPFF,14.05642857,TRUE,or,fiber tracts,1160_mPFF,or_left
1160_mPFF_or_right,8.169135414,or,right,1160,mPFF,8.169135414,TRUE,or,fiber tracts,1160_mPFF,or_right
1160_mPFF_rust_left,16.20858919,rust,left,1160,mPFF,16.20858919,TRUE,rust,fiber tracts,1160_mPFF,rust_left
1160_mPFF_rust_right,0,rust,right,1160,mPFF,0,TRUE,rust,fiber tracts,1160_mPFF,rust_right
1160_mPFF_sV_left,0,sV,left,1160,mPFF,0,TRUE,sV,fiber tracts,1160_mPFF,sV_left
1160_mPFF_scp_left,0,scp,left,1160,mPFF,0,TRUE,scp,fiber tracts,1160_mPFF,scp_left
1160_mPFF_scwm_left,0,scwm,left,1160,mPFF,0,TRUE,scwm,fiber tracts,1160_mPFF,scwm_left
1160_mPFF_scwm_right,5.094974997,scwm,right,1160,mPFF,5.094974997,TRUE,scwm,fiber tracts,1160_mPFF,scwm_right
1160_mPFF_st_left,32.60255911,st,left,1160,mPFF,32.60255911,TRUE,st,fiber tracts,1160_mPFF,st_left
1160_mPFF_st_right,54.33770887,st,right,1160,mPFF,54.33770887,TRUE,st,fiber tracts,1160_mPFF,st_right
1160_mPFF_stc_left,0,stc,left,1160,mPFF,0,TRUE,stc,fiber tracts,1160_mPFF,stc_left
1160_mPFF_stc_right,28.4204074,stc,right,1160,mPFF,28.4204074,TRUE,stc,fiber tracts,1160_mPFF,stc_right
1160_mPFF_sup_left,0,sup,left,1160,mPFF,0,TRUE,sup,fiber tracts,1160_mPFF,sup_left
1160_mPFF_sup_right,0,sup,right,1160,mPFF,0,TRUE,sup,fiber tracts,1160_mPFF,sup_right
1160_mPFF_tspc_left,0,tspc,left,1160,mPFF,0,TRUE,tspc,fiber tracts,1160_mPFF,tspc_left
1160_mPFF_tspc_right,0,tspc,right,1160,mPFF,0,TRUE,tspc,fiber tracts,1160_mPFF,tspc_right
1165_mPFF_ACAd_left,23.38380986,ACAd,left,1165,mPFF,23.38380986,FALSE,ACA,Isocortex,1165_mPFF,ACAd_left
1165_mPFF_ACAd_right,13.37332659,ACAd,right,1165,mPFF,13.37332659,FALSE,ACA,Isocortex,1165_mPFF,ACAd_right
1165_mPFF_ACAv_left,15.31998066,ACAv,left,1165,mPFF,15.31998066,FALSE,ACA,Isocortex,1165_mPFF,ACAv_left
1165_mPFF_ACAv_right,17.9161635,ACAv,right,1165,mPFF,17.9161635,FALSE,ACA,Isocortex,1165_mPFF,ACAv_right
1165_mPFF_ACB_left,3.932907864,ACB,left,1165,mPFF,3.932907864,FALSE,ACB,STR,1165_mPFF,ACB_left
1165_mPFF_ACB_right,4.96458918,ACB,right,1165,mPFF,4.96458918,FALSE,ACB,STR,1165_mPFF,ACB_right
1165_mPFF_AId_left,17.54324464,AId,left,1165,mPFF,17.54324464,FALSE,AI,Isocortex,1165_mPFF,AId_left
1165_mPFF_AId_right,9.379587782,AId,right,1165,mPFF,9.379587782,FALSE,AI,Isocortex,1165_mPFF,AId_right
1165_mPFF_AIp_left,28.63363314,AIp,left,1165,mPFF,28.63363314,FALSE,AI,Isocortex,1165_mPFF,AIp_left
1165_mPFF_AIp_right,24.09077247,AIp,right,1165,mPFF,24.09077247,FALSE,AI,Isocortex,1165_mPFF,AIp_right
1165_mPFF_AIv_left,30.20124124,AIv,left,1165,mPFF,30.20124124,FALSE,AI,Isocortex,1165_mPFF,AIv_left
1165_mPFF_AIv_right,22.66180063,AIv,right,1165,mPFF,22.66180063,FALSE,AI,Isocortex,1165_mPFF,AIv_right
1165_mPFF_APr_left,19.12572313,APr,left,1165,mPFF,19.12572313,FALSE,APr,HPF,1165_mPFF,APr_left
1165_mPFF_APr_right,16.35187742,APr,right,1165,mPFF,16.35187742,FALSE,APr,HPF,1165_mPFF,APr_right
1165_mPFF_AQ_left,0,AQ,left,1165,mPFF,0,TRUE,AQ,VS,1165_mPFF,AQ_left
1165_mPFF_AQ_right,21.04708902,AQ,right,1165,mPFF,21.04708902,TRUE,AQ,VS,1165_mPFF,AQ_right
1165_mPFF_ARH_left,0,ARH,left,1165,mPFF,0,FALSE,ARH,HY,1165_mPFF,ARH_left
1165_mPFF_ARH_right,4.131878268,ARH,right,1165,mPFF,4.131878268,FALSE,ARH,HY,1165_mPFF,ARH_right
1165_mPFF_AT_left,0,AT,left,1165,mPFF,0,FALSE,AT,MB,1165_mPFF,AT_left
1165_mPFF_AT_right,0,AT,right,1165,mPFF,0,FALSE,AT,MB,1165_mPFF,AT_right
1165_mPFF_AUDd_left,38.6802717,AUDd,left,1165,mPFF,38.6802717,FALSE,AUDd,Isocortex,1165_mPFF,AUDd_left
1165_mPFF_AUDd_right,43.30036873,AUDd,right,1165,mPFF,43.30036873,FALSE,AUDd,Isocortex,1165_mPFF,AUDd_right
1165_mPFF_AUDp_right,40.9389449,AUDp,right,1165,mPFF,40.9389449,FALSE,AUDp,Isocortex,1165_mPFF,AUDp_right
1165_mPFF_AUDv_left,22.11497704,AUDv,left,1165,mPFF,22.11497704,FALSE,AUDv,Isocortex,1165_mPFF,AUDv_left
1165_mPFF_AUDv_right,18.88437064,AUDv,right,1165,mPFF,18.88437064,FALSE,AUDv,Isocortex,1165_mPFF,AUDv_right
1165_mPFF_BLA_left,20.38544166,BLA,left,1165,mPFF,20.38544166,FALSE,BLA,CTXsp,1165_mPFF,BLA_left
1165_mPFF_BLA_right,12.61992629,BLA,right,1165,mPFF,12.61992629,FALSE,BLA,CTXsp,1165_mPFF,BLA_right
1165_mPFF_BMA_left,36.4681661,BMA,left,1165,mPFF,36.4681661,FALSE,BMA,CTXsp,1165_mPFF,BMA_left
1165_mPFF_BMA_right,31.46994077,BMA,right,1165,mPFF,31.46994077,FALSE,BMA,CTXsp,1165_mPFF,BMA_right
1165_mPFF_CA1_left,22.15345722,CA1,left,1165,mPFF,22.15345722,FALSE,CA1,HPF,1165_mPFF,CA1_left
1165_mPFF_CA1_right,20.34300385,CA1,right,1165,mPFF,20.34300385,FALSE,CA1,HPF,1165_mPFF,CA1_right
1165_mPFF_CA2_left,20.42101375,CA2,left,1165,mPFF,20.42101375,FALSE,CA2,HPF,1165_mPFF,CA2_left
1165_mPFF_CA2_right,0,CA2,right,1165,mPFF,0,FALSE,CA2,HPF,1165_mPFF,CA2_right
1165_mPFF_CA3_left,18.27763021,CA3,left,1165,mPFF,18.27763021,FALSE,CA3,HPF,1165_mPFF,CA3_left
1165_mPFF_CA3_right,8.843461866,CA3,right,1165,mPFF,8.843461866,FALSE,CA3,HPF,1165_mPFF,CA3_right
1165_mPFF_CB_left,0,CB,left,1165,mPFF,0,FALSE,CB,CB,1165_mPFF,CB_left
1165_mPFF_CB_right,0,CB,right,1165,mPFF,0,FALSE,CB,CB,1165_mPFF,CB_right
1165_mPFF_CEA_left,18.72770498,CEA,left,1165,mPFF,18.72770498,FALSE,CEA,STR,1165_mPFF,CEA_left
1165_mPFF_CEA_right,26.76548634,CEA,right,1165,mPFF,26.76548634,FALSE,CEA,STR,1165_mPFF,CEA_right
1165_mPFF_CLA_left,33.04631274,CLA,left,1165,mPFF,33.04631274,FALSE,CLA,CTXsp,1165_mPFF,CLA_left
1165_mPFF_CLA_right,21.17128665,CLA,right,1165,mPFF,21.17128665,FALSE,CLA,CTXsp,1165_mPFF,CLA_right
1165_mPFF_CLI_left,0,CLI,left,1165,mPFF,0,FALSE,CLI,MB,1165_mPFF,CLI_left
1165_mPFF_CLI_right,0,CLI,right,1165,mPFF,0,FALSE,CLI,MB,1165_mPFF,CLI_right
1165_mPFF_CL_left,6.482345965,CL,left,1165,mPFF,6.482345965,FALSE,CL,TH,1165_mPFF,CL_left
1165_mPFF_CL_right,6.400498165,CL,right,1165,mPFF,6.400498165,FALSE,CL,TH,1165_mPFF,CL_right
1165_mPFF_CM_left,24.98571094,CM,left,1165,mPFF,24.98571094,FALSE,CM,TH,1165_mPFF,CM_left
1165_mPFF_CM_right,8.633274105,CM,right,1165,mPFF,8.633274105,FALSE,CM,TH,1165_mPFF,CM_right
1165_mPFF_COA_left,22.60008296,COA,left,1165,mPFF,22.60008296,FALSE,COA,OLF,1165_mPFF,COA_left
1165_mPFF_COA_right,11.4195426,COA,right,1165,mPFF,11.4195426,FALSE,COA,OLF,1165_mPFF,COA_right
1165_mPFF_COAp_left,0,COAp,left,1165,mPFF,0,FALSE,COA,OLF,1165_mPFF,COAp_left
1165_mPFF_COAp_right,39.29608174,COAp,right,1165,mPFF,39.29608174,FALSE,COA,OLF,1165_mPFF,COAp_right
1165_mPFF_CP_left,3.933137777,CP,left,1165,mPFF,3.933137777,FALSE,CP,STR,1165_mPFF,CP_left
1165_mPFF_CP_right,3.020615817,CP,right,1165,mPFF,3.020615817,FALSE,CP,STR,1165_mPFF,CP_right
1165_mPFF_CS_left,0,CS,left,1165,mPFF,0,FALSE,CS,P,1165_mPFF,CS_left
1165_mPFF_CS_right,4.585385802,CS,right,1165,mPFF,4.585385802,FALSE,CS,P,1165_mPFF,CS_right
1165_mPFF_CTXsp_left,6.720839968,CTXsp,left,1165,mPFF,6.720839968,FALSE,CTXsp,CTXsp,1165_mPFF,CTXsp_left
1165_mPFF_CTXsp_right,21.91084612,CTXsp,right,1165,mPFF,21.91084612,FALSE,CTXsp,CTXsp,1165_mPFF,CTXsp_right
1165_mPFF_DG_left,2.833922812,DG,left,1165,mPFF,2.833922812,FALSE,DG,HPF,1165_mPFF,DG_left
1165_mPFF_DG_right,8.213490854,DG,right,1165,mPFF,8.213490854,FALSE,DG,HPF,1165_mPFF,DG_right
1165_mPFF_DMH_left,4.791107424,DMH,left,1165,mPFF,4.791107424,FALSE,DMH,HY,1165_mPFF,DMH_left
1165_mPFF_DMH_right,4.266998776,DMH,right,1165,mPFF,4.266998776,FALSE,DMH,HY,1165_mPFF,DMH_right
1165_mPFF_DR_left,0,DR,left,1165,mPFF,0,FALSE,DR,MB,1165_mPFF,DR_left
1165_mPFF_DR_right,0,DR,right,1165,mPFF,0,FALSE,DR,MB,1165_mPFF,DR_right
1165_mPFF_ECT_left,41.22688631,ECT,left,1165,mPFF,41.22688631,FALSE,ECT,Isocortex,1165_mPFF,ECT_left
1165_mPFF_ECT_right,14.79140267,ECT,right,1165,mPFF,14.79140267,FALSE,ECT,Isocortex,1165_mPFF,ECT_right
1165_mPFF_ENTl_left,8.652447514,ENTl,left,1165,mPFF,8.652447514,FALSE,ENT,HPF,1165_mPFF,ENTl_left
1165_mPFF_ENTl_right,12.71219964,ENTl,right,1165,mPFF,12.71219964,FALSE,ENT,HPF,1165_mPFF,ENTl_right
1165_mPFF_ENTm_left,31.70937253,ENTm,left,1165,mPFF,31.70937253,FALSE,ENT,HPF,1165_mPFF,ENTm_left
1165_mPFF_ENTm_right,14.37186196,ENTm,right,1165,mPFF,14.37186196,FALSE,ENT,HPF,1165_mPFF,ENTm_right
1165_mPFF_EP_left,16.40334884,EP,left,1165,mPFF,16.40334884,FALSE,EP,CTXsp,1165_mPFF,EP_left
1165_mPFF_EP_right,20.02987338,EP,right,1165,mPFF,20.02987338,FALSE,EP,CTXsp,1165_mPFF,EP_right
1165_mPFF_Eth_left,17.36025529,Eth,left,1165,mPFF,17.36025529,FALSE,Eth,TH,1165_mPFF,Eth_left
1165_mPFF_Eth_right,0,Eth,right,1165,mPFF,0,FALSE,Eth,TH,1165_mPFF,Eth_right
1165_mPFF_FC_left,0,FC,left,1165,mPFF,0,FALSE,FC,HPF,1165_mPFF,FC_left
1165_mPFF_FC_right,0,FC,right,1165,mPFF,0,FALSE,FC,HPF,1165_mPFF,FC_right
1165_mPFF_GU_left,16.62681982,GU,left,1165,mPFF,16.62681982,FALSE,GU,Isocortex,1165_mPFF,GU_left
1165_mPFF_GU_right,21.15362828,GU,right,1165,mPFF,21.15362828,FALSE,GU,Isocortex,1165_mPFF,GU_right
1165_mPFF_HATA_left,4.787200841,HATA,left,1165,mPFF,4.787200841,FALSE,HATA,HPF,1165_mPFF,HATA_left
1165_mPFF_HATA_right,0,HATA,right,1165,mPFF,0,FALSE,HATA,HPF,1165_mPFF,HATA_right
1165_mPFF_HPF_left,3.447456975,HPF,left,1165,mPFF,3.447456975,FALSE,HPF,HPF,1165_mPFF,HPF_left
1165_mPFF_HPF_right,0,HPF,right,1165,mPFF,0,FALSE,HPF,HPF,1165_mPFF,HPF_right
1165_mPFF_HY_left,2.018157916,HY,left,1165,mPFF,2.018157916,FALSE,HY,HY,1165_mPFF,HY_left
1165_mPFF_HY_right,0.759088731,HY,right,1165,mPFF,0.759088731,FALSE,HY,HY,1165_mPFF,HY_right
1165_mPFF_IA_left,0,IA,left,1165,mPFF,0,FALSE,IA,STR,1165_mPFF,IA_left
1165_mPFF_IA_right,42.24328788,IA,right,1165,mPFF,42.24328788,FALSE,IA,STR,1165_mPFF,IA_right
1165_mPFF_IC_left,11.08906635,IC,left,1165,mPFF,11.08906635,FALSE,IC,MB,1165_mPFF,IC_left
1165_mPFF_IC_right,11.91116713,IC,right,1165,mPFF,11.91116713,FALSE,IC,MB,1165_mPFF,IC_right
1165_mPFF_IG_left,0,IG,left,1165,mPFF,0,FALSE,IG,HPF,1165_mPFF,IG_left
1165_mPFF_IG_right,89.94879749,IG,right,1165,mPFF,89.94879749,FALSE,IG,HPF,1165_mPFF,IG_right
1165_mPFF_IIn_left,0,IIn,left,1165,mPFF,0,TRUE,IIn,fiber tracts,1165_mPFF,IIn_left
1165_mPFF_IIn_right,0,IIn,right,1165,mPFF,0,TRUE,IIn,fiber tracts,1165_mPFF,IIn_right
1165_mPFF_IMD_left,0,IMD,left,1165,mPFF,0,FALSE,IMD,TH,1165_mPFF,IMD_left
1165_mPFF_IMD_right,0,IMD,right,1165,mPFF,0,FALSE,IMD,TH,1165_mPFF,IMD_right
1165_mPFF_In_left,0,In,left,1165,mPFF,0,TRUE,In,fiber tracts,1165_mPFF,In_left
1165_mPFF_In_right,22.16342654,In,right,1165,mPFF,22.16342654,TRUE,In,fiber tracts,1165_mPFF,In_right
1165_mPFF_LA_left,29.75461266,LA,left,1165,mPFF,29.75461266,FALSE,LA,CTXsp,1165_mPFF,LA_left
1165_mPFF_LA_right,20.28030425,LA,right,1165,mPFF,20.28030425,FALSE,LA,CTXsp,1165_mPFF,LA_right
1165_mPFF_LGd_left,67.51956279,LGd,left,1165,mPFF,67.51956279,FALSE,LGd,TH,1165_mPFF,LGd_left
1165_mPFF_LGd_right,6.183366237,LGd,right,1165,mPFF,6.183366237,FALSE,LGd,TH,1165_mPFF,LGd_right
1165_mPFF_LGv_left,0,LGv,left,1165,mPFF,0,FALSE,LGv,TH,1165_mPFF,LGv_left
1165_mPFF_LGv_right,0,LGv,right,1165,mPFF,0,FALSE,LGv,TH,1165_mPFF,LGv_right
1165_mPFF_LHA_left,3.998444308,LHA,left,1165,mPFF,3.998444308,FALSE,LHA,HY,1165_mPFF,LHA_left
1165_mPFF_LHA_right,2.351921849,LHA,right,1165,mPFF,2.351921849,FALSE,LHA,HY,1165_mPFF,LHA_right
1165_mPFF_LH_left,2.249772701,LH,left,1165,mPFF,2.249772701,FALSE,LH,TH,1165_mPFF,LH_left
1165_mPFF_LH_right,2.458084988,LH,right,1165,mPFF,2.458084988,FALSE,LH,TH,1165_mPFF,LH_right
1165_mPFF_LP_left,20.5947049,LP,left,1165,mPFF,20.5947049,FALSE,LP,TH,1165_mPFF,LP_left
1165_mPFF_LP_right,16.43688495,LP,right,1165,mPFF,16.43688495,FALSE,LP,TH,1165_mPFF,LP_right
1165_mPFF_LS_left,15.45621322,LS,left,1165,mPFF,15.45621322,FALSE,LS,STR,1165_mPFF,LS_left
1165_mPFF_LS_right,13.0125246,LS,right,1165,mPFF,13.0125246,FALSE,LS,STR,1165_mPFF,LS_right
1165_mPFF_MB_left,3.310345404,MB,left,1165,mPFF,3.310345404,FALSE,MB,MB,1165_mPFF,MB_left
1165_mPFF_MB_right,2.506452963,MB,right,1165,mPFF,2.506452963,FALSE,MB,MB,1165_mPFF,MB_right
1165_mPFF_MD_left,12.6123088,MD,left,1165,mPFF,12.6123088,FALSE,MD,TH,1165_mPFF,MD_left
1165_mPFF_MD_right,10.1732979,MD,right,1165,mPFF,10.1732979,FALSE,MD,TH,1165_mPFF,MD_right
1165_mPFF_MEA_left,18.72818012,MEA,left,1165,mPFF,18.72818012,FALSE,MEA,STR,1165_mPFF,MEA_left
1165_mPFF_MEA_right,17.4753906,MEA,right,1165,mPFF,17.4753906,FALSE,MEA,STR,1165_mPFF,MEA_right
1165_mPFF_ME_left,0,ME,left,1165,mPFF,0,FALSE,ME,HY,1165_mPFF,ME_left
1165_mPFF_ME_right,0,ME,right,1165,mPFF,0,FALSE,ME,HY,1165_mPFF,ME_right
1165_mPFF_MH_left,0,MH,left,1165,mPFF,0,FALSE,MH,TH,1165_mPFF,MH_left
1165_mPFF_MH_right,0,MH,right,1165,mPFF,0,FALSE,MH,TH,1165_mPFF,MH_right
1165_mPFF_MOp_left,16.92992367,MOp,left,1165,mPFF,16.92992367,FALSE,MOp,Isocortex,1165_mPFF,MOp_left
1165_mPFF_MOp_right,34.61415427,MOp,right,1165,mPFF,34.61415427,FALSE,MOp,Isocortex,1165_mPFF,MOp_right
1165_mPFF_MOs_left,21.63269544,MOs,left,1165,mPFF,21.63269544,FALSE,MOs,Isocortex,1165_mPFF,MOs_left
1165_mPFF_MOs_right,24.16029711,MOs,right,1165,mPFF,24.16029711,FALSE,MOs,Isocortex,1165_mPFF,MOs_right
1165_mPFF_MRN_left,1.400222826,MRN,left,1165,mPFF,1.400222826,FALSE,MRN,MB,1165_mPFF,MRN_left
1165_mPFF_MRN_right,0.528818933,MRN,right,1165,mPFF,0.528818933,FALSE,MRN,MB,1165_mPFF,MRN_right
1165_mPFF_MS_left,16.95268066,MS,left,1165,mPFF,16.95268066,FALSE,MS,PAL,1165_mPFF,MS_left
1165_mPFF_MS_right,0,MS,right,1165,mPFF,0,FALSE,MS,PAL,1165_mPFF,MS_right
1165_mPFF_NDB_left,0,NDB,left,1165,mPFF,0,FALSE,NDB,PAL,1165_mPFF,NDB_left
1165_mPFF_NDB_right,0,NDB,right,1165,mPFF,0,FALSE,NDB,PAL,1165_mPFF,NDB_right
1165_mPFF_NLL_left,3.779729421,NLL,left,1165,mPFF,3.779729421,FALSE,NLL,P,1165_mPFF,NLL_left
1165_mPFF_NLL_right,13.40725353,NLL,right,1165,mPFF,13.40725353,FALSE,NLL,P,1165_mPFF,NLL_right
1165_mPFF_OLF_left,0,OLF,left,1165,mPFF,0,FALSE,OLF,OLF,1165_mPFF,OLF_left
1165_mPFF_OLF_right,26.82205725,OLF,right,1165,mPFF,26.82205725,FALSE,OLF,OLF,1165_mPFF,OLF_right
1165_mPFF_OT_left,4.257334063,OT,left,1165,mPFF,4.257334063,FALSE,OT,STR,1165_mPFF,OT_left
1165_mPFF_OT_right,0.866056727,OT,right,1165,mPFF,0.866056727,FALSE,OT,STR,1165_mPFF,OT_right
1165_mPFF_PAA_left,29.01197667,PAA,left,1165,mPFF,29.01197667,FALSE,PAA,OLF,1165_mPFF,PAA_left
1165_mPFF_PAA_right,14.89449938,PAA,right,1165,mPFF,14.89449938,FALSE,PAA,OLF,1165_mPFF,PAA_right
1165_mPFF_PAG_left,1.118240502,PAG,left,1165,mPFF,1.118240502,FALSE,PAG,MB,1165_mPFF,PAG_left
1165_mPFF_PAG_right,1.153751642,PAG,right,1165,mPFF,1.153751642,FALSE,PAG,MB,1165_mPFF,PAG_right
1165_mPFF_PAL_left,1.026975546,PAL,left,1165,mPFF,1.026975546,FALSE,PAL,PAL,1165_mPFF,PAL_left
1165_mPFF_PAL_right,5.803444263,PAL,right,1165,mPFF,5.803444263,FALSE,PAL,PAL,1165_mPFF,PAL_right
1165_mPFF_PALd_left,7.820068596,PALd,left,1165,mPFF,7.820068596,FALSE,PAL,PAL,1165_mPFF,PALd_left
1165_mPFF_PALd_right,0,PALd,right,1165,mPFF,0,FALSE,PAL,PAL,1165_mPFF,PALd_right
1165_mPFF_PAR_left,18.76121309,PAR,left,1165,mPFF,18.76121309,FALSE,PAR,HPF,1165_mPFF,PAR_left
1165_mPFF_PAR_right,21.33941597,PAR,right,1165,mPFF,21.33941597,FALSE,PAR,HPF,1165_mPFF,PAR_right
1165_mPFF_PBG_left,0,PBG,left,1165,mPFF,0,FALSE,PBG,MB,1165_mPFF,PBG_left
1165_mPFF_PBG_right,0,PBG,right,1165,mPFF,0,FALSE,PBG,MB,1165_mPFF,PBG_right
1165_mPFF_PCN_left,33.52118385,PCN,left,1165,mPFF,33.52118385,FALSE,PCN,TH,1165_mPFF,PCN_left
1165_mPFF_PCN_right,16.6120048,PCN,right,1165,mPFF,16.6120048,FALSE,PCN,TH,1165_mPFF,PCN_right
1165_mPFF_PERI_left,0,PERI,left,1165,mPFF,0,FALSE,PERI,Isocortex,1165_mPFF,PERI_left
1165_mPFF_PERI_right,42.86475471,PERI,right,1165,mPFF,42.86475471,FALSE,PERI,Isocortex,1165_mPFF,PERI_right
1165_mPFF_PG_left,8.60737571,PG,left,1165,mPFF,8.60737571,FALSE,PG,P,1165_mPFF,PG_left
1165_mPFF_PG_right,6.284253411,PG,right,1165,mPFF,6.284253411,FALSE,PG,P,1165_mPFF,PG_right
1165_mPFF_PIR_left,19.15262102,PIR,left,1165,mPFF,19.15262102,FALSE,PIR,OLF,1165_mPFF,PIR_left
1165_mPFF_PIR_right,26.73865294,PIR,right,1165,mPFF,26.73865294,FALSE,PIR,OLF,1165_mPFF,PIR_right
1165_mPFF_POST_left,30.18832436,POST,left,1165,mPFF,30.18832436,FALSE,POST,HPF,1165_mPFF,POST_left
1165_mPFF_POST_right,29.69881373,POST,right,1165,mPFF,29.69881373,FALSE,POST,HPF,1165_mPFF,POST_right
1165_mPFF_PO_left,39.96372718,PO,left,1165,mPFF,39.96372718,FALSE,PO,TH,1165_mPFF,PO_left
1165_mPFF_PO_right,40.3667184,PO,right,1165,mPFF,40.3667184,FALSE,PO,TH,1165_mPFF,PO_right
1165_mPFF_PPN_left,3.5637937,PPN,left,1165,mPFF,3.5637937,FALSE,PPN,MB,1165_mPFF,PPN_left
1165_mPFF_PPN_right,0,PPN,right,1165,mPFF,0,FALSE,PPN,MB,1165_mPFF,PPN_right
1165_mPFF_PRE_left,22.79998666,PRE,left,1165,mPFF,22.79998666,FALSE,PRE,HPF,1165_mPFF,PRE_left
1165_mPFF_PRE_right,31.7565927,PRE,right,1165,mPFF,31.7565927,FALSE,PRE,HPF,1165_mPFF,PRE_right
1165_mPFF_PRNr_left,5.444300096,PRNr,left,1165,mPFF,5.444300096,FALSE,PRNr,P,1165_mPFF,PRNr_left
1165_mPFF_PRNr_right,1.478540373,PRNr,right,1165,mPFF,1.478540373,FALSE,PRNr,P,1165_mPFF,PRNr_right
1165_mPFF_PR_left,0,PR,left,1165,mPFF,0,FALSE,PR,TH,1165_mPFF,PR_left
1165_mPFF_PR_right,0,PR,right,1165,mPFF,0,FALSE,PR,TH,1165_mPFF,PR_right
1165_mPFF_PST_right,0,PST,right,1165,mPFF,0,FALSE,PST,HY,1165_mPFF,PST_right
1165_mPFF_PVT_left,0,PVT,left,1165,mPFF,0,FALSE,PVT,TH,1165_mPFF,PVT_left
1165_mPFF_PVT_right,0,PVT,right,1165,mPFF,0,FALSE,PVT,TH,1165_mPFF,PVT_right
1165_mPFF_PVZ_left,0,PVZ,left,1165,mPFF,0,FALSE,PVZ,HY,1165_mPFF,PVZ_left
1165_mPFF_PVZ_right,0,PVZ,right,1165,mPFF,0,FALSE,PVZ,HY,1165_mPFF,PVZ_right
1165_mPFF_P_left,3.66266193,P,left,1165,mPFF,3.66266193,FALSE,P,P,1165_mPFF,P_left
1165_mPFF_P_right,8.955213902,P,right,1165,mPFF,8.955213902,FALSE,P,P,1165_mPFF,P_right
1165_mPFF_Pa4_left,0,Pa4,left,1165,mPFF,0,FALSE,Pa4,MB,1165_mPFF,Pa4_left
1165_mPFF_Pa4_right,0,Pa4,right,1165,mPFF,0,FALSE,Pa4,MB,1165_mPFF,Pa4_right
1165_mPFF_PeF_left,0,PeF,left,1165,mPFF,0,FALSE,PeF,HY,1165_mPFF,PeF_left
1165_mPFF_PeF_right,0,PeF,right,1165,mPFF,0,FALSE,PeF,HY,1165_mPFF,PeF_right
1165_mPFF_RE_left,9.900770595,RE,left,1165,mPFF,9.900770595,FALSE,RE,TH,1165_mPFF,RE_left
1165_mPFF_RE_right,0,RE,right,1165,mPFF,0,FALSE,RE,TH,1165_mPFF,RE_right
1165_mPFF_RH_left,0,RH,left,1165,mPFF,0,FALSE,RH,TH,1165_mPFF,RH_left
1165_mPFF_RH_right,0,RH,right,1165,mPFF,0,FALSE,RH,TH,1165_mPFF,RH_right
1165_mPFF_RSPagl_left,7.49870446,RSPagl,left,1165,mPFF,7.49870446,FALSE,RSP,Isocortex,1165_mPFF,RSPagl_left
1165_mPFF_RSPagl_right,15.85571266,RSPagl,right,1165,mPFF,15.85571266,FALSE,RSP,Isocortex,1165_mPFF,RSPagl_right
1165_mPFF_RSPd_left,21.2276197,RSPd,left,1165,mPFF,21.2276197,FALSE,RSP,Isocortex,1165_mPFF,RSPd_left
1165_mPFF_RSPd_right,29.10390573,RSPd,right,1165,mPFF,29.10390573,FALSE,RSP,Isocortex,1165_mPFF,RSPd_right
1165_mPFF_RSPv_left,31.36956546,RSPv,left,1165,mPFF,31.36956546,FALSE,RSP,Isocortex,1165_mPFF,RSPv_left
1165_mPFF_RSPv_right,33.20481805,RSPv,right,1165,mPFF,33.20481805,FALSE,RSP,Isocortex,1165_mPFF,RSPv_right
1165_mPFF_RT_left,27.2769758,RT,left,1165,mPFF,27.2769758,FALSE,RT,TH,1165_mPFF,RT_left
1165_mPFF_RT_right,18.56047826,RT,right,1165,mPFF,18.56047826,FALSE,RT,TH,1165_mPFF,RT_right
1165_mPFF_SAG_left,14.68367479,SAG,left,1165,mPFF,14.68367479,FALSE,SAG,MB,1165_mPFF,SAG_left
1165_mPFF_SAG_right,0,SAG,right,1165,mPFF,0,FALSE,SAG,MB,1165_mPFF,SAG_right
1165_mPFF_SCm_left,0,SCm,left,1165,mPFF,0,FALSE,MBmot,MB,1165_mPFF,SCm_left
1165_mPFF_SCm_right,2.200456704,SCm,right,1165,mPFF,2.200456704,FALSE,MBmot,MB,1165_mPFF,SCm_right
1165_mPFF_SCs_left,0,SCs,left,1165,mPFF,0,FALSE,MBsen,MB,1165_mPFF,SCs_left
1165_mPFF_SCs_right,0,SCs,right,1165,mPFF,0,FALSE,MBsen,MB,1165_mPFF,SCs_right
1165_mPFF_SEZ_left,0,SEZ,left,1165,mPFF,0,TRUE,SEZ,VS,1165_mPFF,SEZ_left
1165_mPFF_SEZ_right,0,SEZ,right,1165,mPFF,0,TRUE,SEZ,VS,1165_mPFF,SEZ_right
1165_mPFF_SH_left,33.74324246,SH,left,1165,mPFF,33.74324246,FALSE,SH,STR,1165_mPFF,SH_left
1165_mPFF_SH_right,101.0646998,SH,right,1165,mPFF,101.0646998,FALSE,SH,STR,1165_mPFF,SH_right
1165_mPFF_SI_left,0,SI,left,1165,mPFF,0,FALSE,SI,PAL,1165_mPFF,SI_left
1165_mPFF_SI_right,2.571749681,SI,right,1165,mPFF,2.571749681,FALSE,SI,PAL,1165_mPFF,SI_right
1165_mPFF_SMT_left,17.79708461,SMT,left,1165,mPFF,17.79708461,FALSE,SMT,TH,1165_mPFF,SMT_left
1165_mPFF_SMT_right,0,SMT,right,1165,mPFF,0,FALSE,SMT,TH,1165_mPFF,SMT_right
1165_mPFF_SSp-bfd_left,38.37104681,SSp-bfd,left,1165,mPFF,38.37104681,FALSE,SSp,Isocortex,1165_mPFF,SSp-bfd_left
1165_mPFF_SSp-bfd_right,49.97591537,SSp-bfd,right,1165,mPFF,49.97591537,FALSE,SSp,Isocortex,1165_mPFF,SSp-bfd_right
1165_mPFF_SSp-m_left,25.98356635,SSp-m,left,1165,mPFF,25.98356635,FALSE,SSp,Isocortex,1165_mPFF,SSp-m_left
1165_mPFF_SSp-m_right,30.93731536,SSp-m,right,1165,mPFF,30.93731536,FALSE,SSp,Isocortex,1165_mPFF,SSp-m_right
1165_mPFF_SSp-ul_left,20.5192652,SSp-ul,left,1165,mPFF,20.5192652,FALSE,SSp,Isocortex,1165_mPFF,SSp-ul_left
1165_mPFF_SSp-ul_right,27.57637826,SSp-ul,right,1165,mPFF,27.57637826,FALSE,SSp,Isocortex,1165_mPFF,SSp-ul_right
1165_mPFF_SSs_left,20.1972716,SSs,left,1165,mPFF,20.1972716,FALSE,SSs,Isocortex,1165_mPFF,SSs_left
1165_mPFF_SSs_right,21.8756421,SSs,right,1165,mPFF,21.8756421,FALSE,SSs,Isocortex,1165_mPFF,SSs_right
1165_mPFF_STN_right,0,STN,right,1165,mPFF,0,FALSE,STN,HY,1165_mPFF,STN_right
1165_mPFF_STR_left,24.83729122,STR,left,1165,mPFF,24.83729122,FALSE,STR,STR,1165_mPFF,STR_left
1165_mPFF_STR_right,17.34358295,STR,right,1165,mPFF,17.34358295,FALSE,STR,STR,1165_mPFF,STR_right
1165_mPFF_SUB_left,20.40220281,SUB,left,1165,mPFF,20.40220281,FALSE,SUB,HPF,1165_mPFF,SUB_left
1165_mPFF_SUB_right,5.763705419,SUB,right,1165,mPFF,5.763705419,FALSE,SUB,HPF,1165_mPFF,SUB_right
1165_mPFF_Su3_left,0,Su3,left,1165,mPFF,0,FALSE,Su3,MB,1165_mPFF,Su3_left
1165_mPFF_Su3_right,0,Su3,right,1165,mPFF,0,FALSE,Su3,MB,1165_mPFF,Su3_right
1165_mPFF_TEa_left,12.64590132,TEa,left,1165,mPFF,12.64590132,FALSE,TEa,Isocortex,1165_mPFF,TEa_left
1165_mPFF_TEa_right,15.06593524,TEa,right,1165,mPFF,15.06593524,FALSE,TEa,Isocortex,1165_mPFF,TEa_right
1165_mPFF_TH_left,15.849145,TH,left,1165,mPFF,15.849145,FALSE,TH,TH,1165_mPFF,TH_left
1165_mPFF_TH_right,12.06951082,TH,right,1165,mPFF,12.06951082,FALSE,TH,TH,1165_mPFF,TH_right
1165_mPFF_TRN_left,11.22826763,TRN,left,1165,mPFF,11.22826763,FALSE,TRN,P,1165_mPFF,TRN_left
1165_mPFF_TRN_right,22.6880461,TRN,right,1165,mPFF,22.6880461,FALSE,TRN,P,1165_mPFF,TRN_right
1165_mPFF_TU_left,6.761204845,TU,left,1165,mPFF,6.761204845,FALSE,TU,HY,1165_mPFF,TU_left
1165_mPFF_TU_right,1.959211651,TU,right,1165,mPFF,1.959211651,FALSE,TU,HY,1165_mPFF,TU_right
1165_mPFF_V3_left,0,V3,left,1165,mPFF,0,TRUE,V3,VS,1165_mPFF,V3_left
1165_mPFF_V3_right,0,V3,right,1165,mPFF,0,TRUE,V3,VS,1165_mPFF,V3_right
1165_mPFF_VAL_left,26.41524167,VAL,left,1165,mPFF,26.41524167,FALSE,VAL,TH,1165_mPFF,VAL_left
1165_mPFF_VAL_right,71.66568063,VAL,right,1165,mPFF,71.66568063,FALSE,VAL,TH,1165_mPFF,VAL_right
1165_mPFF_VISC_left,8.382389101,VISC,left,1165,mPFF,8.382389101,FALSE,VISC,Isocortex,1165_mPFF,VISC_left
1165_mPFF_VISC_right,20.29643072,VISC,right,1165,mPFF,20.29643072,FALSE,VISC,Isocortex,1165_mPFF,VISC_right
1165_mPFF_VISa_left,16.39443922,VISa,left,1165,mPFF,16.39443922,FALSE,VISa,Isocortex,1165_mPFF,VISa_left
1165_mPFF_VISa_right,38.25299676,VISa,right,1165,mPFF,38.25299676,FALSE,VISa,Isocortex,1165_mPFF,VISa_right
1165_mPFF_VISam_left,4.170705574,VISam,left,1165,mPFF,4.170705574,FALSE,VISam,Isocortex,1165_mPFF,VISam_left
1165_mPFF_VISam_right,25.3855443,VISam,right,1165,mPFF,25.3855443,FALSE,VISam,Isocortex,1165_mPFF,VISam_right
1165_mPFF_VISl_left,21.77973595,VISl,left,1165,mPFF,21.77973595,FALSE,VISl,Isocortex,1165_mPFF,VISl_left
1165_mPFF_VISl_right,105.0139667,VISl,right,1165,mPFF,105.0139667,FALSE,VISl,Isocortex,1165_mPFF,VISl_right
1165_mPFF_VISli_left,27.17144775,VISli,left,1165,mPFF,27.17144775,FALSE,VISli,Isocortex,1165_mPFF,VISli_left
1165_mPFF_VISp_left,22.12406503,VISp,left,1165,mPFF,22.12406503,FALSE,VISp,Isocortex,1165_mPFF,VISp_left
1165_mPFF_VISp_right,40.117079,VISp,right,1165,mPFF,40.117079,FALSE,VISp,Isocortex,1165_mPFF,VISp_right
1165_mPFF_VISpl_left,16.85082438,VISpl,left,1165,mPFF,16.85082438,FALSE,VISpl,Isocortex,1165_mPFF,VISpl_left
1165_mPFF_VISpl_right,6.747752355,VISpl,right,1165,mPFF,6.747752355,FALSE,VISpl,Isocortex,1165_mPFF,VISpl_right
1165_mPFF_VISpor_left,17.23528901,VISpor,left,1165,mPFF,17.23528901,FALSE,VISpor,Isocortex,1165_mPFF,VISpor_left
1165_mPFF_VISpor_right,13.14189161,VISpor,right,1165,mPFF,13.14189161,FALSE,VISpor,Isocortex,1165_mPFF,VISpor_right
1165_mPFF_VISrl_left,38.91887266,VISrl,left,1165,mPFF,38.91887266,FALSE,VISrl,Isocortex,1165_mPFF,VISrl_left
1165_mPFF_VISrl_right,21.01665454,VISrl,right,1165,mPFF,21.01665454,FALSE,VISrl,Isocortex,1165_mPFF,VISrl_right
1165_mPFF_VL_left,3.121255741,VL,left,1165,mPFF,3.121255741,TRUE,VL,VS,1165_mPFF,VL_left
1165_mPFF_VL_right,0,VL,right,1165,mPFF,0,TRUE,VL,VS,1165_mPFF,VL_right
1165_mPFF_VMH_left,10.69900059,VMH,left,1165,mPFF,10.69900059,FALSE,VMH,HY,1165_mPFF,VMH_left
1165_mPFF_VMH_right,16.88412758,VMH,right,1165,mPFF,16.88412758,FALSE,VMH,HY,1165_mPFF,VMH_right
1165_mPFF_VM_left,8.060207237,VM,left,1165,mPFF,8.060207237,FALSE,VM,TH,1165_mPFF,VM_left
1165_mPFF_VM_right,6.09593607,VM,right,1165,mPFF,6.09593607,FALSE,VM,TH,1165_mPFF,VM_right
1165_mPFF_VPL_left,22.41280369,VPL,left,1165,mPFF,22.41280369,FALSE,VPL,TH,1165_mPFF,VPL_left
1165_mPFF_VPL_right,32.73591798,VPL,right,1165,mPFF,32.73591798,FALSE,VPL,TH,1165_mPFF,VPL_right
1165_mPFF_VPM_left,40.5577109,VPM,left,1165,mPFF,40.5577109,FALSE,VPM,TH,1165_mPFF,VPM_left
1165_mPFF_VPM_right,30.73360035,VPM,right,1165,mPFF,30.73360035,FALSE,VPM,TH,1165_mPFF,VPM_right
1165_mPFF_VP_right,0,VP,right,1165,mPFF,0,FALSE,VP,TH,1165_mPFF,VP_right
1165_mPFF_Xi_left,0,Xi,left,1165,mPFF,0,FALSE,Xi,TH,1165_mPFF,Xi_left
1165_mPFF_Xi_right,0,Xi,right,1165,mPFF,0,FALSE,Xi,TH,1165_mPFF,Xi_right
1165_mPFF_ZI_left,15.2716295,ZI,left,1165,mPFF,15.2716295,FALSE,ZI,HY,1165_mPFF,ZI_left
1165_mPFF_ZI_right,4.449207442,ZI,right,1165,mPFF,4.449207442,FALSE,ZI,HY,1165_mPFF,ZI_right
1165_mPFF_alv_left,7.945001578,alv,left,1165,mPFF,7.945001578,TRUE,alv,fiber tracts,1165_mPFF,alv_left
1165_mPFF_alv_right,5.028962843,alv,right,1165,mPFF,5.028962843,TRUE,alv,fiber tracts,1165_mPFF,alv_right
1165_mPFF_amc_left,0,amc,left,1165,mPFF,0,TRUE,amc,fiber tracts,1165_mPFF,amc_left
1165_mPFF_amc_right,48.87387438,amc,right,1165,mPFF,48.87387438,TRUE,amc,fiber tracts,1165_mPFF,amc_right
1165_mPFF_ar_left,0,ar,left,1165,mPFF,0,TRUE,ar,fiber tracts,1165_mPFF,ar_left
1165_mPFF_ar_right,0,ar,right,1165,mPFF,0,TRUE,ar,fiber tracts,1165_mPFF,ar_right
1165_mPFF_bic_left,0,bic,left,1165,mPFF,0,TRUE,bic,fiber tracts,1165_mPFF,bic_left
1165_mPFF_bic_right,0,bic,right,1165,mPFF,0,TRUE,bic,fiber tracts,1165_mPFF,bic_right
1165_mPFF_cc_left,4.707785217,cc,left,1165,mPFF,4.707785217,TRUE,cc,fiber tracts,1165_mPFF,cc_left
1165_mPFF_cc_right,14.08710017,cc,right,1165,mPFF,14.08710017,TRUE,cc,fiber tracts,1165_mPFF,cc_right
1165_mPFF_ccg_left,3.503814902,ccg,left,1165,mPFF,3.503814902,TRUE,ccg,fiber tracts,1165_mPFF,ccg_left
1165_mPFF_ccg_right,3.601240524,ccg,right,1165,mPFF,3.601240524,TRUE,ccg,fiber tracts,1165_mPFF,ccg_right
1165_mPFF_chpl_left,0,chpl,left,1165,mPFF,0,TRUE,chpl,VS,1165_mPFF,chpl_left
1165_mPFF_chpl_right,0,chpl,right,1165,mPFF,0,TRUE,chpl,VS,1165_mPFF,chpl_right
1165_mPFF_cing_left,8.610855593,cing,left,1165,mPFF,8.610855593,TRUE,cing,fiber tracts,1165_mPFF,cing_left
1165_mPFF_cing_right,7.273970297,cing,right,1165,mPFF,7.273970297,TRUE,cing,fiber tracts,1165_mPFF,cing_right
1165_mPFF_cst_left,28.16293167,cst,left,1165,mPFF,28.16293167,TRUE,cst,fiber tracts,1165_mPFF,cst_left
1165_mPFF_cst_right,0,cst,right,1165,mPFF,0,TRUE,cst,fiber tracts,1165_mPFF,cst_right
1165_mPFF_dhc_left,29.6454677,dhc,left,1165,mPFF,29.6454677,TRUE,dhc,fiber tracts,1165_mPFF,dhc_left
1165_mPFF_dhc_right,11.66954673,dhc,right,1165,mPFF,11.66954673,TRUE,dhc,fiber tracts,1165_mPFF,dhc_right
1165_mPFF_dscp_left,0,dscp,left,1165,mPFF,0,TRUE,dscp,fiber tracts,1165_mPFF,dscp_left
1165_mPFF_dscp_right,0,dscp,right,1165,mPFF,0,TRUE,dscp,fiber tracts,1165_mPFF,dscp_right
1165_mPFF_ec_left,6.91998573,ec,left,1165,mPFF,6.91998573,TRUE,ec,fiber tracts,1165_mPFF,ec_left
1165_mPFF_ec_right,0,ec,right,1165,mPFF,0,TRUE,ec,fiber tracts,1165_mPFF,ec_right
1165_mPFF_em_left,14.95623542,em,left,1165,mPFF,14.95623542,TRUE,em,fiber tracts,1165_mPFF,em_left
1165_mPFF_em_right,0,em,right,1165,mPFF,0,TRUE,em,fiber tracts,1165_mPFF,em_right
1165_mPFF_fi_left,9.38433842,fi,left,1165,mPFF,9.38433842,TRUE,fi,fiber tracts,1165_mPFF,fi_left
1165_mPFF_fi_right,3.969692392,fi,right,1165,mPFF,3.969692392,TRUE,fi,fiber tracts,1165_mPFF,fi_right
1165_mPFF_fiber tracts_left,2.901346216,fiber tracts,left,1165,mPFF,2.901346216,TRUE,fiber tracts,fiber tracts,1165_mPFF,fiber tracts_left
1165_mPFF_fiber tracts_right,8.768362156,fiber tracts,right,1165,mPFF,8.768362156,TRUE,fiber tracts,fiber tracts,1165_mPFF,fiber tracts_right
1165_mPFF_fr_left,0,fr,left,1165,mPFF,0,TRUE,fr,fiber tracts,1165_mPFF,fr_left
1165_mPFF_fr_right,0,fr,right,1165,mPFF,0,TRUE,fr,fiber tracts,1165_mPFF,fr_right
1165_mPFF_fx_left,0,fx,left,1165,mPFF,0,TRUE,fx,fiber tracts,1165_mPFF,fx_left
1165_mPFF_fx_right,0,fx,right,1165,mPFF,0,TRUE,fx,fiber tracts,1165_mPFF,fx_right
1165_mPFF_hbc_left,0,hbc,left,1165,mPFF,0,TRUE,hbc,fiber tracts,1165_mPFF,hbc_left
1165_mPFF_hbc_right,0,hbc,right,1165,mPFF,0,TRUE,hbc,fiber tracts,1165_mPFF,hbc_right
1165_mPFF_int_left,6.691239884,int,left,1165,mPFF,6.691239884,TRUE,int,fiber tracts,1165_mPFF,int_left
1165_mPFF_int_right,3.78346573,int,right,1165,mPFF,3.78346573,TRUE,int,fiber tracts,1165_mPFF,int_right
1165_mPFF_ll_left,2.972727427,ll,left,1165,mPFF,2.972727427,TRUE,ll,fiber tracts,1165_mPFF,ll_left
1165_mPFF_ll_right,5.285510798,ll,right,1165,mPFF,5.285510798,TRUE,ll,fiber tracts,1165_mPFF,ll_right
1165_mPFF_lotg_left,32.86543854,lotg,left,1165,mPFF,32.86543854,TRUE,In,fiber tracts,1165_mPFF,lotg_left
1165_mPFF_lotg_right,0,lotg,right,1165,mPFF,0,TRUE,In,fiber tracts,1165_mPFF,lotg_right
1165_mPFF_mcp_left,2.829903651,mcp,left,1165,mPFF,2.829903651,TRUE,mcp,fiber tracts,1165_mPFF,mcp_left
1165_mPFF_mcp_right,3.069872294,mcp,right,1165,mPFF,3.069872294,TRUE,mcp,fiber tracts,1165_mPFF,mcp_right
1165_mPFF_ml_left,17.86890269,ml,left,1165,mPFF,17.86890269,TRUE,ml,fiber tracts,1165_mPFF,ml_left
1165_mPFF_ml_right,22.93300856,ml,right,1165,mPFF,22.93300856,TRUE,ml,fiber tracts,1165_mPFF,ml_right
1165_mPFF_mlf_left,0,mlf,left,1165,mPFF,0,TRUE,mlf,fiber tracts,1165_mPFF,mlf_left
1165_mPFF_mlf_right,0,mlf,right,1165,mPFF,0,TRUE,mlf,fiber tracts,1165_mPFF,mlf_right
1165_mPFF_moV_left,0,moV,left,1165,mPFF,0,TRUE,moV,fiber tracts,1165_mPFF,moV_left
1165_mPFF_moV_right,0,moV,right,1165,mPFF,0,TRUE,moV,fiber tracts,1165_mPFF,moV_right
1165_mPFF_mtg_left,0,mtg,left,1165,mPFF,0,TRUE,mtg,fiber tracts,1165_mPFF,mtg_left
1165_mPFF_mtg_right,0,mtg,right,1165,mPFF,0,TRUE,mtg,fiber tracts,1165_mPFF,mtg_right
1165_mPFF_mtt_left,0,mtt,left,1165,mPFF,0,TRUE,mtt,fiber tracts,1165_mPFF,mtt_left
1165_mPFF_mtt_right,0,mtt,right,1165,mPFF,0,TRUE,mtt,fiber tracts,1165_mPFF,mtt_right
1165_mPFF_nst_left,16.336811,nst,left,1165,mPFF,16.336811,TRUE,nst,fiber tracts,1165_mPFF,nst_left
1165_mPFF_nst_right,0,nst,right,1165,mPFF,0,TRUE,nst,fiber tracts,1165_mPFF,nst_right
1165_mPFF_opt_left,0,opt,left,1165,mPFF,0,TRUE,opt,fiber tracts,1165_mPFF,opt_left
1165_mPFF_opt_right,0,opt,right,1165,mPFF,0,TRUE,opt,fiber tracts,1165_mPFF,opt_right
1165_mPFF_or_left,7.018014579,or,left,1165,mPFF,7.018014579,TRUE,or,fiber tracts,1165_mPFF,or_left
1165_mPFF_or_right,7.816646961,or,right,1165,mPFF,7.816646961,TRUE,or,fiber tracts,1165_mPFF,or_right
1165_mPFF_rust_left,33.40217337,rust,left,1165,mPFF,33.40217337,TRUE,rust,fiber tracts,1165_mPFF,rust_left
1165_mPFF_rust_right,22.72387035,rust,right,1165,mPFF,22.72387035,TRUE,rust,fiber tracts,1165_mPFF,rust_right
1165_mPFF_sV_left,0,sV,left,1165,mPFF,0,TRUE,sV,fiber tracts,1165_mPFF,sV_left
1165_mPFF_sV_right,7.31132226,sV,right,1165,mPFF,7.31132226,TRUE,sV,fiber tracts,1165_mPFF,sV_right
1165_mPFF_scp_left,0,scp,left,1165,mPFF,0,TRUE,scp,fiber tracts,1165_mPFF,scp_left
1165_mPFF_scp_right,0,scp,right,1165,mPFF,0,TRUE,scp,fiber tracts,1165_mPFF,scp_right
1165_mPFF_scwm_left,0,scwm,left,1165,mPFF,0,TRUE,scwm,fiber tracts,1165_mPFF,scwm_left
1165_mPFF_scwm_right,4.352019323,scwm,right,1165,mPFF,4.352019323,TRUE,scwm,fiber tracts,1165_mPFF,scwm_right
1165_mPFF_st_left,43.13984262,st,left,1165,mPFF,43.13984262,TRUE,st,fiber tracts,1165_mPFF,st_left
1165_mPFF_st_right,0,st,right,1165,mPFF,0,TRUE,st,fiber tracts,1165_mPFF,st_right
1165_mPFF_stc_left,0,stc,left,1165,mPFF,0,TRUE,stc,fiber tracts,1165_mPFF,stc_left
1165_mPFF_stc_right,0,stc,right,1165,mPFF,0,TRUE,stc,fiber tracts,1165_mPFF,stc_right
1165_mPFF_sup_left,0,sup,left,1165,mPFF,0,TRUE,sup,fiber tracts,1165_mPFF,sup_left
1165_mPFF_sup_right,0,sup,right,1165,mPFF,0,TRUE,sup,fiber tracts,1165_mPFF,sup_right
1165_mPFF_tspc_left,0,tspc,left,1165,mPFF,0,TRUE,tspc,fiber tracts,1165_mPFF,tspc_left
1165_mPFF_tspc_right,0,tspc,right,1165,mPFF,0,TRUE,tspc,fiber tracts,1165_mPFF,tspc_right
1261_mPFF_ACAd_left,46.72766075,ACAd,left,1261,mPFF,46.72766075,FALSE,ACA,Isocortex,1261_mPFF,ACAd_left
1261_mPFF_ACAd_right,19.22149736,ACAd,right,1261,mPFF,19.22149736,FALSE,ACA,Isocortex,1261_mPFF,ACAd_right
1261_mPFF_ACAv_left,37.90573973,ACAv,left,1261,mPFF,37.90573973,FALSE,ACA,Isocortex,1261_mPFF,ACAv_left
1261_mPFF_ACAv_right,18.04354674,ACAv,right,1261,mPFF,18.04354674,FALSE,ACA,Isocortex,1261_mPFF,ACAv_right
1261_mPFF_ACB_left,0,ACB,left,1261,mPFF,0,FALSE,ACB,STR,1261_mPFF,ACB_left
1261_mPFF_ACB_right,1.297460691,ACB,right,1261,mPFF,1.297460691,FALSE,ACB,STR,1261_mPFF,ACB_right
1261_mPFF_AHN_right,0,AHN,right,1261,mPFF,0,FALSE,AHN,HY,1261_mPFF,AHN_right
1261_mPFF_AId_left,26.60559838,AId,left,1261,mPFF,26.60559838,FALSE,AI,Isocortex,1261_mPFF,AId_left
1261_mPFF_AId_right,24.93090228,AId,right,1261,mPFF,24.93090228,FALSE,AI,Isocortex,1261_mPFF,AId_right
1261_mPFF_AIp_left,41.36788068,AIp,left,1261,mPFF,41.36788068,FALSE,AI,Isocortex,1261_mPFF,AIp_left
1261_mPFF_AIp_right,18.83200968,AIp,right,1261,mPFF,18.83200968,FALSE,AI,Isocortex,1261_mPFF,AIp_right
1261_mPFF_AIv_left,50.59551918,AIv,left,1261,mPFF,50.59551918,FALSE,AI,Isocortex,1261_mPFF,AIv_left
1261_mPFF_AIv_right,38.661827,AIv,right,1261,mPFF,38.661827,FALSE,AI,Isocortex,1261_mPFF,AIv_right
1261_mPFF_APr_left,14.06447606,APr,left,1261,mPFF,14.06447606,FALSE,APr,HPF,1261_mPFF,APr_left
1261_mPFF_APr_right,31.89326926,APr,right,1261,mPFF,31.89326926,FALSE,APr,HPF,1261_mPFF,APr_right
1261_mPFF_AQ_left,0,AQ,left,1261,mPFF,0,TRUE,AQ,VS,1261_mPFF,AQ_left
1261_mPFF_AQ_right,0,AQ,right,1261,mPFF,0,TRUE,AQ,VS,1261_mPFF,AQ_right
1261_mPFF_ARH_left,0,ARH,left,1261,mPFF,0,FALSE,ARH,HY,1261_mPFF,ARH_left
1261_mPFF_ARH_right,0,ARH,right,1261,mPFF,0,FALSE,ARH,HY,1261_mPFF,ARH_right
1261_mPFF_AT_left,0,AT,left,1261,mPFF,0,FALSE,AT,MB,1261_mPFF,AT_left
1261_mPFF_AT_right,0,AT,right,1261,mPFF,0,FALSE,AT,MB,1261_mPFF,AT_right
1261_mPFF_AUDd_left,32.94526927,AUDd,left,1261,mPFF,32.94526927,FALSE,AUDd,Isocortex,1261_mPFF,AUDd_left
1261_mPFF_AUDd_right,20.04184282,AUDd,right,1261,mPFF,20.04184282,FALSE,AUDd,Isocortex,1261_mPFF,AUDd_right
1261_mPFF_AUDv_left,16.61072632,AUDv,left,1261,mPFF,16.61072632,FALSE,AUDv,Isocortex,1261_mPFF,AUDv_left
1261_mPFF_AUDv_right,32.66347145,AUDv,right,1261,mPFF,32.66347145,FALSE,AUDv,Isocortex,1261_mPFF,AUDv_right
1261_mPFF_BLA_left,23.19206984,BLA,left,1261,mPFF,23.19206984,FALSE,BLA,CTXsp,1261_mPFF,BLA_left
1261_mPFF_BLA_right,20.07172123,BLA,right,1261,mPFF,20.07172123,FALSE,BLA,CTXsp,1261_mPFF,BLA_right
1261_mPFF_BMA_left,17.26025076,BMA,left,1261,mPFF,17.26025076,FALSE,BMA,CTXsp,1261_mPFF,BMA_left
1261_mPFF_BMA_right,14.13134345,BMA,right,1261,mPFF,14.13134345,FALSE,BMA,CTXsp,1261_mPFF,BMA_right
1261_mPFF_CA1_left,19.21501255,CA1,left,1261,mPFF,19.21501255,FALSE,CA1,HPF,1261_mPFF,CA1_left
1261_mPFF_CA1_right,16.89328823,CA1,right,1261,mPFF,16.89328823,FALSE,CA1,HPF,1261_mPFF,CA1_right
1261_mPFF_CA2_left,0,CA2,left,1261,mPFF,0,FALSE,CA2,HPF,1261_mPFF,CA2_left
1261_mPFF_CA2_right,29.22022926,CA2,right,1261,mPFF,29.22022926,FALSE,CA2,HPF,1261_mPFF,CA2_right
1261_mPFF_CA3_left,23.44909314,CA3,left,1261,mPFF,23.44909314,FALSE,CA3,HPF,1261_mPFF,CA3_left
1261_mPFF_CA3_right,8.65357683,CA3,right,1261,mPFF,8.65357683,FALSE,CA3,HPF,1261_mPFF,CA3_right
1261_mPFF_CB_left,0,CB,left,1261,mPFF,0,FALSE,CB,CB,1261_mPFF,CB_left
1261_mPFF_CB_right,0,CB,right,1261,mPFF,0,FALSE,CB,CB,1261_mPFF,CB_right
1261_mPFF_CEA_left,35.37015828,CEA,left,1261,mPFF,35.37015828,FALSE,CEA,STR,1261_mPFF,CEA_left
1261_mPFF_CEA_right,15.73135793,CEA,right,1261,mPFF,15.73135793,FALSE,CEA,STR,1261_mPFF,CEA_right
1261_mPFF_CLA_left,11.80064083,CLA,left,1261,mPFF,11.80064083,FALSE,CLA,CTXsp,1261_mPFF,CLA_left
1261_mPFF_CLA_right,41.77579738,CLA,right,1261,mPFF,41.77579738,FALSE,CLA,CTXsp,1261_mPFF,CLA_right
1261_mPFF_CLI_left,0,CLI,left,1261,mPFF,0,FALSE,CLI,MB,1261_mPFF,CLI_left
1261_mPFF_CLI_right,0,CLI,right,1261,mPFF,0,FALSE,CLI,MB,1261_mPFF,CLI_right
1261_mPFF_CL_left,12.48047783,CL,left,1261,mPFF,12.48047783,FALSE,CL,TH,1261_mPFF,CL_left
1261_mPFF_CL_right,9.979134467,CL,right,1261,mPFF,9.979134467,FALSE,CL,TH,1261_mPFF,CL_right
1261_mPFF_CM_left,8.00550849,CM,left,1261,mPFF,8.00550849,FALSE,CM,TH,1261_mPFF,CM_left
1261_mPFF_CM_right,32.8924606,CM,right,1261,mPFF,32.8924606,FALSE,CM,TH,1261_mPFF,CM_right
1261_mPFF_COA_left,8.61356654,COA,left,1261,mPFF,8.61356654,FALSE,COA,OLF,1261_mPFF,COA_left
1261_mPFF_COA_right,13.14615277,COA,right,1261,mPFF,13.14615277,FALSE,COA,OLF,1261_mPFF,COA_right
1261_mPFF_CP_left,1.883076651,CP,left,1261,mPFF,1.883076651,FALSE,CP,STR,1261_mPFF,CP_left
1261_mPFF_CP_right,1.295783219,CP,right,1261,mPFF,1.295783219,FALSE,CP,STR,1261_mPFF,CP_right
1261_mPFF_CS_left,1.900271717,CS,left,1261,mPFF,1.900271717,FALSE,CS,P,1261_mPFF,CS_left
1261_mPFF_CS_right,6.628800363,CS,right,1261,mPFF,6.628800363,FALSE,CS,P,1261_mPFF,CS_right
1261_mPFF_CTXsp_left,5.401775145,CTXsp,left,1261,mPFF,5.401775145,FALSE,CTXsp,CTXsp,1261_mPFF,CTXsp_left
1261_mPFF_CTXsp_right,34.23821824,CTXsp,right,1261,mPFF,34.23821824,FALSE,CTXsp,CTXsp,1261_mPFF,CTXsp_right
1261_mPFF_DG_left,5.545481578,DG,left,1261,mPFF,5.545481578,FALSE,DG,HPF,1261_mPFF,DG_left
1261_mPFF_DG_right,2.073238913,DG,right,1261,mPFF,2.073238913,FALSE,DG,HPF,1261_mPFF,DG_right
1261_mPFF_DMH_left,0,DMH,left,1261,mPFF,0,FALSE,DMH,HY,1261_mPFF,DMH_left
1261_mPFF_DMH_right,0,DMH,right,1261,mPFF,0,FALSE,DMH,HY,1261_mPFF,DMH_right
1261_mPFF_DR_left,0,DR,left,1261,mPFF,0,FALSE,DR,MB,1261_mPFF,DR_left
1261_mPFF_DR_right,0,DR,right,1261,mPFF,0,FALSE,DR,MB,1261_mPFF,DR_right
1261_mPFF_ECT_right,34.70543038,ECT,right,1261,mPFF,34.70543038,FALSE,ECT,Isocortex,1261_mPFF,ECT_right
1261_mPFF_ENTl_left,6.943915612,ENTl,left,1261,mPFF,6.943915612,FALSE,ENT,HPF,1261_mPFF,ENTl_left
1261_mPFF_ENTl_right,12.10565086,ENTl,right,1261,mPFF,12.10565086,FALSE,ENT,HPF,1261_mPFF,ENTl_right
1261_mPFF_ENTm_left,16.94247021,ENTm,left,1261,mPFF,16.94247021,FALSE,ENT,HPF,1261_mPFF,ENTm_left
1261_mPFF_ENTm_right,29.17850789,ENTm,right,1261,mPFF,29.17850789,FALSE,ENT,HPF,1261_mPFF,ENTm_right
1261_mPFF_EP_left,17.42350772,EP,left,1261,mPFF,17.42350772,FALSE,EP,CTXsp,1261_mPFF,EP_left
1261_mPFF_EP_right,20.80371232,EP,right,1261,mPFF,20.80371232,FALSE,EP,CTXsp,1261_mPFF,EP_right
1261_mPFF_Eth_left,75.87038725,Eth,left,1261,mPFF,75.87038725,FALSE,Eth,TH,1261_mPFF,Eth_left
1261_mPFF_Eth_right,26.49442095,Eth,right,1261,mPFF,26.49442095,FALSE,Eth,TH,1261_mPFF,Eth_right
1261_mPFF_FC_left,0,FC,left,1261,mPFF,0,FALSE,FC,HPF,1261_mPFF,FC_left
1261_mPFF_FC_right,0,FC,right,1261,mPFF,0,FALSE,FC,HPF,1261_mPFF,FC_right
1261_mPFF_GU_left,16.58561682,GU,left,1261,mPFF,16.58561682,FALSE,GU,Isocortex,1261_mPFF,GU_left
1261_mPFF_GU_right,10.71326256,GU,right,1261,mPFF,10.71326256,FALSE,GU,Isocortex,1261_mPFF,GU_right
1261_mPFF_HATA_left,0,HATA,left,1261,mPFF,0,FALSE,HATA,HPF,1261_mPFF,HATA_left
1261_mPFF_HATA_right,10.18951373,HATA,right,1261,mPFF,10.18951373,FALSE,HATA,HPF,1261_mPFF,HATA_right
1261_mPFF_HPF_left,0.948547003,HPF,left,1261,mPFF,0.948547003,FALSE,HPF,HPF,1261_mPFF,HPF_left
1261_mPFF_HPF_right,3.488247511,HPF,right,1261,mPFF,3.488247511,FALSE,HPF,HPF,1261_mPFF,HPF_right
1261_mPFF_HY_left,0.700368177,HY,left,1261,mPFF,0.700368177,FALSE,HY,HY,1261_mPFF,HY_left
1261_mPFF_HY_right,1.019950211,HY,right,1261,mPFF,1.019950211,FALSE,HY,HY,1261_mPFF,HY_right
1261_mPFF_IA_left,18.08561363,IA,left,1261,mPFF,18.08561363,FALSE,IA,STR,1261_mPFF,IA_left
1261_mPFF_IA_right,0,IA,right,1261,mPFF,0,FALSE,IA,STR,1261_mPFF,IA_right
1261_mPFF_IC_left,0,IC,left,1261,mPFF,0,FALSE,IC,MB,1261_mPFF,IC_left
1261_mPFF_IC_right,0,IC,right,1261,mPFF,0,FALSE,IC,MB,1261_mPFF,IC_right
1261_mPFF_IG_left,38.00287499,IG,left,1261,mPFF,38.00287499,FALSE,IG,HPF,1261_mPFF,IG_left
1261_mPFF_IG_right,23.90456823,IG,right,1261,mPFF,23.90456823,FALSE,IG,HPF,1261_mPFF,IG_right
1261_mPFF_IMD_left,7.09609146,IMD,left,1261,mPFF,7.09609146,FALSE,IMD,TH,1261_mPFF,IMD_left
1261_mPFF_IMD_right,10.2183717,IMD,right,1261,mPFF,10.2183717,FALSE,IMD,TH,1261_mPFF,IMD_right
1261_mPFF_In_left,0,In,left,1261,mPFF,0,TRUE,In,fiber tracts,1261_mPFF,In_left
1261_mPFF_In_right,0,In,right,1261,mPFF,0,TRUE,In,fiber tracts,1261_mPFF,In_right
1261_mPFF_LA_left,17.12824935,LA,left,1261,mPFF,17.12824935,FALSE,LA,CTXsp,1261_mPFF,LA_left
1261_mPFF_LA_right,7.772662484,LA,right,1261,mPFF,7.772662484,FALSE,LA,CTXsp,1261_mPFF,LA_right
1261_mPFF_LD_left,26.12584126,LD,left,1261,mPFF,26.12584126,FALSE,LD,TH,1261_mPFF,LD_left
1261_mPFF_LD_right,41.13390988,LD,right,1261,mPFF,41.13390988,FALSE,LD,TH,1261_mPFF,LD_right
1261_mPFF_LGd_left,5.401775145,LGd,left,1261,mPFF,5.401775145,FALSE,LGd,TH,1261_mPFF,LGd_left
1261_mPFF_LGd_right,12.71612014,LGd,right,1261,mPFF,12.71612014,FALSE,LGd,TH,1261_mPFF,LGd_right
1261_mPFF_LGv_left,48.6164691,LGv,left,1261,mPFF,48.6164691,FALSE,LGv,TH,1261_mPFF,LGv_left
1261_mPFF_LGv_right,0,LGv,right,1261,mPFF,0,FALSE,LGv,TH,1261_mPFF,LGv_right
1261_mPFF_LHA_left,0,LHA,left,1261,mPFF,0,FALSE,LHA,HY,1261_mPFF,LHA_left
1261_mPFF_LHA_right,0,LHA,right,1261,mPFF,0,FALSE,LHA,HY,1261_mPFF,LHA_right
1261_mPFF_LH_left,0,LH,left,1261,mPFF,0,FALSE,LH,TH,1261_mPFF,LH_left
1261_mPFF_LH_right,0,LH,right,1261,mPFF,0,FALSE,LH,TH,1261_mPFF,LH_right
1261_mPFF_LP_left,9.647061498,LP,left,1261,mPFF,9.647061498,FALSE,LP,TH,1261_mPFF,LP_left
1261_mPFF_LP_right,18.31652576,LP,right,1261,mPFF,18.31652576,FALSE,LP,TH,1261_mPFF,LP_right
1261_mPFF_LS_left,9.057182198,LS,left,1261,mPFF,9.057182198,FALSE,LS,STR,1261_mPFF,LS_left
1261_mPFF_LS_right,10.20301579,LS,right,1261,mPFF,10.20301579,FALSE,LS,STR,1261_mPFF,LS_right
1261_mPFF_MB_left,1.258909474,MB,left,1261,mPFF,1.258909474,FALSE,MB,MB,1261_mPFF,MB_left
1261_mPFF_MB_right,1.975131446,MB,right,1261,mPFF,1.975131446,FALSE,MB,MB,1261_mPFF,MB_right
1261_mPFF_MD_left,14.70154416,MD,left,1261,mPFF,14.70154416,FALSE,MD,TH,1261_mPFF,MD_left
1261_mPFF_MD_right,18.26651962,MD,right,1261,mPFF,18.26651962,FALSE,MD,TH,1261_mPFF,MD_right
1261_mPFF_MEA_left,14.47566505,MEA,left,1261,mPFF,14.47566505,FALSE,MEA,STR,1261_mPFF,MEA_left
1261_mPFF_MEA_right,11.97315628,MEA,right,1261,mPFF,11.97315628,FALSE,MEA,STR,1261_mPFF,MEA_right
1261_mPFF_MEZ_left,0,MEZ,left,1261,mPFF,0,FALSE,MEZ,HY,1261_mPFF,MEZ_left
1261_mPFF_MEZ_right,0,MEZ,right,1261,mPFF,0,FALSE,MEZ,HY,1261_mPFF,MEZ_right
1261_mPFF_ME_left,0,ME,left,1261,mPFF,0,FALSE,ME,HY,1261_mPFF,ME_left
1261_mPFF_ME_right,0,ME,right,1261,mPFF,0,FALSE,ME,HY,1261_mPFF,ME_right
1261_mPFF_MH_left,0,MH,left,1261,mPFF,0,FALSE,MH,TH,1261_mPFF,MH_left
1261_mPFF_MH_right,0,MH,right,1261,mPFF,0,FALSE,MH,TH,1261_mPFF,MH_right
1261_mPFF_MOp_left,31.16212583,MOp,left,1261,mPFF,31.16212583,FALSE,MOp,Isocortex,1261_mPFF,MOp_left
1261_mPFF_MOp_right,25.49542582,MOp,right,1261,mPFF,25.49542582,FALSE,MOp,Isocortex,1261_mPFF,MOp_right
1261_mPFF_MOs_left,20.92738327,MOs,left,1261,mPFF,20.92738327,FALSE,MOs,Isocortex,1261_mPFF,MOs_left
1261_mPFF_MOs_right,22.18309569,MOs,right,1261,mPFF,22.18309569,FALSE,MOs,Isocortex,1261_mPFF,MOs_right
1261_mPFF_MRN_left,0.570655038,MRN,left,1261,mPFF,0.570655038,FALSE,MRN,MB,1261_mPFF,MRN_left
1261_mPFF_MRN_right,0.559951735,MRN,right,1261,mPFF,0.559951735,FALSE,MRN,MB,1261_mPFF,MRN_right
1261_mPFF_MS_left,0,MS,left,1261,mPFF,0,FALSE,MS,PAL,1261_mPFF,MS_left
1261_mPFF_MS_right,0,MS,right,1261,mPFF,0,FALSE,MS,PAL,1261_mPFF,MS_right
1261_mPFF_NDB_left,0,NDB,left,1261,mPFF,0,FALSE,NDB,PAL,1261_mPFF,NDB_left
1261_mPFF_NDB_right,3.773335158,NDB,right,1261,mPFF,3.773335158,FALSE,NDB,PAL,1261_mPFF,NDB_right
1261_mPFF_NLL_left,0,NLL,left,1261,mPFF,0,FALSE,NLL,P,1261_mPFF,NLL_left
1261_mPFF_NLL_right,4.186207436,NLL,right,1261,mPFF,4.186207436,FALSE,NLL,P,1261_mPFF,NLL_right
1261_mPFF_OLF_left,8.272089845,OLF,left,1261,mPFF,8.272089845,FALSE,OLF,OLF,1261_mPFF,OLF_left
1261_mPFF_OLF_right,63.64375528,OLF,right,1261,mPFF,63.64375528,FALSE,OLF,OLF,1261_mPFF,OLF_right
1261_mPFF_OT_left,0,OT,left,1261,mPFF,0,FALSE,OT,STR,1261_mPFF,OT_left
1261_mPFF_OT_right,0,OT,right,1261,mPFF,0,FALSE,OT,STR,1261_mPFF,OT_right
1261_mPFF_PAA_left,31.12356198,PAA,left,1261,mPFF,31.12356198,FALSE,PAA,OLF,1261_mPFF,PAA_left
1261_mPFF_PAA_right,27.07393069,PAA,right,1261,mPFF,27.07393069,FALSE,PAA,OLF,1261_mPFF,PAA_right
1261_mPFF_PAG_left,0,PAG,left,1261,mPFF,0,FALSE,PAG,MB,1261_mPFF,PAG_left
1261_mPFF_PAG_right,0.610582463,PAG,right,1261,mPFF,0.610582463,FALSE,PAG,MB,1261_mPFF,PAG_right
1261_mPFF_PAL_left,0,PAL,left,1261,mPFF,0,FALSE,PAL,PAL,1261_mPFF,PAL_left
1261_mPFF_PAL_right,0,PAL,right,1261,mPFF,0,FALSE,PAL,PAL,1261_mPFF,PAL_right
1261_mPFF_PALd_left,4.01720462,PALd,left,1261,mPFF,4.01720462,FALSE,PAL,PAL,1261_mPFF,PALd_left
1261_mPFF_PALd_right,1.431144496,PALd,right,1261,mPFF,1.431144496,FALSE,PAL,PAL,1261_mPFF,PALd_right
1261_mPFF_PAR_left,17.92938216,PAR,left,1261,mPFF,17.92938216,FALSE,PAR,HPF,1261_mPFF,PAR_left
1261_mPFF_PAR_right,4.882907669,PAR,right,1261,mPFF,4.882907669,FALSE,PAR,HPF,1261_mPFF,PAR_right
1261_mPFF_PBG_left,0,PBG,left,1261,mPFF,0,FALSE,PBG,MB,1261_mPFF,PBG_left
1261_mPFF_PBG_right,0,PBG,right,1261,mPFF,0,FALSE,PBG,MB,1261_mPFF,PBG_right
1261_mPFF_PCN_left,31.15715228,PCN,left,1261,mPFF,31.15715228,FALSE,PCN,TH,1261_mPFF,PCN_left
1261_mPFF_PCN_right,16.70074085,PCN,right,1261,mPFF,16.70074085,FALSE,PCN,TH,1261_mPFF,PCN_right
1261_mPFF_PERI_left,0,PERI,left,1261,mPFF,0,FALSE,PERI,Isocortex,1261_mPFF,PERI_left
1261_mPFF_PERI_right,37.47773703,PERI,right,1261,mPFF,37.47773703,FALSE,PERI,Isocortex,1261_mPFF,PERI_right
1261_mPFF_PG_left,6.631630019,PG,left,1261,mPFF,6.631630019,FALSE,PG,P,1261_mPFF,PG_left
1261_mPFF_PG_right,2.622728474,PG,right,1261,mPFF,2.622728474,FALSE,PG,P,1261_mPFF,PG_right
1261_mPFF_PIR_left,22.44894551,PIR,left,1261,mPFF,22.44894551,FALSE,PIR,OLF,1261_mPFF,PIR_left
1261_mPFF_PIR_right,19.15156019,PIR,right,1261,mPFF,19.15156019,FALSE,PIR,OLF,1261_mPFF,PIR_right
1261_mPFF_POST_left,19.80032885,POST,left,1261,mPFF,19.80032885,FALSE,POST,HPF,1261_mPFF,POST_left
1261_mPFF_POST_right,21.04390333,POST,right,1261,mPFF,21.04390333,FALSE,POST,HPF,1261_mPFF,POST_right
1261_mPFF_PO_left,55.06716038,PO,left,1261,mPFF,55.06716038,FALSE,PO,TH,1261_mPFF,PO_left
1261_mPFF_PO_right,60.32809363,PO,right,1261,mPFF,60.32809363,FALSE,PO,TH,1261_mPFF,PO_right
1261_mPFF_PPN_left,0,PPN,left,1261,mPFF,0,FALSE,PPN,MB,1261_mPFF,PPN_left
1261_mPFF_PPN_right,0,PPN,right,1261,mPFF,0,FALSE,PPN,MB,1261_mPFF,PPN_right
1261_mPFF_PRE_left,24.19437047,PRE,left,1261,mPFF,24.19437047,FALSE,PRE,HPF,1261_mPFF,PRE_left
1261_mPFF_PRE_right,23.859822,PRE,right,1261,mPFF,23.859822,FALSE,PRE,HPF,1261_mPFF,PRE_right
1261_mPFF_PRNr_left,2.73317643,PRNr,left,1261,mPFF,2.73317643,FALSE,PRNr,P,1261_mPFF,PRNr_left
1261_mPFF_PRNr_right,1.505734938,PRNr,right,1261,mPFF,1.505734938,FALSE,PRNr,P,1261_mPFF,PRNr_right
1261_mPFF_PR_left,7.458665475,PR,left,1261,mPFF,7.458665475,FALSE,PR,TH,1261_mPFF,PR_left
1261_mPFF_PR_right,0,PR,right,1261,mPFF,0,FALSE,PR,TH,1261_mPFF,PR_right
1261_mPFF_PVT_left,0,PVT,left,1261,mPFF,0,FALSE,PVT,TH,1261_mPFF,PVT_left
1261_mPFF_PVT_right,0,PVT,right,1261,mPFF,0,FALSE,PVT,TH,1261_mPFF,PVT_right
1261_mPFF_PVZ_left,0,PVZ,left,1261,mPFF,0,FALSE,PVZ,HY,1261_mPFF,PVZ_left
1261_mPFF_PVZ_right,0,PVZ,right,1261,mPFF,0,FALSE,PVZ,HY,1261_mPFF,PVZ_right
1261_mPFF_P_left,0,P,left,1261,mPFF,0,FALSE,P,P,1261_mPFF,P_left
1261_mPFF_P_right,2.561413576,P,right,1261,mPFF,2.561413576,FALSE,P,P,1261_mPFF,P_right
1261_mPFF_Pa4_left,0,Pa4,left,1261,mPFF,0,FALSE,Pa4,MB,1261_mPFF,Pa4_left
1261_mPFF_Pa4_right,0,Pa4,right,1261,mPFF,0,FALSE,Pa4,MB,1261_mPFF,Pa4_right
1261_mPFF_PeF_left,0,PeF,left,1261,mPFF,0,FALSE,PeF,HY,1261_mPFF,PeF_left
1261_mPFF_PeF_right,0,PeF,right,1261,mPFF,0,FALSE,PeF,HY,1261_mPFF,PeF_right
1261_mPFF_RE_left,0,RE,left,1261,mPFF,0,FALSE,RE,TH,1261_mPFF,RE_left
1261_mPFF_RE_right,0,RE,right,1261,mPFF,0,FALSE,RE,TH,1261_mPFF,RE_right
1261_mPFF_RH_left,0,RH,left,1261,mPFF,0,FALSE,RH,TH,1261_mPFF,RH_left
1261_mPFF_RH_right,22.70950367,RH,right,1261,mPFF,22.70950367,FALSE,RH,TH,1261_mPFF,RH_right
1261_mPFF_RSPagl_left,27.52257053,RSPagl,left,1261,mPFF,27.52257053,FALSE,RSP,Isocortex,1261_mPFF,RSPagl_left
1261_mPFF_RSPagl_right,26.79293891,RSPagl,right,1261,mPFF,26.79293891,FALSE,RSP,Isocortex,1261_mPFF,RSPagl_right
1261_mPFF_RSPd_left,17.73914743,RSPd,left,1261,mPFF,17.73914743,FALSE,RSP,Isocortex,1261_mPFF,RSPd_left
1261_mPFF_RSPd_right,27.50776591,RSPd,right,1261,mPFF,27.50776591,FALSE,RSP,Isocortex,1261_mPFF,RSPd_right
1261_mPFF_RSPv_left,37.593118,RSPv,left,1261,mPFF,37.593118,FALSE,RSP,Isocortex,1261_mPFF,RSPv_left
1261_mPFF_RSPv_right,13.14501852,RSPv,right,1261,mPFF,13.14501852,FALSE,RSP,Isocortex,1261_mPFF,RSPv_right
1261_mPFF_RT_left,11.22474608,RT,left,1261,mPFF,11.22474608,FALSE,RT,TH,1261_mPFF,RT_left
1261_mPFF_RT_right,22.87265684,RT,right,1261,mPFF,22.87265684,FALSE,RT,TH,1261_mPFF,RT_right
1261_mPFF_SAG_left,0,SAG,left,1261,mPFF,0,FALSE,SAG,MB,1261_mPFF,SAG_left
1261_mPFF_SAG_right,0,SAG,right,1261,mPFF,0,FALSE,SAG,MB,1261_mPFF,SAG_right
1261_mPFF_SCm_left,1.605478525,SCm,left,1261,mPFF,1.605478525,FALSE,MBmot,MB,1261_mPFF,SCm_left
1261_mPFF_SCm_right,0.925018144,SCm,right,1261,mPFF,0.925018144,FALSE,MBmot,MB,1261_mPFF,SCm_right
1261_mPFF_SCs_left,0,SCs,left,1261,mPFF,0,FALSE,MBsen,MB,1261_mPFF,SCs_left
1261_mPFF_SCs_right,0,SCs,right,1261,mPFF,0,FALSE,MBsen,MB,1261_mPFF,SCs_right
1261_mPFF_SEZ_left,0,SEZ,left,1261,mPFF,0,TRUE,SEZ,VS,1261_mPFF,SEZ_left
1261_mPFF_SEZ_right,0,SEZ,right,1261,mPFF,0,TRUE,SEZ,VS,1261_mPFF,SEZ_right
1261_mPFF_SH_left,12.6162999,SH,left,1261,mPFF,12.6162999,FALSE,SH,STR,1261_mPFF,SH_left
1261_mPFF_SH_right,21.80430585,SH,right,1261,mPFF,21.80430585,FALSE,SH,STR,1261_mPFF,SH_right
1261_mPFF_SI_left,11.1276568,SI,left,1261,mPFF,11.1276568,FALSE,SI,PAL,1261_mPFF,SI_left
1261_mPFF_SI_right,0,SI,right,1261,mPFF,0,FALSE,SI,PAL,1261_mPFF,SI_right
1261_mPFF_SMT_left,9.381392779,SMT,left,1261,mPFF,9.381392779,FALSE,SMT,TH,1261_mPFF,SMT_left
1261_mPFF_SMT_right,4.786122576,SMT,right,1261,mPFF,4.786122576,FALSE,SMT,TH,1261_mPFF,SMT_right
1261_mPFF_SSp-bfd_left,35.82702095,SSp-bfd,left,1261,mPFF,35.82702095,FALSE,SSp,Isocortex,1261_mPFF,SSp-bfd_left
1261_mPFF_SSp-bfd_right,32.22658354,SSp-bfd,right,1261,mPFF,32.22658354,FALSE,SSp,Isocortex,1261_mPFF,SSp-bfd_right
1261_mPFF_SSp-m_left,28.71900622,SSp-m,left,1261,mPFF,28.71900622,FALSE,SSp,Isocortex,1261_mPFF,SSp-m_left
1261_mPFF_SSp-m_right,24.04226075,SSp-m,right,1261,mPFF,24.04226075,FALSE,SSp,Isocortex,1261_mPFF,SSp-m_right
1261_mPFF_SSp-tr_left,0,SSp-tr,left,1261,mPFF,0,FALSE,SSp,Isocortex,1261_mPFF,SSp-tr_left
1261_mPFF_SSp-tr_right,0,SSp-tr,right,1261,mPFF,0,FALSE,SSp,Isocortex,1261_mPFF,SSp-tr_right
1261_mPFF_SSp-ul_left,53.50223783,SSp-ul,left,1261,mPFF,53.50223783,FALSE,SSp,Isocortex,1261_mPFF,SSp-ul_left
1261_mPFF_SSp-ul_right,50.03965279,SSp-ul,right,1261,mPFF,50.03965279,FALSE,SSp,Isocortex,1261_mPFF,SSp-ul_right
1261_mPFF_SSs_left,24.89788223,SSs,left,1261,mPFF,24.89788223,FALSE,SSs,Isocortex,1261_mPFF,SSs_left
1261_mPFF_SSs_right,35.11504385,SSs,right,1261,mPFF,35.11504385,FALSE,SSs,Isocortex,1261_mPFF,SSs_right
1261_mPFF_STR_left,5.746587081,STR,left,1261,mPFF,5.746587081,FALSE,STR,STR,1261_mPFF,STR_left
1261_mPFF_STR_right,19.09397446,STR,right,1261,mPFF,19.09397446,FALSE,STR,STR,1261_mPFF,STR_right
1261_mPFF_SUB_left,1.055084401,SUB,left,1261,mPFF,1.055084401,FALSE,SUB,HPF,1261_mPFF,SUB_left
1261_mPFF_SUB_right,5.612770889,SUB,right,1261,mPFF,5.612770889,FALSE,SUB,HPF,1261_mPFF,SUB_right
1261_mPFF_Su3_left,0,Su3,left,1261,mPFF,0,FALSE,Su3,MB,1261_mPFF,Su3_left
1261_mPFF_Su3_right,0,Su3,right,1261,mPFF,0,FALSE,Su3,MB,1261_mPFF,Su3_right
1261_mPFF_TEa_left,0,TEa,left,1261,mPFF,0,FALSE,TEa,Isocortex,1261_mPFF,TEa_left
1261_mPFF_TEa_right,50.48097568,TEa,right,1261,mPFF,50.48097568,FALSE,TEa,Isocortex,1261_mPFF,TEa_right
1261_mPFF_TH_left,11.47181114,TH,left,1261,mPFF,11.47181114,FALSE,TH,TH,1261_mPFF,TH_left
1261_mPFF_TH_right,38.43391938,TH,right,1261,mPFF,38.43391938,FALSE,TH,TH,1261_mPFF,TH_right
1261_mPFF_TRN_left,7.954310982,TRN,left,1261,mPFF,7.954310982,FALSE,TRN,P,1261_mPFF,TRN_left
1261_mPFF_TRN_right,6.846423062,TRN,right,1261,mPFF,6.846423062,FALSE,TRN,P,1261_mPFF,TRN_right
1261_mPFF_TU_left,3.610732049,TU,left,1261,mPFF,3.610732049,FALSE,TU,HY,1261_mPFF,TU_left
1261_mPFF_TU_right,2.387470023,TU,right,1261,mPFF,2.387470023,FALSE,TU,HY,1261_mPFF,TU_right
1261_mPFF_V3_left,0,V3,left,1261,mPFF,0,TRUE,V3,VS,1261_mPFF,V3_left
1261_mPFF_V3_right,0,V3,right,1261,mPFF,0,TRUE,V3,VS,1261_mPFF,V3_right
1261_mPFF_VAL_left,38.01285496,VAL,left,1261,mPFF,38.01285496,FALSE,VAL,TH,1261_mPFF,VAL_left
1261_mPFF_VAL_right,19.87996598,VAL,right,1261,mPFF,19.87996598,FALSE,VAL,TH,1261_mPFF,VAL_right
1261_mPFF_VISC_left,16.47810663,VISC,left,1261,mPFF,16.47810663,FALSE,VISC,Isocortex,1261_mPFF,VISC_left
1261_mPFF_VISC_right,6.222361776,VISC,right,1261,mPFF,6.222361776,FALSE,VISC,Isocortex,1261_mPFF,VISC_right
1261_mPFF_VISa_left,21.71940428,VISa,left,1261,mPFF,21.71940428,FALSE,VISa,Isocortex,1261_mPFF,VISa_left
1261_mPFF_VISa_right,22.75049453,VISa,right,1261,mPFF,22.75049453,FALSE,VISa,Isocortex,1261_mPFF,VISa_right
1261_mPFF_VISam_left,25.99985374,VISam,left,1261,mPFF,25.99985374,FALSE,VISam,Isocortex,1261_mPFF,VISam_left
1261_mPFF_VISam_right,40.67675264,VISam,right,1261,mPFF,40.67675264,FALSE,VISam,Isocortex,1261_mPFF,VISam_right
1261_mPFF_VISl_left,14.24680881,VISl,left,1261,mPFF,14.24680881,FALSE,VISl,Isocortex,1261_mPFF,VISl_left
1261_mPFF_VISl_right,25.98749208,VISl,right,1261,mPFF,25.98749208,FALSE,VISl,Isocortex,1261_mPFF,VISl_right
1261_mPFF_VISli_left,0,VISli,left,1261,mPFF,0,FALSE,VISli,Isocortex,1261_mPFF,VISli_left
1261_mPFF_VISli_right,54.16607795,VISli,right,1261,mPFF,54.16607795,FALSE,VISli,Isocortex,1261_mPFF,VISli_right
1261_mPFF_VISp_left,32.58255052,VISp,left,1261,mPFF,32.58255052,FALSE,VISp,Isocortex,1261_mPFF,VISp_left
1261_mPFF_VISp_right,31.79892193,VISp,right,1261,mPFF,31.79892193,FALSE,VISp,Isocortex,1261_mPFF,VISp_right
1261_mPFF_VISpl_left,4.60086568,VISpl,left,1261,mPFF,4.60086568,FALSE,VISpl,Isocortex,1261_mPFF,VISpl_left
1261_mPFF_VISpl_right,61.05590582,VISpl,right,1261,mPFF,61.05590582,FALSE,VISpl,Isocortex,1261_mPFF,VISpl_right
1261_mPFF_VISpor_left,27.64294742,VISpor,left,1261,mPFF,27.64294742,FALSE,VISpor,Isocortex,1261_mPFF,VISpor_left
1261_mPFF_VISpor_right,37.48892933,VISpor,right,1261,mPFF,37.48892933,FALSE,VISpor,Isocortex,1261_mPFF,VISpor_right
1261_mPFF_VISrl_left,40.47964496,VISrl,left,1261,mPFF,40.47964496,FALSE,VISrl,Isocortex,1261_mPFF,VISrl_left
1261_mPFF_VISrl_right,117.0744743,VISrl,right,1261,mPFF,117.0744743,FALSE,VISrl,Isocortex,1261_mPFF,VISrl_right
1261_mPFF_VL_left,0,VL,left,1261,mPFF,0,TRUE,VL,VS,1261_mPFF,VL_left
1261_mPFF_VL_right,0,VL,right,1261,mPFF,0,TRUE,VL,VS,1261_mPFF,VL_right
1261_mPFF_VMH_left,4.342084292,VMH,left,1261,mPFF,4.342084292,FALSE,VMH,HY,1261_mPFF,VMH_left
1261_mPFF_VMH_right,5.351433082,VMH,right,1261,mPFF,5.351433082,FALSE,VMH,HY,1261_mPFF,VMH_right
1261_mPFF_VM_left,15.10725735,VM,left,1261,mPFF,15.10725735,FALSE,VM,TH,1261_mPFF,VM_left
1261_mPFF_VM_right,6.446922205,VM,right,1261,mPFF,6.446922205,FALSE,VM,TH,1261_mPFF,VM_right
1261_mPFF_VPL_left,48.77855166,VPL,left,1261,mPFF,48.77855166,FALSE,VPL,TH,1261_mPFF,VPL_left
1261_mPFF_VPL_right,29.78464786,VPL,right,1261,mPFF,29.78464786,FALSE,VPL,TH,1261_mPFF,VPL_right
1261_mPFF_VPM_left,32.46229126,VPM,left,1261,mPFF,32.46229126,FALSE,VPM,TH,1261_mPFF,VPM_left
1261_mPFF_VPM_right,36.24508925,VPM,right,1261,mPFF,36.24508925,FALSE,VPM,TH,1261_mPFF,VPM_right
1261_mPFF_Xi_left,0,Xi,left,1261,mPFF,0,FALSE,Xi,TH,1261_mPFF,Xi_left
1261_mPFF_Xi_right,0,Xi,right,1261,mPFF,0,FALSE,Xi,TH,1261_mPFF,Xi_right
1261_mPFF_ZI_left,9.075431107,ZI,left,1261,mPFF,9.075431107,FALSE,ZI,HY,1261_mPFF,ZI_left
1261_mPFF_ZI_right,2.291114731,ZI,right,1261,mPFF,2.291114731,FALSE,ZI,HY,1261_mPFF,ZI_right
1261_mPFF_alv_left,12.93104658,alv,left,1261,mPFF,12.93104658,TRUE,alv,fiber tracts,1261_mPFF,alv_left
1261_mPFF_alv_right,17.62664575,alv,right,1261,mPFF,17.62664575,TRUE,alv,fiber tracts,1261_mPFF,alv_right
1261_mPFF_amc_left,12.64506455,amc,left,1261,mPFF,12.64506455,TRUE,amc,fiber tracts,1261_mPFF,amc_left
1261_mPFF_amc_right,23.47313672,amc,right,1261,mPFF,23.47313672,TRUE,amc,fiber tracts,1261_mPFF,amc_right
1261_mPFF_ar_left,0,ar,left,1261,mPFF,0,TRUE,ar,fiber tracts,1261_mPFF,ar_left
1261_mPFF_ar_right,14.12139188,ar,right,1261,mPFF,14.12139188,TRUE,ar,fiber tracts,1261_mPFF,ar_right
1261_mPFF_bic_left,0,bic,left,1261,mPFF,0,TRUE,bic,fiber tracts,1261_mPFF,bic_left
1261_mPFF_bic_right,20.35270204,bic,right,1261,mPFF,20.35270204,TRUE,bic,fiber tracts,1261_mPFF,bic_right
1261_mPFF_cc_left,7.825594084,cc,left,1261,mPFF,7.825594084,TRUE,cc,fiber tracts,1261_mPFF,cc_left
1261_mPFF_cc_right,27.08052835,cc,right,1261,mPFF,27.08052835,TRUE,cc,fiber tracts,1261_mPFF,cc_right
1261_mPFF_ccg_left,5.658385584,ccg,left,1261,mPFF,5.658385584,TRUE,ccg,fiber tracts,1261_mPFF,ccg_left
1261_mPFF_ccg_right,9.741970354,ccg,right,1261,mPFF,9.741970354,TRUE,ccg,fiber tracts,1261_mPFF,ccg_right
1261_mPFF_chpl_left,0,chpl,left,1261,mPFF,0,TRUE,chpl,VS,1261_mPFF,chpl_left
1261_mPFF_chpl_right,0,chpl,right,1261,mPFF,0,TRUE,chpl,VS,1261_mPFF,chpl_right
1261_mPFF_cing_left,1.92074656,cing,left,1261,mPFF,1.92074656,TRUE,cing,fiber tracts,1261_mPFF,cing_left
1261_mPFF_cing_right,8.80360838,cing,right,1261,mPFF,8.80360838,TRUE,cing,fiber tracts,1261_mPFF,cing_right
1261_mPFF_cst_left,11.34462215,cst,left,1261,mPFF,11.34462215,TRUE,cst,fiber tracts,1261_mPFF,cst_left
1261_mPFF_cst_right,0,cst,right,1261,mPFF,0,TRUE,cst,fiber tracts,1261_mPFF,cst_right
1261_mPFF_dhc_left,13.22770895,dhc,left,1261,mPFF,13.22770895,TRUE,dhc,fiber tracts,1261_mPFF,dhc_left
1261_mPFF_dhc_right,13.63261344,dhc,right,1261,mPFF,13.63261344,TRUE,dhc,fiber tracts,1261_mPFF,dhc_right
1261_mPFF_dscp_left,0,dscp,left,1261,mPFF,0,TRUE,dscp,fiber tracts,1261_mPFF,dscp_left
1261_mPFF_dscp_right,0,dscp,right,1261,mPFF,0,TRUE,dscp,fiber tracts,1261_mPFF,dscp_right
1261_mPFF_ec_left,14.3243291,ec,left,1261,mPFF,14.3243291,TRUE,ec,fiber tracts,1261_mPFF,ec_left
1261_mPFF_ec_right,16.71855838,ec,right,1261,mPFF,16.71855838,TRUE,ec,fiber tracts,1261_mPFF,ec_right
1261_mPFF_em_left,0,em,left,1261,mPFF,0,TRUE,em,fiber tracts,1261_mPFF,em_left
1261_mPFF_em_right,46.44714409,em,right,1261,mPFF,46.44714409,TRUE,em,fiber tracts,1261_mPFF,em_right
1261_mPFF_fi_left,2.838687959,fi,left,1261,mPFF,2.838687959,TRUE,fi,fiber tracts,1261_mPFF,fi_left
1261_mPFF_fi_right,2.654122519,fi,right,1261,mPFF,2.654122519,TRUE,fi,fiber tracts,1261_mPFF,fi_right
1261_mPFF_fiber tracts_left,3.206817522,fiber tracts,left,1261,mPFF,3.206817522,TRUE,fiber tracts,fiber tracts,1261_mPFF,fiber tracts_left
1261_mPFF_fiber tracts_right,0,fiber tracts,right,1261,mPFF,0,TRUE,fiber tracts,fiber tracts,1261_mPFF,fiber tracts_right
1261_mPFF_fr_left,0,fr,left,1261,mPFF,0,TRUE,fr,fiber tracts,1261_mPFF,fr_left
1261_mPFF_fr_right,0,fr,right,1261,mPFF,0,TRUE,fr,fiber tracts,1261_mPFF,fr_right
1261_mPFF_fx_left,0,fx,left,1261,mPFF,0,TRUE,fx,fiber tracts,1261_mPFF,fx_left
1261_mPFF_fx_right,0,fx,right,1261,mPFF,0,TRUE,fx,fiber tracts,1261_mPFF,fx_right
1261_mPFF_hbc_left,0,hbc,left,1261,mPFF,0,TRUE,hbc,fiber tracts,1261_mPFF,hbc_left
1261_mPFF_hbc_right,0,hbc,right,1261,mPFF,0,TRUE,hbc,fiber tracts,1261_mPFF,hbc_right
1261_mPFF_int_left,5.914448215,int,left,1261,mPFF,5.914448215,TRUE,int,fiber tracts,1261_mPFF,int_left
1261_mPFF_int_right,11.27803054,int,right,1261,mPFF,11.27803054,TRUE,int,fiber tracts,1261_mPFF,int_right
1261_mPFF_ll_left,2.937735002,ll,left,1261,mPFF,2.937735002,TRUE,ll,fiber tracts,1261_mPFF,ll_left
1261_mPFF_ll_right,3.142554613,ll,right,1261,mPFF,3.142554613,TRUE,ll,fiber tracts,1261_mPFF,ll_right
1261_mPFF_lotg_left,10.32242719,lotg,left,1261,mPFF,10.32242719,TRUE,In,fiber tracts,1261_mPFF,lotg_left
1261_mPFF_lotg_right,0,lotg,right,1261,mPFF,0,TRUE,In,fiber tracts,1261_mPFF,lotg_right
1261_mPFF_mcp_left,0,mcp,left,1261,mPFF,0,TRUE,mcp,fiber tracts,1261_mPFF,mcp_left
1261_mPFF_mcp_right,0,mcp,right,1261,mPFF,0,TRUE,mcp,fiber tracts,1261_mPFF,mcp_right
1261_mPFF_ml_left,0,ml,left,1261,mPFF,0,TRUE,ml,fiber tracts,1261_mPFF,ml_left
1261_mPFF_ml_right,0,ml,right,1261,mPFF,0,TRUE,ml,fiber tracts,1261_mPFF,ml_right
1261_mPFF_mlf_left,0,mlf,left,1261,mPFF,0,TRUE,mlf,fiber tracts,1261_mPFF,mlf_left
1261_mPFF_mlf_right,0,mlf,right,1261,mPFF,0,TRUE,mlf,fiber tracts,1261_mPFF,mlf_right
1261_mPFF_moV_left,0,moV,left,1261,mPFF,0,TRUE,moV,fiber tracts,1261_mPFF,moV_left
1261_mPFF_moV_right,0,moV,right,1261,mPFF,0,TRUE,moV,fiber tracts,1261_mPFF,moV_right
1261_mPFF_mtg_left,0,mtg,left,1261,mPFF,0,TRUE,mtg,fiber tracts,1261_mPFF,mtg_left
1261_mPFF_mtg_right,0,mtg,right,1261,mPFF,0,TRUE,mtg,fiber tracts,1261_mPFF,mtg_right
1261_mPFF_mtt_left,12.02161377,mtt,left,1261,mPFF,12.02161377,TRUE,mtt,fiber tracts,1261_mPFF,mtt_left
1261_mPFF_mtt_right,0,mtt,right,1261,mPFF,0,TRUE,mtt,fiber tracts,1261_mPFF,mtt_right
1261_mPFF_nst_left,0,nst,left,1261,mPFF,0,TRUE,nst,fiber tracts,1261_mPFF,nst_left
1261_mPFF_nst_right,0,nst,right,1261,mPFF,0,TRUE,nst,fiber tracts,1261_mPFF,nst_right
1261_mPFF_opt_left,2.878414563,opt,left,1261,mPFF,2.878414563,TRUE,opt,fiber tracts,1261_mPFF,opt_left
1261_mPFF_opt_right,0,opt,right,1261,mPFF,0,TRUE,opt,fiber tracts,1261_mPFF,opt_right
1261_mPFF_or_left,3.671411323,or,left,1261,mPFF,3.671411323,TRUE,or,fiber tracts,1261_mPFF,or_left
1261_mPFF_or_right,4.885465632,or,right,1261,mPFF,4.885465632,TRUE,or,fiber tracts,1261_mPFF,or_right
1261_mPFF_rust_left,0,rust,left,1261,mPFF,0,TRUE,rust,fiber tracts,1261_mPFF,rust_left
1261_mPFF_rust_right,0,rust,right,1261,mPFF,0,TRUE,rust,fiber tracts,1261_mPFF,rust_right
1261_mPFF_sV_left,0,sV,left,1261,mPFF,0,TRUE,sV,fiber tracts,1261_mPFF,sV_left
1261_mPFF_sV_right,0,sV,right,1261,mPFF,0,TRUE,sV,fiber tracts,1261_mPFF,sV_right
1261_mPFF_scp_left,0,scp,left,1261,mPFF,0,TRUE,scp,fiber tracts,1261_mPFF,scp_left
1261_mPFF_scp_right,0,scp,right,1261,mPFF,0,TRUE,scp,fiber tracts,1261_mPFF,scp_right
1261_mPFF_scwm_left,20.5156554,scwm,left,1261,mPFF,20.5156554,TRUE,scwm,fiber tracts,1261_mPFF,scwm_left
1261_mPFF_scwm_right,11.70695385,scwm,right,1261,mPFF,11.70695385,TRUE,scwm,fiber tracts,1261_mPFF,scwm_right
1261_mPFF_sm_left,0,sm,left,1261,mPFF,0,TRUE,sm,fiber tracts,1261_mPFF,sm_left
1261_mPFF_sm_right,0,sm,right,1261,mPFF,0,TRUE,sm,fiber tracts,1261_mPFF,sm_right
1261_mPFF_st_left,0,st,left,1261,mPFF,0,TRUE,st,fiber tracts,1261_mPFF,st_left
1261_mPFF_st_right,0,st,right,1261,mPFF,0,TRUE,st,fiber tracts,1261_mPFF,st_right
1261_mPFF_stc_left,0,stc,left,1261,mPFF,0,TRUE,stc,fiber tracts,1261_mPFF,stc_left
1261_mPFF_stc_right,0,stc,right,1261,mPFF,0,TRUE,stc,fiber tracts,1261_mPFF,stc_right
1261_mPFF_sup_left,0,sup,left,1261,mPFF,0,TRUE,sup,fiber tracts,1261_mPFF,sup_left
1261_mPFF_sup_right,0,sup,right,1261,mPFF,0,TRUE,sup,fiber tracts,1261_mPFF,sup_right
1261_mPFF_tspc_left,0,tspc,left,1261,mPFF,0,TRUE,tspc,fiber tracts,1261_mPFF,tspc_left
1261_mPFF_tspc_right,0,tspc,right,1261,mPFF,0,TRUE,tspc,fiber tracts,1261_mPFF,tspc_right
1431_mPFF_ACAd_left,20.55490709,ACAd,left,1431,mPFF,20.55490709,FALSE,ACA,Isocortex,1431_mPFF,ACAd_left
1431_mPFF_ACAd_right,20.54229316,ACAd,right,1431,mPFF,20.54229316,FALSE,ACA,Isocortex,1431_mPFF,ACAd_right
1431_mPFF_ACAv_left,14.97951922,ACAv,left,1431,mPFF,14.97951922,FALSE,ACA,Isocortex,1431_mPFF,ACAv_left
1431_mPFF_ACAv_right,12.00023164,ACAv,right,1431,mPFF,12.00023164,FALSE,ACA,Isocortex,1431_mPFF,ACAv_right
1431_mPFF_ACB_left,2.293555282,ACB,left,1431,mPFF,2.293555282,FALSE,ACB,STR,1431_mPFF,ACB_left
1431_mPFF_ACB_right,1.385053136,ACB,right,1431,mPFF,1.385053136,FALSE,ACB,STR,1431_mPFF,ACB_right
1431_mPFF_AId_left,16.83405668,AId,left,1431,mPFF,16.83405668,FALSE,AI,Isocortex,1431_mPFF,AId_left
1431_mPFF_AId_right,20.50605574,AId,right,1431,mPFF,20.50605574,FALSE,AI,Isocortex,1431_mPFF,AId_right
1431_mPFF_AIp_left,36.13019173,AIp,left,1431,mPFF,36.13019173,FALSE,AI,Isocortex,1431_mPFF,AIp_left
1431_mPFF_AIp_right,34.10092659,AIp,right,1431,mPFF,34.10092659,FALSE,AI,Isocortex,1431_mPFF,AIp_right
1431_mPFF_AIv_left,31.36561522,AIv,left,1431,mPFF,31.36561522,FALSE,AI,Isocortex,1431_mPFF,AIv_left
1431_mPFF_AIv_right,17.11993241,AIv,right,1431,mPFF,17.11993241,FALSE,AI,Isocortex,1431_mPFF,AIv_right
1431_mPFF_APr_left,11.38622223,APr,left,1431,mPFF,11.38622223,FALSE,APr,HPF,1431_mPFF,APr_left
1431_mPFF_APr_right,14.73655999,APr,right,1431,mPFF,14.73655999,FALSE,APr,HPF,1431_mPFF,APr_right
1431_mPFF_AQ_left,14.10422367,AQ,left,1431,mPFF,14.10422367,TRUE,AQ,VS,1431_mPFF,AQ_left
1431_mPFF_AQ_right,0,AQ,right,1431,mPFF,0,TRUE,AQ,VS,1431_mPFF,AQ_right
1431_mPFF_ARH_left,0,ARH,left,1431,mPFF,0,FALSE,ARH,HY,1431_mPFF,ARH_left
1431_mPFF_ARH_right,5.77944578,ARH,right,1431,mPFF,5.77944578,FALSE,ARH,HY,1431_mPFF,ARH_right
1431_mPFF_AT_left,0,AT,left,1431,mPFF,0,FALSE,AT,MB,1431_mPFF,AT_left
1431_mPFF_AT_right,0,AT,right,1431,mPFF,0,FALSE,AT,MB,1431_mPFF,AT_right
1431_mPFF_AUDd_left,33.21457126,AUDd,left,1431,mPFF,33.21457126,FALSE,AUDd,Isocortex,1431_mPFF,AUDd_left
1431_mPFF_AUDd_right,41.40507698,AUDd,right,1431,mPFF,41.40507698,FALSE,AUDd,Isocortex,1431_mPFF,AUDd_right
1431_mPFF_AUDp_left,34.22523967,AUDp,left,1431,mPFF,34.22523967,FALSE,AUDp,Isocortex,1431_mPFF,AUDp_left
1431_mPFF_AUDp_right,46.33052607,AUDp,right,1431,mPFF,46.33052607,FALSE,AUDp,Isocortex,1431_mPFF,AUDp_right
1431_mPFF_AUDv_left,16.26634704,AUDv,left,1431,mPFF,16.26634704,FALSE,AUDv,Isocortex,1431_mPFF,AUDv_left
1431_mPFF_AUDv_right,15.23502573,AUDv,right,1431,mPFF,15.23502573,FALSE,AUDv,Isocortex,1431_mPFF,AUDv_right
1431_mPFF_BLA_left,24.21813246,BLA,left,1431,mPFF,24.21813246,FALSE,BLA,CTXsp,1431_mPFF,BLA_left
1431_mPFF_BLA_right,20.21637984,BLA,right,1431,mPFF,20.21637984,FALSE,BLA,CTXsp,1431_mPFF,BLA_right
1431_mPFF_BMA_left,17.75125669,BMA,left,1431,mPFF,17.75125669,FALSE,BMA,CTXsp,1431_mPFF,BMA_left
1431_mPFF_BMA_right,19.16008103,BMA,right,1431,mPFF,19.16008103,FALSE,BMA,CTXsp,1431_mPFF,BMA_right
1431_mPFF_CA1_left,13.25460683,CA1,left,1431,mPFF,13.25460683,FALSE,CA1,HPF,1431_mPFF,CA1_left
1431_mPFF_CA1_right,15.77797877,CA1,right,1431,mPFF,15.77797877,FALSE,CA1,HPF,1431_mPFF,CA1_right
1431_mPFF_CA2_left,0,CA2,left,1431,mPFF,0,FALSE,CA2,HPF,1431_mPFF,CA2_left
1431_mPFF_CA2_right,0,CA2,right,1431,mPFF,0,FALSE,CA2,HPF,1431_mPFF,CA2_right
1431_mPFF_CA3_left,16.80710321,CA3,left,1431,mPFF,16.80710321,FALSE,CA3,HPF,1431_mPFF,CA3_left
1431_mPFF_CA3_right,18.60051515,CA3,right,1431,mPFF,18.60051515,FALSE,CA3,HPF,1431_mPFF,CA3_right
1431_mPFF_CB_left,0,CB,left,1431,mPFF,0,FALSE,CB,CB,1431_mPFF,CB_left
1431_mPFF_CB_right,0,CB,right,1431,mPFF,0,FALSE,CB,CB,1431_mPFF,CB_right
1431_mPFF_CEA_left,25.74979459,CEA,left,1431,mPFF,25.74979459,FALSE,CEA,STR,1431_mPFF,CEA_left
1431_mPFF_CEA_right,22.17827763,CEA,right,1431,mPFF,22.17827763,FALSE,CEA,STR,1431_mPFF,CEA_right
1431_mPFF_CLA_left,18.58525148,CLA,left,1431,mPFF,18.58525148,FALSE,CLA,CTXsp,1431_mPFF,CLA_left
1431_mPFF_CLA_right,0,CLA,right,1431,mPFF,0,FALSE,CLA,CTXsp,1431_mPFF,CLA_right
1431_mPFF_CLI_right,0,CLI,right,1431,mPFF,0,FALSE,CLI,MB,1431_mPFF,CLI_right
1431_mPFF_CL_left,9.016769325,CL,left,1431,mPFF,9.016769325,FALSE,CL,TH,1431_mPFF,CL_left
1431_mPFF_CL_right,20.0229727,CL,right,1431,mPFF,20.0229727,FALSE,CL,TH,1431_mPFF,CL_right
1431_mPFF_CM_left,5.782394065,CM,left,1431,mPFF,5.782394065,FALSE,CM,TH,1431_mPFF,CM_left
1431_mPFF_CM_right,8.149988485,CM,right,1431,mPFF,8.149988485,FALSE,CM,TH,1431_mPFF,CM_right
1431_mPFF_COA_left,8.19404248,COA,left,1431,mPFF,8.19404248,FALSE,COA,OLF,1431_mPFF,COA_left
1431_mPFF_COA_right,6.537148655,COA,right,1431,mPFF,6.537148655,FALSE,COA,OLF,1431_mPFF,COA_right
1431_mPFF_CP_left,0.89544903,CP,left,1431,mPFF,0.89544903,FALSE,CP,STR,1431_mPFF,CP_left
1431_mPFF_CP_right,0.070074469,CP,right,1431,mPFF,0.070074469,FALSE,CP,STR,1431_mPFF,CP_right
1431_mPFF_CS_left,0,CS,left,1431,mPFF,0,FALSE,CS,P,1431_mPFF,CS_left
1431_mPFF_CS_right,0,CS,right,1431,mPFF,0,FALSE,CS,P,1431_mPFF,CS_right
1431_mPFF_CTXsp_left,5.557159403,CTXsp,left,1431,mPFF,5.557159403,FALSE,CTXsp,CTXsp,1431_mPFF,CTXsp_left
1431_mPFF_CTXsp_right,0,CTXsp,right,1431,mPFF,0,FALSE,CTXsp,CTXsp,1431_mPFF,CTXsp_right
1431_mPFF_DG_left,1.785681073,DG,left,1431,mPFF,1.785681073,FALSE,DG,HPF,1431_mPFF,DG_left
1431_mPFF_DG_right,2.864724566,DG,right,1431,mPFF,2.864724566,FALSE,DG,HPF,1431_mPFF,DG_right
1431_mPFF_DMH_left,2.368625319,DMH,left,1431,mPFF,2.368625319,FALSE,DMH,HY,1431_mPFF,DMH_left
1431_mPFF_DMH_right,2.335129607,DMH,right,1431,mPFF,2.335129607,FALSE,DMH,HY,1431_mPFF,DMH_right
1431_mPFF_DR_left,0,DR,left,1431,mPFF,0,FALSE,DR,MB,1431_mPFF,DR_left
1431_mPFF_DR_right,0,DR,right,1431,mPFF,0,FALSE,DR,MB,1431_mPFF,DR_right
1431_mPFF_ECT_left,50.74730219,ECT,left,1431,mPFF,50.74730219,FALSE,ECT,Isocortex,1431_mPFF,ECT_left
1431_mPFF_ECT_right,39.51856224,ECT,right,1431,mPFF,39.51856224,FALSE,ECT,Isocortex,1431_mPFF,ECT_right
1431_mPFF_ENTl_left,4.90393171,ENTl,left,1431,mPFF,4.90393171,FALSE,ENT,HPF,1431_mPFF,ENTl_left
1431_mPFF_ENTl_right,4.421657457,ENTl,right,1431,mPFF,4.421657457,FALSE,ENT,HPF,1431_mPFF,ENTl_right
1431_mPFF_ENTm_left,9.001694396,ENTm,left,1431,mPFF,9.001694396,FALSE,ENT,HPF,1431_mPFF,ENTm_left
1431_mPFF_ENTm_right,6.20332694,ENTm,right,1431,mPFF,6.20332694,FALSE,ENT,HPF,1431_mPFF,ENTm_right
1431_mPFF_EP_left,18.21371545,EP,left,1431,mPFF,18.21371545,FALSE,EP,CTXsp,1431_mPFF,EP_left
1431_mPFF_EP_right,24.83873944,EP,right,1431,mPFF,24.83873944,FALSE,EP,CTXsp,1431_mPFF,EP_right
1431_mPFF_Eth_left,7.705927705,Eth,left,1431,mPFF,7.705927705,FALSE,Eth,TH,1431_mPFF,Eth_left
1431_mPFF_Eth_right,0,Eth,right,1431,mPFF,0,FALSE,Eth,TH,1431_mPFF,Eth_right
1431_mPFF_FC_left,0,FC,left,1431,mPFF,0,FALSE,FC,HPF,1431_mPFF,FC_left
1431_mPFF_FC_right,0,FC,right,1431,mPFF,0,FALSE,FC,HPF,1431_mPFF,FC_right
1431_mPFF_GU_left,8.657096545,GU,left,1431,mPFF,8.657096545,FALSE,GU,Isocortex,1431_mPFF,GU_left
1431_mPFF_GU_right,18.75486712,GU,right,1431,mPFF,18.75486712,FALSE,GU,Isocortex,1431_mPFF,GU_right
1431_mPFF_HATA_right,0,HATA,right,1431,mPFF,0,FALSE,HATA,HPF,1431_mPFF,HATA_right
1431_mPFF_HPF_left,9.087453895,HPF,left,1431,mPFF,9.087453895,FALSE,HPF,HPF,1431_mPFF,HPF_left
1431_mPFF_HPF_right,4.722125221,HPF,right,1431,mPFF,4.722125221,FALSE,HPF,HPF,1431_mPFF,HPF_right
1431_mPFF_HY_left,0,HY,left,1431,mPFF,0,FALSE,HY,HY,1431_mPFF,HY_left
1431_mPFF_HY_right,0.733897877,HY,right,1431,mPFF,0.733897877,FALSE,HY,HY,1431_mPFF,HY_right
1431_mPFF_IA_left,0,IA,left,1431,mPFF,0,FALSE,IA,STR,1431_mPFF,IA_left
1431_mPFF_IA_right,0,IA,right,1431,mPFF,0,FALSE,IA,STR,1431_mPFF,IA_right
1431_mPFF_IC_left,10.75158034,IC,left,1431,mPFF,10.75158034,FALSE,IC,MB,1431_mPFF,IC_left
1431_mPFF_IC_right,3.999926367,IC,right,1431,mPFF,3.999926367,FALSE,IC,MB,1431_mPFF,IC_right
1431_mPFF_IG_left,46.38374464,IG,left,1431,mPFF,46.38374464,FALSE,IG,HPF,1431_mPFF,IG_left
1431_mPFF_IG_right,18.379855,IG,right,1431,mPFF,18.379855,FALSE,IG,HPF,1431_mPFF,IG_right
1431_mPFF_IIn_left,0,IIn,left,1431,mPFF,0,TRUE,IIn,fiber tracts,1431_mPFF,IIn_left
1431_mPFF_IIn_right,0,IIn,right,1431,mPFF,0,TRUE,IIn,fiber tracts,1431_mPFF,IIn_right
1431_mPFF_IMD_left,12.17704162,IMD,left,1431,mPFF,12.17704162,FALSE,IMD,TH,1431_mPFF,IMD_left
1431_mPFF_IMD_right,0,IMD,right,1431,mPFF,0,FALSE,IMD,TH,1431_mPFF,IMD_right
1431_mPFF_IV_left,0,IV,left,1431,mPFF,0,FALSE,IV,MB,1431_mPFF,IV_left
1431_mPFF_In_left,9.65721195,In,left,1431,mPFF,9.65721195,TRUE,In,fiber tracts,1431_mPFF,In_left
1431_mPFF_In_right,9.548157125,In,right,1431,mPFF,9.548157125,TRUE,In,fiber tracts,1431_mPFF,In_right
1431_mPFF_LA_left,10.05121005,LA,left,1431,mPFF,10.05121005,FALSE,LA,CTXsp,1431_mPFF,LA_left
1431_mPFF_LA_right,18.4725198,LA,right,1431,mPFF,18.4725198,FALSE,LA,CTXsp,1431_mPFF,LA_right
1431_mPFF_LD_left,45.42532766,LD,left,1431,mPFF,45.42532766,FALSE,LD,TH,1431_mPFF,LD_left
1431_mPFF_LD_right,24.0011255,LD,right,1431,mPFF,24.0011255,FALSE,LD,TH,1431_mPFF,LD_right
1431_mPFF_LGd_left,20.40056129,LGd,left,1431,mPFF,20.40056129,FALSE,LGd,TH,1431_mPFF,LGd_left
1431_mPFF_LGd_right,6.469528855,LGd,right,1431,mPFF,6.469528855,FALSE,LGd,TH,1431_mPFF,LGd_right
1431_mPFF_LGv_left,0,LGv,left,1431,mPFF,0,FALSE,LGv,TH,1431_mPFF,LGv_left
1431_mPFF_LGv_right,0,LGv,right,1431,mPFF,0,FALSE,LGv,TH,1431_mPFF,LGv_right
1431_mPFF_LHA_left,0,LHA,left,1431,mPFF,0,FALSE,LHA,HY,1431_mPFF,LHA_left
1431_mPFF_LHA_right,0,LHA,right,1431,mPFF,0,FALSE,LHA,HY,1431_mPFF,LHA_right
1431_mPFF_LH_left,0,LH,left,1431,mPFF,0,FALSE,LH,TH,1431_mPFF,LH_left
1431_mPFF_LH_right,0,LH,right,1431,mPFF,0,FALSE,LH,TH,1431_mPFF,LH_right
1431_mPFF_LPO_right,0,LPO,right,1431,mPFF,0,FALSE,LPO,HY,1431_mPFF,LPO_right
1431_mPFF_LP_left,12.54269467,LP,left,1431,mPFF,12.54269467,FALSE,LP,TH,1431_mPFF,LP_left
1431_mPFF_LP_right,21.62491085,LP,right,1431,mPFF,21.62491085,FALSE,LP,TH,1431_mPFF,LP_right
1431_mPFF_LS_left,10.39545575,LS,left,1431,mPFF,10.39545575,FALSE,LS,STR,1431_mPFF,LS_left
1431_mPFF_LS_right,10.05627068,LS,right,1431,mPFF,10.05627068,FALSE,LS,STR,1431_mPFF,LS_right
1431_mPFF_MB_left,0,MB,left,1431,mPFF,0,FALSE,MB,MB,1431_mPFF,MB_left
1431_mPFF_MB_right,0,MB,right,1431,mPFF,0,FALSE,MB,MB,1431_mPFF,MB_right
1431_mPFF_MD_left,12.30938895,MD,left,1431,mPFF,12.30938895,FALSE,MD,TH,1431_mPFF,MD_left
1431_mPFF_MD_right,16.04629787,MD,right,1431,mPFF,16.04629787,FALSE,MD,TH,1431_mPFF,MD_right
1431_mPFF_MEA_left,12.47711981,MEA,left,1431,mPFF,12.47711981,FALSE,MEA,STR,1431_mPFF,MEA_left
1431_mPFF_MEA_right,6.815406802,MEA,right,1431,mPFF,6.815406802,FALSE,MEA,STR,1431_mPFF,MEA_right
1431_mPFF_ME_left,0,ME,left,1431,mPFF,0,FALSE,ME,HY,1431_mPFF,ME_left
1431_mPFF_ME_right,0,ME,right,1431,mPFF,0,FALSE,ME,HY,1431_mPFF,ME_right
1431_mPFF_MH_left,0,MH,left,1431,mPFF,0,FALSE,MH,TH,1431_mPFF,MH_left
1431_mPFF_MH_right,0,MH,right,1431,mPFF,0,FALSE,MH,TH,1431_mPFF,MH_right
1431_mPFF_MOp_left,28.51462463,MOp,left,1431,mPFF,28.51462463,FALSE,MOp,Isocortex,1431_mPFF,MOp_left
1431_mPFF_MOp_right,27.59126605,MOp,right,1431,mPFF,27.59126605,FALSE,MOp,Isocortex,1431_mPFF,MOp_right
1431_mPFF_MOs_left,21.77027066,MOs,left,1431,mPFF,21.77027066,FALSE,MOs,Isocortex,1431_mPFF,MOs_left
1431_mPFF_MOs_right,15.97736411,MOs,right,1431,mPFF,15.97736411,FALSE,MOs,Isocortex,1431_mPFF,MOs_right
1431_mPFF_MRN_left,0,MRN,left,1431,mPFF,0,FALSE,MRN,MB,1431_mPFF,MRN_left
1431_mPFF_MRN_right,0,MRN,right,1431,mPFF,0,FALSE,MRN,MB,1431_mPFF,MRN_right
1431_mPFF_MS_left,3.410056116,MS,left,1431,mPFF,3.410056116,FALSE,MS,PAL,1431_mPFF,MS_left
1431_mPFF_MS_right,6.905899805,MS,right,1431,mPFF,6.905899805,FALSE,MS,PAL,1431_mPFF,MS_right
1431_mPFF_NDB_left,0,NDB,left,1431,mPFF,0,FALSE,NDB,PAL,1431_mPFF,NDB_left
1431_mPFF_NDB_right,0,NDB,right,1431,mPFF,0,FALSE,NDB,PAL,1431_mPFF,NDB_right
1431_mPFF_NLL_left,0.972344552,NLL,left,1431,mPFF,0.972344552,FALSE,NLL,P,1431_mPFF,NLL_left
1431_mPFF_NLL_right,0,NLL,right,1431,mPFF,0,FALSE,NLL,P,1431_mPFF,NLL_right
1431_mPFF_OLF_left,6.29046141,OLF,left,1431,mPFF,6.29046141,FALSE,OLF,OLF,1431_mPFF,OLF_left
1431_mPFF_OLF_right,6.535940888,OLF,right,1431,mPFF,6.535940888,FALSE,OLF,OLF,1431_mPFF,OLF_right
1431_mPFF_OT_left,0,OT,left,1431,mPFF,0,FALSE,OT,STR,1431_mPFF,OT_left
1431_mPFF_OT_right,0,OT,right,1431,mPFF,0,FALSE,OT,STR,1431_mPFF,OT_right
1431_mPFF_PAA_left,27.18175887,PAA,left,1431,mPFF,27.18175887,FALSE,PAA,OLF,1431_mPFF,PAA_left
1431_mPFF_PAA_right,10.07310811,PAA,right,1431,mPFF,10.07310811,FALSE,PAA,OLF,1431_mPFF,PAA_right
1431_mPFF_PAG_left,3.639651097,PAG,left,1431,mPFF,3.639651097,FALSE,PAG,MB,1431_mPFF,PAG_left
1431_mPFF_PAG_right,0,PAG,right,1431,mPFF,0,FALSE,PAG,MB,1431_mPFF,PAG_right
1431_mPFF_PAL_left,0,PAL,left,1431,mPFF,0,FALSE,PAL,PAL,1431_mPFF,PAL_left
1431_mPFF_PAL_right,3.265223603,PAL,right,1431,mPFF,3.265223603,FALSE,PAL,PAL,1431_mPFF,PAL_right
1431_mPFF_PALd_left,1.597297126,PALd,left,1431,mPFF,1.597297126,FALSE,PAL,PAL,1431_mPFF,PALd_left
1431_mPFF_PALd_right,6.324908543,PALd,right,1431,mPFF,6.324908543,FALSE,PAL,PAL,1431_mPFF,PALd_right
1431_mPFF_PAR_left,9.390817156,PAR,left,1431,mPFF,9.390817156,FALSE,PAR,HPF,1431_mPFF,PAR_left
1431_mPFF_PAR_right,4.941940406,PAR,right,1431,mPFF,4.941940406,FALSE,PAR,HPF,1431_mPFF,PAR_right
1431_mPFF_PBG_left,0,PBG,left,1431,mPFF,0,FALSE,PBG,MB,1431_mPFF,PBG_left
1431_mPFF_PBG_right,0,PBG,right,1431,mPFF,0,FALSE,PBG,MB,1431_mPFF,PBG_right
1431_mPFF_PCN_left,31.67385047,PCN,left,1431,mPFF,31.67385047,FALSE,PCN,TH,1431_mPFF,PCN_left
1431_mPFF_PCN_right,0,PCN,right,1431,mPFF,0,FALSE,PCN,TH,1431_mPFF,PCN_right
1431_mPFF_PERI_left,37.53440833,PERI,left,1431,mPFF,37.53440833,FALSE,PERI,Isocortex,1431_mPFF,PERI_left
1431_mPFF_PERI_right,85.35977831,PERI,right,1431,mPFF,85.35977831,FALSE,PERI,Isocortex,1431_mPFF,PERI_right
1431_mPFF_PG_left,0,PG,left,1431,mPFF,0,FALSE,PG,P,1431_mPFF,PG_left
1431_mPFF_PG_right,5.051088453,PG,right,1431,mPFF,5.051088453,FALSE,PG,P,1431_mPFF,PG_right
1431_mPFF_PIR_left,17.44933615,PIR,left,1431,mPFF,17.44933615,FALSE,PIR,OLF,1431_mPFF,PIR_left
1431_mPFF_PIR_right,21.27550747,PIR,right,1431,mPFF,21.27550747,FALSE,PIR,OLF,1431_mPFF,PIR_right
1431_mPFF_POST_left,2.293894686,POST,left,1431,mPFF,2.293894686,FALSE,POST,HPF,1431_mPFF,POST_left
1431_mPFF_POST_right,28.13688204,POST,right,1431,mPFF,28.13688204,FALSE,POST,HPF,1431_mPFF,POST_right
1431_mPFF_PO_left,28.20736829,PO,left,1431,mPFF,28.20736829,FALSE,PO,TH,1431_mPFF,PO_left
1431_mPFF_PO_right,34.89659166,PO,right,1431,mPFF,34.89659166,FALSE,PO,TH,1431_mPFF,PO_right
1431_mPFF_PPN_left,0,PPN,left,1431,mPFF,0,FALSE,PPN,MB,1431_mPFF,PPN_left
1431_mPFF_PPN_right,0,PPN,right,1431,mPFF,0,FALSE,PPN,MB,1431_mPFF,PPN_right
1431_mPFF_PRC_left,0,PRC,left,1431,mPFF,0,FALSE,PRC,MB,1431_mPFF,PRC_left
1431_mPFF_PRC_right,0,PRC,right,1431,mPFF,0,FALSE,PRC,MB,1431_mPFF,PRC_right
1431_mPFF_PRE_left,18.10238348,PRE,left,1431,mPFF,18.10238348,FALSE,PRE,HPF,1431_mPFF,PRE_left
1431_mPFF_PRE_right,19.49318198,PRE,right,1431,mPFF,19.49318198,FALSE,PRE,HPF,1431_mPFF,PRE_right
1431_mPFF_PRNr_left,1.205930128,PRNr,left,1431,mPFF,1.205930128,FALSE,PRNr,P,1431_mPFF,PRNr_left
1431_mPFF_PRNr_right,0,PRNr,right,1431,mPFF,0,FALSE,PRNr,P,1431_mPFF,PRNr_right
1431_mPFF_PR_left,0,PR,left,1431,mPFF,0,FALSE,PR,TH,1431_mPFF,PR_left
1431_mPFF_PR_right,0,PR,right,1431,mPFF,0,FALSE,PR,TH,1431_mPFF,PR_right
1431_mPFF_PST_left,0,PST,left,1431,mPFF,0,FALSE,PST,HY,1431_mPFF,PST_left
1431_mPFF_PVT_left,4.027488347,PVT,left,1431,mPFF,4.027488347,FALSE,PVT,TH,1431_mPFF,PVT_left
1431_mPFF_PVT_right,0,PVT,right,1431,mPFF,0,FALSE,PVT,TH,1431_mPFF,PVT_right
1431_mPFF_PVZ_left,5.611112405,PVZ,left,1431,mPFF,5.611112405,FALSE,PVZ,HY,1431_mPFF,PVZ_left
1431_mPFF_PVZ_right,17.25207695,PVZ,right,1431,mPFF,17.25207695,FALSE,PVZ,HY,1431_mPFF,PVZ_right
1431_mPFF_P_left,0,P,left,1431,mPFF,0,FALSE,P,P,1431_mPFF,P_left
1431_mPFF_P_right,0,P,right,1431,mPFF,0,FALSE,P,P,1431_mPFF,P_right
1431_mPFF_Pa4_left,0,Pa4,left,1431,mPFF,0,FALSE,Pa4,MB,1431_mPFF,Pa4_left
1431_mPFF_Pa4_right,0,Pa4,right,1431,mPFF,0,FALSE,Pa4,MB,1431_mPFF,Pa4_right
1431_mPFF_PeF_left,0,PeF,left,1431,mPFF,0,FALSE,PeF,HY,1431_mPFF,PeF_left
1431_mPFF_PeF_right,0,PeF,right,1431,mPFF,0,FALSE,PeF,HY,1431_mPFF,PeF_right
1431_mPFF_RE_left,0,RE,left,1431,mPFF,0,FALSE,RE,TH,1431_mPFF,RE_left
1431_mPFF_RE_right,0,RE,right,1431,mPFF,0,FALSE,RE,TH,1431_mPFF,RE_right
1431_mPFF_RH_left,0,RH,left,1431,mPFF,0,FALSE,RH,TH,1431_mPFF,RH_left
1431_mPFF_RH_right,0,RH,right,1431,mPFF,0,FALSE,RH,TH,1431_mPFF,RH_right
1431_mPFF_RSPagl_left,22.88259043,RSPagl,left,1431,mPFF,22.88259043,FALSE,RSP,Isocortex,1431_mPFF,RSPagl_left
1431_mPFF_RSPagl_right,22.37486605,RSPagl,right,1431,mPFF,22.37486605,FALSE,RSP,Isocortex,1431_mPFF,RSPagl_right
1431_mPFF_RSPd_left,21.01406253,RSPd,left,1431,mPFF,21.01406253,FALSE,RSP,Isocortex,1431_mPFF,RSPd_left
1431_mPFF_RSPd_right,16.07249787,RSPd,right,1431,mPFF,16.07249787,FALSE,RSP,Isocortex,1431_mPFF,RSPd_right
1431_mPFF_RSPv_left,20.88376216,RSPv,left,1431,mPFF,20.88376216,FALSE,RSP,Isocortex,1431_mPFF,RSPv_left
1431_mPFF_RSPv_right,19.96047072,RSPv,right,1431,mPFF,19.96047072,FALSE,RSP,Isocortex,1431_mPFF,RSPv_right
1431_mPFF_RT_left,23.49498769,RT,left,1431,mPFF,23.49498769,FALSE,RT,TH,1431_mPFF,RT_left
1431_mPFF_RT_right,24.81155268,RT,right,1431,mPFF,24.81155268,FALSE,RT,TH,1431_mPFF,RT_right
1431_mPFF_SAG_left,0,SAG,left,1431,mPFF,0,FALSE,SAG,MB,1431_mPFF,SAG_left
1431_mPFF_SAG_right,0,SAG,right,1431,mPFF,0,FALSE,SAG,MB,1431_mPFF,SAG_right
1431_mPFF_SCm_left,0.79868181,SCm,left,1431,mPFF,0.79868181,FALSE,MBmot,MB,1431_mPFF,SCm_left
1431_mPFF_SCm_right,0,SCm,right,1431,mPFF,0,FALSE,MBmot,MB,1431_mPFF,SCm_right
1431_mPFF_SCs_left,0,SCs,left,1431,mPFF,0,FALSE,MBsen,MB,1431_mPFF,SCs_left
1431_mPFF_SCs_right,0,SCs,right,1431,mPFF,0,FALSE,MBsen,MB,1431_mPFF,SCs_right
1431_mPFF_SEZ_left,0,SEZ,left,1431,mPFF,0,TRUE,SEZ,VS,1431_mPFF,SEZ_left
1431_mPFF_SEZ_right,0,SEZ,right,1431,mPFF,0,TRUE,SEZ,VS,1431_mPFF,SEZ_right
1431_mPFF_SH_left,60.67687348,SH,left,1431,mPFF,60.67687348,FALSE,SH,STR,1431_mPFF,SH_left
1431_mPFF_SH_right,135.825572,SH,right,1431,mPFF,135.825572,FALSE,SH,STR,1431_mPFF,SH_right
1431_mPFF_SI_left,0,SI,left,1431,mPFF,0,FALSE,SI,PAL,1431_mPFF,SI_left
1431_mPFF_SI_right,57.79445778,SI,right,1431,mPFF,57.79445778,FALSE,SI,PAL,1431_mPFF,SI_right
1431_mPFF_SMT_left,8.324787165,SMT,left,1431,mPFF,8.324787165,FALSE,SMT,TH,1431_mPFF,SMT_left
1431_mPFF_SMT_right,16.01006337,SMT,right,1431,mPFF,16.01006337,FALSE,SMT,TH,1431_mPFF,SMT_right
1431_mPFF_SSp-bfd_left,34.70060387,SSp-bfd,left,1431,mPFF,34.70060387,FALSE,SSp,Isocortex,1431_mPFF,SSp-bfd_left
1431_mPFF_SSp-bfd_right,29.04475921,SSp-bfd,right,1431,mPFF,29.04475921,FALSE,SSp,Isocortex,1431_mPFF,SSp-bfd_right
1431_mPFF_SSp-m_left,33.73927074,SSp-m,left,1431,mPFF,33.73927074,FALSE,SSp,Isocortex,1431_mPFF,SSp-m_left
1431_mPFF_SSp-m_right,25.13385564,SSp-m,right,1431,mPFF,25.13385564,FALSE,SSp,Isocortex,1431_mPFF,SSp-m_right
1431_mPFF_SSp-tr_left,0,SSp-tr,left,1431,mPFF,0,FALSE,SSp,Isocortex,1431_mPFF,SSp-tr_left
1431_mPFF_SSp-tr_right,0,SSp-tr,right,1431,mPFF,0,FALSE,SSp,Isocortex,1431_mPFF,SSp-tr_right
1431_mPFF_SSp-ul_left,52.51509496,SSp-ul,left,1431,mPFF,52.51509496,FALSE,SSp,Isocortex,1431_mPFF,SSp-ul_left
1431_mPFF_SSp-ul_right,68.3166875,SSp-ul,right,1431,mPFF,68.3166875,FALSE,SSp,Isocortex,1431_mPFF,SSp-ul_right
1431_mPFF_SSs_left,31.61830795,SSs,left,1431,mPFF,31.61830795,FALSE,SSs,Isocortex,1431_mPFF,SSs_left
1431_mPFF_SSs_right,29.67990552,SSs,right,1431,mPFF,29.67990552,FALSE,SSs,Isocortex,1431_mPFF,SSs_right
1431_mPFF_STN_left,0,STN,left,1431,mPFF,0,FALSE,STN,HY,1431_mPFF,STN_left
1431_mPFF_STN_right,0,STN,right,1431,mPFF,0,FALSE,STN,HY,1431_mPFF,STN_right
1431_mPFF_STR_left,9.853986446,STR,left,1431,mPFF,9.853986446,FALSE,STR,STR,1431_mPFF,STR_left
1431_mPFF_STR_right,17.98785689,STR,right,1431,mPFF,17.98785689,FALSE,STR,STR,1431_mPFF,STR_right
1431_mPFF_SUB_left,2.58729982,SUB,left,1431,mPFF,2.58729982,FALSE,SUB,HPF,1431_mPFF,SUB_left
1431_mPFF_SUB_right,1.558356683,SUB,right,1431,mPFF,1.558356683,FALSE,SUB,HPF,1431_mPFF,SUB_right
1431_mPFF_TEa_left,21.65891788,TEa,left,1431,mPFF,21.65891788,FALSE,TEa,Isocortex,1431_mPFF,TEa_left
1431_mPFF_TEa_right,13.88545001,TEa,right,1431,mPFF,13.88545001,FALSE,TEa,Isocortex,1431_mPFF,TEa_right
1431_mPFF_TH_left,4.21857356,TH,left,1431,mPFF,4.21857356,FALSE,TH,TH,1431_mPFF,TH_left
1431_mPFF_TH_right,12.03544811,TH,right,1431,mPFF,12.03544811,FALSE,TH,TH,1431_mPFF,TH_right
1431_mPFF_TRN_left,2.479195371,TRN,left,1431,mPFF,2.479195371,FALSE,TRN,P,1431_mPFF,TRN_left
1431_mPFF_TRN_right,0,TRN,right,1431,mPFF,0,FALSE,TRN,P,1431_mPFF,TRN_right
1431_mPFF_TU_left,4.623556622,TU,left,1431,mPFF,4.623556622,FALSE,TU,HY,1431_mPFF,TU_left
1431_mPFF_TU_right,2.325732707,TU,right,1431,mPFF,2.325732707,FALSE,TU,HY,1431_mPFF,TU_right
1431_mPFF_V3_left,0,V3,left,1431,mPFF,0,TRUE,V3,VS,1431_mPFF,V3_left
1431_mPFF_V3_right,0,V3,right,1431,mPFF,0,TRUE,V3,VS,1431_mPFF,V3_right
1431_mPFF_VAL_left,7.089373545,VAL,left,1431,mPFF,7.089373545,FALSE,VAL,TH,1431_mPFF,VAL_left
1431_mPFF_VAL_right,20.36161057,VAL,right,1431,mPFF,20.36161057,FALSE,VAL,TH,1431_mPFF,VAL_right
1431_mPFF_VISC_left,14.71939098,VISC,left,1431,mPFF,14.71939098,FALSE,VISC,Isocortex,1431_mPFF,VISC_left
1431_mPFF_VISC_right,22.21731075,VISC,right,1431,mPFF,22.21731075,FALSE,VISC,Isocortex,1431_mPFF,VISC_right
1431_mPFF_VISa_left,15.21966146,VISa,left,1431,mPFF,15.21966146,FALSE,VISa,Isocortex,1431_mPFF,VISa_left
1431_mPFF_VISa_right,27.68977006,VISa,right,1431,mPFF,27.68977006,FALSE,VISa,Isocortex,1431_mPFF,VISa_right
1431_mPFF_VISam_left,17.47230304,VISam,left,1431,mPFF,17.47230304,FALSE,VISam,Isocortex,1431_mPFF,VISam_left
1431_mPFF_VISam_right,18.06476842,VISam,right,1431,mPFF,18.06476842,FALSE,VISam,Isocortex,1431_mPFF,VISam_right
1431_mPFF_VISl_left,25.58514853,VISl,left,1431,mPFF,25.58514853,FALSE,VISl,Isocortex,1431_mPFF,VISl_left
1431_mPFF_VISl_right,50.95850771,VISl,right,1431,mPFF,50.95850771,FALSE,VISl,Isocortex,1431_mPFF,VISl_right
1431_mPFF_VISli_left,0,VISli,left,1431,mPFF,0,FALSE,VISli,Isocortex,1431_mPFF,VISli_left
1431_mPFF_VISli_right,67.1364073,VISli,right,1431,mPFF,67.1364073,FALSE,VISli,Isocortex,1431_mPFF,VISli_right
1431_mPFF_VISp_left,37.88286495,VISp,left,1431,mPFF,37.88286495,FALSE,VISp,Isocortex,1431_mPFF,VISp_left
1431_mPFF_VISp_right,35.34481042,VISp,right,1431,mPFF,35.34481042,FALSE,VISp,Isocortex,1431_mPFF,VISp_right
1431_mPFF_VISpl_left,9.406388702,VISpl,left,1431,mPFF,9.406388702,FALSE,VISpl,Isocortex,1431_mPFF,VISpl_left
1431_mPFF_VISpl_right,10.1016743,VISpl,right,1431,mPFF,10.1016743,FALSE,VISpl,Isocortex,1431_mPFF,VISpl_right
1431_mPFF_VISpm_left,29.63818348,VISpm,left,1431,mPFF,29.63818348,FALSE,VISpm,Isocortex,1431_mPFF,VISpm_left
1431_mPFF_VISpor_left,17.30706593,VISpor,left,1431,mPFF,17.30706593,FALSE,VISpor,Isocortex,1431_mPFF,VISpor_left
1431_mPFF_VISpor_right,35.39810619,VISpor,right,1431,mPFF,35.39810619,FALSE,VISpor,Isocortex,1431_mPFF,VISpor_right
1431_mPFF_VISrl_left,15.73073467,VISrl,left,1431,mPFF,15.73073467,FALSE,VISrl,Isocortex,1431_mPFF,VISrl_left
1431_mPFF_VISrl_right,17.15292616,VISrl,right,1431,mPFF,17.15292616,FALSE,VISrl,Isocortex,1431_mPFF,VISrl_right
1431_mPFF_VL_left,0,VL,left,1431,mPFF,0,TRUE,VL,VS,1431_mPFF,VL_left
1431_mPFF_VL_right,3.10120946,VL,right,1431,mPFF,3.10120946,TRUE,VL,VS,1431_mPFF,VL_right
1431_mPFF_VMH_left,5.24609299,VMH,left,1431,mPFF,5.24609299,FALSE,VMH,HY,1431_mPFF,VMH_left
1431_mPFF_VMH_right,3.316755109,VMH,right,1431,mPFF,3.316755109,FALSE,VMH,HY,1431_mPFF,VMH_right
1431_mPFF_VM_left,3.145596596,VM,left,1431,mPFF,3.145596596,FALSE,VM,TH,1431_mPFF,VM_left
1431_mPFF_VM_right,6.013654783,VM,right,1431,mPFF,6.013654783,FALSE,VM,TH,1431_mPFF,VM_right
1431_mPFF_VPL_left,11.61416755,VPL,left,1431,mPFF,11.61416755,FALSE,VPL,TH,1431_mPFF,VPL_left
1431_mPFF_VPL_right,10.97109203,VPL,right,1431,mPFF,10.97109203,FALSE,VPL,TH,1431_mPFF,VPL_right
1431_mPFF_VPM_left,24.73676874,VPM,left,1431,mPFF,24.73676874,FALSE,VPM,TH,1431_mPFF,VPM_left
1431_mPFF_VPM_right,20.93593555,VPM,right,1431,mPFF,20.93593555,FALSE,VPM,TH,1431_mPFF,VPM_right
1431_mPFF_VP_left,0,VP,left,1431,mPFF,0,FALSE,VP,TH,1431_mPFF,VP_left
1431_mPFF_VP_right,0,VP,right,1431,mPFF,0,FALSE,VP,TH,1431_mPFF,VP_right
1431_mPFF_Xi_left,0,Xi,left,1431,mPFF,0,FALSE,Xi,TH,1431_mPFF,Xi_left
1431_mPFF_Xi_right,0,Xi,right,1431,mPFF,0,FALSE,Xi,TH,1431_mPFF,Xi_right
1431_mPFF_ZI_left,2.225910833,ZI,left,1431,mPFF,2.225910833,FALSE,ZI,HY,1431_mPFF,ZI_left
1431_mPFF_ZI_right,0,ZI,right,1431,mPFF,0,FALSE,ZI,HY,1431_mPFF,ZI_right
1431_mPFF_alv_left,6.535112313,alv,left,1431,mPFF,6.535112313,TRUE,alv,fiber tracts,1431_mPFF,alv_left
1431_mPFF_alv_right,11.88461199,alv,right,1431,mPFF,11.88461199,TRUE,alv,fiber tracts,1431_mPFF,alv_right
1431_mPFF_amc_left,21.53511303,amc,left,1431,mPFF,21.53511303,TRUE,amc,fiber tracts,1431_mPFF,amc_left
1431_mPFF_amc_right,0,amc,right,1431,mPFF,0,TRUE,amc,fiber tracts,1431_mPFF,amc_right
1431_mPFF_ar_left,7.285015685,ar,left,1431,mPFF,7.285015685,TRUE,ar,fiber tracts,1431_mPFF,ar_left
1431_mPFF_ar_right,0,ar,right,1431,mPFF,0,TRUE,ar,fiber tracts,1431_mPFF,ar_right
1431_mPFF_bic_left,0,bic,left,1431,mPFF,0,TRUE,bic,fiber tracts,1431_mPFF,bic_left
1431_mPFF_bic_right,0,bic,right,1431,mPFF,0,TRUE,bic,fiber tracts,1431_mPFF,bic_right
1431_mPFF_cc_left,22.0273875,cc,left,1431,mPFF,22.0273875,TRUE,cc,fiber tracts,1431_mPFF,cc_left
1431_mPFF_cc_right,19.80925821,cc,right,1431,mPFF,19.80925821,TRUE,cc,fiber tracts,1431_mPFF,cc_right
1431_mPFF_ccg_left,6.118543989,ccg,left,1431,mPFF,6.118543989,TRUE,ccg,fiber tracts,1431_mPFF,ccg_left
1431_mPFF_ccg_right,3.7593459,ccg,right,1431,mPFF,3.7593459,TRUE,ccg,fiber tracts,1431_mPFF,ccg_right
1431_mPFF_chpl_left,5.958191525,chpl,left,1431,mPFF,5.958191525,TRUE,chpl,VS,1431_mPFF,chpl_left
1431_mPFF_chpl_right,0,chpl,right,1431,mPFF,0,TRUE,chpl,VS,1431_mPFF,chpl_right
1431_mPFF_cing_left,16.65810052,cing,left,1431,mPFF,16.65810052,TRUE,cing,fiber tracts,1431_mPFF,cing_left
1431_mPFF_cing_right,23.87376303,cing,right,1431,mPFF,23.87376303,TRUE,cing,fiber tracts,1431_mPFF,cing_right
1431_mPFF_cst_left,0,cst,left,1431,mPFF,0,TRUE,cst,fiber tracts,1431_mPFF,cst_left
1431_mPFF_cst_right,0,cst,right,1431,mPFF,0,TRUE,cst,fiber tracts,1431_mPFF,cst_right
1431_mPFF_dhc_left,24.03425128,dhc,left,1431,mPFF,24.03425128,TRUE,dhc,fiber tracts,1431_mPFF,dhc_left
1431_mPFF_dhc_right,26.04533573,dhc,right,1431,mPFF,26.04533573,TRUE,dhc,fiber tracts,1431_mPFF,dhc_right
1431_mPFF_dscp_left,0,dscp,left,1431,mPFF,0,TRUE,dscp,fiber tracts,1431_mPFF,dscp_left
1431_mPFF_dscp_right,0,dscp,right,1431,mPFF,0,TRUE,dscp,fiber tracts,1431_mPFF,dscp_right
1431_mPFF_ec_left,12.12087382,ec,left,1431,mPFF,12.12087382,TRUE,ec,fiber tracts,1431_mPFF,ec_left
1431_mPFF_ec_right,0,ec,right,1431,mPFF,0,TRUE,ec,fiber tracts,1431_mPFF,ec_right
1431_mPFF_em_left,18.81906432,em,left,1431,mPFF,18.81906432,TRUE,em,fiber tracts,1431_mPFF,em_left
1431_mPFF_em_right,30.44260404,em,right,1431,mPFF,30.44260404,TRUE,em,fiber tracts,1431_mPFF,em_right
1431_mPFF_fi_left,5.508641247,fi,left,1431,mPFF,5.508641247,TRUE,fi,fiber tracts,1431_mPFF,fi_left
1431_mPFF_fi_right,0,fi,right,1431,mPFF,0,TRUE,fi,fiber tracts,1431_mPFF,fi_right
1431_mPFF_fiber tracts_left,8.241633905,fiber tracts,left,1431,mPFF,8.241633905,TRUE,fiber tracts,fiber tracts,1431_mPFF,fiber tracts_left
1431_mPFF_fiber tracts_right,5.747315506,fiber tracts,right,1431,mPFF,5.747315506,TRUE,fiber tracts,fiber tracts,1431_mPFF,fiber tracts_right
1431_mPFF_fr_left,0,fr,left,1431,mPFF,0,TRUE,fr,fiber tracts,1431_mPFF,fr_left
1431_mPFF_fr_right,0,fr,right,1431,mPFF,0,TRUE,fr,fiber tracts,1431_mPFF,fr_right
1431_mPFF_fx_left,0,fx,left,1431,mPFF,0,TRUE,fx,fiber tracts,1431_mPFF,fx_left
1431_mPFF_fx_right,0,fx,right,1431,mPFF,0,TRUE,fx,fiber tracts,1431_mPFF,fx_right
1431_mPFF_hbc_left,0,hbc,left,1431,mPFF,0,TRUE,hbc,fiber tracts,1431_mPFF,hbc_left
1431_mPFF_hbc_right,0,hbc,right,1431,mPFF,0,TRUE,hbc,fiber tracts,1431_mPFF,hbc_right
1431_mPFF_int_left,2.30486372,int,left,1431,mPFF,2.30486372,TRUE,int,fiber tracts,1431_mPFF,int_left
1431_mPFF_int_right,3.613889971,int,right,1431,mPFF,3.613889971,TRUE,int,fiber tracts,1431_mPFF,int_right
1431_mPFF_ll_left,0,ll,left,1431,mPFF,0,TRUE,ll,fiber tracts,1431_mPFF,ll_left
1431_mPFF_ll_right,0,ll,right,1431,mPFF,0,TRUE,ll,fiber tracts,1431_mPFF,ll_right
1431_mPFF_lotg_left,0,lotg,left,1431,mPFF,0,TRUE,In,fiber tracts,1431_mPFF,lotg_left
1431_mPFF_lotg_right,0,lotg,right,1431,mPFF,0,TRUE,In,fiber tracts,1431_mPFF,lotg_right
1431_mPFF_mcp_left,0,mcp,left,1431,mPFF,0,TRUE,mcp,fiber tracts,1431_mPFF,mcp_left
1431_mPFF_mcp_right,0,mcp,right,1431,mPFF,0,TRUE,mcp,fiber tracts,1431_mPFF,mcp_right
1431_mPFF_ml_left,0,ml,left,1431,mPFF,0,TRUE,ml,fiber tracts,1431_mPFF,ml_left
1431_mPFF_ml_right,0,ml,right,1431,mPFF,0,TRUE,ml,fiber tracts,1431_mPFF,ml_right
1431_mPFF_mlf_left,0,mlf,left,1431,mPFF,0,TRUE,mlf,fiber tracts,1431_mPFF,mlf_left
1431_mPFF_mlf_right,0,mlf,right,1431,mPFF,0,TRUE,mlf,fiber tracts,1431_mPFF,mlf_right
1431_mPFF_moV_left,0,moV,left,1431,mPFF,0,TRUE,moV,fiber tracts,1431_mPFF,moV_left
1431_mPFF_moV_right,0,moV,right,1431,mPFF,0,TRUE,moV,fiber tracts,1431_mPFF,moV_right
1431_mPFF_mtg_left,0,mtg,left,1431,mPFF,0,TRUE,mtg,fiber tracts,1431_mPFF,mtg_left
1431_mPFF_mtg_right,0,mtg,right,1431,mPFF,0,TRUE,mtg,fiber tracts,1431_mPFF,mtg_right
1431_mPFF_mtt_left,0,mtt,left,1431,mPFF,0,TRUE,mtt,fiber tracts,1431_mPFF,mtt_left
1431_mPFF_mtt_right,0,mtt,right,1431,mPFF,0,TRUE,mtt,fiber tracts,1431_mPFF,mtt_right
1431_mPFF_nst_left,0,nst,left,1431,mPFF,0,TRUE,nst,fiber tracts,1431_mPFF,nst_left
1431_mPFF_nst_right,0,nst,right,1431,mPFF,0,TRUE,nst,fiber tracts,1431_mPFF,nst_right
1431_mPFF_opt_left,0,opt,left,1431,mPFF,0,TRUE,opt,fiber tracts,1431_mPFF,opt_left
1431_mPFF_opt_right,0,opt,right,1431,mPFF,0,TRUE,opt,fiber tracts,1431_mPFF,opt_right
1431_mPFF_or_left,11.0839508,or,left,1431,mPFF,11.0839508,TRUE,or,fiber tracts,1431_mPFF,or_left
1431_mPFF_or_right,10.93751303,or,right,1431,mPFF,10.93751303,TRUE,or,fiber tracts,1431_mPFF,or_right
1431_mPFF_rust_left,0,rust,left,1431,mPFF,0,TRUE,rust,fiber tracts,1431_mPFF,rust_left
1431_mPFF_rust_right,0,rust,right,1431,mPFF,0,TRUE,rust,fiber tracts,1431_mPFF,rust_right
1431_mPFF_sV_left,0,sV,left,1431,mPFF,0,TRUE,sV,fiber tracts,1431_mPFF,sV_left
1431_mPFF_sV_right,0,sV,right,1431,mPFF,0,TRUE,sV,fiber tracts,1431_mPFF,sV_right
1431_mPFF_scp_left,0,scp,left,1431,mPFF,0,TRUE,scp,fiber tracts,1431_mPFF,scp_left
1431_mPFF_scp_right,0,scp,right,1431,mPFF,0,TRUE,scp,fiber tracts,1431_mPFF,scp_right
1431_mPFF_scwm_left,3.805325505,scwm,left,1431,mPFF,3.805325505,TRUE,scwm,fiber tracts,1431_mPFF,scwm_left
1431_mPFF_scwm_right,8.846568695,scwm,right,1431,mPFF,8.846568695,TRUE,scwm,fiber tracts,1431_mPFF,scwm_right
1431_mPFF_sm_left,0,sm,left,1431,mPFF,0,TRUE,sm,fiber tracts,1431_mPFF,sm_left
1431_mPFF_sm_right,0,sm,right,1431,mPFF,0,TRUE,sm,fiber tracts,1431_mPFF,sm_right
1431_mPFF_st_left,0,st,left,1431,mPFF,0,TRUE,st,fiber tracts,1431_mPFF,st_left
1431_mPFF_st_right,12.29669315,st,right,1431,mPFF,12.29669315,TRUE,st,fiber tracts,1431_mPFF,st_right
1431_mPFF_stc_left,0,stc,left,1431,mPFF,0,TRUE,stc,fiber tracts,1431_mPFF,stc_left
1431_mPFF_stc_right,28.75134826,stc,right,1431,mPFF,28.75134826,TRUE,stc,fiber tracts,1431_mPFF,stc_right
1431_mPFF_sup_left,0,sup,left,1431,mPFF,0,TRUE,sup,fiber tracts,1431_mPFF,sup_left
1431_mPFF_sup_right,0,sup,right,1431,mPFF,0,TRUE,sup,fiber tracts,1431_mPFF,sup_right
1431_mPFF_tspc_left,0,tspc,left,1431,mPFF,0,TRUE,tspc,fiber tracts,1431_mPFF,tspc_left
1431_mPFF_tspc_right,0,tspc,right,1431,mPFF,0,TRUE,tspc,fiber tracts,1431_mPFF,tspc_right
1433_mPFF_ACAd_left,14.9310569,ACAd,left,1433,mPFF,14.9310569,FALSE,ACA,Isocortex,1433_mPFF,ACAd_left
1433_mPFF_ACAd_right,14.88101164,ACAd,right,1433,mPFF,14.88101164,FALSE,ACA,Isocortex,1433_mPFF,ACAd_right
1433_mPFF_ACAv_left,12.43696515,ACAv,left,1433,mPFF,12.43696515,FALSE,ACA,Isocortex,1433_mPFF,ACAv_left
1433_mPFF_ACAv_right,10.79622224,ACAv,right,1433,mPFF,10.79622224,FALSE,ACA,Isocortex,1433_mPFF,ACAv_right
1433_mPFF_ACB_left,2.001753137,ACB,left,1433,mPFF,2.001753137,FALSE,ACB,STR,1433_mPFF,ACB_left
1433_mPFF_ACB_right,1.212904968,ACB,right,1433,mPFF,1.212904968,FALSE,ACB,STR,1433_mPFF,ACB_right
1433_mPFF_AId_left,18.16972601,AId,left,1433,mPFF,18.16972601,FALSE,AI,Isocortex,1433_mPFF,AId_left
1433_mPFF_AId_right,27.34123466,AId,right,1433,mPFF,27.34123466,FALSE,AI,Isocortex,1433_mPFF,AId_right
1433_mPFF_AIp_left,2.208543622,AIp,left,1433,mPFF,2.208543622,FALSE,AI,Isocortex,1433_mPFF,AIp_left
1433_mPFF_AIp_right,3.86070414,AIp,right,1433,mPFF,3.86070414,FALSE,AI,Isocortex,1433_mPFF,AIp_right
1433_mPFF_AIv_left,14.88395899,AIv,left,1433,mPFF,14.88395899,FALSE,AI,Isocortex,1433_mPFF,AIv_left
1433_mPFF_AIv_right,51.19324905,AIv,right,1433,mPFF,51.19324905,FALSE,AI,Isocortex,1433_mPFF,AIv_right
1433_mPFF_APr_left,8.64773687,APr,left,1433,mPFF,8.64773687,FALSE,APr,HPF,1433_mPFF,APr_left
1433_mPFF_APr_right,12.69439947,APr,right,1433,mPFF,12.69439947,FALSE,APr,HPF,1433_mPFF,APr_right
1433_mPFF_AQ_left,12.71727541,AQ,left,1433,mPFF,12.71727541,TRUE,AQ,VS,1433_mPFF,AQ_left
1433_mPFF_AQ_right,49.08929619,AQ,right,1433,mPFF,49.08929619,TRUE,AQ,VS,1433_mPFF,AQ_right
1433_mPFF_ARH_left,0,ARH,left,1433,mPFF,0,FALSE,ARH,HY,1433_mPFF,ARH_left
1433_mPFF_ARH_right,0,ARH,right,1433,mPFF,0,FALSE,ARH,HY,1433_mPFF,ARH_right
1433_mPFF_AT_left,0,AT,left,1433,mPFF,0,FALSE,AT,MB,1433_mPFF,AT_left
1433_mPFF_AT_right,0,AT,right,1433,mPFF,0,FALSE,AT,MB,1433_mPFF,AT_right
1433_mPFF_AUDd_left,12.74680526,AUDd,left,1433,mPFF,12.74680526,FALSE,AUDd,Isocortex,1433_mPFF,AUDd_left
1433_mPFF_AUDd_right,12.26467107,AUDd,right,1433,mPFF,12.26467107,FALSE,AUDd,Isocortex,1433_mPFF,AUDd_right
1433_mPFF_AUDp_left,2.742576711,AUDp,left,1433,mPFF,2.742576711,FALSE,AUDp,Isocortex,1433_mPFF,AUDp_left
1433_mPFF_AUDp_right,6.741561843,AUDp,right,1433,mPFF,6.741561843,FALSE,AUDp,Isocortex,1433_mPFF,AUDp_right
1433_mPFF_AUDv_left,8.384522048,AUDv,left,1433,mPFF,8.384522048,FALSE,AUDv,Isocortex,1433_mPFF,AUDv_left
1433_mPFF_AUDv_right,9.761020756,AUDv,right,1433,mPFF,9.761020756,FALSE,AUDv,Isocortex,1433_mPFF,AUDv_right
1433_mPFF_BLA_left,3.540681045,BLA,left,1433,mPFF,3.540681045,FALSE,BLA,CTXsp,1433_mPFF,BLA_left
1433_mPFF_BLA_right,16.31906924,BLA,right,1433,mPFF,16.31906924,FALSE,BLA,CTXsp,1433_mPFF,BLA_right
1433_mPFF_BMA_left,1.62424446,BMA,left,1433,mPFF,1.62424446,FALSE,BMA,CTXsp,1433_mPFF,BMA_left
1433_mPFF_BMA_right,3.285705651,BMA,right,1433,mPFF,3.285705651,FALSE,BMA,CTXsp,1433_mPFF,BMA_right
1433_mPFF_CA1_left,9.60140334,CA1,left,1433,mPFF,9.60140334,FALSE,CA1,HPF,1433_mPFF,CA1_left
1433_mPFF_CA1_right,5.550874155,CA1,right,1433,mPFF,5.550874155,FALSE,CA1,HPF,1433_mPFF,CA1_right
1433_mPFF_CA2_left,0,CA2,left,1433,mPFF,0,FALSE,CA2,HPF,1433_mPFF,CA2_left
1433_mPFF_CA2_right,0,CA2,right,1433,mPFF,0,FALSE,CA2,HPF,1433_mPFF,CA2_right
1433_mPFF_CA3_left,4.690575123,CA3,left,1433,mPFF,4.690575123,FALSE,CA3,HPF,1433_mPFF,CA3_left
1433_mPFF_CA3_right,5.607726685,CA3,right,1433,mPFF,5.607726685,FALSE,CA3,HPF,1433_mPFF,CA3_right
1433_mPFF_CB_left,0,CB,left,1433,mPFF,0,FALSE,CB,CB,1433_mPFF,CB_left
1433_mPFF_CB_right,0,CB,right,1433,mPFF,0,FALSE,CB,CB,1433_mPFF,CB_right
1433_mPFF_CEA_left,2.59375472,CEA,left,1433,mPFF,2.59375472,FALSE,CEA,STR,1433_mPFF,CEA_left
1433_mPFF_CEA_right,8.564337819,CEA,right,1433,mPFF,8.564337819,FALSE,CEA,STR,1433_mPFF,CEA_right
1433_mPFF_CLA_left,0,CLA,left,1433,mPFF,0,FALSE,CLA,CTXsp,1433_mPFF,CLA_left
1433_mPFF_CLA_right,12.91504283,CLA,right,1433,mPFF,12.91504283,FALSE,CLA,CTXsp,1433_mPFF,CLA_right
1433_mPFF_CLI_left,0,CLI,left,1433,mPFF,0,FALSE,CLI,MB,1433_mPFF,CLI_left
1433_mPFF_CLI_right,0,CLI,right,1433,mPFF,0,FALSE,CLI,MB,1433_mPFF,CLI_right
1433_mPFF_CL_left,2.876169273,CL,left,1433,mPFF,2.876169273,FALSE,CL,TH,1433_mPFF,CL_left
1433_mPFF_CL_right,2.765242635,CL,right,1433,mPFF,2.765242635,FALSE,CL,TH,1433_mPFF,CL_right
1433_mPFF_CM_left,0,CM,left,1433,mPFF,0,FALSE,CM,TH,1433_mPFF,CM_left
1433_mPFF_CM_right,5.121342225,CM,right,1433,mPFF,5.121342225,FALSE,CM,TH,1433_mPFF,CM_right
1433_mPFF_COA_left,4.072142298,COA,left,1433,mPFF,4.072142298,FALSE,COA,OLF,1433_mPFF,COA_left
1433_mPFF_COA_right,6.1707976,COA,right,1433,mPFF,6.1707976,FALSE,COA,OLF,1433_mPFF,COA_right
1433_mPFF_COAp_left,0,COAp,left,1433,mPFF,0,FALSE,COA,OLF,1433_mPFF,COAp_left
1433_mPFF_COAp_right,0,COAp,right,1433,mPFF,0,FALSE,COA,OLF,1433_mPFF,COAp_right
1433_mPFF_CP_left,0.417741461,CP,left,1433,mPFF,0.417741461,FALSE,CP,STR,1433_mPFF,CP_left
1433_mPFF_CP_right,1.07337025,CP,right,1433,mPFF,1.07337025,FALSE,CP,STR,1433_mPFF,CP_right
1433_mPFF_CS_left,0,CS,left,1433,mPFF,0,FALSE,CS,P,1433_mPFF,CS_left
1433_mPFF_CS_right,0,CS,right,1433,mPFF,0,FALSE,CS,P,1433_mPFF,CS_right
1433_mPFF_CTXsp_left,0,CTXsp,left,1433,mPFF,0,FALSE,CTXsp,CTXsp,1433_mPFF,CTXsp_left
1433_mPFF_CTXsp_right,28.1790596,CTXsp,right,1433,mPFF,28.1790596,FALSE,CTXsp,CTXsp,1433_mPFF,CTXsp_right
1433_mPFF_DG_left,0.268786471,DG,left,1433,mPFF,0.268786471,FALSE,DG,HPF,1433_mPFF,DG_left
1433_mPFF_DG_right,0,DG,right,1433,mPFF,0,FALSE,DG,HPF,1433_mPFF,DG_right
1433_mPFF_DMH_left,0,DMH,left,1433,mPFF,0,FALSE,DMH,HY,1433_mPFF,DMH_left
1433_mPFF_DMH_right,0,DMH,right,1433,mPFF,0,FALSE,DMH,HY,1433_mPFF,DMH_right
1433_mPFF_DR_left,0,DR,left,1433,mPFF,0,FALSE,DR,MB,1433_mPFF,DR_left
1433_mPFF_DR_right,0,DR,right,1433,mPFF,0,FALSE,DR,MB,1433_mPFF,DR_right
1433_mPFF_ECT_left,11.23254213,ECT,left,1433,mPFF,11.23254213,FALSE,ECT,Isocortex,1433_mPFF,ECT_left
1433_mPFF_ECT_right,9.368002808,ECT,right,1433,mPFF,9.368002808,FALSE,ECT,Isocortex,1433_mPFF,ECT_right
1433_mPFF_ENTl_left,2.254641353,ENTl,left,1433,mPFF,2.254641353,FALSE,ENT,HPF,1433_mPFF,ENTl_left
1433_mPFF_ENTl_right,3.904457455,ENTl,right,1433,mPFF,3.904457455,FALSE,ENT,HPF,1433_mPFF,ENTl_right
1433_mPFF_ENTm_left,12.28375981,ENTm,left,1433,mPFF,12.28375981,FALSE,ENT,HPF,1433_mPFF,ENTm_left
1433_mPFF_ENTm_right,16.86786453,ENTm,right,1433,mPFF,16.86786453,FALSE,ENT,HPF,1433_mPFF,ENTm_right
1433_mPFF_EP_left,5.28645446,EP,left,1433,mPFF,5.28645446,FALSE,EP,CTXsp,1433_mPFF,EP_left
1433_mPFF_EP_right,21.80125846,EP,right,1433,mPFF,21.80125846,FALSE,EP,CTXsp,1433_mPFF,EP_right
1433_mPFF_Eth_left,0,Eth,left,1433,mPFF,0,FALSE,Eth,TH,1433_mPFF,Eth_left
1433_mPFF_Eth_right,19.49093352,Eth,right,1433,mPFF,19.49093352,FALSE,Eth,TH,1433_mPFF,Eth_right
1433_mPFF_FC_left,23.34379248,FC,left,1433,mPFF,23.34379248,FALSE,FC,HPF,1433_mPFF,FC_left
1433_mPFF_FC_right,0,FC,right,1433,mPFF,0,FALSE,FC,HPF,1433_mPFF,FC_right
1433_mPFF_GU_left,6.382999375,GU,left,1433,mPFF,6.382999375,FALSE,GU,Isocortex,1433_mPFF,GU_left
1433_mPFF_GU_right,16.67465522,GU,right,1433,mPFF,16.67465522,FALSE,GU,Isocortex,1433_mPFF,GU_right
1433_mPFF_HATA_left,0,HATA,left,1433,mPFF,0,FALSE,HATA,HPF,1433_mPFF,HATA_left
1433_mPFF_HATA_right,5.153527242,HATA,right,1433,mPFF,5.153527242,FALSE,HATA,HPF,1433_mPFF,HATA_right
1433_mPFF_HPF_left,1.888502303,HPF,left,1433,mPFF,1.888502303,FALSE,HPF,HPF,1433_mPFF,HPF_left
1433_mPFF_HPF_right,1.948494852,HPF,right,1433,mPFF,1.948494852,FALSE,HPF,HPF,1433_mPFF,HPF_right
1433_mPFF_HY_left,0,HY,left,1433,mPFF,0,FALSE,HY,HY,1433_mPFF,HY_left
1433_mPFF_HY_right,0,HY,right,1433,mPFF,0,FALSE,HY,HY,1433_mPFF,HY_right
1433_mPFF_IA_left,0,IA,left,1433,mPFF,0,FALSE,IA,STR,1433_mPFF,IA_left
1433_mPFF_IA_right,0,IA,right,1433,mPFF,0,FALSE,IA,STR,1433_mPFF,IA_right
1433_mPFF_IC_left,5.572708745,IC,left,1433,mPFF,5.572708745,FALSE,IC,MB,1433_mPFF,IC_left
1433_mPFF_IC_right,2.799033945,IC,right,1433,mPFF,2.799033945,FALSE,IC,MB,1433_mPFF,IC_right
1433_mPFF_IG_left,13.20692086,IG,left,1433,mPFF,13.20692086,FALSE,IG,HPF,1433_mPFF,IG_left
1433_mPFF_IG_right,10.78115988,IG,right,1433,mPFF,10.78115988,FALSE,IG,HPF,1433_mPFF,IG_right
1433_mPFF_IMD_left,0,IMD,left,1433,mPFF,0,FALSE,IMD,TH,1433_mPFF,IMD_left
1433_mPFF_IMD_right,0,IMD,right,1433,mPFF,0,FALSE,IMD,TH,1433_mPFF,IMD_right
1433_mPFF_IV_left,0,IV,left,1433,mPFF,0,FALSE,IV,MB,1433_mPFF,IV_left
1433_mPFF_In_left,8.319320225,In,left,1433,mPFF,8.319320225,TRUE,In,fiber tracts,1433_mPFF,In_left
1433_mPFF_In_right,18.42363185,In,right,1433,mPFF,18.42363185,TRUE,In,fiber tracts,1433_mPFF,In_right
1433_mPFF_LA_left,3.983266176,LA,left,1433,mPFF,3.983266176,FALSE,LA,CTXsp,1433_mPFF,LA_left
1433_mPFF_LA_right,0,LA,right,1433,mPFF,0,FALSE,LA,CTXsp,1433_mPFF,LA_right
1433_mPFF_LGd_left,9.350193235,LGd,left,1433,mPFF,9.350193235,FALSE,LGd,TH,1433_mPFF,LGd_left
1433_mPFF_LGd_right,0,LGd,right,1433,mPFF,0,FALSE,LGd,TH,1433_mPFF,LGd_right
1433_mPFF_LGv_left,0,LGv,left,1433,mPFF,0,FALSE,LGv,TH,1433_mPFF,LGv_left
1433_mPFF_LGv_right,0,LGv,right,1433,mPFF,0,FALSE,LGv,TH,1433_mPFF,LGv_right
1433_mPFF_LHA_left,0,LHA,left,1433,mPFF,0,FALSE,LHA,HY,1433_mPFF,LHA_left
1433_mPFF_LHA_right,1.152448997,LHA,right,1433,mPFF,1.152448997,FALSE,LHA,HY,1433_mPFF,LHA_right
1433_mPFF_LH_left,2.969772415,LH,left,1433,mPFF,2.969772415,FALSE,LH,TH,1433_mPFF,LH_left
1433_mPFF_LH_right,0,LH,right,1433,mPFF,0,FALSE,LH,TH,1433_mPFF,LH_right
1433_mPFF_LP_left,3.84591217,LP,left,1433,mPFF,3.84591217,FALSE,LP,TH,1433_mPFF,LP_left
1433_mPFF_LP_right,1.935936502,LP,right,1433,mPFF,1.935936502,FALSE,LP,TH,1433_mPFF,LP_right
1433_mPFF_LS_left,11.41337578,LS,left,1433,mPFF,11.41337578,FALSE,LS,STR,1433_mPFF,LS_left
1433_mPFF_LS_right,13.12622574,LS,right,1433,mPFF,13.12622574,FALSE,LS,STR,1433_mPFF,LS_right
1433_mPFF_MB_left,1.72201606,MB,left,1433,mPFF,1.72201606,FALSE,MB,MB,1433_mPFF,MB_left
1433_mPFF_MB_right,2.419365709,MB,right,1433,mPFF,2.419365709,FALSE,MB,MB,1433_mPFF,MB_right
1433_mPFF_MD_left,1.072417817,MD,left,1433,mPFF,1.072417817,FALSE,MD,TH,1433_mPFF,MD_left
1433_mPFF_MD_right,5.425854465,MD,right,1433,mPFF,5.425854465,FALSE,MD,TH,1433_mPFF,MD_right
1433_mPFF_MEA_left,4.849193606,MEA,left,1433,mPFF,4.849193606,FALSE,MEA,STR,1433_mPFF,MEA_left
1433_mPFF_MEA_right,7.983813335,MEA,right,1433,mPFF,7.983813335,FALSE,MEA,STR,1433_mPFF,MEA_right
1433_mPFF_ME_left,0,ME,left,1433,mPFF,0,FALSE,ME,HY,1433_mPFF,ME_left
1433_mPFF_ME_right,0,ME,right,1433,mPFF,0,FALSE,ME,HY,1433_mPFF,ME_right
1433_mPFF_MH_left,0,MH,left,1433,mPFF,0,FALSE,MH,TH,1433_mPFF,MH_left
1433_mPFF_MH_right,0,MH,right,1433,mPFF,0,FALSE,MH,TH,1433_mPFF,MH_right
1433_mPFF_MOp_left,20.87284314,MOp,left,1433,mPFF,20.87284314,FALSE,MOp,Isocortex,1433_mPFF,MOp_left
1433_mPFF_MOp_right,26.84676742,MOp,right,1433,mPFF,26.84676742,FALSE,MOp,Isocortex,1433_mPFF,MOp_right
1433_mPFF_MOs_left,21.46801298,MOs,left,1433,mPFF,21.46801298,FALSE,MOs,Isocortex,1433_mPFF,MOs_left
1433_mPFF_MOs_right,16.1745342,MOs,right,1433,mPFF,16.1745342,FALSE,MOs,Isocortex,1433_mPFF,MOs_right
1433_mPFF_MRN_left,1.000944595,MRN,left,1433,mPFF,1.000944595,FALSE,MRN,MB,1433_mPFF,MRN_left
1433_mPFF_MRN_right,0,MRN,right,1433,mPFF,0,FALSE,MRN,MB,1433_mPFF,MRN_right
1433_mPFF_MS_left,4.759250758,MS,left,1433,mPFF,4.759250758,FALSE,MS,PAL,1433_mPFF,MS_left
1433_mPFF_MS_right,0,MS,right,1433,mPFF,0,FALSE,MS,PAL,1433_mPFF,MS_right
1433_mPFF_NDB_left,0,NDB,left,1433,mPFF,0,FALSE,NDB,PAL,1433_mPFF,NDB_left
1433_mPFF_NDB_right,0,NDB,right,1433,mPFF,0,FALSE,NDB,PAL,1433_mPFF,NDB_right
1433_mPFF_NLL_left,5.782113512,NLL,left,1433,mPFF,5.782113512,FALSE,NLL,P,1433_mPFF,NLL_left
1433_mPFF_NLL_right,2.452213962,NLL,right,1433,mPFF,2.452213962,FALSE,NLL,P,1433_mPFF,NLL_right
1433_mPFF_OLF_left,0,OLF,left,1433,mPFF,0,FALSE,OLF,OLF,1433_mPFF,OLF_left
1433_mPFF_OLF_right,5.153920333,OLF,right,1433,mPFF,5.153920333,FALSE,OLF,OLF,1433_mPFF,OLF_right
1433_mPFF_OT_left,0,OT,left,1433,mPFF,0,FALSE,OT,STR,1433_mPFF,OT_left
1433_mPFF_OT_right,0.730314922,OT,right,1433,mPFF,0.730314922,FALSE,OT,STR,1433_mPFF,OT_right
1433_mPFF_PAA_left,6.120628515,PAA,left,1433,mPFF,6.120628515,FALSE,PAA,OLF,1433_mPFF,PAA_left
1433_mPFF_PAA_right,8.76666442,PAA,right,1433,mPFF,8.76666442,FALSE,PAA,OLF,1433_mPFF,PAA_right
1433_mPFF_PAG_left,1.17489656,PAG,left,1433,mPFF,1.17489656,FALSE,PAG,MB,1433_mPFF,PAG_left
1433_mPFF_PAG_right,2.44108421,PAG,right,1433,mPFF,2.44108421,FALSE,PAG,MB,1433_mPFF,PAG_right
1433_mPFF_PAL_left,2.191666106,PAL,left,1433,mPFF,2.191666106,FALSE,PAL,PAL,1433_mPFF,PAL_left
1433_mPFF_PAL_right,0,PAL,right,1433,mPFF,0,FALSE,PAL,PAL,1433_mPFF,PAL_right
1433_mPFF_PALd_left,0,PALd,left,1433,mPFF,0,FALSE,PAL,PAL,1433_mPFF,PALd_left
1433_mPFF_PALd_right,0,PALd,right,1433,mPFF,0,FALSE,PAL,PAL,1433_mPFF,PALd_right
1433_mPFF_PAR_left,13.06892465,PAR,left,1433,mPFF,13.06892465,FALSE,PAR,HPF,1433_mPFF,PAR_left
1433_mPFF_PAR_right,17.40810944,PAR,right,1433,mPFF,17.40810944,FALSE,PAR,HPF,1433_mPFF,PAR_right
1433_mPFF_PBG_left,0,PBG,left,1433,mPFF,0,FALSE,PBG,MB,1433_mPFF,PBG_left
1433_mPFF_PBG_right,0,PBG,right,1433,mPFF,0,FALSE,PBG,MB,1433_mPFF,PBG_right
1433_mPFF_PCN_left,19.21115936,PCN,left,1433,mPFF,19.21115936,FALSE,PCN,TH,1433_mPFF,PCN_left
1433_mPFF_PCN_right,14.76151583,PCN,right,1433,mPFF,14.76151583,FALSE,PCN,TH,1433_mPFF,PCN_right
1433_mPFF_PERI_left,5.187509439,PERI,left,1433,mPFF,5.187509439,FALSE,PERI,Isocortex,1433_mPFF,PERI_left
1433_mPFF_PERI_right,30.71014657,PERI,right,1433,mPFF,30.71014657,FALSE,PERI,Isocortex,1433_mPFF,PERI_right
1433_mPFF_PG_left,3.059647237,PG,left,1433,mPFF,3.059647237,FALSE,PG,P,1433_mPFF,PG_left
1433_mPFF_PG_right,4.139311704,PG,right,1433,mPFF,4.139311704,FALSE,PG,P,1433_mPFF,PG_right
1433_mPFF_PIR_left,8.84214354,PIR,left,1433,mPFF,8.84214354,FALSE,PIR,OLF,1433_mPFF,PIR_left
1433_mPFF_PIR_right,6.643667097,PIR,right,1433,mPFF,6.643667097,FALSE,PIR,OLF,1433_mPFF,PIR_right
1433_mPFF_POST_left,51.70372255,POST,left,1433,mPFF,51.70372255,FALSE,POST,HPF,1433_mPFF,POST_left
1433_mPFF_PO_left,24.12525849,PO,left,1433,mPFF,24.12525849,FALSE,PO,TH,1433_mPFF,PO_left
1433_mPFF_PO_right,23.18404026,PO,right,1433,mPFF,23.18404026,FALSE,PO,TH,1433_mPFF,PO_right
1433_mPFF_PPN_left,1.140934665,PPN,left,1433,mPFF,1.140934665,FALSE,PPN,MB,1433_mPFF,PPN_left
1433_mPFF_PPN_right,0,PPN,right,1433,mPFF,0,FALSE,PPN,MB,1433_mPFF,PPN_right
1433_mPFF_PRC_left,0,PRC,left,1433,mPFF,0,FALSE,PRC,MB,1433_mPFF,PRC_left
1433_mPFF_PRC_right,0,PRC,right,1433,mPFF,0,FALSE,PRC,MB,1433_mPFF,PRC_right
1433_mPFF_PRE_left,11.10281027,PRE,left,1433,mPFF,11.10281027,FALSE,PRE,HPF,1433_mPFF,PRE_left
1433_mPFF_PRE_right,6.180788343,PRE,right,1433,mPFF,6.180788343,FALSE,PRE,HPF,1433_mPFF,PRE_right
1433_mPFF_PRNr_left,1.507202553,PRNr,left,1433,mPFF,1.507202553,FALSE,PRNr,P,1433_mPFF,PRNr_left
1433_mPFF_PRNr_right,1.658504675,PRNr,right,1433,mPFF,1.658504675,FALSE,PRNr,P,1433_mPFF,PRNr_right
1433_mPFF_PR_left,0,PR,left,1433,mPFF,0,FALSE,PR,TH,1433_mPFF,PR_left
1433_mPFF_PR_right,0,PR,right,1433,mPFF,0,FALSE,PR,TH,1433_mPFF,PR_right
1433_mPFF_PST_left,0,PST,left,1433,mPFF,0,FALSE,PST,HY,1433_mPFF,PST_left
1433_mPFF_PST_right,0,PST,right,1433,mPFF,0,FALSE,PST,HY,1433_mPFF,PST_right
1433_mPFF_PVT_left,0,PVT,left,1433,mPFF,0,FALSE,PVT,TH,1433_mPFF,PVT_left
1433_mPFF_PVT_right,0,PVT,right,1433,mPFF,0,FALSE,PVT,TH,1433_mPFF,PVT_right
1433_mPFF_PVZ_left,0,PVZ,left,1433,mPFF,0,FALSE,PVZ,HY,1433_mPFF,PVZ_left
1433_mPFF_PVZ_right,0,PVZ,right,1433,mPFF,0,FALSE,PVZ,HY,1433_mPFF,PVZ_right
1433_mPFF_P_left,2.405451058,P,left,1433,mPFF,2.405451058,FALSE,P,P,1433_mPFF,P_left
1433_mPFF_P_right,2.317922557,P,right,1433,mPFF,2.317922557,FALSE,P,P,1433_mPFF,P_right
1433_mPFF_Pa4_left,47.06364489,Pa4,left,1433,mPFF,47.06364489,FALSE,Pa4,MB,1433_mPFF,Pa4_left
1433_mPFF_Pa4_right,0,Pa4,right,1433,mPFF,0,FALSE,Pa4,MB,1433_mPFF,Pa4_right
1433_mPFF_PeF_left,0,PeF,left,1433,mPFF,0,FALSE,PeF,HY,1433_mPFF,PeF_left
1433_mPFF_PeF_right,0,PeF,right,1433,mPFF,0,FALSE,PeF,HY,1433_mPFF,PeF_right
1433_mPFF_ProS_left,0,ProS,left,1433,mPFF,0,FALSE,ProS,HPF,1433_mPFF,ProS_left
1433_mPFF_RE_left,0,RE,left,1433,mPFF,0,FALSE,RE,TH,1433_mPFF,RE_left
1433_mPFF_RE_right,0,RE,right,1433,mPFF,0,FALSE,RE,TH,1433_mPFF,RE_right
1433_mPFF_RH_left,0,RH,left,1433,mPFF,0,FALSE,RH,TH,1433_mPFF,RH_left
1433_mPFF_RH_right,0,RH,right,1433,mPFF,0,FALSE,RH,TH,1433_mPFF,RH_right
1433_mPFF_RSPagl_left,21.52824457,RSPagl,left,1433,mPFF,21.52824457,FALSE,RSP,Isocortex,1433_mPFF,RSPagl_left
1433_mPFF_RSPagl_right,8.059761663,RSPagl,right,1433,mPFF,8.059761663,FALSE,RSP,Isocortex,1433_mPFF,RSPagl_right
1433_mPFF_RSPd_left,17.36258667,RSPd,left,1433,mPFF,17.36258667,FALSE,RSP,Isocortex,1433_mPFF,RSPd_left
1433_mPFF_RSPd_right,13.7635732,RSPd,right,1433,mPFF,13.7635732,FALSE,RSP,Isocortex,1433_mPFF,RSPd_right
1433_mPFF_RSPv_left,20.35874234,RSPv,left,1433,mPFF,20.35874234,FALSE,RSP,Isocortex,1433_mPFF,RSPv_left
1433_mPFF_RSPv_right,12.0814363,RSPv,right,1433,mPFF,12.0814363,FALSE,RSP,Isocortex,1433_mPFF,RSPv_right
1433_mPFF_RT_left,9.87327616,RT,left,1433,mPFF,9.87327616,FALSE,RT,TH,1433_mPFF,RT_left
1433_mPFF_RT_right,2.307547302,RT,right,1433,mPFF,2.307547302,FALSE,RT,TH,1433_mPFF,RT_right
1433_mPFF_SAG_left,0,SAG,left,1433,mPFF,0,FALSE,SAG,MB,1433_mPFF,SAG_left
1433_mPFF_SAG_right,0,SAG,right,1433,mPFF,0,FALSE,SAG,MB,1433_mPFF,SAG_right
1433_mPFF_SCm_left,0.354888274,SCm,left,1433,mPFF,0.354888274,FALSE,MBmot,MB,1433_mPFF,SCm_left
1433_mPFF_SCm_right,1.219612361,SCm,right,1433,mPFF,1.219612361,FALSE,MBmot,MB,1433_mPFF,SCm_right
1433_mPFF_SCs_left,0,SCs,left,1433,mPFF,0,FALSE,MBsen,MB,1433_mPFF,SCs_left
1433_mPFF_SCs_right,4.368226343,SCs,right,1433,mPFF,4.368226343,FALSE,MBsen,MB,1433_mPFF,SCs_right
1433_mPFF_SEZ_left,0,SEZ,left,1433,mPFF,0,TRUE,SEZ,VS,1433_mPFF,SEZ_left
1433_mPFF_SEZ_right,0,SEZ,right,1433,mPFF,0,TRUE,SEZ,VS,1433_mPFF,SEZ_right
1433_mPFF_SH_left,26.01370218,SH,left,1433,mPFF,26.01370218,FALSE,SH,STR,1433_mPFF,SH_left
1433_mPFF_SH_right,106.7056706,SH,right,1433,mPFF,106.7056706,FALSE,SH,STR,1433_mPFF,SH_right
1433_mPFF_SI_left,0,SI,left,1433,mPFF,0,FALSE,SI,PAL,1433_mPFF,SI_left
1433_mPFF_SI_right,0,SI,right,1433,mPFF,0,FALSE,SI,PAL,1433_mPFF,SI_right
1433_mPFF_SMT_left,0,SMT,left,1433,mPFF,0,FALSE,SMT,TH,1433_mPFF,SMT_left
1433_mPFF_SMT_right,0,SMT,right,1433,mPFF,0,FALSE,SMT,TH,1433_mPFF,SMT_right
1433_mPFF_SSp-bfd_left,12.46850566,SSp-bfd,left,1433,mPFF,12.46850566,FALSE,SSp,Isocortex,1433_mPFF,SSp-bfd_left
1433_mPFF_SSp-bfd_right,10.62901601,SSp-bfd,right,1433,mPFF,10.62901601,FALSE,SSp,Isocortex,1433_mPFF,SSp-bfd_right
1433_mPFF_SSp-m_left,37.04059525,SSp-m,left,1433,mPFF,37.04059525,FALSE,SSp,Isocortex,1433_mPFF,SSp-m_left
1433_mPFF_SSp-m_right,26.31372051,SSp-m,right,1433,mPFF,26.31372051,FALSE,SSp,Isocortex,1433_mPFF,SSp-m_right
1433_mPFF_SSp-ul_left,24.91524329,SSp-ul,left,1433,mPFF,24.91524329,FALSE,SSp,Isocortex,1433_mPFF,SSp-ul_left
1433_mPFF_SSp-ul_right,39.80477063,SSp-ul,right,1433,mPFF,39.80477063,FALSE,SSp,Isocortex,1433_mPFF,SSp-ul_right
1433_mPFF_SSs_left,14.84593266,SSs,left,1433,mPFF,14.84593266,FALSE,SSs,Isocortex,1433_mPFF,SSs_left
1433_mPFF_SSs_right,16.13734502,SSs,right,1433,mPFF,16.13734502,FALSE,SSs,Isocortex,1433_mPFF,SSs_right
1433_mPFF_STN_left,6.8284563,STN,left,1433,mPFF,6.8284563,FALSE,STN,HY,1433_mPFF,STN_left
1433_mPFF_STN_right,0,STN,right,1433,mPFF,0,FALSE,STN,HY,1433_mPFF,STN_right
1433_mPFF_STR_left,16.60834026,STR,left,1433,mPFF,16.60834026,FALSE,STR,STR,1433_mPFF,STR_left
1433_mPFF_STR_right,7.702122138,STR,right,1433,mPFF,7.702122138,FALSE,STR,STR,1433_mPFF,STR_right
1433_mPFF_SUB_left,2.173330026,SUB,left,1433,mPFF,2.173330026,FALSE,SUB,HPF,1433_mPFF,SUB_left
1433_mPFF_SUB_right,2.79158153,SUB,right,1433,mPFF,2.79158153,FALSE,SUB,HPF,1433_mPFF,SUB_right
1433_mPFF_TEa_left,4.549725688,TEa,left,1433,mPFF,4.549725688,FALSE,TEa,Isocortex,1433_mPFF,TEa_left
1433_mPFF_TEa_right,5.712250971,TEa,right,1433,mPFF,5.712250971,FALSE,TEa,Isocortex,1433_mPFF,TEa_right
1433_mPFF_TH_left,13.32455411,TH,left,1433,mPFF,13.32455411,FALSE,TH,TH,1433_mPFF,TH_left
1433_mPFF_TH_right,0,TH,right,1433,mPFF,0,FALSE,TH,TH,1433_mPFF,TH_right
1433_mPFF_TRN_left,4.642411314,TRN,left,1433,mPFF,4.642411314,FALSE,TRN,P,1433_mPFF,TRN_left
1433_mPFF_TRN_right,2.400799632,TRN,right,1433,mPFF,2.400799632,FALSE,TRN,P,1433_mPFF,TRN_right
1433_mPFF_TU_left,0,TU,left,1433,mPFF,0,FALSE,TU,HY,1433_mPFF,TU_left
1433_mPFF_TU_right,0,TU,right,1433,mPFF,0,FALSE,TU,HY,1433_mPFF,TU_right
1433_mPFF_V3_left,0,V3,left,1433,mPFF,0,TRUE,V3,VS,1433_mPFF,V3_left
1433_mPFF_V3_right,2.460252638,V3,right,1433,mPFF,2.460252638,TRUE,V3,VS,1433_mPFF,V3_right
1433_mPFF_VAL_left,0,VAL,left,1433,mPFF,0,FALSE,VAL,TH,1433_mPFF,VAL_left
1433_mPFF_VAL_right,0,VAL,right,1433,mPFF,0,FALSE,VAL,TH,1433_mPFF,VAL_right
1433_mPFF_VISC_left,0,VISC,left,1433,mPFF,0,FALSE,VISC,Isocortex,1433_mPFF,VISC_left
1433_mPFF_VISC_right,4.130794553,VISC,right,1433,mPFF,4.130794553,FALSE,VISC,Isocortex,1433_mPFF,VISC_right
1433_mPFF_VISa_left,23.0234749,VISa,left,1433,mPFF,23.0234749,FALSE,VISa,Isocortex,1433_mPFF,VISa_left
1433_mPFF_VISa_right,1.751802926,VISa,right,1433,mPFF,1.751802926,FALSE,VISa,Isocortex,1433_mPFF,VISa_right
1433_mPFF_VISam_left,7.559747374,VISam,left,1433,mPFF,7.559747374,FALSE,VISam,Isocortex,1433_mPFF,VISam_left
1433_mPFF_VISam_right,4.153744894,VISam,right,1433,mPFF,4.153744894,FALSE,VISam,Isocortex,1433_mPFF,VISam_right
1433_mPFF_VISl_left,0,VISl,left,1433,mPFF,0,FALSE,VISl,Isocortex,1433_mPFF,VISl_left
1433_mPFF_VISl_right,231.5313921,VISl,right,1433,mPFF,231.5313921,FALSE,VISl,Isocortex,1433_mPFF,VISl_right
1433_mPFF_VISp_left,20.55164006,VISp,left,1433,mPFF,20.55164006,FALSE,VISp,Isocortex,1433_mPFF,VISp_left
1433_mPFF_VISp_right,30.8245721,VISp,right,1433,mPFF,30.8245721,FALSE,VISp,Isocortex,1433_mPFF,VISp_right
1433_mPFF_VISpl_left,31.46042982,VISpl,left,1433,mPFF,31.46042982,FALSE,VISpl,Isocortex,1433_mPFF,VISpl_left
1433_mPFF_VISpl_right,14.89465508,VISpl,right,1433,mPFF,14.89465508,FALSE,VISpl,Isocortex,1433_mPFF,VISpl_right
1433_mPFF_VISpm_left,0,VISpm,left,1433,mPFF,0,FALSE,VISpm,Isocortex,1433_mPFF,VISpm_left
1433_mPFF_VISpor_left,12.09065364,VISpor,left,1433,mPFF,12.09065364,FALSE,VISpor,Isocortex,1433_mPFF,VISpor_left
1433_mPFF_VISpor_right,10.27873274,VISpor,right,1433,mPFF,10.27873274,FALSE,VISpor,Isocortex,1433_mPFF,VISpor_right
1433_mPFF_VISrl_left,10.03848538,VISrl,left,1433,mPFF,10.03848538,FALSE,VISrl,Isocortex,1433_mPFF,VISrl_left
1433_mPFF_VISrl_right,11.39430688,VISrl,right,1433,mPFF,11.39430688,FALSE,VISrl,Isocortex,1433_mPFF,VISrl_right
1433_mPFF_VL_left,0,VL,left,1433,mPFF,0,TRUE,VL,VS,1433_mPFF,VL_left
1433_mPFF_VL_right,3.273710127,VL,right,1433,mPFF,3.273710127,TRUE,VL,VS,1433_mPFF,VL_right
1433_mPFF_VMH_left,1.358299156,VMH,left,1433,mPFF,1.358299156,FALSE,VMH,HY,1433_mPFF,VMH_left
1433_mPFF_VMH_right,1.386440713,VMH,right,1433,mPFF,1.386440713,FALSE,VMH,HY,1433_mPFF,VMH_right
1433_mPFF_VM_left,2.815660803,VM,left,1433,mPFF,2.815660803,FALSE,VM,TH,1433_mPFF,VM_left
1433_mPFF_VM_right,2.939335509,VM,right,1433,mPFF,2.939335509,FALSE,VM,TH,1433_mPFF,VM_right
1433_mPFF_VPL_left,8.785847495,VPL,left,1433,mPFF,8.785847495,FALSE,VPL,TH,1433_mPFF,VPL_left
1433_mPFF_VPL_right,4.317346565,VPL,right,1433,mPFF,4.317346565,FALSE,VPL,TH,1433_mPFF,VPL_right
1433_mPFF_VPM_left,8.467994805,VPM,left,1433,mPFF,8.467994805,FALSE,VPM,TH,1433_mPFF,VPM_left
1433_mPFF_VPM_right,8.49555989,VPM,right,1433,mPFF,8.49555989,FALSE,VPM,TH,1433_mPFF,VPM_right
1433_mPFF_VP_left,0,VP,left,1433,mPFF,0,FALSE,VP,TH,1433_mPFF,VP_left
1433_mPFF_VP_right,0,VP,right,1433,mPFF,0,FALSE,VP,TH,1433_mPFF,VP_right
1433_mPFF_Xi_left,0,Xi,left,1433,mPFF,0,FALSE,Xi,TH,1433_mPFF,Xi_left
1433_mPFF_Xi_right,0,Xi,right,1433,mPFF,0,FALSE,Xi,TH,1433_mPFF,Xi_right
1433_mPFF_ZI_left,0,ZI,left,1433,mPFF,0,FALSE,ZI,HY,1433_mPFF,ZI_left
1433_mPFF_ZI_right,0,ZI,right,1433,mPFF,0,FALSE,ZI,HY,1433_mPFF,ZI_right
1433_mPFF_alv_left,2.323571936,alv,left,1433,mPFF,2.323571936,TRUE,alv,fiber tracts,1433_mPFF,alv_left
1433_mPFF_alv_right,0,alv,right,1433,mPFF,0,TRUE,alv,fiber tracts,1433_mPFF,alv_right
1433_mPFF_amc_left,11.67189624,amc,left,1433,mPFF,11.67189624,TRUE,amc,fiber tracts,1433_mPFF,amc_left
1433_mPFF_amc_right,0,amc,right,1433,mPFF,0,TRUE,amc,fiber tracts,1433_mPFF,amc_right
1433_mPFF_ar_left,0,ar,left,1433,mPFF,0,TRUE,ar,fiber tracts,1433_mPFF,ar_left
1433_mPFF_ar_right,2.478476732,ar,right,1433,mPFF,2.478476732,TRUE,ar,fiber tracts,1433_mPFF,ar_right
1433_mPFF_bic_left,0,bic,left,1433,mPFF,0,TRUE,bic,fiber tracts,1433_mPFF,bic_left
1433_mPFF_bic_right,0,bic,right,1433,mPFF,0,TRUE,bic,fiber tracts,1433_mPFF,bic_right
1433_mPFF_cc_left,19.57427138,cc,left,1433,mPFF,19.57427138,TRUE,cc,fiber tracts,1433_mPFF,cc_left
1433_mPFF_cc_right,1.674832719,cc,right,1433,mPFF,1.674832719,TRUE,cc,fiber tracts,1433_mPFF,cc_right
1433_mPFF_ccg_left,5.830916788,ccg,left,1433,mPFF,5.830916788,TRUE,ccg,fiber tracts,1433_mPFF,ccg_left
1433_mPFF_ccg_right,5.342670606,ccg,right,1433,mPFF,5.342670606,TRUE,ccg,fiber tracts,1433_mPFF,ccg_right
1433_mPFF_chpl_left,0,chpl,left,1433,mPFF,0,TRUE,chpl,VS,1433_mPFF,chpl_left
1433_mPFF_chpl_right,0,chpl,right,1433,mPFF,0,TRUE,chpl,VS,1433_mPFF,chpl_right
1433_mPFF_cing_left,3.65641113,cing,left,1433,mPFF,3.65641113,TRUE,cing,fiber tracts,1433_mPFF,cing_left
1433_mPFF_cing_right,8.859963573,cing,right,1433,mPFF,8.859963573,TRUE,cing,fiber tracts,1433_mPFF,cing_right
1433_mPFF_cst_left,15.81620679,cst,left,1433,mPFF,15.81620679,TRUE,cst,fiber tracts,1433_mPFF,cst_left
1433_mPFF_cst_right,0,cst,right,1433,mPFF,0,TRUE,cst,fiber tracts,1433_mPFF,cst_right
1433_mPFF_dhc_left,0,dhc,left,1433,mPFF,0,TRUE,dhc,fiber tracts,1433_mPFF,dhc_left
1433_mPFF_dhc_right,13.7504531,dhc,right,1433,mPFF,13.7504531,TRUE,dhc,fiber tracts,1433_mPFF,dhc_right
1433_mPFF_dscp_left,0,dscp,left,1433,mPFF,0,TRUE,dscp,fiber tracts,1433_mPFF,dscp_left
1433_mPFF_dscp_right,0,dscp,right,1433,mPFF,0,TRUE,dscp,fiber tracts,1433_mPFF,dscp_right
1433_mPFF_ec_left,0,ec,left,1433,mPFF,0,TRUE,ec,fiber tracts,1433_mPFF,ec_left
1433_mPFF_ec_right,5.662749546,ec,right,1433,mPFF,5.662749546,TRUE,ec,fiber tracts,1433_mPFF,ec_right
1433_mPFF_em_left,0,em,left,1433,mPFF,0,TRUE,em,fiber tracts,1433_mPFF,em_left
1433_mPFF_em_right,31.36822114,em,right,1433,mPFF,31.36822114,TRUE,em,fiber tracts,1433_mPFF,em_right
1433_mPFF_fi_left,0,fi,left,1433,mPFF,0,TRUE,fi,fiber tracts,1433_mPFF,fi_left
1433_mPFF_fi_right,2.892746618,fi,right,1433,mPFF,2.892746618,TRUE,fi,fiber tracts,1433_mPFF,fi_right
1433_mPFF_fiber tracts_left,0,fiber tracts,left,1433,mPFF,0,TRUE,fiber tracts,fiber tracts,1433_mPFF,fiber tracts_left
1433_mPFF_fiber tracts_right,0,fiber tracts,right,1433,mPFF,0,TRUE,fiber tracts,fiber tracts,1433_mPFF,fiber tracts_right
1433_mPFF_fr_left,0,fr,left,1433,mPFF,0,TRUE,fr,fiber tracts,1433_mPFF,fr_left
1433_mPFF_fr_right,0,fr,right,1433,mPFF,0,TRUE,fr,fiber tracts,1433_mPFF,fr_right
1433_mPFF_fx_left,0,fx,left,1433,mPFF,0,TRUE,fx,fiber tracts,1433_mPFF,fx_left
1433_mPFF_fx_right,0,fx,right,1433,mPFF,0,TRUE,fx,fiber tracts,1433_mPFF,fx_right
1433_mPFF_hbc_left,0,hbc,left,1433,mPFF,0,TRUE,hbc,fiber tracts,1433_mPFF,hbc_left
1433_mPFF_hbc_right,0,hbc,right,1433,mPFF,0,TRUE,hbc,fiber tracts,1433_mPFF,hbc_right
1433_mPFF_int_left,0,int,left,1433,mPFF,0,TRUE,int,fiber tracts,1433_mPFF,int_left
1433_mPFF_int_right,0,int,right,1433,mPFF,0,TRUE,int,fiber tracts,1433_mPFF,int_right
1433_mPFF_ll_left,0,ll,left,1433,mPFF,0,TRUE,ll,fiber tracts,1433_mPFF,ll_left
1433_mPFF_ll_right,0,ll,right,1433,mPFF,0,TRUE,ll,fiber tracts,1433_mPFF,ll_right
1433_mPFF_lotg_left,0,lotg,left,1433,mPFF,0,TRUE,In,fiber tracts,1433_mPFF,lotg_left
1433_mPFF_lotg_right,0,lotg,right,1433,mPFF,0,TRUE,In,fiber tracts,1433_mPFF,lotg_right
1433_mPFF_mcp_left,0,mcp,left,1433,mPFF,0,TRUE,mcp,fiber tracts,1433_mPFF,mcp_left
1433_mPFF_mcp_right,0,mcp,right,1433,mPFF,0,TRUE,mcp,fiber tracts,1433_mPFF,mcp_right
1433_mPFF_ml_left,0,ml,left,1433,mPFF,0,TRUE,ml,fiber tracts,1433_mPFF,ml_left
1433_mPFF_ml_right,0,ml,right,1433,mPFF,0,TRUE,ml,fiber tracts,1433_mPFF,ml_right
1433_mPFF_mlf_left,0,mlf,left,1433,mPFF,0,TRUE,mlf,fiber tracts,1433_mPFF,mlf_left
1433_mPFF_mlf_right,0,mlf,right,1433,mPFF,0,TRUE,mlf,fiber tracts,1433_mPFF,mlf_right
1433_mPFF_moV_left,0,moV,left,1433,mPFF,0,TRUE,moV,fiber tracts,1433_mPFF,moV_left
1433_mPFF_moV_right,0,moV,right,1433,mPFF,0,TRUE,moV,fiber tracts,1433_mPFF,moV_right
1433_mPFF_mtg_left,0,mtg,left,1433,mPFF,0,TRUE,mtg,fiber tracts,1433_mPFF,mtg_left
1433_mPFF_mtg_right,0,mtg,right,1433,mPFF,0,TRUE,mtg,fiber tracts,1433_mPFF,mtg_right
1433_mPFF_mtt_left,0,mtt,left,1433,mPFF,0,TRUE,mtt,fiber tracts,1433_mPFF,mtt_left
1433_mPFF_mtt_right,0,mtt,right,1433,mPFF,0,TRUE,mtt,fiber tracts,1433_mPFF,mtt_right
1433_mPFF_nst_left,0,nst,left,1433,mPFF,0,TRUE,nst,fiber tracts,1433_mPFF,nst_left
1433_mPFF_nst_right,0,nst,right,1433,mPFF,0,TRUE,nst,fiber tracts,1433_mPFF,nst_right
1433_mPFF_opt_left,0,opt,left,1433,mPFF,0,TRUE,opt,fiber tracts,1433_mPFF,opt_left
1433_mPFF_opt_right,0,opt,right,1433,mPFF,0,TRUE,opt,fiber tracts,1433_mPFF,opt_right
1433_mPFF_or_left,7.69919905,or,left,1433,mPFF,7.69919905,TRUE,or,fiber tracts,1433_mPFF,or_left
1433_mPFF_or_right,10.62204314,or,right,1433,mPFF,10.62204314,TRUE,or,fiber tracts,1433_mPFF,or_right
1433_mPFF_rust_left,0,rust,left,1433,mPFF,0,TRUE,rust,fiber tracts,1433_mPFF,rust_left
1433_mPFF_rust_right,0,rust,right,1433,mPFF,0,TRUE,rust,fiber tracts,1433_mPFF,rust_right
1433_mPFF_sV_left,0,sV,left,1433,mPFF,0,TRUE,sV,fiber tracts,1433_mPFF,sV_left
1433_mPFF_sV_right,0,sV,right,1433,mPFF,0,TRUE,sV,fiber tracts,1433_mPFF,sV_right
1433_mPFF_scp_left,0,scp,left,1433,mPFF,0,TRUE,scp,fiber tracts,1433_mPFF,scp_left
1433_mPFF_scp_right,0,scp,right,1433,mPFF,0,TRUE,scp,fiber tracts,1433_mPFF,scp_right
1433_mPFF_scwm_left,0,scwm,left,1433,mPFF,0,TRUE,scwm,fiber tracts,1433_mPFF,scwm_left
1433_mPFF_scwm_right,7.956742245,scwm,right,1433,mPFF,7.956742245,TRUE,scwm,fiber tracts,1433_mPFF,scwm_right
1433_mPFF_st_left,22.64172353,st,left,1433,mPFF,22.64172353,TRUE,st,fiber tracts,1433_mPFF,st_left
1433_mPFF_st_right,0,st,right,1433,mPFF,0,TRUE,st,fiber tracts,1433_mPFF,st_right
1433_mPFF_stc_left,0,stc,left,1433,mPFF,0,TRUE,stc,fiber tracts,1433_mPFF,stc_left
1433_mPFF_stc_right,0,stc,right,1433,mPFF,0,TRUE,stc,fiber tracts,1433_mPFF,stc_right
1433_mPFF_sup_left,0,sup,left,1433,mPFF,0,TRUE,sup,fiber tracts,1433_mPFF,sup_left
1433_mPFF_sup_right,0,sup,right,1433,mPFF,0,TRUE,sup,fiber tracts,1433_mPFF,sup_right
1433_mPFF_tspc_left,0,tspc,left,1433,mPFF,0,TRUE,tspc,fiber tracts,1433_mPFF,tspc_left
1433_mPFF_tspc_right,0,tspc,right,1433,mPFF,0,TRUE,tspc,fiber tracts,1433_mPFF,tspc_right
2337_AD PHF_ACAd_left,6.6231075,ACAd,left,2337,AD PHF,6.6231075,FALSE,ACA,Isocortex,2337_AD PHF,ACAd_left
2337_AD PHF_ACAd_right,22.17673194,ACAd,right,2337,AD PHF,22.17673194,FALSE,ACA,Isocortex,2337_AD PHF,ACAd_right
2337_AD PHF_ACAv_left,8.974159252,ACAv,left,2337,AD PHF,8.974159252,FALSE,ACA,Isocortex,2337_AD PHF,ACAv_left
2337_AD PHF_ACAv_right,9.719655453,ACAv,right,2337,AD PHF,9.719655453,FALSE,ACA,Isocortex,2337_AD PHF,ACAv_right
2337_AD PHF_ACB_left,4.192433792,ACB,left,2337,AD PHF,4.192433792,FALSE,ACB,STR,2337_AD PHF,ACB_left
2337_AD PHF_ACB_right,3.082396352,ACB,right,2337,AD PHF,3.082396352,FALSE,ACB,STR,2337_AD PHF,ACB_right
2337_AD PHF_AId_left,10.99110898,AId,left,2337,AD PHF,10.99110898,FALSE,AI,Isocortex,2337_AD PHF,AId_left
2337_AD PHF_AId_right,13.34991872,AId,right,2337,AD PHF,13.34991872,FALSE,AI,Isocortex,2337_AD PHF,AId_right
2337_AD PHF_AIp_left,35.01882336,AIp,left,2337,AD PHF,35.01882336,FALSE,AI,Isocortex,2337_AD PHF,AIp_left
2337_AD PHF_AIp_right,20.23679392,AIp,right,2337,AD PHF,20.23679392,FALSE,AI,Isocortex,2337_AD PHF,AIp_right
2337_AD PHF_AIv_left,22.16833714,AIv,left,2337,AD PHF,22.16833714,FALSE,AI,Isocortex,2337_AD PHF,AIv_left
2337_AD PHF_AIv_right,5.788319695,AIv,right,2337,AD PHF,5.788319695,FALSE,AI,Isocortex,2337_AD PHF,AIv_right
2337_AD PHF_APr_left,9.82234413,APr,left,2337,AD PHF,9.82234413,FALSE,APr,HPF,2337_AD PHF,APr_left
2337_AD PHF_APr_right,6.216040034,APr,right,2337,AD PHF,6.216040034,FALSE,APr,HPF,2337_AD PHF,APr_right
2337_AD PHF_AQ_left,0,AQ,left,2337,AD PHF,0,TRUE,AQ,VS,2337_AD PHF,AQ_left
2337_AD PHF_AQ_right,0,AQ,right,2337,AD PHF,0,TRUE,AQ,VS,2337_AD PHF,AQ_right
2337_AD PHF_ARH_left,0,ARH,left,2337,AD PHF,0,FALSE,ARH,HY,2337_AD PHF,ARH_left
2337_AD PHF_ARH_right,0,ARH,right,2337,AD PHF,0,FALSE,ARH,HY,2337_AD PHF,ARH_right
2337_AD PHF_AT_left,0,AT,left,2337,AD PHF,0,FALSE,AT,MB,2337_AD PHF,AT_left
2337_AD PHF_AT_right,0,AT,right,2337,AD PHF,0,FALSE,AT,MB,2337_AD PHF,AT_right
2337_AD PHF_AUDd_left,21.03504163,AUDd,left,2337,AD PHF,21.03504163,FALSE,AUDd,Isocortex,2337_AD PHF,AUDd_left
2337_AD PHF_AUDd_right,15.07543617,AUDd,right,2337,AD PHF,15.07543617,FALSE,AUDd,Isocortex,2337_AD PHF,AUDd_right
2337_AD PHF_AUDp_left,19.45346415,AUDp,left,2337,AD PHF,19.45346415,FALSE,AUDp,Isocortex,2337_AD PHF,AUDp_left
2337_AD PHF_AUDp_right,4.096528933,AUDp,right,2337,AD PHF,4.096528933,FALSE,AUDp,Isocortex,2337_AD PHF,AUDp_right
2337_AD PHF_AUDv_left,12.42097845,AUDv,left,2337,AD PHF,12.42097845,FALSE,AUDv,Isocortex,2337_AD PHF,AUDv_left
2337_AD PHF_AUDv_right,14.26402134,AUDv,right,2337,AD PHF,14.26402134,FALSE,AUDv,Isocortex,2337_AD PHF,AUDv_right
2337_AD PHF_AVPV_left,0,AVPV,left,2337,AD PHF,0,FALSE,AVPV,HY,2337_AD PHF,AVPV_left
2337_AD PHF_AVPV_right,0,AVPV,right,2337,AD PHF,0,FALSE,AVPV,HY,2337_AD PHF,AVPV_right
2337_AD PHF_BLA_left,11.64290785,BLA,left,2337,AD PHF,11.64290785,FALSE,BLA,CTXsp,2337_AD PHF,BLA_left
2337_AD PHF_BLA_right,11.38446079,BLA,right,2337,AD PHF,11.38446079,FALSE,BLA,CTXsp,2337_AD PHF,BLA_right
2337_AD PHF_BMA_left,14.58115364,BMA,left,2337,AD PHF,14.58115364,FALSE,BMA,CTXsp,2337_AD PHF,BMA_left
2337_AD PHF_BMA_right,10.10745933,BMA,right,2337,AD PHF,10.10745933,FALSE,BMA,CTXsp,2337_AD PHF,BMA_right
2337_AD PHF_CA1_left,11.72328875,CA1,left,2337,AD PHF,11.72328875,FALSE,CA1,HPF,2337_AD PHF,CA1_left
2337_AD PHF_CA1_right,18.20953963,CA1,right,2337,AD PHF,18.20953963,FALSE,CA1,HPF,2337_AD PHF,CA1_right
2337_AD PHF_CA2_left,35.72710479,CA2,left,2337,AD PHF,35.72710479,FALSE,CA2,HPF,2337_AD PHF,CA2_left
2337_AD PHF_CA2_right,35.965685,CA2,right,2337,AD PHF,35.965685,FALSE,CA2,HPF,2337_AD PHF,CA2_right
2337_AD PHF_CA3_left,12.86205359,CA3,left,2337,AD PHF,12.86205359,FALSE,CA3,HPF,2337_AD PHF,CA3_left
2337_AD PHF_CA3_right,6.335329625,CA3,right,2337,AD PHF,6.335329625,FALSE,CA3,HPF,2337_AD PHF,CA3_right
2337_AD PHF_CB_left,0,CB,left,2337,AD PHF,0,FALSE,CB,CB,2337_AD PHF,CB_left
2337_AD PHF_CB_right,0,CB,right,2337,AD PHF,0,FALSE,CB,CB,2337_AD PHF,CB_right
2337_AD PHF_CEA_left,16.73805995,CEA,left,2337,AD PHF,16.73805995,FALSE,CEA,STR,2337_AD PHF,CEA_left
2337_AD PHF_CEA_right,15.72885625,CEA,right,2337,AD PHF,15.72885625,FALSE,CEA,STR,2337_AD PHF,CEA_right
2337_AD PHF_CLA_left,0,CLA,left,2337,AD PHF,0,FALSE,CLA,CTXsp,2337_AD PHF,CLA_left
2337_AD PHF_CLA_right,0,CLA,right,2337,AD PHF,0,FALSE,CLA,CTXsp,2337_AD PHF,CLA_right
2337_AD PHF_CL_left,15.31224042,CL,left,2337,AD PHF,15.31224042,FALSE,CL,TH,2337_AD PHF,CL_left
2337_AD PHF_CL_right,5.756015603,CL,right,2337,AD PHF,5.756015603,FALSE,CL,TH,2337_AD PHF,CL_right
2337_AD PHF_CM_left,0,CM,left,2337,AD PHF,0,FALSE,CM,TH,2337_AD PHF,CM_left
2337_AD PHF_CM_right,6.525010155,CM,right,2337,AD PHF,6.525010155,FALSE,CM,TH,2337_AD PHF,CM_right
2337_AD PHF_COA_left,9.641326568,COA,left,2337,AD PHF,9.641326568,FALSE,COA,OLF,2337_AD PHF,COA_left
2337_AD PHF_COA_right,14.77978122,COA,right,2337,AD PHF,14.77978122,FALSE,COA,OLF,2337_AD PHF,COA_right
2337_AD PHF_COAp_left,0,COAp,left,2337,AD PHF,0,FALSE,COA,OLF,2337_AD PHF,COAp_left
2337_AD PHF_CP_left,1.042128981,CP,left,2337,AD PHF,1.042128981,FALSE,CP,STR,2337_AD PHF,CP_left
2337_AD PHF_CP_right,0.64251271,CP,right,2337,AD PHF,0.64251271,FALSE,CP,STR,2337_AD PHF,CP_right
2337_AD PHF_CS_left,0,CS,left,2337,AD PHF,0,FALSE,CS,P,2337_AD PHF,CS_left
2337_AD PHF_CS_right,0,CS,right,2337,AD PHF,0,FALSE,CS,P,2337_AD PHF,CS_right
2337_AD PHF_CTXsp_left,13.79294256,CTXsp,left,2337,AD PHF,13.79294256,FALSE,CTXsp,CTXsp,2337_AD PHF,CTXsp_left
2337_AD PHF_CTXsp_right,0,CTXsp,right,2337,AD PHF,0,FALSE,CTXsp,CTXsp,2337_AD PHF,CTXsp_right
2337_AD PHF_DG_left,5.877511442,DG,left,2337,AD PHF,5.877511442,FALSE,DG,HPF,2337_AD PHF,DG_left
2337_AD PHF_DG_right,4.471640067,DG,right,2337,AD PHF,4.471640067,FALSE,DG,HPF,2337_AD PHF,DG_right
2337_AD PHF_DMH_left,0,DMH,left,2337,AD PHF,0,FALSE,DMH,HY,2337_AD PHF,DMH_left
2337_AD PHF_DMH_right,0,DMH,right,2337,AD PHF,0,FALSE,DMH,HY,2337_AD PHF,DMH_right
2337_AD PHF_DR_left,0,DR,left,2337,AD PHF,0,FALSE,DR,MB,2337_AD PHF,DR_left
2337_AD PHF_DR_right,8.739397595,DR,right,2337,AD PHF,8.739397595,FALSE,DR,MB,2337_AD PHF,DR_right
2337_AD PHF_ECT_left,17.46522523,ECT,left,2337,AD PHF,17.46522523,FALSE,ECT,Isocortex,2337_AD PHF,ECT_left
2337_AD PHF_ECT_right,6.109978796,ECT,right,2337,AD PHF,6.109978796,FALSE,ECT,Isocortex,2337_AD PHF,ECT_right
2337_AD PHF_ENTl_left,13.67316815,ENTl,left,2337,AD PHF,13.67316815,FALSE,ENT,HPF,2337_AD PHF,ENTl_left
2337_AD PHF_ENTl_right,1.55923802,ENTl,right,2337,AD PHF,1.55923802,FALSE,ENT,HPF,2337_AD PHF,ENTl_right
2337_AD PHF_ENTm_left,9.574213526,ENTm,left,2337,AD PHF,9.574213526,FALSE,ENT,HPF,2337_AD PHF,ENTm_left
2337_AD PHF_ENTm_right,5.369031869,ENTm,right,2337,AD PHF,5.369031869,FALSE,ENT,HPF,2337_AD PHF,ENTm_right
2337_AD PHF_EP_left,7.027351263,EP,left,2337,AD PHF,7.027351263,FALSE,EP,CTXsp,2337_AD PHF,EP_left
2337_AD PHF_EP_right,9.916051529,EP,right,2337,AD PHF,9.916051529,FALSE,EP,CTXsp,2337_AD PHF,EP_right
2337_AD PHF_Eth_left,0,Eth,left,2337,AD PHF,0,FALSE,Eth,TH,2337_AD PHF,Eth_left
2337_AD PHF_Eth_right,0,Eth,right,2337,AD PHF,0,FALSE,Eth,TH,2337_AD PHF,Eth_right
2337_AD PHF_FC_left,0,FC,left,2337,AD PHF,0,FALSE,FC,HPF,2337_AD PHF,FC_left
2337_AD PHF_FC_right,0,FC,right,2337,AD PHF,0,FALSE,FC,HPF,2337_AD PHF,FC_right
2337_AD PHF_GU_left,10.4240343,GU,left,2337,AD PHF,10.4240343,FALSE,GU,Isocortex,2337_AD PHF,GU_left
2337_AD PHF_GU_right,12.84718543,GU,right,2337,AD PHF,12.84718543,FALSE,GU,Isocortex,2337_AD PHF,GU_right
2337_AD PHF_HATA_left,0,HATA,left,2337,AD PHF,0,FALSE,HATA,HPF,2337_AD PHF,HATA_left
2337_AD PHF_HATA_right,0,HATA,right,2337,AD PHF,0,FALSE,HATA,HPF,2337_AD PHF,HATA_right
2337_AD PHF_HPF_left,0,HPF,left,2337,AD PHF,0,FALSE,HPF,HPF,2337_AD PHF,HPF_left
2337_AD PHF_HPF_right,0,HPF,right,2337,AD PHF,0,FALSE,HPF,HPF,2337_AD PHF,HPF_right
2337_AD PHF_HY_left,0,HY,left,2337,AD PHF,0,FALSE,HY,HY,2337_AD PHF,HY_left
2337_AD PHF_HY_right,0,HY,right,2337,AD PHF,0,FALSE,HY,HY,2337_AD PHF,HY_right
2337_AD PHF_IA_left,0,IA,left,2337,AD PHF,0,FALSE,IA,STR,2337_AD PHF,IA_left
2337_AD PHF_IA_right,0,IA,right,2337,AD PHF,0,FALSE,IA,STR,2337_AD PHF,IA_right
2337_AD PHF_IC_left,1.141309457,IC,left,2337,AD PHF,1.141309457,FALSE,IC,MB,2337_AD PHF,IC_left
2337_AD PHF_IC_right,0,IC,right,2337,AD PHF,0,FALSE,IC,MB,2337_AD PHF,IC_right
2337_AD PHF_IGL_left,0,IGL,left,2337,AD PHF,0,FALSE,IGL,TH,2337_AD PHF,IGL_left
2337_AD PHF_IG_left,10.35928244,IG,left,2337,AD PHF,10.35928244,FALSE,IG,HPF,2337_AD PHF,IG_left
2337_AD PHF_IG_right,0,IG,right,2337,AD PHF,0,FALSE,IG,HPF,2337_AD PHF,IG_right
2337_AD PHF_IIn_left,0,IIn,left,2337,AD PHF,0,TRUE,IIn,fiber tracts,2337_AD PHF,IIn_left
2337_AD PHF_IIn_right,0,IIn,right,2337,AD PHF,0,TRUE,IIn,fiber tracts,2337_AD PHF,IIn_right
2337_AD PHF_IMD_left,0,IMD,left,2337,AD PHF,0,FALSE,IMD,TH,2337_AD PHF,IMD_left
2337_AD PHF_IMD_right,0,IMD,right,2337,AD PHF,0,FALSE,IMD,TH,2337_AD PHF,IMD_right
2337_AD PHF_IV_left,0,IV,left,2337,AD PHF,0,FALSE,IV,MB,2337_AD PHF,IV_left
2337_AD PHF_IV_right,0,IV,right,2337,AD PHF,0,FALSE,IV,MB,2337_AD PHF,IV_right
2337_AD PHF_In_left,0,In,left,2337,AD PHF,0,TRUE,In,fiber tracts,2337_AD PHF,In_left
2337_AD PHF_In_right,0,In,right,2337,AD PHF,0,TRUE,In,fiber tracts,2337_AD PHF,In_right
2337_AD PHF_LA_left,10.41729107,LA,left,2337,AD PHF,10.41729107,FALSE,LA,CTXsp,2337_AD PHF,LA_left
2337_AD PHF_LA_right,7.526009509,LA,right,2337,AD PHF,7.526009509,FALSE,LA,CTXsp,2337_AD PHF,LA_right
2337_AD PHF_LGd_left,3.68830549,LGd,left,2337,AD PHF,3.68830549,FALSE,LGd,TH,2337_AD PHF,LGd_left
2337_AD PHF_LGd_right,41.77303774,LGd,right,2337,AD PHF,41.77303774,FALSE,LGd,TH,2337_AD PHF,LGd_right
2337_AD PHF_LGv_left,8.252701,LGv,left,2337,AD PHF,8.252701,FALSE,LGv,TH,2337_AD PHF,LGv_left
2337_AD PHF_LGv_right,24.76537946,LGv,right,2337,AD PHF,24.76537946,FALSE,LGv,TH,2337_AD PHF,LGv_right
2337_AD PHF_LHA_left,0,LHA,left,2337,AD PHF,0,FALSE,LHA,HY,2337_AD PHF,LHA_left
2337_AD PHF_LHA_right,0,LHA,right,2337,AD PHF,0,FALSE,LHA,HY,2337_AD PHF,LHA_right
2337_AD PHF_LH_left,0,LH,left,2337,AD PHF,0,FALSE,LH,TH,2337_AD PHF,LH_left
2337_AD PHF_LH_right,0,LH,right,2337,AD PHF,0,FALSE,LH,TH,2337_AD PHF,LH_right
2337_AD PHF_LPO_left,0,LPO,left,2337,AD PHF,0,FALSE,LPO,HY,2337_AD PHF,LPO_left
2337_AD PHF_LPO_right,0,LPO,right,2337,AD PHF,0,FALSE,LPO,HY,2337_AD PHF,LPO_right
2337_AD PHF_LP_left,4.206605725,LP,left,2337,AD PHF,4.206605725,FALSE,LP,TH,2337_AD PHF,LP_left
2337_AD PHF_LP_right,5.050948204,LP,right,2337,AD PHF,5.050948204,FALSE,LP,TH,2337_AD PHF,LP_right
2337_AD PHF_LS_left,21.64081219,LS,left,2337,AD PHF,21.64081219,FALSE,LS,STR,2337_AD PHF,LS_left
2337_AD PHF_LS_right,12.78222818,LS,right,2337,AD PHF,12.78222818,FALSE,LS,STR,2337_AD PHF,LS_right
2337_AD PHF_MB_left,0.675587644,MB,left,2337,AD PHF,0.675587644,FALSE,MB,MB,2337_AD PHF,MB_left
2337_AD PHF_MB_right,0,MB,right,2337,AD PHF,0,FALSE,MB,MB,2337_AD PHF,MB_right
2337_AD PHF_MD_left,5.358229862,MD,left,2337,AD PHF,5.358229862,FALSE,MD,TH,2337_AD PHF,MD_left
2337_AD PHF_MD_right,2.759860922,MD,right,2337,AD PHF,2.759860922,FALSE,MD,TH,2337_AD PHF,MD_right
2337_AD PHF_MEA_left,11.18652151,MEA,left,2337,AD PHF,11.18652151,FALSE,MEA,STR,2337_AD PHF,MEA_left
2337_AD PHF_MEA_right,13.02850161,MEA,right,2337,AD PHF,13.02850161,FALSE,MEA,STR,2337_AD PHF,MEA_right
2337_AD PHF_ME_left,0,ME,left,2337,AD PHF,0,FALSE,ME,HY,2337_AD PHF,ME_left
2337_AD PHF_ME_right,0,ME,right,2337,AD PHF,0,FALSE,ME,HY,2337_AD PHF,ME_right
2337_AD PHF_MH_left,3.610556689,MH,left,2337,AD PHF,3.610556689,FALSE,MH,TH,2337_AD PHF,MH_left
2337_AD PHF_MH_right,0,MH,right,2337,AD PHF,0,FALSE,MH,TH,2337_AD PHF,MH_right
2337_AD PHF_MOp_left,13.03709238,MOp,left,2337,AD PHF,13.03709238,FALSE,MOp,Isocortex,2337_AD PHF,MOp_left
2337_AD PHF_MOp_right,17.6841657,MOp,right,2337,AD PHF,17.6841657,FALSE,MOp,Isocortex,2337_AD PHF,MOp_right
2337_AD PHF_MOs_left,8.386562695,MOs,left,2337,AD PHF,8.386562695,FALSE,MOs,Isocortex,2337_AD PHF,MOs_left
2337_AD PHF_MOs_right,12.7316366,MOs,right,2337,AD PHF,12.7316366,FALSE,MOs,Isocortex,2337_AD PHF,MOs_right
2337_AD PHF_MRN_left,0,MRN,left,2337,AD PHF,0,FALSE,MRN,MB,2337_AD PHF,MRN_left
2337_AD PHF_MRN_right,0,MRN,right,2337,AD PHF,0,FALSE,MRN,MB,2337_AD PHF,MRN_right
2337_AD PHF_MS_left,8.226150023,MS,left,2337,AD PHF,8.226150023,FALSE,MS,PAL,2337_AD PHF,MS_left
2337_AD PHF_MS_right,9.557333865,MS,right,2337,AD PHF,9.557333865,FALSE,MS,PAL,2337_AD PHF,MS_right
2337_AD PHF_NDB_left,0,NDB,left,2337,AD PHF,0,FALSE,NDB,PAL,2337_AD PHF,NDB_left
2337_AD PHF_NDB_right,3.184260807,NDB,right,2337,AD PHF,3.184260807,FALSE,NDB,PAL,2337_AD PHF,NDB_right
2337_AD PHF_NLL_left,0.916618913,NLL,left,2337,AD PHF,0.916618913,FALSE,NLL,P,2337_AD PHF,NLL_left
2337_AD PHF_NLL_right,0,NLL,right,2337,AD PHF,0,FALSE,NLL,P,2337_AD PHF,NLL_right
2337_AD PHF_OLF_left,0,OLF,left,2337,AD PHF,0,FALSE,OLF,OLF,2337_AD PHF,OLF_left
2337_AD PHF_OLF_right,0,OLF,right,2337,AD PHF,0,FALSE,OLF,OLF,2337_AD PHF,OLF_right
2337_AD PHF_OT_left,0,OT,left,2337,AD PHF,0,FALSE,OT,STR,2337_AD PHF,OT_left
2337_AD PHF_OT_right,0.53112738,OT,right,2337,AD PHF,0.53112738,FALSE,OT,STR,2337_AD PHF,OT_right
2337_AD PHF_PAA_left,22.663037,PAA,left,2337,AD PHF,22.663037,FALSE,PAA,OLF,2337_AD PHF,PAA_left
2337_AD PHF_PAA_right,19.62610861,PAA,right,2337,AD PHF,19.62610861,FALSE,PAA,OLF,2337_AD PHF,PAA_right
2337_AD PHF_PAG_left,0,PAG,left,2337,AD PHF,0,FALSE,PAG,MB,2337_AD PHF,PAG_left
2337_AD PHF_PAG_right,0.474464426,PAG,right,2337,AD PHF,0.474464426,FALSE,PAG,MB,2337_AD PHF,PAG_right
2337_AD PHF_PAL_left,0,PAL,left,2337,AD PHF,0,FALSE,PAL,PAL,2337_AD PHF,PAL_left
2337_AD PHF_PAL_right,1.210396147,PAL,right,2337,AD PHF,1.210396147,FALSE,PAL,PAL,2337_AD PHF,PAL_right
2337_AD PHF_PALd_right,0,PALd,right,2337,AD PHF,0,FALSE,PAL,PAL,2337_AD PHF,PALd_right
2337_AD PHF_PAR_left,5.508549137,PAR,left,2337,AD PHF,5.508549137,FALSE,PAR,HPF,2337_AD PHF,PAR_left
2337_AD PHF_PAR_right,5.212367984,PAR,right,2337,AD PHF,5.212367984,FALSE,PAR,HPF,2337_AD PHF,PAR_right
2337_AD PHF_PBG_left,0,PBG,left,2337,AD PHF,0,FALSE,PBG,MB,2337_AD PHF,PBG_left
2337_AD PHF_PBG_right,0,PBG,right,2337,AD PHF,0,FALSE,PBG,MB,2337_AD PHF,PBG_right
2337_AD PHF_PCN_left,22.3542972,PCN,left,2337,AD PHF,22.3542972,FALSE,PCN,TH,2337_AD PHF,PCN_left
2337_AD PHF_PCN_right,30.9494044,PCN,right,2337,AD PHF,30.9494044,FALSE,PCN,TH,2337_AD PHF,PCN_right
2337_AD PHF_PERI_left,23.24287621,PERI,left,2337,AD PHF,23.24287621,FALSE,PERI,Isocortex,2337_AD PHF,PERI_left
2337_AD PHF_PERI_right,16.02465729,PERI,right,2337,AD PHF,16.02465729,FALSE,PERI,Isocortex,2337_AD PHF,PERI_right
2337_AD PHF_PG_left,4.612457749,PG,left,2337,AD PHF,4.612457749,FALSE,PG,P,2337_AD PHF,PG_left
2337_AD PHF_PG_right,1.219252543,PG,right,2337,AD PHF,1.219252543,FALSE,PG,P,2337_AD PHF,PG_right
2337_AD PHF_PH_left,0,PH,left,2337,AD PHF,0,FALSE,PH,HY,2337_AD PHF,PH_left
2337_AD PHF_PH_right,0,PH,right,2337,AD PHF,0,FALSE,PH,HY,2337_AD PHF,PH_right
2337_AD PHF_PIR_left,14.41193563,PIR,left,2337,AD PHF,14.41193563,FALSE,PIR,OLF,2337_AD PHF,PIR_left
2337_AD PHF_PIR_right,12.04470375,PIR,right,2337,AD PHF,12.04470375,FALSE,PIR,OLF,2337_AD PHF,PIR_right
2337_AD PHF_POST_right,0,POST,right,2337,AD PHF,0,FALSE,POST,HPF,2337_AD PHF,POST_right
2337_AD PHF_PO_left,29.78830862,PO,left,2337,AD PHF,29.78830862,FALSE,PO,TH,2337_AD PHF,PO_left
2337_AD PHF_PO_right,21.8473869,PO,right,2337,AD PHF,21.8473869,FALSE,PO,TH,2337_AD PHF,PO_right
2337_AD PHF_PPN_left,1.03282081,PPN,left,2337,AD PHF,1.03282081,FALSE,PPN,MB,2337_AD PHF,PPN_left
2337_AD PHF_PPN_right,1.015875432,PPN,right,2337,AD PHF,1.015875432,FALSE,PPN,MB,2337_AD PHF,PPN_right
2337_AD PHF_PRC_left,0,PRC,left,2337,AD PHF,0,FALSE,PRC,MB,2337_AD PHF,PRC_left
2337_AD PHF_PRC_right,0,PRC,right,2337,AD PHF,0,FALSE,PRC,MB,2337_AD PHF,PRC_right
2337_AD PHF_PRE_left,13.018061,PRE,left,2337,AD PHF,13.018061,FALSE,PRE,HPF,2337_AD PHF,PRE_left
2337_AD PHF_PRE_right,3.580899301,PRE,right,2337,AD PHF,3.580899301,FALSE,PRE,HPF,2337_AD PHF,PRE_right
2337_AD PHF_PRNr_left,0.590253647,PRNr,left,2337,AD PHF,0.590253647,FALSE,PRNr,P,2337_AD PHF,PRNr_left
2337_AD PHF_PRNr_right,0,PRNr,right,2337,AD PHF,0,FALSE,PRNr,P,2337_AD PHF,PRNr_right
2337_AD PHF_PR_left,0,PR,left,2337,AD PHF,0,FALSE,PR,TH,2337_AD PHF,PR_left
2337_AD PHF_PR_right,0,PR,right,2337,AD PHF,0,FALSE,PR,TH,2337_AD PHF,PR_right
2337_AD PHF_PST_left,0,PST,left,2337,AD PHF,0,FALSE,PST,HY,2337_AD PHF,PST_left
2337_AD PHF_PST_right,0,PST,right,2337,AD PHF,0,FALSE,PST,HY,2337_AD PHF,PST_right
2337_AD PHF_PVT_left,0,PVT,left,2337,AD PHF,0,FALSE,PVT,TH,2337_AD PHF,PVT_left
2337_AD PHF_PVT_right,0,PVT,right,2337,AD PHF,0,FALSE,PVT,TH,2337_AD PHF,PVT_right
2337_AD PHF_PVZ_left,0,PVZ,left,2337,AD PHF,0,FALSE,PVZ,HY,2337_AD PHF,PVZ_left
2337_AD PHF_PVZ_right,0,PVZ,right,2337,AD PHF,0,FALSE,PVZ,HY,2337_AD PHF,PVZ_right
2337_AD PHF_P_left,1.158421096,P,left,2337,AD PHF,1.158421096,FALSE,P,P,2337_AD PHF,P_left
2337_AD PHF_P_right,2.681236337,P,right,2337,AD PHF,2.681236337,FALSE,P,P,2337_AD PHF,P_right
2337_AD PHF_Pa4_left,0,Pa4,left,2337,AD PHF,0,FALSE,Pa4,MB,2337_AD PHF,Pa4_left
2337_AD PHF_Pa4_right,0,Pa4,right,2337,AD PHF,0,FALSE,Pa4,MB,2337_AD PHF,Pa4_right
2337_AD PHF_PeF_left,0,PeF,left,2337,AD PHF,0,FALSE,PeF,HY,2337_AD PHF,PeF_left
2337_AD PHF_PeF_right,0,PeF,right,2337,AD PHF,0,FALSE,PeF,HY,2337_AD PHF,PeF_right
2337_AD PHF_RE_left,11.6597794,RE,left,2337,AD PHF,11.6597794,FALSE,RE,TH,2337_AD PHF,RE_left
2337_AD PHF_RE_right,0,RE,right,2337,AD PHF,0,FALSE,RE,TH,2337_AD PHF,RE_right
2337_AD PHF_RSPagl_left,9.593865163,RSPagl,left,2337,AD PHF,9.593865163,FALSE,RSP,Isocortex,2337_AD PHF,RSPagl_left
2337_AD PHF_RSPagl_right,7.79295186,RSPagl,right,2337,AD PHF,7.79295186,FALSE,RSP,Isocortex,2337_AD PHF,RSPagl_right
2337_AD PHF_RSPd_left,20.40437697,RSPd,left,2337,AD PHF,20.40437697,FALSE,RSP,Isocortex,2337_AD PHF,RSPd_left
2337_AD PHF_RSPd_right,13.73887683,RSPd,right,2337,AD PHF,13.73887683,FALSE,RSP,Isocortex,2337_AD PHF,RSPd_right
2337_AD PHF_RSPv_left,12.26098114,RSPv,left,2337,AD PHF,12.26098114,FALSE,RSP,Isocortex,2337_AD PHF,RSPv_left
2337_AD PHF_RSPv_right,28.41348344,RSPv,right,2337,AD PHF,28.41348344,FALSE,RSP,Isocortex,2337_AD PHF,RSPv_right
2337_AD PHF_RT_left,8.041894435,RT,left,2337,AD PHF,8.041894435,FALSE,RT,TH,2337_AD PHF,RT_left
2337_AD PHF_RT_right,23.05228775,RT,right,2337,AD PHF,23.05228775,FALSE,RT,TH,2337_AD PHF,RT_right
2337_AD PHF_SAG_left,0,SAG,left,2337,AD PHF,0,FALSE,SAG,MB,2337_AD PHF,SAG_left
2337_AD PHF_SAG_right,0,SAG,right,2337,AD PHF,0,FALSE,SAG,MB,2337_AD PHF,SAG_right
2337_AD PHF_SCm_left,1.131815294,SCm,left,2337,AD PHF,1.131815294,FALSE,MBmot,MB,2337_AD PHF,SCm_left
2337_AD PHF_SCm_right,2.066489461,SCm,right,2337,AD PHF,2.066489461,FALSE,MBmot,MB,2337_AD PHF,SCm_right
2337_AD PHF_SCs_left,3.190525677,SCs,left,2337,AD PHF,3.190525677,FALSE,MBsen,MB,2337_AD PHF,SCs_left
2337_AD PHF_SCs_right,0,SCs,right,2337,AD PHF,0,FALSE,MBsen,MB,2337_AD PHF,SCs_right
2337_AD PHF_SEZ_left,0,SEZ,left,2337,AD PHF,0,TRUE,SEZ,VS,2337_AD PHF,SEZ_left
2337_AD PHF_SEZ_right,0,SEZ,right,2337,AD PHF,0,TRUE,SEZ,VS,2337_AD PHF,SEZ_right
2337_AD PHF_SI_left,3.276470728,SI,left,2337,AD PHF,3.276470728,FALSE,SI,PAL,2337_AD PHF,SI_left
2337_AD PHF_SI_right,0.764673643,SI,right,2337,AD PHF,0.764673643,FALSE,SI,PAL,2337_AD PHF,SI_right
2337_AD PHF_SMT_left,0,SMT,left,2337,AD PHF,0,FALSE,SMT,TH,2337_AD PHF,SMT_left
2337_AD PHF_SMT_right,0,SMT,right,2337,AD PHF,0,FALSE,SMT,TH,2337_AD PHF,SMT_right
2337_AD PHF_SSp-bfd_left,30.60371146,SSp-bfd,left,2337,AD PHF,30.60371146,FALSE,SSp,Isocortex,2337_AD PHF,SSp-bfd_left
2337_AD PHF_SSp-bfd_right,18.86244353,SSp-bfd,right,2337,AD PHF,18.86244353,FALSE,SSp,Isocortex,2337_AD PHF,SSp-bfd_right
2337_AD PHF_SSp-m_left,23.55710051,SSp-m,left,2337,AD PHF,23.55710051,FALSE,SSp,Isocortex,2337_AD PHF,SSp-m_left
2337_AD PHF_SSp-m_right,20.72778281,SSp-m,right,2337,AD PHF,20.72778281,FALSE,SSp,Isocortex,2337_AD PHF,SSp-m_right
2337_AD PHF_SSp-ul_left,20.72713723,SSp-ul,left,2337,AD PHF,20.72713723,FALSE,SSp,Isocortex,2337_AD PHF,SSp-ul_left
2337_AD PHF_SSp-ul_right,22.94924573,SSp-ul,right,2337,AD PHF,22.94924573,FALSE,SSp,Isocortex,2337_AD PHF,SSp-ul_right
2337_AD PHF_SSp-un_left,0,SSp-un,left,2337,AD PHF,0,FALSE,SSp,Isocortex,2337_AD PHF,SSp-un_left
2337_AD PHF_SSp-un_right,0,SSp-un,right,2337,AD PHF,0,FALSE,SSp,Isocortex,2337_AD PHF,SSp-un_right
2337_AD PHF_SSs_left,22.85829461,SSs,left,2337,AD PHF,22.85829461,FALSE,SSs,Isocortex,2337_AD PHF,SSs_left
2337_AD PHF_SSs_right,23.33632844,SSs,right,2337,AD PHF,23.33632844,FALSE,SSs,Isocortex,2337_AD PHF,SSs_right
2337_AD PHF_STN_left,0,STN,left,2337,AD PHF,0,FALSE,STN,HY,2337_AD PHF,STN_left
2337_AD PHF_STN_right,0,STN,right,2337,AD PHF,0,FALSE,STN,HY,2337_AD PHF,STN_right
2337_AD PHF_STR_left,12.73560109,STR,left,2337,AD PHF,12.73560109,FALSE,STR,STR,2337_AD PHF,STR_left
2337_AD PHF_STR_right,14.48838708,STR,right,2337,AD PHF,14.48838708,FALSE,STR,STR,2337_AD PHF,STR_right
2337_AD PHF_SUB_left,2.968488969,SUB,left,2337,AD PHF,2.968488969,FALSE,SUB,HPF,2337_AD PHF,SUB_left
2337_AD PHF_SUB_right,1.955765033,SUB,right,2337,AD PHF,1.955765033,FALSE,SUB,HPF,2337_AD PHF,SUB_right
2337_AD PHF_TEa_left,2.390827556,TEa,left,2337,AD PHF,2.390827556,FALSE,TEa,Isocortex,2337_AD PHF,TEa_left
2337_AD PHF_TEa_right,6.850095709,TEa,right,2337,AD PHF,6.850095709,FALSE,TEa,Isocortex,2337_AD PHF,TEa_right
2337_AD PHF_TH_left,4.983984135,TH,left,2337,AD PHF,4.983984135,FALSE,TH,TH,2337_AD PHF,TH_left
2337_AD PHF_TH_right,0,TH,right,2337,AD PHF,0,FALSE,TH,TH,2337_AD PHF,TH_right
2337_AD PHF_TRN_left,1.854204534,TRN,left,2337,AD PHF,1.854204534,FALSE,TRN,P,2337_AD PHF,TRN_left
2337_AD PHF_TRN_right,3.192094984,TRN,right,2337,AD PHF,3.192094984,FALSE,TRN,P,2337_AD PHF,TRN_right
2337_AD PHF_TU_left,2.103622965,TU,left,2337,AD PHF,2.103622965,FALSE,TU,HY,2337_AD PHF,TU_left
2337_AD PHF_TU_right,0,TU,right,2337,AD PHF,0,FALSE,TU,HY,2337_AD PHF,TU_right
2337_AD PHF_V3_left,0,V3,left,2337,AD PHF,0,TRUE,V3,VS,2337_AD PHF,V3_left
2337_AD PHF_V3_right,0,V3,right,2337,AD PHF,0,TRUE,V3,VS,2337_AD PHF,V3_right
2337_AD PHF_VAL_right,0,VAL,right,2337,AD PHF,0,FALSE,VAL,TH,2337_AD PHF,VAL_right
2337_AD PHF_VISC_right,0,VISC,right,2337,AD PHF,0,FALSE,VISC,Isocortex,2337_AD PHF,VISC_right
2337_AD PHF_VISa_left,13.64941166,VISa,left,2337,AD PHF,13.64941166,FALSE,VISa,Isocortex,2337_AD PHF,VISa_left
2337_AD PHF_VISa_right,5.922221286,VISa,right,2337,AD PHF,5.922221286,FALSE,VISa,Isocortex,2337_AD PHF,VISa_right
2337_AD PHF_VISam_left,9.360628045,VISam,left,2337,AD PHF,9.360628045,FALSE,VISam,Isocortex,2337_AD PHF,VISam_left
2337_AD PHF_VISam_right,5.441973075,VISam,right,2337,AD PHF,5.441973075,FALSE,VISam,Isocortex,2337_AD PHF,VISam_right
2337_AD PHF_VISl_left,9.828191675,VISl,left,2337,AD PHF,9.828191675,FALSE,VISl,Isocortex,2337_AD PHF,VISl_left
2337_AD PHF_VISl_right,46.39048165,VISl,right,2337,AD PHF,46.39048165,FALSE,VISl,Isocortex,2337_AD PHF,VISl_right
2337_AD PHF_VISp_left,18.69844138,VISp,left,2337,AD PHF,18.69844138,FALSE,VISp,Isocortex,2337_AD PHF,VISp_left
2337_AD PHF_VISp_right,23.85257024,VISp,right,2337,AD PHF,23.85257024,FALSE,VISp,Isocortex,2337_AD PHF,VISp_right
2337_AD PHF_VISpl_left,46.4144319,VISpl,left,2337,AD PHF,46.4144319,FALSE,VISpl,Isocortex,2337_AD PHF,VISpl_left
2337_AD PHF_VISpl_right,1.881196304,VISpl,right,2337,AD PHF,1.881196304,FALSE,VISpl,Isocortex,2337_AD PHF,VISpl_right
2337_AD PHF_VISpm_left,0,VISpm,left,2337,AD PHF,0,FALSE,VISpm,Isocortex,2337_AD PHF,VISpm_left
2337_AD PHF_VISpor_left,6.767437744,VISpor,left,2337,AD PHF,6.767437744,FALSE,VISpor,Isocortex,2337_AD PHF,VISpor_left
2337_AD PHF_VISpor_right,12.97315494,VISpor,right,2337,AD PHF,12.97315494,FALSE,VISpor,Isocortex,2337_AD PHF,VISpor_right
2337_AD PHF_VISrl_left,13.19704143,VISrl,left,2337,AD PHF,13.19704143,FALSE,VISrl,Isocortex,2337_AD PHF,VISrl_left
2337_AD PHF_VISrl_right,9.642840163,VISrl,right,2337,AD PHF,9.642840163,FALSE,VISrl,Isocortex,2337_AD PHF,VISrl_right
2337_AD PHF_VL_left,0.683717637,VL,left,2337,AD PHF,0.683717637,TRUE,VL,VS,2337_AD PHF,VL_left
2337_AD PHF_VL_right,2.634022704,VL,right,2337,AD PHF,2.634022704,TRUE,VL,VS,2337_AD PHF,VL_right
2337_AD PHF_VMH_left,1.528298311,VMH,left,2337,AD PHF,1.528298311,FALSE,VMH,HY,2337_AD PHF,VMH_left
2337_AD PHF_VMH_right,1.513439856,VMH,right,2337,AD PHF,1.513439856,FALSE,VMH,HY,2337_AD PHF,VMH_right
2337_AD PHF_VM_left,5.01018116,VM,left,2337,AD PHF,5.01018116,FALSE,VM,TH,2337_AD PHF,VM_left
2337_AD PHF_VM_right,4.310440708,VM,right,2337,AD PHF,4.310440708,FALSE,VM,TH,2337_AD PHF,VM_right
2337_AD PHF_VPL_left,27.67062043,VPL,left,2337,AD PHF,27.67062043,FALSE,VPL,TH,2337_AD PHF,VPL_left
2337_AD PHF_VPL_right,16.82705383,VPL,right,2337,AD PHF,16.82705383,FALSE,VPL,TH,2337_AD PHF,VPL_right
2337_AD PHF_VPM_left,32.1850761,VPM,left,2337,AD PHF,32.1850761,FALSE,VPM,TH,2337_AD PHF,VPM_left
2337_AD PHF_VPM_right,22.26779425,VPM,right,2337,AD PHF,22.26779425,FALSE,VPM,TH,2337_AD PHF,VPM_right
2337_AD PHF_VP_left,0,VP,left,2337,AD PHF,0,FALSE,VP,TH,2337_AD PHF,VP_left
2337_AD PHF_VP_right,0,VP,right,2337,AD PHF,0,FALSE,VP,TH,2337_AD PHF,VP_right
2337_AD PHF_Xi_left,0,Xi,left,2337,AD PHF,0,FALSE,Xi,TH,2337_AD PHF,Xi_left
2337_AD PHF_Xi_right,0,Xi,right,2337,AD PHF,0,FALSE,Xi,TH,2337_AD PHF,Xi_right
2337_AD PHF_ZI_left,2.357914572,ZI,left,2337,AD PHF,2.357914572,FALSE,ZI,HY,2337_AD PHF,ZI_left
2337_AD PHF_ZI_right,4.673241708,ZI,right,2337,AD PHF,4.673241708,FALSE,ZI,HY,2337_AD PHF,ZI_right
2337_AD PHF_alv_left,7.56497592,alv,left,2337,AD PHF,7.56497592,TRUE,alv,fiber tracts,2337_AD PHF,alv_left
2337_AD PHF_alv_right,3.65205734,alv,right,2337,AD PHF,3.65205734,TRUE,alv,fiber tracts,2337_AD PHF,alv_right
2337_AD PHF_amc_left,0,amc,left,2337,AD PHF,0,TRUE,amc,fiber tracts,2337_AD PHF,amc_left
2337_AD PHF_amc_right,23.94893837,amc,right,2337,AD PHF,23.94893837,TRUE,amc,fiber tracts,2337_AD PHF,amc_right
2337_AD PHF_ar_left,5.45457491,ar,left,2337,AD PHF,5.45457491,TRUE,ar,fiber tracts,2337_AD PHF,ar_left
2337_AD PHF_ar_right,5.310427885,ar,right,2337,AD PHF,5.310427885,TRUE,ar,fiber tracts,2337_AD PHF,ar_right
2337_AD PHF_bic_left,0,bic,left,2337,AD PHF,0,TRUE,bic,fiber tracts,2337_AD PHF,bic_left
2337_AD PHF_bic_right,10.86273817,bic,right,2337,AD PHF,10.86273817,TRUE,bic,fiber tracts,2337_AD PHF,bic_right
2337_AD PHF_cc_left,2.152193603,cc,left,2337,AD PHF,2.152193603,TRUE,cc,fiber tracts,2337_AD PHF,cc_left
2337_AD PHF_cc_right,2.699281311,cc,right,2337,AD PHF,2.699281311,TRUE,cc,fiber tracts,2337_AD PHF,cc_right
2337_AD PHF_ccg_left,1.593382139,ccg,left,2337,AD PHF,1.593382139,TRUE,ccg,fiber tracts,2337_AD PHF,ccg_left
2337_AD PHF_ccg_right,1.291585843,ccg,right,2337,AD PHF,1.291585843,TRUE,ccg,fiber tracts,2337_AD PHF,ccg_right
2337_AD PHF_chpl_left,5.64851535,chpl,left,2337,AD PHF,5.64851535,TRUE,chpl,VS,2337_AD PHF,chpl_left
2337_AD PHF_chpl_right,0,chpl,right,2337,AD PHF,0,TRUE,chpl,VS,2337_AD PHF,chpl_right
2337_AD PHF_cing_left,1.771832026,cing,left,2337,AD PHF,1.771832026,TRUE,cing,fiber tracts,2337_AD PHF,cing_left
2337_AD PHF_cing_right,8.09438259,cing,right,2337,AD PHF,8.09438259,TRUE,cing,fiber tracts,2337_AD PHF,cing_right
2337_AD PHF_cst_left,0,cst,left,2337,AD PHF,0,TRUE,cst,fiber tracts,2337_AD PHF,cst_left
2337_AD PHF_cst_right,0,cst,right,2337,AD PHF,0,TRUE,cst,fiber tracts,2337_AD PHF,cst_right
2337_AD PHF_dhc_left,3.898515197,dhc,left,2337,AD PHF,3.898515197,TRUE,dhc,fiber tracts,2337_AD PHF,dhc_left
2337_AD PHF_dhc_right,12.45370236,dhc,right,2337,AD PHF,12.45370236,TRUE,dhc,fiber tracts,2337_AD PHF,dhc_right
2337_AD PHF_dscp_left,0,dscp,left,2337,AD PHF,0,TRUE,dscp,fiber tracts,2337_AD PHF,dscp_left
2337_AD PHF_dscp_right,0,dscp,right,2337,AD PHF,0,TRUE,dscp,fiber tracts,2337_AD PHF,dscp_right
2337_AD PHF_ec_left,4.374925833,ec,left,2337,AD PHF,4.374925833,TRUE,ec,fiber tracts,2337_AD PHF,ec_left
2337_AD PHF_ec_right,8.216629423,ec,right,2337,AD PHF,8.216629423,TRUE,ec,fiber tracts,2337_AD PHF,ec_right
2337_AD PHF_em_left,60.51980735,em,left,2337,AD PHF,60.51980735,TRUE,em,fiber tracts,2337_AD PHF,em_left
2337_AD PHF_em_right,0,em,right,2337,AD PHF,0,TRUE,em,fiber tracts,2337_AD PHF,em_right
2337_AD PHF_fi_left,23.01060659,fi,left,2337,AD PHF,23.01060659,TRUE,fi,fiber tracts,2337_AD PHF,fi_left
2337_AD PHF_fi_right,15.02294737,fi,right,2337,AD PHF,15.02294737,TRUE,fi,fiber tracts,2337_AD PHF,fi_right
2337_AD PHF_fiber tracts_left,1.38635712,fiber tracts,left,2337,AD PHF,1.38635712,TRUE,fiber tracts,fiber tracts,2337_AD PHF,fiber tracts_left
2337_AD PHF_fiber tracts_right,2.103622965,fiber tracts,right,2337,AD PHF,2.103622965,TRUE,fiber tracts,fiber tracts,2337_AD PHF,fiber tracts_right
2337_AD PHF_fr_left,0,fr,left,2337,AD PHF,0,TRUE,fr,fiber tracts,2337_AD PHF,fr_left
2337_AD PHF_fr_right,0,fr,right,2337,AD PHF,0,TRUE,fr,fiber tracts,2337_AD PHF,fr_right
2337_AD PHF_fx_left,0,fx,left,2337,AD PHF,0,TRUE,fx,fiber tracts,2337_AD PHF,fx_left
2337_AD PHF_fx_right,0,fx,right,2337,AD PHF,0,TRUE,fx,fiber tracts,2337_AD PHF,fx_right
2337_AD PHF_hbc_left,0,hbc,left,2337,AD PHF,0,TRUE,hbc,fiber tracts,2337_AD PHF,hbc_left
2337_AD PHF_hbc_right,0,hbc,right,2337,AD PHF,0,TRUE,hbc,fiber tracts,2337_AD PHF,hbc_right
2337_AD PHF_int_left,1.375450167,int,left,2337,AD PHF,1.375450167,TRUE,int,fiber tracts,2337_AD PHF,int_left
2337_AD PHF_int_right,3.18618917,int,right,2337,AD PHF,3.18618917,TRUE,int,fiber tracts,2337_AD PHF,int_right
2337_AD PHF_ll_left,0,ll,left,2337,AD PHF,0,TRUE,ll,fiber tracts,2337_AD PHF,ll_left
2337_AD PHF_ll_right,0,ll,right,2337,AD PHF,0,TRUE,ll,fiber tracts,2337_AD PHF,ll_right
2337_AD PHF_lotg_left,0,lotg,left,2337,AD PHF,0,TRUE,In,fiber tracts,2337_AD PHF,lotg_left
2337_AD PHF_lotg_right,6.934572047,lotg,right,2337,AD PHF,6.934572047,TRUE,In,fiber tracts,2337_AD PHF,lotg_right
2337_AD PHF_mcp_left,0,mcp,left,2337,AD PHF,0,TRUE,mcp,fiber tracts,2337_AD PHF,mcp_left
2337_AD PHF_mcp_right,1.4877784,mcp,right,2337,AD PHF,1.4877784,TRUE,mcp,fiber tracts,2337_AD PHF,mcp_right
2337_AD PHF_ml_left,0,ml,left,2337,AD PHF,0,TRUE,ml,fiber tracts,2337_AD PHF,ml_left
2337_AD PHF_ml_right,0,ml,right,2337,AD PHF,0,TRUE,ml,fiber tracts,2337_AD PHF,ml_right
2337_AD PHF_mlf_left,0,mlf,left,2337,AD PHF,0,TRUE,mlf,fiber tracts,2337_AD PHF,mlf_left
2337_AD PHF_mlf_right,0,mlf,right,2337,AD PHF,0,TRUE,mlf,fiber tracts,2337_AD PHF,mlf_right
2337_AD PHF_moV_left,0,moV,left,2337,AD PHF,0,TRUE,moV,fiber tracts,2337_AD PHF,moV_left
2337_AD PHF_moV_right,0,moV,right,2337,AD PHF,0,TRUE,moV,fiber tracts,2337_AD PHF,moV_right
2337_AD PHF_mtg_left,0,mtg,left,2337,AD PHF,0,TRUE,mtg,fiber tracts,2337_AD PHF,mtg_left
2337_AD PHF_mtg_right,0,mtg,right,2337,AD PHF,0,TRUE,mtg,fiber tracts,2337_AD PHF,mtg_right
2337_AD PHF_mtt_left,0,mtt,left,2337,AD PHF,0,TRUE,mtt,fiber tracts,2337_AD PHF,mtt_left
2337_AD PHF_mtt_right,0,mtt,right,2337,AD PHF,0,TRUE,mtt,fiber tracts,2337_AD PHF,mtt_right
2337_AD PHF_nst_left,0,nst,left,2337,AD PHF,0,TRUE,nst,fiber tracts,2337_AD PHF,nst_left
2337_AD PHF_nst_right,0,nst,right,2337,AD PHF,0,TRUE,nst,fiber tracts,2337_AD PHF,nst_right
2337_AD PHF_opt_left,0,opt,left,2337,AD PHF,0,TRUE,opt,fiber tracts,2337_AD PHF,opt_left
2337_AD PHF_opt_right,0,opt,right,2337,AD PHF,0,TRUE,opt,fiber tracts,2337_AD PHF,opt_right
2337_AD PHF_or_left,4.625717759,or,left,2337,AD PHF,4.625717759,TRUE,or,fiber tracts,2337_AD PHF,or_left
2337_AD PHF_or_right,4.528786291,or,right,2337,AD PHF,4.528786291,TRUE,or,fiber tracts,2337_AD PHF,or_right
2337_AD PHF_rust_left,0,rust,left,2337,AD PHF,0,TRUE,rust,fiber tracts,2337_AD PHF,rust_left
2337_AD PHF_rust_right,0,rust,right,2337,AD PHF,0,TRUE,rust,fiber tracts,2337_AD PHF,rust_right
2337_AD PHF_sV_left,5.50543549,sV,left,2337,AD PHF,5.50543549,TRUE,sV,fiber tracts,2337_AD PHF,sV_left
2337_AD PHF_sV_right,0,sV,right,2337,AD PHF,0,TRUE,sV,fiber tracts,2337_AD PHF,sV_right
2337_AD PHF_scp_left,8.041247735,scp,left,2337,AD PHF,8.041247735,TRUE,scp,fiber tracts,2337_AD PHF,scp_left
2337_AD PHF_scp_right,0,scp,right,2337,AD PHF,0,TRUE,scp,fiber tracts,2337_AD PHF,scp_right
2337_AD PHF_scwm_left,0,scwm,left,2337,AD PHF,0,TRUE,scwm,fiber tracts,2337_AD PHF,scwm_left
2337_AD PHF_scwm_right,6.059659778,scwm,right,2337,AD PHF,6.059659778,TRUE,scwm,fiber tracts,2337_AD PHF,scwm_right
2337_AD PHF_st_left,14.58727884,st,left,2337,AD PHF,14.58727884,TRUE,st,fiber tracts,2337_AD PHF,st_left
2337_AD PHF_st_right,66.72505489,st,right,2337,AD PHF,66.72505489,TRUE,st,fiber tracts,2337_AD PHF,st_right
2337_AD PHF_stc_right,0,stc,right,2337,AD PHF,0,TRUE,stc,fiber tracts,2337_AD PHF,stc_right
2337_AD PHF_sup_left,0,sup,left,2337,AD PHF,0,TRUE,sup,fiber tracts,2337_AD PHF,sup_left
2337_AD PHF_sup_right,0,sup,right,2337,AD PHF,0,TRUE,sup,fiber tracts,2337_AD PHF,sup_right
2337_AD PHF_tspc_left,0,tspc,left,2337,AD PHF,0,TRUE,tspc,fiber tracts,2337_AD PHF,tspc_left
2337_AD PHF_tspc_right,0,tspc,right,2337,AD PHF,0,TRUE,tspc,fiber tracts,2337_AD PHF,tspc_right
2352_AD PHF_ACAd_left,72.35017839,ACAd,left,2352,AD PHF,72.35017839,FALSE,ACA,Isocortex,2352_AD PHF,ACAd_left
2352_AD PHF_ACAd_right,17.41525593,ACAd,right,2352,AD PHF,17.41525593,FALSE,ACA,Isocortex,2352_AD PHF,ACAd_right
2352_AD PHF_ACAv_left,20.91752228,ACAv,left,2352,AD PHF,20.91752228,FALSE,ACA,Isocortex,2352_AD PHF,ACAv_left
2352_AD PHF_ACAv_right,21.9293011,ACAv,right,2352,AD PHF,21.9293011,FALSE,ACA,Isocortex,2352_AD PHF,ACAv_right
2352_AD PHF_ACB_left,6.226954894,ACB,left,2352,AD PHF,6.226954894,FALSE,ACB,STR,2352_AD PHF,ACB_left
2352_AD PHF_ACB_right,10.11809345,ACB,right,2352,AD PHF,10.11809345,FALSE,ACB,STR,2352_AD PHF,ACB_right
2352_AD PHF_AHN_left,0,AHN,left,2352,AD PHF,0,FALSE,AHN,HY,2352_AD PHF,AHN_left
2352_AD PHF_AHN_right,4.47680847,AHN,right,2352,AD PHF,4.47680847,FALSE,AHN,HY,2352_AD PHF,AHN_right
2352_AD PHF_AId_left,31.7824662,AId,left,2352,AD PHF,31.7824662,FALSE,AI,Isocortex,2352_AD PHF,AId_left
2352_AD PHF_AId_right,42.76024511,AId,right,2352,AD PHF,42.76024511,FALSE,AI,Isocortex,2352_AD PHF,AId_right
2352_AD PHF_AIp_left,30.16987027,AIp,left,2352,AD PHF,30.16987027,FALSE,AI,Isocortex,2352_AD PHF,AIp_left
2352_AD PHF_AIp_right,42.01770533,AIp,right,2352,AD PHF,42.01770533,FALSE,AI,Isocortex,2352_AD PHF,AIp_right
2352_AD PHF_AIv_left,67.12916392,AIv,left,2352,AD PHF,67.12916392,FALSE,AI,Isocortex,2352_AD PHF,AIv_left
2352_AD PHF_AIv_right,41.8664704,AIv,right,2352,AD PHF,41.8664704,FALSE,AI,Isocortex,2352_AD PHF,AIv_right
2352_AD PHF_APr_left,18.69359272,APr,left,2352,AD PHF,18.69359272,FALSE,APr,HPF,2352_AD PHF,APr_left
2352_AD PHF_APr_right,20.22201545,APr,right,2352,AD PHF,20.22201545,FALSE,APr,HPF,2352_AD PHF,APr_right
2352_AD PHF_AQ_left,0,AQ,left,2352,AD PHF,0,TRUE,AQ,VS,2352_AD PHF,AQ_left
2352_AD PHF_AQ_right,0,AQ,right,2352,AD PHF,0,TRUE,AQ,VS,2352_AD PHF,AQ_right
2352_AD PHF_ARH_left,0,ARH,left,2352,AD PHF,0,FALSE,ARH,HY,2352_AD PHF,ARH_left
2352_AD PHF_ARH_right,9.104097895,ARH,right,2352,AD PHF,9.104097895,FALSE,ARH,HY,2352_AD PHF,ARH_right
2352_AD PHF_AT_left,0,AT,left,2352,AD PHF,0,FALSE,AT,MB,2352_AD PHF,AT_left
2352_AD PHF_AT_right,0,AT,right,2352,AD PHF,0,FALSE,AT,MB,2352_AD PHF,AT_right
2352_AD PHF_AUDd_left,31.97149622,AUDd,left,2352,AD PHF,31.97149622,FALSE,AUDd,Isocortex,2352_AD PHF,AUDd_left
2352_AD PHF_AUDd_right,47.89569379,AUDd,right,2352,AD PHF,47.89569379,FALSE,AUDd,Isocortex,2352_AD PHF,AUDd_right
2352_AD PHF_AUDp_left,33.14732677,AUDp,left,2352,AD PHF,33.14732677,FALSE,AUDp,Isocortex,2352_AD PHF,AUDp_left
2352_AD PHF_AUDp_right,25.17268672,AUDp,right,2352,AD PHF,25.17268672,FALSE,AUDp,Isocortex,2352_AD PHF,AUDp_right
2352_AD PHF_AUDv_left,23.6990003,AUDv,left,2352,AD PHF,23.6990003,FALSE,AUDv,Isocortex,2352_AD PHF,AUDv_left
2352_AD PHF_AUDv_right,31.62605125,AUDv,right,2352,AD PHF,31.62605125,FALSE,AUDv,Isocortex,2352_AD PHF,AUDv_right
2352_AD PHF_BA_left,46.69108532,BA,left,2352,AD PHF,46.69108532,FALSE,BA,STR,2352_AD PHF,BA_left
2352_AD PHF_BA_right,0,BA,right,2352,AD PHF,0,FALSE,BA,STR,2352_AD PHF,BA_right
2352_AD PHF_BLA_left,30.26571561,BLA,left,2352,AD PHF,30.26571561,FALSE,BLA,CTXsp,2352_AD PHF,BLA_left
2352_AD PHF_BLA_right,29.19029239,BLA,right,2352,AD PHF,29.19029239,FALSE,BLA,CTXsp,2352_AD PHF,BLA_right
2352_AD PHF_BMA_left,31.6737488,BMA,left,2352,AD PHF,31.6737488,FALSE,BMA,CTXsp,2352_AD PHF,BMA_left
2352_AD PHF_BMA_right,18.73075209,BMA,right,2352,AD PHF,18.73075209,FALSE,BMA,CTXsp,2352_AD PHF,BMA_right
2352_AD PHF_CA1_left,22.36428292,CA1,left,2352,AD PHF,22.36428292,FALSE,CA1,HPF,2352_AD PHF,CA1_left
2352_AD PHF_CA1_right,28.80664956,CA1,right,2352,AD PHF,28.80664956,FALSE,CA1,HPF,2352_AD PHF,CA1_right
2352_AD PHF_CA2_left,19.3302104,CA2,left,2352,AD PHF,19.3302104,FALSE,CA2,HPF,2352_AD PHF,CA2_left
2352_AD PHF_CA2_right,45.1587153,CA2,right,2352,AD PHF,45.1587153,FALSE,CA2,HPF,2352_AD PHF,CA2_right
2352_AD PHF_CA3_left,25.08070113,CA3,left,2352,AD PHF,25.08070113,FALSE,CA3,HPF,2352_AD PHF,CA3_left
2352_AD PHF_CA3_right,40.64004181,CA3,right,2352,AD PHF,40.64004181,FALSE,CA3,HPF,2352_AD PHF,CA3_right
2352_AD PHF_CB_left,0,CB,left,2352,AD PHF,0,FALSE,CB,CB,2352_AD PHF,CB_left
2352_AD PHF_CB_right,0,CB,right,2352,AD PHF,0,FALSE,CB,CB,2352_AD PHF,CB_right
2352_AD PHF_CEA_left,36.74944689,CEA,left,2352,AD PHF,36.74944689,FALSE,CEA,STR,2352_AD PHF,CEA_left
2352_AD PHF_CEA_right,47.49469693,CEA,right,2352,AD PHF,47.49469693,FALSE,CEA,STR,2352_AD PHF,CEA_right
2352_AD PHF_CLA_left,0,CLA,left,2352,AD PHF,0,FALSE,CLA,CTXsp,2352_AD PHF,CLA_left
2352_AD PHF_CLA_right,70.10108559,CLA,right,2352,AD PHF,70.10108559,FALSE,CLA,CTXsp,2352_AD PHF,CLA_right
2352_AD PHF_CLI_left,0,CLI,left,2352,AD PHF,0,FALSE,CLI,MB,2352_AD PHF,CLI_left
2352_AD PHF_CLI_right,0,CLI,right,2352,AD PHF,0,FALSE,CLI,MB,2352_AD PHF,CLI_right
2352_AD PHF_CL_left,14.02917473,CL,left,2352,AD PHF,14.02917473,FALSE,CL,TH,2352_AD PHF,CL_left
2352_AD PHF_CL_right,15.71796787,CL,right,2352,AD PHF,15.71796787,FALSE,CL,TH,2352_AD PHF,CL_right
2352_AD PHF_CM_left,22.08443166,CM,left,2352,AD PHF,22.08443166,FALSE,CM,TH,2352_AD PHF,CM_left
2352_AD PHF_CM_right,3.86604208,CM,right,2352,AD PHF,3.86604208,FALSE,CM,TH,2352_AD PHF,CM_right
2352_AD PHF_COA_left,21.12250527,COA,left,2352,AD PHF,21.12250527,FALSE,COA,OLF,2352_AD PHF,COA_left
2352_AD PHF_COA_right,27.12615224,COA,right,2352,AD PHF,27.12615224,FALSE,COA,OLF,2352_AD PHF,COA_right
2352_AD PHF_COAp_left,0,COAp,left,2352,AD PHF,0,FALSE,COA,OLF,2352_AD PHF,COAp_left
2352_AD PHF_COAp_right,0,COAp,right,2352,AD PHF,0,FALSE,COA,OLF,2352_AD PHF,COAp_right
2352_AD PHF_CP_left,6.48647758,CP,left,2352,AD PHF,6.48647758,FALSE,CP,STR,2352_AD PHF,CP_left
2352_AD PHF_CP_right,7.099593307,CP,right,2352,AD PHF,7.099593307,FALSE,CP,STR,2352_AD PHF,CP_right
2352_AD PHF_CS_left,0,CS,left,2352,AD PHF,0,FALSE,CS,P,2352_AD PHF,CS_left
2352_AD PHF_CS_right,0,CS,right,2352,AD PHF,0,FALSE,CS,P,2352_AD PHF,CS_right
2352_AD PHF_CTXsp_left,29.34719398,CTXsp,left,2352,AD PHF,29.34719398,FALSE,CTXsp,CTXsp,2352_AD PHF,CTXsp_left
2352_AD PHF_CTXsp_right,42.75991193,CTXsp,right,2352,AD PHF,42.75991193,FALSE,CTXsp,CTXsp,2352_AD PHF,CTXsp_right
2352_AD PHF_DG_left,8.976205944,DG,left,2352,AD PHF,8.976205944,FALSE,DG,HPF,2352_AD PHF,DG_left
2352_AD PHF_DG_right,4.624493806,DG,right,2352,AD PHF,4.624493806,FALSE,DG,HPF,2352_AD PHF,DG_right
2352_AD PHF_DMH_left,0,DMH,left,2352,AD PHF,0,FALSE,DMH,HY,2352_AD PHF,DMH_left
2352_AD PHF_DMH_right,0,DMH,right,2352,AD PHF,0,FALSE,DMH,HY,2352_AD PHF,DMH_right
2352_AD PHF_DR_left,0,DR,left,2352,AD PHF,0,FALSE,DR,MB,2352_AD PHF,DR_left
2352_AD PHF_DR_right,0,DR,right,2352,AD PHF,0,FALSE,DR,MB,2352_AD PHF,DR_right
2352_AD PHF_ECT_left,31.79218068,ECT,left,2352,AD PHF,31.79218068,FALSE,ECT,Isocortex,2352_AD PHF,ECT_left
2352_AD PHF_ECT_right,37.08070302,ECT,right,2352,AD PHF,37.08070302,FALSE,ECT,Isocortex,2352_AD PHF,ECT_right
2352_AD PHF_ENTl_left,38.34632855,ENTl,left,2352,AD PHF,38.34632855,FALSE,ENT,HPF,2352_AD PHF,ENTl_left
2352_AD PHF_ENTl_right,17.81768349,ENTl,right,2352,AD PHF,17.81768349,FALSE,ENT,HPF,2352_AD PHF,ENTl_right
2352_AD PHF_ENTm_left,32.94408631,ENTm,left,2352,AD PHF,32.94408631,FALSE,ENT,HPF,2352_AD PHF,ENTm_left
2352_AD PHF_ENTm_right,45.61984608,ENTm,right,2352,AD PHF,45.61984608,FALSE,ENT,HPF,2352_AD PHF,ENTm_right
2352_AD PHF_EP_left,38.82560306,EP,left,2352,AD PHF,38.82560306,FALSE,EP,CTXsp,2352_AD PHF,EP_left
2352_AD PHF_EP_right,27.3289628,EP,right,2352,AD PHF,27.3289628,FALSE,EP,CTXsp,2352_AD PHF,EP_right
2352_AD PHF_Eth_left,11.84030218,Eth,left,2352,AD PHF,11.84030218,FALSE,Eth,TH,2352_AD PHF,Eth_left
2352_AD PHF_Eth_right,16.41496439,Eth,right,2352,AD PHF,16.41496439,FALSE,Eth,TH,2352_AD PHF,Eth_right
2352_AD PHF_FC_left,9.25382413,FC,left,2352,AD PHF,9.25382413,FALSE,FC,HPF,2352_AD PHF,FC_left
2352_AD PHF_FC_right,0,FC,right,2352,AD PHF,0,FALSE,FC,HPF,2352_AD PHF,FC_right
2352_AD PHF_GU_left,25.25159459,GU,left,2352,AD PHF,25.25159459,FALSE,GU,Isocortex,2352_AD PHF,GU_left
2352_AD PHF_GU_right,57.02043361,GU,right,2352,AD PHF,57.02043361,FALSE,GU,Isocortex,2352_AD PHF,GU_right
2352_AD PHF_HATA_left,40.35596256,HATA,left,2352,AD PHF,40.35596256,FALSE,HATA,HPF,2352_AD PHF,HATA_left
2352_AD PHF_HATA_right,32.5048115,HATA,right,2352,AD PHF,32.5048115,FALSE,HATA,HPF,2352_AD PHF,HATA_right
2352_AD PHF_HPF_left,0.95776782,HPF,left,2352,AD PHF,0.95776782,FALSE,HPF,HPF,2352_AD PHF,HPF_left
2352_AD PHF_HPF_right,7.796846504,HPF,right,2352,AD PHF,7.796846504,FALSE,HPF,HPF,2352_AD PHF,HPF_right
2352_AD PHF_HY_left,2.992124097,HY,left,2352,AD PHF,2.992124097,FALSE,HY,HY,2352_AD PHF,HY_left
2352_AD PHF_HY_right,1.6654691,HY,right,2352,AD PHF,1.6654691,FALSE,HY,HY,2352_AD PHF,HY_right
2352_AD PHF_IA_left,18.96533658,IA,left,2352,AD PHF,18.96533658,FALSE,IA,STR,2352_AD PHF,IA_left
2352_AD PHF_IA_right,140.76504,IA,right,2352,AD PHF,140.76504,FALSE,IA,STR,2352_AD PHF,IA_right
2352_AD PHF_IC_left,1.243417871,IC,left,2352,AD PHF,1.243417871,FALSE,IC,MB,2352_AD PHF,IC_left
2352_AD PHF_IC_right,21.69059265,IC,right,2352,AD PHF,21.69059265,FALSE,IC,MB,2352_AD PHF,IC_right
2352_AD PHF_IG_left,0,IG,left,2352,AD PHF,0,FALSE,IG,HPF,2352_AD PHF,IG_left
2352_AD PHF_IG_right,0,IG,right,2352,AD PHF,0,FALSE,IG,HPF,2352_AD PHF,IG_right
2352_AD PHF_IMD_left,0,IMD,left,2352,AD PHF,0,FALSE,IMD,TH,2352_AD PHF,IMD_left
2352_AD PHF_IMD_right,4.999192347,IMD,right,2352,AD PHF,4.999192347,FALSE,IMD,TH,2352_AD PHF,IMD_right
2352_AD PHF_IV_left,0,IV,left,2352,AD PHF,0,FALSE,IV,MB,2352_AD PHF,IV_left
2352_AD PHF_IV_right,0,IV,right,2352,AD PHF,0,FALSE,IV,MB,2352_AD PHF,IV_right
2352_AD PHF_In_left,21.30226954,In,left,2352,AD PHF,21.30226954,TRUE,In,fiber tracts,2352_AD PHF,In_left
2352_AD PHF_In_right,0,In,right,2352,AD PHF,0,TRUE,In,fiber tracts,2352_AD PHF,In_right
2352_AD PHF_LA_left,25.09771257,LA,left,2352,AD PHF,25.09771257,FALSE,LA,CTXsp,2352_AD PHF,LA_left
2352_AD PHF_LA_right,12.82031298,LA,right,2352,AD PHF,12.82031298,FALSE,LA,CTXsp,2352_AD PHF,LA_right
2352_AD PHF_LD_left,0,LD,left,2352,AD PHF,0,FALSE,LD,TH,2352_AD PHF,LD_left
2352_AD PHF_LD_right,47.34540693,LD,right,2352,AD PHF,47.34540693,FALSE,LD,TH,2352_AD PHF,LD_right
2352_AD PHF_LGd_left,29.46034982,LGd,left,2352,AD PHF,29.46034982,FALSE,LGd,TH,2352_AD PHF,LGd_left
2352_AD PHF_LGd_right,15.11000413,LGd,right,2352,AD PHF,15.11000413,FALSE,LGd,TH,2352_AD PHF,LGd_right
2352_AD PHF_LGv_left,15.26069242,LGv,left,2352,AD PHF,15.26069242,FALSE,LGv,TH,2352_AD PHF,LGv_left
2352_AD PHF_LGv_right,75.48121364,LGv,right,2352,AD PHF,75.48121364,FALSE,LGv,TH,2352_AD PHF,LGv_right
2352_AD PHF_LHA_left,4.221324471,LHA,left,2352,AD PHF,4.221324471,FALSE,LHA,HY,2352_AD PHF,LHA_left
2352_AD PHF_LHA_right,1.682175435,LHA,right,2352,AD PHF,1.682175435,FALSE,LHA,HY,2352_AD PHF,LHA_right
2352_AD PHF_LH_left,0,LH,left,2352,AD PHF,0,FALSE,LH,TH,2352_AD PHF,LH_left
2352_AD PHF_LH_right,0,LH,right,2352,AD PHF,0,FALSE,LH,TH,2352_AD PHF,LH_right
2352_AD PHF_LP_left,17.79009291,LP,left,2352,AD PHF,17.79009291,FALSE,LP,TH,2352_AD PHF,LP_left
2352_AD PHF_LP_right,13.67543335,LP,right,2352,AD PHF,13.67543335,FALSE,LP,TH,2352_AD PHF,LP_right
2352_AD PHF_LS_left,17.90625556,LS,left,2352,AD PHF,17.90625556,FALSE,LS,STR,2352_AD PHF,LS_left
2352_AD PHF_LS_right,18.45097019,LS,right,2352,AD PHF,18.45097019,FALSE,LS,STR,2352_AD PHF,LS_right
2352_AD PHF_MB_left,1.129607766,MB,left,2352,AD PHF,1.129607766,FALSE,MB,MB,2352_AD PHF,MB_left
2352_AD PHF_MB_right,1.638296964,MB,right,2352,AD PHF,1.638296964,FALSE,MB,MB,2352_AD PHF,MB_right
2352_AD PHF_MD_left,13.63010503,MD,left,2352,AD PHF,13.63010503,FALSE,MD,TH,2352_AD PHF,MD_left
2352_AD PHF_MD_right,16.25848517,MD,right,2352,AD PHF,16.25848517,FALSE,MD,TH,2352_AD PHF,MD_right
2352_AD PHF_MEA_left,15.70399845,MEA,left,2352,AD PHF,15.70399845,FALSE,MEA,STR,2352_AD PHF,MEA_left
2352_AD PHF_MEA_right,22.51515959,MEA,right,2352,AD PHF,22.51515959,FALSE,MEA,STR,2352_AD PHF,MEA_right
2352_AD PHF_MEZ_left,0,MEZ,left,2352,AD PHF,0,FALSE,MEZ,HY,2352_AD PHF,MEZ_left
2352_AD PHF_MEZ_right,0,MEZ,right,2352,AD PHF,0,FALSE,MEZ,HY,2352_AD PHF,MEZ_right
2352_AD PHF_MH_left,0,MH,left,2352,AD PHF,0,FALSE,MH,TH,2352_AD PHF,MH_left
2352_AD PHF_MH_right,0,MH,right,2352,AD PHF,0,FALSE,MH,TH,2352_AD PHF,MH_right
2352_AD PHF_MOp_left,39.83768934,MOp,left,2352,AD PHF,39.83768934,FALSE,MOp,Isocortex,2352_AD PHF,MOp_left
2352_AD PHF_MOp_right,29.01925487,MOp,right,2352,AD PHF,29.01925487,FALSE,MOp,Isocortex,2352_AD PHF,MOp_right
2352_AD PHF_MOs_left,31.1846239,MOs,left,2352,AD PHF,31.1846239,FALSE,MOs,Isocortex,2352_AD PHF,MOs_left
2352_AD PHF_MOs_right,24.34239416,MOs,right,2352,AD PHF,24.34239416,FALSE,MOs,Isocortex,2352_AD PHF,MOs_right
2352_AD PHF_MRN_left,0,MRN,left,2352,AD PHF,0,FALSE,MRN,MB,2352_AD PHF,MRN_left
2352_AD PHF_MRN_right,0.537628664,MRN,right,2352,AD PHF,0.537628664,FALSE,MRN,MB,2352_AD PHF,MRN_right
2352_AD PHF_MS_left,13.88237791,MS,left,2352,AD PHF,13.88237791,FALSE,MS,PAL,2352_AD PHF,MS_left
2352_AD PHF_MS_right,0,MS,right,2352,AD PHF,0,FALSE,MS,PAL,2352_AD PHF,MS_right
2352_AD PHF_NDB_left,6.071408519,NDB,left,2352,AD PHF,6.071408519,FALSE,NDB,PAL,2352_AD PHF,NDB_left
2352_AD PHF_NDB_right,0,NDB,right,2352,AD PHF,0,FALSE,NDB,PAL,2352_AD PHF,NDB_right
2352_AD PHF_NLL_left,3.266482909,NLL,left,2352,AD PHF,3.266482909,FALSE,NLL,P,2352_AD PHF,NLL_left
2352_AD PHF_NLL_right,3.373434601,NLL,right,2352,AD PHF,3.373434601,FALSE,NLL,P,2352_AD PHF,NLL_right
2352_AD PHF_NLOT_left,0,NLOT,left,2352,AD PHF,0,FALSE,NLOT,OLF,2352_AD PHF,NLOT_left
2352_AD PHF_NLOT_right,17.33191332,NLOT,right,2352,AD PHF,17.33191332,FALSE,NLOT,OLF,2352_AD PHF,NLOT_right
2352_AD PHF_OLF_left,45.82086322,OLF,left,2352,AD PHF,45.82086322,FALSE,OLF,OLF,2352_AD PHF,OLF_left
2352_AD PHF_OLF_right,24.34582074,OLF,right,2352,AD PHF,24.34582074,FALSE,OLF,OLF,2352_AD PHF,OLF_right
2352_AD PHF_OT_left,0,OT,left,2352,AD PHF,0,FALSE,OT,STR,2352_AD PHF,OT_left
2352_AD PHF_OT_right,0,OT,right,2352,AD PHF,0,FALSE,OT,STR,2352_AD PHF,OT_right
2352_AD PHF_PAA_left,43.36330964,PAA,left,2352,AD PHF,43.36330964,FALSE,PAA,OLF,2352_AD PHF,PAA_left
2352_AD PHF_PAA_right,33.1483273,PAA,right,2352,AD PHF,33.1483273,FALSE,PAA,OLF,2352_AD PHF,PAA_right
2352_AD PHF_PAG_left,0,PAG,left,2352,AD PHF,0,FALSE,PAG,MB,2352_AD PHF,PAG_left
2352_AD PHF_PAG_right,1.100370862,PAG,right,2352,AD PHF,1.100370862,FALSE,PAG,MB,2352_AD PHF,PAG_right
2352_AD PHF_PAL_left,0,PAL,left,2352,AD PHF,0,FALSE,PAL,PAL,2352_AD PHF,PAL_left
2352_AD PHF_PAL_right,2.684751445,PAL,right,2352,AD PHF,2.684751445,FALSE,PAL,PAL,2352_AD PHF,PAL_right
2352_AD PHF_PALd_left,4.795870727,PALd,left,2352,AD PHF,4.795870727,FALSE,PAL,PAL,2352_AD PHF,PALd_left
2352_AD PHF_PALd_right,4.797825966,PALd,right,2352,AD PHF,4.797825966,FALSE,PAL,PAL,2352_AD PHF,PALd_right
2352_AD PHF_PAR_left,31.76331565,PAR,left,2352,AD PHF,31.76331565,FALSE,PAR,HPF,2352_AD PHF,PAR_left
2352_AD PHF_PAR_right,28.2742429,PAR,right,2352,AD PHF,28.2742429,FALSE,PAR,HPF,2352_AD PHF,PAR_right
2352_AD PHF_PBG_left,0,PBG,left,2352,AD PHF,0,FALSE,PBG,MB,2352_AD PHF,PBG_left
2352_AD PHF_PBG_right,0,PBG,right,2352,AD PHF,0,FALSE,PBG,MB,2352_AD PHF,PBG_right
2352_AD PHF_PCN_left,28.24975211,PCN,left,2352,AD PHF,28.24975211,FALSE,PCN,TH,2352_AD PHF,PCN_left
2352_AD PHF_PCN_right,41.03136682,PCN,right,2352,AD PHF,41.03136682,FALSE,PCN,TH,2352_AD PHF,PCN_right
2352_AD PHF_PERI_left,98.59210796,PERI,left,2352,AD PHF,98.59210796,FALSE,PERI,Isocortex,2352_AD PHF,PERI_left
2352_AD PHF_PERI_right,0,PERI,right,2352,AD PHF,0,FALSE,PERI,Isocortex,2352_AD PHF,PERI_right
2352_AD PHF_PG_left,9.216713876,PG,left,2352,AD PHF,9.216713876,FALSE,PG,P,2352_AD PHF,PG_left
2352_AD PHF_PG_right,12.76772042,PG,right,2352,AD PHF,12.76772042,FALSE,PG,P,2352_AD PHF,PG_right
2352_AD PHF_PIR_left,44.11488944,PIR,left,2352,AD PHF,44.11488944,FALSE,PIR,OLF,2352_AD PHF,PIR_left
2352_AD PHF_PIR_right,35.19620007,PIR,right,2352,AD PHF,35.19620007,FALSE,PIR,OLF,2352_AD PHF,PIR_right
2352_AD PHF_POST_left,43.14119397,POST,left,2352,AD PHF,43.14119397,FALSE,POST,HPF,2352_AD PHF,POST_left
2352_AD PHF_POST_right,37.58513111,POST,right,2352,AD PHF,37.58513111,FALSE,POST,HPF,2352_AD PHF,POST_right
2352_AD PHF_PO_left,45.36343393,PO,left,2352,AD PHF,45.36343393,FALSE,PO,TH,2352_AD PHF,PO_left
2352_AD PHF_PO_right,58.87677153,PO,right,2352,AD PHF,58.87677153,FALSE,PO,TH,2352_AD PHF,PO_right
2352_AD PHF_PPN_left,1.552327067,PPN,left,2352,AD PHF,1.552327067,FALSE,PPN,MB,2352_AD PHF,PPN_left
2352_AD PHF_PPN_right,0,PPN,right,2352,AD PHF,0,FALSE,PPN,MB,2352_AD PHF,PPN_right
2352_AD PHF_PRC_left,0,PRC,left,2352,AD PHF,0,FALSE,PRC,MB,2352_AD PHF,PRC_left
2352_AD PHF_PRC_right,0,PRC,right,2352,AD PHF,0,FALSE,PRC,MB,2352_AD PHF,PRC_right
2352_AD PHF_PRE_left,40.86921277,PRE,left,2352,AD PHF,40.86921277,FALSE,PRE,HPF,2352_AD PHF,PRE_left
2352_AD PHF_PRE_right,19.11166734,PRE,right,2352,AD PHF,19.11166734,FALSE,PRE,HPF,2352_AD PHF,PRE_right
2352_AD PHF_PRNr_left,2.367002532,PRNr,left,2352,AD PHF,2.367002532,FALSE,PRNr,P,2352_AD PHF,PRNr_left
2352_AD PHF_PRNr_right,2.324588032,PRNr,right,2352,AD PHF,2.324588032,FALSE,PRNr,P,2352_AD PHF,PRNr_right
2352_AD PHF_PR_left,0,PR,left,2352,AD PHF,0,FALSE,PR,TH,2352_AD PHF,PR_left
2352_AD PHF_PR_right,0,PR,right,2352,AD PHF,0,FALSE,PR,TH,2352_AD PHF,PR_right
2352_AD PHF_PVT_left,0,PVT,left,2352,AD PHF,0,FALSE,PVT,TH,2352_AD PHF,PVT_left
2352_AD PHF_PVT_right,0,PVT,right,2352,AD PHF,0,FALSE,PVT,TH,2352_AD PHF,PVT_right
2352_AD PHF_PVZ_left,2.968803645,PVZ,left,2352,AD PHF,2.968803645,FALSE,PVZ,HY,2352_AD PHF,PVZ_left
2352_AD PHF_PVZ_right,3.390884663,PVZ,right,2352,AD PHF,3.390884663,FALSE,PVZ,HY,2352_AD PHF,PVZ_right
2352_AD PHF_P_left,6.088385729,P,left,2352,AD PHF,6.088385729,FALSE,P,P,2352_AD PHF,P_left
2352_AD PHF_P_right,5.15842713,P,right,2352,AD PHF,5.15842713,FALSE,P,P,2352_AD PHF,P_right
2352_AD PHF_Pa4_left,0,Pa4,left,2352,AD PHF,0,FALSE,Pa4,MB,2352_AD PHF,Pa4_left
2352_AD PHF_Pa4_right,0,Pa4,right,2352,AD PHF,0,FALSE,Pa4,MB,2352_AD PHF,Pa4_right
2352_AD PHF_PeF_left,0,PeF,left,2352,AD PHF,0,FALSE,PeF,HY,2352_AD PHF,PeF_left
2352_AD PHF_PeF_right,0,PeF,right,2352,AD PHF,0,FALSE,PeF,HY,2352_AD PHF,PeF_right
2352_AD PHF_RCH_left,7.720646165,RCH,left,2352,AD PHF,7.720646165,FALSE,RCH,HY,2352_AD PHF,RCH_left
2352_AD PHF_RCH_right,15.25898098,RCH,right,2352,AD PHF,15.25898098,FALSE,RCH,HY,2352_AD PHF,RCH_right
2352_AD PHF_RE_left,0,RE,left,2352,AD PHF,0,FALSE,RE,TH,2352_AD PHF,RE_left
2352_AD PHF_RE_right,0,RE,right,2352,AD PHF,0,FALSE,RE,TH,2352_AD PHF,RE_right
2352_AD PHF_RH_left,0,RH,left,2352,AD PHF,0,FALSE,RH,TH,2352_AD PHF,RH_left
2352_AD PHF_RH_right,0,RH,right,2352,AD PHF,0,FALSE,RH,TH,2352_AD PHF,RH_right
2352_AD PHF_RSPagl_left,40.34720596,RSPagl,left,2352,AD PHF,40.34720596,FALSE,RSP,Isocortex,2352_AD PHF,RSPagl_left
2352_AD PHF_RSPagl_right,35.64083359,RSPagl,right,2352,AD PHF,35.64083359,FALSE,RSP,Isocortex,2352_AD PHF,RSPagl_right
2352_AD PHF_RSPd_left,26.58369987,RSPd,left,2352,AD PHF,26.58369987,FALSE,RSP,Isocortex,2352_AD PHF,RSPd_left
2352_AD PHF_RSPd_right,27.9048935,RSPd,right,2352,AD PHF,27.9048935,FALSE,RSP,Isocortex,2352_AD PHF,RSPd_right
2352_AD PHF_RSPv_left,28.11883174,RSPv,left,2352,AD PHF,28.11883174,FALSE,RSP,Isocortex,2352_AD PHF,RSPv_left
2352_AD PHF_RSPv_right,47.12901264,RSPv,right,2352,AD PHF,47.12901264,FALSE,RSP,Isocortex,2352_AD PHF,RSPv_right
2352_AD PHF_RT_left,25.03303145,RT,left,2352,AD PHF,25.03303145,FALSE,RT,TH,2352_AD PHF,RT_left
2352_AD PHF_RT_right,28.02391445,RT,right,2352,AD PHF,28.02391445,FALSE,RT,TH,2352_AD PHF,RT_right
2352_AD PHF_SAG_left,0,SAG,left,2352,AD PHF,0,FALSE,SAG,MB,2352_AD PHF,SAG_left
2352_AD PHF_SAG_right,0,SAG,right,2352,AD PHF,0,FALSE,SAG,MB,2352_AD PHF,SAG_right
2352_AD PHF_SCm_left,1.423569995,SCm,left,2352,AD PHF,1.423569995,FALSE,MBmot,MB,2352_AD PHF,SCm_left
2352_AD PHF_SCm_right,1.849761867,SCm,right,2352,AD PHF,1.849761867,FALSE,MBmot,MB,2352_AD PHF,SCm_right
2352_AD PHF_SCs_left,0,SCs,left,2352,AD PHF,0,FALSE,MBsen,MB,2352_AD PHF,SCs_left
2352_AD PHF_SCs_right,0,SCs,right,2352,AD PHF,0,FALSE,MBsen,MB,2352_AD PHF,SCs_right
2352_AD PHF_SEZ_left,0,SEZ,left,2352,AD PHF,0,TRUE,SEZ,VS,2352_AD PHF,SEZ_left
2352_AD PHF_SEZ_right,0,SEZ,right,2352,AD PHF,0,TRUE,SEZ,VS,2352_AD PHF,SEZ_right
2352_AD PHF_SH_left,205.9219389,SH,left,2352,AD PHF,205.9219389,FALSE,SH,STR,2352_AD PHF,SH_left
2352_AD PHF_SH_right,0,SH,right,2352,AD PHF,0,FALSE,SH,STR,2352_AD PHF,SH_right
2352_AD PHF_SI_left,1.183459419,SI,left,2352,AD PHF,1.183459419,FALSE,SI,PAL,2352_AD PHF,SI_left
2352_AD PHF_SI_right,0,SI,right,2352,AD PHF,0,FALSE,SI,PAL,2352_AD PHF,SI_right
2352_AD PHF_SMT_left,22.70586278,SMT,left,2352,AD PHF,22.70586278,FALSE,SMT,TH,2352_AD PHF,SMT_left
2352_AD PHF_SMT_right,8.128975819,SMT,right,2352,AD PHF,8.128975819,FALSE,SMT,TH,2352_AD PHF,SMT_right
2352_AD PHF_SSp-bfd_left,40.83866388,SSp-bfd,left,2352,AD PHF,40.83866388,FALSE,SSp,Isocortex,2352_AD PHF,SSp-bfd_left
2352_AD PHF_SSp-bfd_right,44.9444328,SSp-bfd,right,2352,AD PHF,44.9444328,FALSE,SSp,Isocortex,2352_AD PHF,SSp-bfd_right
2352_AD PHF_SSp-m_left,28.41240763,SSp-m,left,2352,AD PHF,28.41240763,FALSE,SSp,Isocortex,2352_AD PHF,SSp-m_left
2352_AD PHF_SSp-m_right,43.23157049,SSp-m,right,2352,AD PHF,43.23157049,FALSE,SSp,Isocortex,2352_AD PHF,SSp-m_right
2352_AD PHF_SSp-ul_left,39.85505659,SSp-ul,left,2352,AD PHF,39.85505659,FALSE,SSp,Isocortex,2352_AD PHF,SSp-ul_left
2352_AD PHF_SSp-ul_right,68.20405321,SSp-ul,right,2352,AD PHF,68.20405321,FALSE,SSp,Isocortex,2352_AD PHF,SSp-ul_right
2352_AD PHF_SSs_left,44.70542174,SSs,left,2352,AD PHF,44.70542174,FALSE,SSs,Isocortex,2352_AD PHF,SSs_left
2352_AD PHF_SSs_right,44.29822562,SSs,right,2352,AD PHF,44.29822562,FALSE,SSs,Isocortex,2352_AD PHF,SSs_right
2352_AD PHF_STN_left,23.16381874,STN,left,2352,AD PHF,23.16381874,FALSE,STN,HY,2352_AD PHF,STN_left
2352_AD PHF_STN_right,0,STN,right,2352,AD PHF,0,FALSE,STN,HY,2352_AD PHF,STN_right
2352_AD PHF_STR_left,25.21604513,STR,left,2352,AD PHF,25.21604513,FALSE,STR,STR,2352_AD PHF,STR_left
2352_AD PHF_STR_right,18.26055509,STR,right,2352,AD PHF,18.26055509,FALSE,STR,STR,2352_AD PHF,STR_right
2352_AD PHF_SUB_left,8.074469214,SUB,left,2352,AD PHF,8.074469214,FALSE,SUB,HPF,2352_AD PHF,SUB_left
2352_AD PHF_SUB_right,6.390868301,SUB,right,2352,AD PHF,6.390868301,FALSE,SUB,HPF,2352_AD PHF,SUB_right
2352_AD PHF_TEa_left,31.34599509,TEa,left,2352,AD PHF,31.34599509,FALSE,TEa,Isocortex,2352_AD PHF,TEa_left
2352_AD PHF_TEa_right,44.86140233,TEa,right,2352,AD PHF,44.86140233,FALSE,TEa,Isocortex,2352_AD PHF,TEa_right
2352_AD PHF_TH_left,0,TH,left,2352,AD PHF,0,FALSE,TH,TH,2352_AD PHF,TH_left
2352_AD PHF_TH_right,0,TH,right,2352,AD PHF,0,FALSE,TH,TH,2352_AD PHF,TH_right
2352_AD PHF_TRN_left,2.179805495,TRN,left,2352,AD PHF,2.179805495,FALSE,TRN,P,2352_AD PHF,TRN_left
2352_AD PHF_TRN_right,6.357355386,TRN,right,2352,AD PHF,6.357355386,FALSE,TRN,P,2352_AD PHF,TRN_right
2352_AD PHF_TU_left,0,TU,left,2352,AD PHF,0,FALSE,TU,HY,2352_AD PHF,TU_left
2352_AD PHF_TU_right,7.508610735,TU,right,2352,AD PHF,7.508610735,FALSE,TU,HY,2352_AD PHF,TU_right
2352_AD PHF_V3_left,0,V3,left,2352,AD PHF,0,TRUE,V3,VS,2352_AD PHF,V3_left
2352_AD PHF_V3_right,0,V3,right,2352,AD PHF,0,TRUE,V3,VS,2352_AD PHF,V3_right
2352_AD PHF_VAL_left,40.84795239,VAL,left,2352,AD PHF,40.84795239,FALSE,VAL,TH,2352_AD PHF,VAL_left
2352_AD PHF_VAL_right,31.00674547,VAL,right,2352,AD PHF,31.00674547,FALSE,VAL,TH,2352_AD PHF,VAL_right
2352_AD PHF_VISC_left,13.58364401,VISC,left,2352,AD PHF,13.58364401,FALSE,VISC,Isocortex,2352_AD PHF,VISC_left
2352_AD PHF_VISC_right,18.53122961,VISC,right,2352,AD PHF,18.53122961,FALSE,VISC,Isocortex,2352_AD PHF,VISC_right
2352_AD PHF_VISa_left,32.2878506,VISa,left,2352,AD PHF,32.2878506,FALSE,VISa,Isocortex,2352_AD PHF,VISa_left
2352_AD PHF_VISa_right,30.81814402,VISa,right,2352,AD PHF,30.81814402,FALSE,VISa,Isocortex,2352_AD PHF,VISa_right
2352_AD PHF_VISam_left,48.21881716,VISam,left,2352,AD PHF,48.21881716,FALSE,VISam,Isocortex,2352_AD PHF,VISam_left
2352_AD PHF_VISam_right,20.41961703,VISam,right,2352,AD PHF,20.41961703,FALSE,VISam,Isocortex,2352_AD PHF,VISam_right
2352_AD PHF_VISl_left,95.19687288,VISl,left,2352,AD PHF,95.19687288,FALSE,VISl,Isocortex,2352_AD PHF,VISl_left
2352_AD PHF_VISl_right,68.04932397,VISl,right,2352,AD PHF,68.04932397,FALSE,VISl,Isocortex,2352_AD PHF,VISl_right
2352_AD PHF_VISp_left,30.44439988,VISp,left,2352,AD PHF,30.44439988,FALSE,VISp,Isocortex,2352_AD PHF,VISp_left
2352_AD PHF_VISp_right,46.86576596,VISp,right,2352,AD PHF,46.86576596,FALSE,VISp,Isocortex,2352_AD PHF,VISp_right
2352_AD PHF_VISpl_left,19.37096532,VISpl,left,2352,AD PHF,19.37096532,FALSE,VISpl,Isocortex,2352_AD PHF,VISpl_left
2352_AD PHF_VISpl_right,47.61269905,VISpl,right,2352,AD PHF,47.61269905,FALSE,VISpl,Isocortex,2352_AD PHF,VISpl_right
2352_AD PHF_VISpm_left,19.47288059,VISpm,left,2352,AD PHF,19.47288059,FALSE,VISpm,Isocortex,2352_AD PHF,VISpm_left
2352_AD PHF_VISpm_right,31.92850691,VISpm,right,2352,AD PHF,31.92850691,FALSE,VISpm,Isocortex,2352_AD PHF,VISpm_right
2352_AD PHF_VISpor_left,34.73995278,VISpor,left,2352,AD PHF,34.73995278,FALSE,VISpor,Isocortex,2352_AD PHF,VISpor_left
2352_AD PHF_VISpor_right,32.87879581,VISpor,right,2352,AD PHF,32.87879581,FALSE,VISpor,Isocortex,2352_AD PHF,VISpor_right
2352_AD PHF_VISrl_left,24.43755621,VISrl,left,2352,AD PHF,24.43755621,FALSE,VISrl,Isocortex,2352_AD PHF,VISrl_left
2352_AD PHF_VISrl_right,32.64802897,VISrl,right,2352,AD PHF,32.64802897,FALSE,VISrl,Isocortex,2352_AD PHF,VISrl_right
2352_AD PHF_VL_left,0,VL,left,2352,AD PHF,0,TRUE,VL,VS,2352_AD PHF,VL_left
2352_AD PHF_VL_right,1.038261877,VL,right,2352,AD PHF,1.038261877,TRUE,VL,VS,2352_AD PHF,VL_right
2352_AD PHF_VMH_left,3.849083391,VMH,left,2352,AD PHF,3.849083391,FALSE,VMH,HY,2352_AD PHF,VMH_left
2352_AD PHF_VMH_right,9.536078227,VMH,right,2352,AD PHF,9.536078227,FALSE,VMH,HY,2352_AD PHF,VMH_right
2352_AD PHF_VM_left,20.02639498,VM,left,2352,AD PHF,20.02639498,FALSE,VM,TH,2352_AD PHF,VM_left
2352_AD PHF_VM_right,19.84387472,VM,right,2352,AD PHF,19.84387472,FALSE,VM,TH,2352_AD PHF,VM_right
2352_AD PHF_VPL_left,40.23763846,VPL,left,2352,AD PHF,40.23763846,FALSE,VPL,TH,2352_AD PHF,VPL_left
2352_AD PHF_VPL_right,35.27848171,VPL,right,2352,AD PHF,35.27848171,FALSE,VPL,TH,2352_AD PHF,VPL_right
2352_AD PHF_VPM_left,46.68516861,VPM,left,2352,AD PHF,46.68516861,FALSE,VPM,TH,2352_AD PHF,VPM_left
2352_AD PHF_VPM_right,39.08047309,VPM,right,2352,AD PHF,39.08047309,FALSE,VPM,TH,2352_AD PHF,VPM_right
2352_AD PHF_VP_right,0,VP,right,2352,AD PHF,0,FALSE,VP,TH,2352_AD PHF,VP_right
2352_AD PHF_Xi_left,0,Xi,left,2352,AD PHF,0,FALSE,Xi,TH,2352_AD PHF,Xi_left
2352_AD PHF_Xi_right,0,Xi,right,2352,AD PHF,0,FALSE,Xi,TH,2352_AD PHF,Xi_right
2352_AD PHF_ZI_left,12.78131625,ZI,left,2352,AD PHF,12.78131625,FALSE,ZI,HY,2352_AD PHF,ZI_left
2352_AD PHF_ZI_right,2.961969069,ZI,right,2352,AD PHF,2.961969069,FALSE,ZI,HY,2352_AD PHF,ZI_right
2352_AD PHF_alv_left,15.52047206,alv,left,2352,AD PHF,15.52047206,TRUE,alv,fiber tracts,2352_AD PHF,alv_left
2352_AD PHF_alv_right,13.3459791,alv,right,2352,AD PHF,13.3459791,TRUE,alv,fiber tracts,2352_AD PHF,alv_right
2352_AD PHF_amc_left,18.65299829,amc,left,2352,AD PHF,18.65299829,TRUE,amc,fiber tracts,2352_AD PHF,amc_left
2352_AD PHF_amc_right,38.5149956,amc,right,2352,AD PHF,38.5149956,TRUE,amc,fiber tracts,2352_AD PHF,amc_right
2352_AD PHF_ar_left,16.04637667,ar,left,2352,AD PHF,16.04637667,TRUE,ar,fiber tracts,2352_AD PHF,ar_left
2352_AD PHF_ar_right,2.960788862,ar,right,2352,AD PHF,2.960788862,TRUE,ar,fiber tracts,2352_AD PHF,ar_right
2352_AD PHF_bic_left,0,bic,left,2352,AD PHF,0,TRUE,bic,fiber tracts,2352_AD PHF,bic_left
2352_AD PHF_bic_right,7.85005903,bic,right,2352,AD PHF,7.85005903,TRUE,bic,fiber tracts,2352_AD PHF,bic_right
2352_AD PHF_cc_left,36.96511109,cc,left,2352,AD PHF,36.96511109,TRUE,cc,fiber tracts,2352_AD PHF,cc_left
2352_AD PHF_cc_right,34.03143395,cc,right,2352,AD PHF,34.03143395,TRUE,cc,fiber tracts,2352_AD PHF,cc_right
2352_AD PHF_ccg_left,3.696429719,ccg,left,2352,AD PHF,3.696429719,TRUE,ccg,fiber tracts,2352_AD PHF,ccg_left
2352_AD PHF_ccg_right,9.852724351,ccg,right,2352,AD PHF,9.852724351,TRUE,ccg,fiber tracts,2352_AD PHF,ccg_right
2352_AD PHF_chpl_left,0,chpl,left,2352,AD PHF,0,TRUE,chpl,VS,2352_AD PHF,chpl_left
2352_AD PHF_chpl_right,0,chpl,right,2352,AD PHF,0,TRUE,chpl,VS,2352_AD PHF,chpl_right
2352_AD PHF_cing_left,15.54039662,cing,left,2352,AD PHF,15.54039662,TRUE,cing,fiber tracts,2352_AD PHF,cing_left
2352_AD PHF_cing_right,13.53289927,cing,right,2352,AD PHF,13.53289927,TRUE,cing,fiber tracts,2352_AD PHF,cing_right
2352_AD PHF_cst_left,15.70011806,cst,left,2352,AD PHF,15.70011806,TRUE,cst,fiber tracts,2352_AD PHF,cst_left
2352_AD PHF_cst_right,34.89042385,cst,right,2352,AD PHF,34.89042385,TRUE,cst,fiber tracts,2352_AD PHF,cst_right
2352_AD PHF_dhc_left,31.52803482,dhc,left,2352,AD PHF,31.52803482,TRUE,dhc,fiber tracts,2352_AD PHF,dhc_left
2352_AD PHF_dhc_right,28.03056973,dhc,right,2352,AD PHF,28.03056973,TRUE,dhc,fiber tracts,2352_AD PHF,dhc_right
2352_AD PHF_dscp_left,0,dscp,left,2352,AD PHF,0,TRUE,dscp,fiber tracts,2352_AD PHF,dscp_left
2352_AD PHF_dscp_right,0,dscp,right,2352,AD PHF,0,TRUE,dscp,fiber tracts,2352_AD PHF,dscp_right
2352_AD PHF_ec_left,14.15873644,ec,left,2352,AD PHF,14.15873644,TRUE,ec,fiber tracts,2352_AD PHF,ec_left
2352_AD PHF_ec_right,8.145771802,ec,right,2352,AD PHF,8.145771802,TRUE,ec,fiber tracts,2352_AD PHF,ec_right
2352_AD PHF_em_left,40.4809673,em,left,2352,AD PHF,40.4809673,TRUE,em,fiber tracts,2352_AD PHF,em_left
2352_AD PHF_em_right,38.75672868,em,right,2352,AD PHF,38.75672868,TRUE,em,fiber tracts,2352_AD PHF,em_right
2352_AD PHF_fi_left,13.12164938,fi,left,2352,AD PHF,13.12164938,TRUE,fi,fiber tracts,2352_AD PHF,fi_left
2352_AD PHF_fi_right,3.489300893,fi,right,2352,AD PHF,3.489300893,TRUE,fi,fiber tracts,2352_AD PHF,fi_right
2352_AD PHF_fiber tracts_left,5.016757433,fiber tracts,left,2352,AD PHF,5.016757433,TRUE,fiber tracts,fiber tracts,2352_AD PHF,fiber tracts_left
2352_AD PHF_fiber tracts_right,14.72497029,fiber tracts,right,2352,AD PHF,14.72497029,TRUE,fiber tracts,fiber tracts,2352_AD PHF,fiber tracts_right
2352_AD PHF_fr_left,0,fr,left,2352,AD PHF,0,TRUE,fr,fiber tracts,2352_AD PHF,fr_left
2352_AD PHF_fr_right,0,fr,right,2352,AD PHF,0,TRUE,fr,fiber tracts,2352_AD PHF,fr_right
2352_AD PHF_fx_left,0,fx,left,2352,AD PHF,0,TRUE,fx,fiber tracts,2352_AD PHF,fx_left
2352_AD PHF_fx_right,0,fx,right,2352,AD PHF,0,TRUE,fx,fiber tracts,2352_AD PHF,fx_right
2352_AD PHF_hbc_left,0,hbc,left,2352,AD PHF,0,TRUE,hbc,fiber tracts,2352_AD PHF,hbc_left
2352_AD PHF_hbc_right,0,hbc,right,2352,AD PHF,0,TRUE,hbc,fiber tracts,2352_AD PHF,hbc_right
2352_AD PHF_int_left,8.920140038,int,left,2352,AD PHF,8.920140038,TRUE,int,fiber tracts,2352_AD PHF,int_left
2352_AD PHF_int_right,3.834109094,int,right,2352,AD PHF,3.834109094,TRUE,int,fiber tracts,2352_AD PHF,int_right
2352_AD PHF_ll_left,0,ll,left,2352,AD PHF,0,TRUE,ll,fiber tracts,2352_AD PHF,ll_left
2352_AD PHF_ll_right,0,ll,right,2352,AD PHF,0,TRUE,ll,fiber tracts,2352_AD PHF,ll_right
2352_AD PHF_lotg_left,0,lotg,left,2352,AD PHF,0,TRUE,In,fiber tracts,2352_AD PHF,lotg_left
2352_AD PHF_lotg_right,0,lotg,right,2352,AD PHF,0,TRUE,In,fiber tracts,2352_AD PHF,lotg_right
2352_AD PHF_mcp_left,4.466900336,mcp,left,2352,AD PHF,4.466900336,TRUE,mcp,fiber tracts,2352_AD PHF,mcp_left
2352_AD PHF_mcp_right,0,mcp,right,2352,AD PHF,0,TRUE,mcp,fiber tracts,2352_AD PHF,mcp_right
2352_AD PHF_ml_left,9.61480098,ml,left,2352,AD PHF,9.61480098,TRUE,ml,fiber tracts,2352_AD PHF,ml_left
2352_AD PHF_ml_right,9.689916615,ml,right,2352,AD PHF,9.689916615,TRUE,ml,fiber tracts,2352_AD PHF,ml_right
2352_AD PHF_mlf_left,0,mlf,left,2352,AD PHF,0,TRUE,mlf,fiber tracts,2352_AD PHF,mlf_left
2352_AD PHF_mlf_right,0,mlf,right,2352,AD PHF,0,TRUE,mlf,fiber tracts,2352_AD PHF,mlf_right
2352_AD PHF_moV_left,16.76093685,moV,left,2352,AD PHF,16.76093685,TRUE,moV,fiber tracts,2352_AD PHF,moV_left
2352_AD PHF_moV_right,0,moV,right,2352,AD PHF,0,TRUE,moV,fiber tracts,2352_AD PHF,moV_right
2352_AD PHF_mtg_left,0,mtg,left,2352,AD PHF,0,TRUE,mtg,fiber tracts,2352_AD PHF,mtg_left
2352_AD PHF_mtg_right,0,mtg,right,2352,AD PHF,0,TRUE,mtg,fiber tracts,2352_AD PHF,mtg_right
2352_AD PHF_mtt_left,11.58190937,mtt,left,2352,AD PHF,11.58190937,TRUE,mtt,fiber tracts,2352_AD PHF,mtt_left
2352_AD PHF_mtt_right,0,mtt,right,2352,AD PHF,0,TRUE,mtt,fiber tracts,2352_AD PHF,mtt_right
2352_AD PHF_nst_left,0,nst,left,2352,AD PHF,0,TRUE,nst,fiber tracts,2352_AD PHF,nst_left
2352_AD PHF_nst_right,0,nst,right,2352,AD PHF,0,TRUE,nst,fiber tracts,2352_AD PHF,nst_right
2352_AD PHF_opt_left,6.972821387,opt,left,2352,AD PHF,6.972821387,TRUE,opt,fiber tracts,2352_AD PHF,opt_left
2352_AD PHF_opt_right,11.52802891,opt,right,2352,AD PHF,11.52802891,TRUE,opt,fiber tracts,2352_AD PHF,opt_right
2352_AD PHF_or_left,10.21580377,or,left,2352,AD PHF,10.21580377,TRUE,or,fiber tracts,2352_AD PHF,or_left
2352_AD PHF_or_right,20.57920944,or,right,2352,AD PHF,20.57920944,TRUE,or,fiber tracts,2352_AD PHF,or_right
2352_AD PHF_rust_left,8.553857425,rust,left,2352,AD PHF,8.553857425,TRUE,rust,fiber tracts,2352_AD PHF,rust_left
2352_AD PHF_rust_right,0,rust,right,2352,AD PHF,0,TRUE,rust,fiber tracts,2352_AD PHF,rust_right
2352_AD PHF_sV_left,63.14529943,sV,left,2352,AD PHF,63.14529943,TRUE,sV,fiber tracts,2352_AD PHF,sV_left
2352_AD PHF_sV_right,0,sV,right,2352,AD PHF,0,TRUE,sV,fiber tracts,2352_AD PHF,sV_right
2352_AD PHF_scp_left,0,scp,left,2352,AD PHF,0,TRUE,scp,fiber tracts,2352_AD PHF,scp_left
2352_AD PHF_scp_right,0,scp,right,2352,AD PHF,0,TRUE,scp,fiber tracts,2352_AD PHF,scp_right
2352_AD PHF_scwm_left,0,scwm,left,2352,AD PHF,0,TRUE,scwm,fiber tracts,2352_AD PHF,scwm_left
2352_AD PHF_scwm_right,4.576043088,scwm,right,2352,AD PHF,4.576043088,TRUE,scwm,fiber tracts,2352_AD PHF,scwm_right
2352_AD PHF_sm_right,0,sm,right,2352,AD PHF,0,TRUE,sm,fiber tracts,2352_AD PHF,sm_right
2352_AD PHF_st_left,43.30377632,st,left,2352,AD PHF,43.30377632,TRUE,st,fiber tracts,2352_AD PHF,st_left
2352_AD PHF_st_right,10.48023456,st,right,2352,AD PHF,10.48023456,TRUE,st,fiber tracts,2352_AD PHF,st_right
2352_AD PHF_stc_left,20.06273425,stc,left,2352,AD PHF,20.06273425,TRUE,stc,fiber tracts,2352_AD PHF,stc_left
2352_AD PHF_stc_right,20.63595523,stc,right,2352,AD PHF,20.63595523,TRUE,stc,fiber tracts,2352_AD PHF,stc_right
2352_AD PHF_sup_left,28.9953156,sup,left,2352,AD PHF,28.9953156,TRUE,sup,fiber tracts,2352_AD PHF,sup_left
2352_AD PHF_sup_right,24.0752811,sup,right,2352,AD PHF,24.0752811,TRUE,sup,fiber tracts,2352_AD PHF,sup_right
2352_AD PHF_tspc_left,0,tspc,left,2352,AD PHF,0,TRUE,tspc,fiber tracts,2352_AD PHF,tspc_left
2352_AD PHF_tspc_right,0,tspc,right,2352,AD PHF,0,TRUE,tspc,fiber tracts,2352_AD PHF,tspc_right
2375_AD PHF_ACAd_left,21.02850944,ACAd,left,2375,AD PHF,21.02850944,FALSE,ACA,Isocortex,2375_AD PHF,ACAd_left
2375_AD PHF_ACAd_right,37.84731172,ACAd,right,2375,AD PHF,37.84731172,FALSE,ACA,Isocortex,2375_AD PHF,ACAd_right
2375_AD PHF_ACAv_left,12.88650832,ACAv,left,2375,AD PHF,12.88650832,FALSE,ACA,Isocortex,2375_AD PHF,ACAv_left
2375_AD PHF_ACAv_right,30.48888603,ACAv,right,2375,AD PHF,30.48888603,FALSE,ACA,Isocortex,2375_AD PHF,ACAv_right
2375_AD PHF_ACB_left,7.347207339,ACB,left,2375,AD PHF,7.347207339,FALSE,ACB,STR,2375_AD PHF,ACB_left
2375_AD PHF_ACB_right,3.820404181,ACB,right,2375,AD PHF,3.820404181,FALSE,ACB,STR,2375_AD PHF,ACB_right
2375_AD PHF_AHN_right,0,AHN,right,2375,AD PHF,0,FALSE,AHN,HY,2375_AD PHF,AHN_right
2375_AD PHF_AId_left,52.36040144,AId,left,2375,AD PHF,52.36040144,FALSE,AI,Isocortex,2375_AD PHF,AId_left
2375_AD PHF_AId_right,6.689731483,AId,right,2375,AD PHF,6.689731483,FALSE,AI,Isocortex,2375_AD PHF,AId_right
2375_AD PHF_AIp_left,32.48677329,AIp,left,2375,AD PHF,32.48677329,FALSE,AI,Isocortex,2375_AD PHF,AIp_left
2375_AD PHF_AIp_right,26.83122918,AIp,right,2375,AD PHF,26.83122918,FALSE,AI,Isocortex,2375_AD PHF,AIp_right
2375_AD PHF_AIv_left,19.9266593,AIv,left,2375,AD PHF,19.9266593,FALSE,AI,Isocortex,2375_AD PHF,AIv_left
2375_AD PHF_AIv_right,18.67942122,AIv,right,2375,AD PHF,18.67942122,FALSE,AI,Isocortex,2375_AD PHF,AIv_right
2375_AD PHF_APr_left,10.9867986,APr,left,2375,AD PHF,10.9867986,FALSE,APr,HPF,2375_AD PHF,APr_left
2375_AD PHF_APr_right,31.24291061,APr,right,2375,AD PHF,31.24291061,FALSE,APr,HPF,2375_AD PHF,APr_right
2375_AD PHF_AQ_left,0,AQ,left,2375,AD PHF,0,TRUE,AQ,VS,2375_AD PHF,AQ_left
2375_AD PHF_AQ_right,0,AQ,right,2375,AD PHF,0,TRUE,AQ,VS,2375_AD PHF,AQ_right
2375_AD PHF_ARH_left,0,ARH,left,2375,AD PHF,0,FALSE,ARH,HY,2375_AD PHF,ARH_left
2375_AD PHF_ARH_right,0,ARH,right,2375,AD PHF,0,FALSE,ARH,HY,2375_AD PHF,ARH_right
2375_AD PHF_AT_left,0,AT,left,2375,AD PHF,0,FALSE,AT,MB,2375_AD PHF,AT_left
2375_AD PHF_AT_right,0,AT,right,2375,AD PHF,0,FALSE,AT,MB,2375_AD PHF,AT_right
2375_AD PHF_AUDd_left,21.48278074,AUDd,left,2375,AD PHF,21.48278074,FALSE,AUDd,Isocortex,2375_AD PHF,AUDd_left
2375_AD PHF_AUDd_right,52.65317718,AUDd,right,2375,AD PHF,52.65317718,FALSE,AUDd,Isocortex,2375_AD PHF,AUDd_right
2375_AD PHF_AUDp_left,27.66175811,AUDp,left,2375,AD PHF,27.66175811,FALSE,AUDp,Isocortex,2375_AD PHF,AUDp_left
2375_AD PHF_AUDv_left,7.948889537,AUDv,left,2375,AD PHF,7.948889537,FALSE,AUDv,Isocortex,2375_AD PHF,AUDv_left
2375_AD PHF_AUDv_right,33.55099486,AUDv,right,2375,AD PHF,33.55099486,FALSE,AUDv,Isocortex,2375_AD PHF,AUDv_right
2375_AD PHF_AVPV_left,0,AVPV,left,2375,AD PHF,0,FALSE,AVPV,HY,2375_AD PHF,AVPV_left
2375_AD PHF_AVPV_right,0,AVPV,right,2375,AD PHF,0,FALSE,AVPV,HY,2375_AD PHF,AVPV_right
2375_AD PHF_BA_right,0,BA,right,2375,AD PHF,0,FALSE,BA,STR,2375_AD PHF,BA_right
2375_AD PHF_BLA_left,32.20118785,BLA,left,2375,AD PHF,32.20118785,FALSE,BLA,CTXsp,2375_AD PHF,BLA_left
2375_AD PHF_BLA_right,19.13648721,BLA,right,2375,AD PHF,19.13648721,FALSE,BLA,CTXsp,2375_AD PHF,BLA_right
2375_AD PHF_BMA_left,16.18849253,BMA,left,2375,AD PHF,16.18849253,FALSE,BMA,CTXsp,2375_AD PHF,BMA_left
2375_AD PHF_BMA_right,29.23501748,BMA,right,2375,AD PHF,29.23501748,FALSE,BMA,CTXsp,2375_AD PHF,BMA_right
2375_AD PHF_CA1_left,22.74505369,CA1,left,2375,AD PHF,22.74505369,FALSE,CA1,HPF,2375_AD PHF,CA1_left
2375_AD PHF_CA1_right,25.12278585,CA1,right,2375,AD PHF,25.12278585,FALSE,CA1,HPF,2375_AD PHF,CA1_right
2375_AD PHF_CA2_left,33.43596253,CA2,left,2375,AD PHF,33.43596253,FALSE,CA2,HPF,2375_AD PHF,CA2_left
2375_AD PHF_CA2_right,26.31161977,CA2,right,2375,AD PHF,26.31161977,FALSE,CA2,HPF,2375_AD PHF,CA2_right
2375_AD PHF_CA3_left,23.12318816,CA3,left,2375,AD PHF,23.12318816,FALSE,CA3,HPF,2375_AD PHF,CA3_left
2375_AD PHF_CA3_right,20.20940205,CA3,right,2375,AD PHF,20.20940205,FALSE,CA3,HPF,2375_AD PHF,CA3_right
2375_AD PHF_CB_left,0,CB,left,2375,AD PHF,0,FALSE,CB,CB,2375_AD PHF,CB_left
2375_AD PHF_CB_right,0,CB,right,2375,AD PHF,0,FALSE,CB,CB,2375_AD PHF,CB_right
2375_AD PHF_CEA_left,44.06402739,CEA,left,2375,AD PHF,44.06402739,FALSE,CEA,STR,2375_AD PHF,CEA_left
2375_AD PHF_CEA_right,17.41380063,CEA,right,2375,AD PHF,17.41380063,FALSE,CEA,STR,2375_AD PHF,CEA_right
2375_AD PHF_CLA_left,0,CLA,left,2375,AD PHF,0,FALSE,CLA,CTXsp,2375_AD PHF,CLA_left
2375_AD PHF_CLA_right,17.79592583,CLA,right,2375,AD PHF,17.79592583,FALSE,CLA,CTXsp,2375_AD PHF,CLA_right
2375_AD PHF_CLI_left,0,CLI,left,2375,AD PHF,0,FALSE,CLI,MB,2375_AD PHF,CLI_left
2375_AD PHF_CLI_right,0,CLI,right,2375,AD PHF,0,FALSE,CLI,MB,2375_AD PHF,CLI_right
2375_AD PHF_CL_left,3.196719932,CL,left,2375,AD PHF,3.196719932,FALSE,CL,TH,2375_AD PHF,CL_left
2375_AD PHF_CL_right,9.544916615,CL,right,2375,AD PHF,9.544916615,FALSE,CL,TH,2375_AD PHF,CL_right
2375_AD PHF_CM_left,12.96592586,CM,left,2375,AD PHF,12.96592586,FALSE,CM,TH,2375_AD PHF,CM_left
2375_AD PHF_CM_right,12.68851912,CM,right,2375,AD PHF,12.68851912,FALSE,CM,TH,2375_AD PHF,CM_right
2375_AD PHF_COA_left,20.92602204,COA,left,2375,AD PHF,20.92602204,FALSE,COA,OLF,2375_AD PHF,COA_left
2375_AD PHF_COA_right,15.96765376,COA,right,2375,AD PHF,15.96765376,FALSE,COA,OLF,2375_AD PHF,COA_right
2375_AD PHF_COAp_left,30.20116356,COAp,left,2375,AD PHF,30.20116356,FALSE,COA,OLF,2375_AD PHF,COAp_left
2375_AD PHF_CP_left,3.870821281,CP,left,2375,AD PHF,3.870821281,FALSE,CP,STR,2375_AD PHF,CP_left
2375_AD PHF_CP_right,3.349757097,CP,right,2375,AD PHF,3.349757097,FALSE,CP,STR,2375_AD PHF,CP_right
2375_AD PHF_CS_left,0,CS,left,2375,AD PHF,0,FALSE,CS,P,2375_AD PHF,CS_left
2375_AD PHF_CS_right,0,CS,right,2375,AD PHF,0,FALSE,CS,P,2375_AD PHF,CS_right
2375_AD PHF_CTXsp_left,56.01862686,CTXsp,left,2375,AD PHF,56.01862686,FALSE,CTXsp,CTXsp,2375_AD PHF,CTXsp_left
2375_AD PHF_CTXsp_right,20.19263843,CTXsp,right,2375,AD PHF,20.19263843,FALSE,CTXsp,CTXsp,2375_AD PHF,CTXsp_right
2375_AD PHF_DG_left,6.588803576,DG,left,2375,AD PHF,6.588803576,FALSE,DG,HPF,2375_AD PHF,DG_left
2375_AD PHF_DG_right,6.770376437,DG,right,2375,AD PHF,6.770376437,FALSE,DG,HPF,2375_AD PHF,DG_right
2375_AD PHF_DMH_left,0,DMH,left,2375,AD PHF,0,FALSE,DMH,HY,2375_AD PHF,DMH_left
2375_AD PHF_DMH_right,0,DMH,right,2375,AD PHF,0,FALSE,DMH,HY,2375_AD PHF,DMH_right
2375_AD PHF_DR_left,0,DR,left,2375,AD PHF,0,FALSE,DR,MB,2375_AD PHF,DR_left
2375_AD PHF_DR_right,0,DR,right,2375,AD PHF,0,FALSE,DR,MB,2375_AD PHF,DR_right
2375_AD PHF_ECT_left,22.25967497,ECT,left,2375,AD PHF,22.25967497,FALSE,ECT,Isocortex,2375_AD PHF,ECT_left
2375_AD PHF_ECT_right,0,ECT,right,2375,AD PHF,0,FALSE,ECT,Isocortex,2375_AD PHF,ECT_right
2375_AD PHF_ENTl_left,14.50076684,ENTl,left,2375,AD PHF,14.50076684,FALSE,ENT,HPF,2375_AD PHF,ENTl_left
2375_AD PHF_ENTl_right,9.265230824,ENTl,right,2375,AD PHF,9.265230824,FALSE,ENT,HPF,2375_AD PHF,ENTl_right
2375_AD PHF_ENTm_left,25.84421006,ENTm,left,2375,AD PHF,25.84421006,FALSE,ENT,HPF,2375_AD PHF,ENTm_left
2375_AD PHF_ENTm_right,17.43133552,ENTm,right,2375,AD PHF,17.43133552,FALSE,ENT,HPF,2375_AD PHF,ENTm_right
2375_AD PHF_EP_left,17.1149132,EP,left,2375,AD PHF,17.1149132,FALSE,EP,CTXsp,2375_AD PHF,EP_left
2375_AD PHF_EP_right,14.70095652,EP,right,2375,AD PHF,14.70095652,FALSE,EP,CTXsp,2375_AD PHF,EP_right
2375_AD PHF_Eth_left,9.98026957,Eth,left,2375,AD PHF,9.98026957,FALSE,Eth,TH,2375_AD PHF,Eth_left
2375_AD PHF_Eth_right,0,Eth,right,2375,AD PHF,0,FALSE,Eth,TH,2375_AD PHF,Eth_right
2375_AD PHF_FC_left,21.32983817,FC,left,2375,AD PHF,21.32983817,FALSE,FC,HPF,2375_AD PHF,FC_left
2375_AD PHF_FC_right,39.27398773,FC,right,2375,AD PHF,39.27398773,FALSE,FC,HPF,2375_AD PHF,FC_right
2375_AD PHF_GU_left,29.14652128,GU,left,2375,AD PHF,29.14652128,FALSE,GU,Isocortex,2375_AD PHF,GU_left
2375_AD PHF_GU_right,19.42979119,GU,right,2375,AD PHF,19.42979119,FALSE,GU,Isocortex,2375_AD PHF,GU_right
2375_AD PHF_HATA_left,33.57907449,HATA,left,2375,AD PHF,33.57907449,FALSE,HATA,HPF,2375_AD PHF,HATA_left
2375_AD PHF_HATA_right,0,HATA,right,2375,AD PHF,0,FALSE,HATA,HPF,2375_AD PHF,HATA_right
2375_AD PHF_HPF_left,0.957920607,HPF,left,2375,AD PHF,0.957920607,FALSE,HPF,HPF,2375_AD PHF,HPF_left
2375_AD PHF_HPF_right,1.089705542,HPF,right,2375,AD PHF,1.089705542,FALSE,HPF,HPF,2375_AD PHF,HPF_right
2375_AD PHF_HY_left,0.801250397,HY,left,2375,AD PHF,0.801250397,FALSE,HY,HY,2375_AD PHF,HY_left
2375_AD PHF_HY_right,0.494748406,HY,right,2375,AD PHF,0.494748406,FALSE,HY,HY,2375_AD PHF,HY_right
2375_AD PHF_IA_left,34.38746346,IA,left,2375,AD PHF,34.38746346,FALSE,IA,STR,2375_AD PHF,IA_left
2375_AD PHF_IA_right,8.805200095,IA,right,2375,AD PHF,8.805200095,FALSE,IA,STR,2375_AD PHF,IA_right
2375_AD PHF_IC_left,0,IC,left,2375,AD PHF,0,FALSE,IC,MB,2375_AD PHF,IC_left
2375_AD PHF_IC_right,0,IC,right,2375,AD PHF,0,FALSE,IC,MB,2375_AD PHF,IC_right
2375_AD PHF_IGL_left,0,IGL,left,2375,AD PHF,0,FALSE,IGL,TH,2375_AD PHF,IGL_left
2375_AD PHF_IG_left,0,IG,left,2375,AD PHF,0,FALSE,IG,HPF,2375_AD PHF,IG_left
2375_AD PHF_IG_right,20.17704238,IG,right,2375,AD PHF,20.17704238,FALSE,IG,HPF,2375_AD PHF,IG_right
2375_AD PHF_IIn_left,0,IIn,left,2375,AD PHF,0,TRUE,IIn,fiber tracts,2375_AD PHF,IIn_left
2375_AD PHF_IIn_right,0,IIn,right,2375,AD PHF,0,TRUE,IIn,fiber tracts,2375_AD PHF,IIn_right
2375_AD PHF_IMD_left,0,IMD,left,2375,AD PHF,0,FALSE,IMD,TH,2375_AD PHF,IMD_left
2375_AD PHF_IMD_right,0,IMD,right,2375,AD PHF,0,FALSE,IMD,TH,2375_AD PHF,IMD_right
2375_AD PHF_IV_left,0,IV,left,2375,AD PHF,0,FALSE,IV,MB,2375_AD PHF,IV_left
2375_AD PHF_IV_right,0,IV,right,2375,AD PHF,0,FALSE,IV,MB,2375_AD PHF,IV_right
2375_AD PHF_In_left,0,In,left,2375,AD PHF,0,TRUE,In,fiber tracts,2375_AD PHF,In_left
2375_AD PHF_In_right,0,In,right,2375,AD PHF,0,TRUE,In,fiber tracts,2375_AD PHF,In_right
2375_AD PHF_LA_left,21.00810014,LA,left,2375,AD PHF,21.00810014,FALSE,LA,CTXsp,2375_AD PHF,LA_left
2375_AD PHF_LA_right,8.54399461,LA,right,2375,AD PHF,8.54399461,FALSE,LA,CTXsp,2375_AD PHF,LA_right
2375_AD PHF_LD_right,17.18236963,LD,right,2375,AD PHF,17.18236963,FALSE,LD,TH,2375_AD PHF,LD_right
2375_AD PHF_LGd_left,15.08691713,LGd,left,2375,AD PHF,15.08691713,FALSE,LGd,TH,2375_AD PHF,LGd_left
2375_AD PHF_LGd_right,21.22937659,LGd,right,2375,AD PHF,21.22937659,FALSE,LGd,TH,2375_AD PHF,LGd_right
2375_AD PHF_LGv_left,6.19096936,LGv,left,2375,AD PHF,6.19096936,FALSE,LGv,TH,2375_AD PHF,LGv_left
2375_AD PHF_LGv_right,0,LGv,right,2375,AD PHF,0,FALSE,LGv,TH,2375_AD PHF,LGv_right
2375_AD PHF_LHA_left,1.428557291,LHA,left,2375,AD PHF,1.428557291,FALSE,LHA,HY,2375_AD PHF,LHA_left
2375_AD PHF_LHA_right,0,LHA,right,2375,AD PHF,0,FALSE,LHA,HY,2375_AD PHF,LHA_right
2375_AD PHF_LH_left,0,LH,left,2375,AD PHF,0,FALSE,LH,TH,2375_AD PHF,LH_left
2375_AD PHF_LH_right,7.011241009,LH,right,2375,AD PHF,7.011241009,FALSE,LH,TH,2375_AD PHF,LH_right
2375_AD PHF_LPO_left,0,LPO,left,2375,AD PHF,0,FALSE,LPO,HY,2375_AD PHF,LPO_left
2375_AD PHF_LPO_right,0,LPO,right,2375,AD PHF,0,FALSE,LPO,HY,2375_AD PHF,LPO_right
2375_AD PHF_LP_left,16.86719515,LP,left,2375,AD PHF,16.86719515,FALSE,LP,TH,2375_AD PHF,LP_left
2375_AD PHF_LP_right,12.01891933,LP,right,2375,AD PHF,12.01891933,FALSE,LP,TH,2375_AD PHF,LP_right
2375_AD PHF_LS_left,21.63637531,LS,left,2375,AD PHF,21.63637531,FALSE,LS,STR,2375_AD PHF,LS_left
2375_AD PHF_LS_right,15.24411493,LS,right,2375,AD PHF,15.24411493,FALSE,LS,STR,2375_AD PHF,LS_right
2375_AD PHF_MB_left,2.997869525,MB,left,2375,AD PHF,2.997869525,FALSE,MB,MB,2375_AD PHF,MB_left
2375_AD PHF_MB_right,0,MB,right,2375,AD PHF,0,FALSE,MB,MB,2375_AD PHF,MB_right
2375_AD PHF_MD_left,3.40451791,MD,left,2375,AD PHF,3.40451791,FALSE,MD,TH,2375_AD PHF,MD_left
2375_AD PHF_MD_right,6.070473725,MD,right,2375,AD PHF,6.070473725,FALSE,MD,TH,2375_AD PHF,MD_right
2375_AD PHF_MEA_left,15.60919609,MEA,left,2375,AD PHF,15.60919609,FALSE,MEA,STR,2375_AD PHF,MEA_left
2375_AD PHF_MEA_right,17.99043733,MEA,right,2375,AD PHF,17.99043733,FALSE,MEA,STR,2375_AD PHF,MEA_right
2375_AD PHF_MEZ_right,0,MEZ,right,2375,AD PHF,0,FALSE,MEZ,HY,2375_AD PHF,MEZ_right
2375_AD PHF_ME_left,0,ME,left,2375,AD PHF,0,FALSE,ME,HY,2375_AD PHF,ME_left
2375_AD PHF_ME_right,0,ME,right,2375,AD PHF,0,FALSE,ME,HY,2375_AD PHF,ME_right
2375_AD PHF_MH_left,3.898017744,MH,left,2375,AD PHF,3.898017744,FALSE,MH,TH,2375_AD PHF,MH_left
2375_AD PHF_MH_right,0,MH,right,2375,AD PHF,0,FALSE,MH,TH,2375_AD PHF,MH_right
2375_AD PHF_MOp_left,27.54130589,MOp,left,2375,AD PHF,27.54130589,FALSE,MOp,Isocortex,2375_AD PHF,MOp_left
2375_AD PHF_MOp_right,20.92532841,MOp,right,2375,AD PHF,20.92532841,FALSE,MOp,Isocortex,2375_AD PHF,MOp_right
2375_AD PHF_MOs_left,11.58912263,MOs,left,2375,AD PHF,11.58912263,FALSE,MOs,Isocortex,2375_AD PHF,MOs_left
2375_AD PHF_MOs_right,26.11553169,MOs,right,2375,AD PHF,26.11553169,FALSE,MOs,Isocortex,2375_AD PHF,MOs_right
2375_AD PHF_MRN_left,0,MRN,left,2375,AD PHF,0,FALSE,MRN,MB,2375_AD PHF,MRN_left
2375_AD PHF_MRN_right,0,MRN,right,2375,AD PHF,0,FALSE,MRN,MB,2375_AD PHF,MRN_right
2375_AD PHF_MS_left,0,MS,left,2375,AD PHF,0,FALSE,MS,PAL,2375_AD PHF,MS_left
2375_AD PHF_MS_right,3.669781316,MS,right,2375,AD PHF,3.669781316,FALSE,MS,PAL,2375_AD PHF,MS_right
2375_AD PHF_NDB_left,0,NDB,left,2375,AD PHF,0,FALSE,NDB,PAL,2375_AD PHF,NDB_left
2375_AD PHF_NDB_right,2.245984644,NDB,right,2375,AD PHF,2.245984644,FALSE,NDB,PAL,2375_AD PHF,NDB_right
2375_AD PHF_NLL_left,1.079360566,NLL,left,2375,AD PHF,1.079360566,FALSE,NLL,P,2375_AD PHF,NLL_left
2375_AD PHF_NLL_right,1.568990302,NLL,right,2375,AD PHF,1.568990302,FALSE,NLL,P,2375_AD PHF,NLL_right
2375_AD PHF_OLF_left,3.516570243,OLF,left,2375,AD PHF,3.516570243,FALSE,OLF,OLF,2375_AD PHF,OLF_left
2375_AD PHF_OLF_right,0,OLF,right,2375,AD PHF,0,FALSE,OLF,OLF,2375_AD PHF,OLF_right
2375_AD PHF_OT_left,0,OT,left,2375,AD PHF,0,FALSE,OT,STR,2375_AD PHF,OT_left
2375_AD PHF_OT_right,0,OT,right,2375,AD PHF,0,FALSE,OT,STR,2375_AD PHF,OT_right
2375_AD PHF_PAA_left,21.71260147,PAA,left,2375,AD PHF,21.71260147,FALSE,PAA,OLF,2375_AD PHF,PAA_left
2375_AD PHF_PAA_right,37.39942255,PAA,right,2375,AD PHF,37.39942255,FALSE,PAA,OLF,2375_AD PHF,PAA_right
2375_AD PHF_PAG_left,0,PAG,left,2375,AD PHF,0,FALSE,PAG,MB,2375_AD PHF,PAG_left
2375_AD PHF_PAG_right,0,PAG,right,2375,AD PHF,0,FALSE,PAG,MB,2375_AD PHF,PAG_right
2375_AD PHF_PAL_left,0,PAL,left,2375,AD PHF,0,FALSE,PAL,PAL,2375_AD PHF,PAL_left
2375_AD PHF_PAL_right,0,PAL,right,2375,AD PHF,0,FALSE,PAL,PAL,2375_AD PHF,PAL_right
2375_AD PHF_PALd_left,0,PALd,left,2375,AD PHF,0,FALSE,PAL,PAL,2375_AD PHF,PALd_left
2375_AD PHF_PALd_right,12.54943968,PALd,right,2375,AD PHF,12.54943968,FALSE,PAL,PAL,2375_AD PHF,PALd_right
2375_AD PHF_PAR_left,17.151067,PAR,left,2375,AD PHF,17.151067,FALSE,PAR,HPF,2375_AD PHF,PAR_left
2375_AD PHF_PAR_right,28.08398715,PAR,right,2375,AD PHF,28.08398715,FALSE,PAR,HPF,2375_AD PHF,PAR_right
2375_AD PHF_PBG_left,0,PBG,left,2375,AD PHF,0,FALSE,PBG,MB,2375_AD PHF,PBG_left
2375_AD PHF_PBG_right,0,PBG,right,2375,AD PHF,0,FALSE,PBG,MB,2375_AD PHF,PBG_right
2375_AD PHF_PCN_left,48.0930957,PCN,left,2375,AD PHF,48.0930957,FALSE,PCN,TH,2375_AD PHF,PCN_left
2375_AD PHF_PCN_right,15.64474689,PCN,right,2375,AD PHF,15.64474689,FALSE,PCN,TH,2375_AD PHF,PCN_right
2375_AD PHF_PERI_left,22.26044049,PERI,left,2375,AD PHF,22.26044049,FALSE,PERI,Isocortex,2375_AD PHF,PERI_left
2375_AD PHF_PERI_right,0,PERI,right,2375,AD PHF,0,FALSE,PERI,Isocortex,2375_AD PHF,PERI_right
2375_AD PHF_PG_left,3.996243833,PG,left,2375,AD PHF,3.996243833,FALSE,PG,P,2375_AD PHF,PG_left
2375_AD PHF_PG_right,8.015453256,PG,right,2375,AD PHF,8.015453256,FALSE,PG,P,2375_AD PHF,PG_right
2375_AD PHF_PIR_left,21.95636783,PIR,left,2375,AD PHF,21.95636783,FALSE,PIR,OLF,2375_AD PHF,PIR_left
2375_AD PHF_PIR_right,25.03324309,PIR,right,2375,AD PHF,25.03324309,FALSE,PIR,OLF,2375_AD PHF,PIR_right
2375_AD PHF_POST_left,11.83857696,POST,left,2375,AD PHF,11.83857696,FALSE,POST,HPF,2375_AD PHF,POST_left
2375_AD PHF_POST_right,15.91017163,POST,right,2375,AD PHF,15.91017163,FALSE,POST,HPF,2375_AD PHF,POST_right
2375_AD PHF_PO_left,31.37721966,PO,left,2375,AD PHF,31.37721966,FALSE,PO,TH,2375_AD PHF,PO_left
2375_AD PHF_PO_right,39.33524004,PO,right,2375,AD PHF,39.33524004,FALSE,PO,TH,2375_AD PHF,PO_right
2375_AD PHF_PPN_left,0,PPN,left,2375,AD PHF,0,FALSE,PPN,MB,2375_AD PHF,PPN_left
2375_AD PHF_PPN_right,0,PPN,right,2375,AD PHF,0,FALSE,PPN,MB,2375_AD PHF,PPN_right
2375_AD PHF_PRE_left,10.971148,PRE,left,2375,AD PHF,10.971148,FALSE,PRE,HPF,2375_AD PHF,PRE_left
2375_AD PHF_PRE_right,19.34193536,PRE,right,2375,AD PHF,19.34193536,FALSE,PRE,HPF,2375_AD PHF,PRE_right
2375_AD PHF_PRNr_left,1.929572146,PRNr,left,2375,AD PHF,1.929572146,FALSE,PRNr,P,2375_AD PHF,PRNr_left
2375_AD PHF_PRNr_right,1.618991092,PRNr,right,2375,AD PHF,1.618991092,FALSE,PRNr,P,2375_AD PHF,PRNr_right
2375_AD PHF_PR_left,0,PR,left,2375,AD PHF,0,FALSE,PR,TH,2375_AD PHF,PR_left
2375_AD PHF_PR_right,0,PR,right,2375,AD PHF,0,FALSE,PR,TH,2375_AD PHF,PR_right
2375_AD PHF_PST_left,0,PST,left,2375,AD PHF,0,FALSE,PST,HY,2375_AD PHF,PST_left
2375_AD PHF_PVT_left,4.928807225,PVT,left,2375,AD PHF,4.928807225,FALSE,PVT,TH,2375_AD PHF,PVT_left
2375_AD PHF_PVT_right,0,PVT,right,2375,AD PHF,0,FALSE,PVT,TH,2375_AD PHF,PVT_right
2375_AD PHF_PVZ_left,0,PVZ,left,2375,AD PHF,0,FALSE,PVZ,HY,2375_AD PHF,PVZ_left
2375_AD PHF_PVZ_right,0,PVZ,right,2375,AD PHF,0,FALSE,PVZ,HY,2375_AD PHF,PVZ_right
2375_AD PHF_P_left,4.678719537,P,left,2375,AD PHF,4.678719537,FALSE,P,P,2375_AD PHF,P_left
2375_AD PHF_P_right,2.237406689,P,right,2375,AD PHF,2.237406689,FALSE,P,P,2375_AD PHF,P_right
2375_AD PHF_Pa4_left,0,Pa4,left,2375,AD PHF,0,FALSE,Pa4,MB,2375_AD PHF,Pa4_left
2375_AD PHF_Pa4_right,0,Pa4,right,2375,AD PHF,0,FALSE,Pa4,MB,2375_AD PHF,Pa4_right
2375_AD PHF_PeF_left,0,PeF,left,2375,AD PHF,0,FALSE,PeF,HY,2375_AD PHF,PeF_left
2375_AD PHF_PeF_right,0,PeF,right,2375,AD PHF,0,FALSE,PeF,HY,2375_AD PHF,PeF_right
2375_AD PHF_RE_left,0,RE,left,2375,AD PHF,0,FALSE,RE,TH,2375_AD PHF,RE_left
2375_AD PHF_RE_right,0,RE,right,2375,AD PHF,0,FALSE,RE,TH,2375_AD PHF,RE_right
2375_AD PHF_RH_left,0,RH,left,2375,AD PHF,0,FALSE,RH,TH,2375_AD PHF,RH_left
2375_AD PHF_RH_right,0,RH,right,2375,AD PHF,0,FALSE,RH,TH,2375_AD PHF,RH_right
2375_AD PHF_RSPagl_left,21.20979993,RSPagl,left,2375,AD PHF,21.20979993,FALSE,RSP,Isocortex,2375_AD PHF,RSPagl_left
2375_AD PHF_RSPagl_right,30.45651447,RSPagl,right,2375,AD PHF,30.45651447,FALSE,RSP,Isocortex,2375_AD PHF,RSPagl_right
2375_AD PHF_RSPd_left,32.83484349,RSPd,left,2375,AD PHF,32.83484349,FALSE,RSP,Isocortex,2375_AD PHF,RSPd_left
2375_AD PHF_RSPd_right,24.84724371,RSPd,right,2375,AD PHF,24.84724371,FALSE,RSP,Isocortex,2375_AD PHF,RSPd_right
2375_AD PHF_RSPv_left,25.99821055,RSPv,left,2375,AD PHF,25.99821055,FALSE,RSP,Isocortex,2375_AD PHF,RSPv_left
2375_AD PHF_RSPv_right,25.92692346,RSPv,right,2375,AD PHF,25.92692346,FALSE,RSP,Isocortex,2375_AD PHF,RSPv_right
2375_AD PHF_RT_left,29.88592302,RT,left,2375,AD PHF,29.88592302,FALSE,RT,TH,2375_AD PHF,RT_left
2375_AD PHF_RT_right,15.52190142,RT,right,2375,AD PHF,15.52190142,FALSE,RT,TH,2375_AD PHF,RT_right
2375_AD PHF_SAG_left,0,SAG,left,2375,AD PHF,0,FALSE,SAG,MB,2375_AD PHF,SAG_left
2375_AD PHF_SAG_right,0,SAG,right,2375,AD PHF,0,FALSE,SAG,MB,2375_AD PHF,SAG_right
2375_AD PHF_SCm_left,0.783146307,SCm,left,2375,AD PHF,0.783146307,FALSE,MBmot,MB,2375_AD PHF,SCm_left
2375_AD PHF_SCm_right,1.647378786,SCm,right,2375,AD PHF,1.647378786,FALSE,MBmot,MB,2375_AD PHF,SCm_right
2375_AD PHF_SCs_left,0,SCs,left,2375,AD PHF,0,FALSE,MBsen,MB,2375_AD PHF,SCs_left
2375_AD PHF_SCs_right,0,SCs,right,2375,AD PHF,0,FALSE,MBsen,MB,2375_AD PHF,SCs_right
2375_AD PHF_SEZ_left,0,SEZ,left,2375,AD PHF,0,TRUE,SEZ,VS,2375_AD PHF,SEZ_left
2375_AD PHF_SEZ_right,0,SEZ,right,2375,AD PHF,0,TRUE,SEZ,VS,2375_AD PHF,SEZ_right
2375_AD PHF_SI_left,0,SI,left,2375,AD PHF,0,FALSE,SI,PAL,2375_AD PHF,SI_left
2375_AD PHF_SI_right,0.683018638,SI,right,2375,AD PHF,0.683018638,FALSE,SI,PAL,2375_AD PHF,SI_right
2375_AD PHF_SMT_left,0,SMT,left,2375,AD PHF,0,FALSE,SMT,TH,2375_AD PHF,SMT_left
2375_AD PHF_SMT_right,2.360936286,SMT,right,2375,AD PHF,2.360936286,FALSE,SMT,TH,2375_AD PHF,SMT_right
2375_AD PHF_SSp-bfd_left,35.73288965,SSp-bfd,left,2375,AD PHF,35.73288965,FALSE,SSp,Isocortex,2375_AD PHF,SSp-bfd_left
2375_AD PHF_SSp-bfd_right,25.96464739,SSp-bfd,right,2375,AD PHF,25.96464739,FALSE,SSp,Isocortex,2375_AD PHF,SSp-bfd_right
2375_AD PHF_SSp-m_left,24.51227969,SSp-m,left,2375,AD PHF,24.51227969,FALSE,SSp,Isocortex,2375_AD PHF,SSp-m_left
2375_AD PHF_SSp-m_right,33.01351244,SSp-m,right,2375,AD PHF,33.01351244,FALSE,SSp,Isocortex,2375_AD PHF,SSp-m_right
2375_AD PHF_SSp-ul_left,23.21979436,SSp-ul,left,2375,AD PHF,23.21979436,FALSE,SSp,Isocortex,2375_AD PHF,SSp-ul_left
2375_AD PHF_SSp-ul_right,33.83262829,SSp-ul,right,2375,AD PHF,33.83262829,FALSE,SSp,Isocortex,2375_AD PHF,SSp-ul_right
2375_AD PHF_SSp-un_right,0,SSp-un,right,2375,AD PHF,0,FALSE,SSp,Isocortex,2375_AD PHF,SSp-un_right
2375_AD PHF_SSs_left,24.94032749,SSs,left,2375,AD PHF,24.94032749,FALSE,SSs,Isocortex,2375_AD PHF,SSs_left
2375_AD PHF_SSs_right,27.95052591,SSs,right,2375,AD PHF,27.95052591,FALSE,SSs,Isocortex,2375_AD PHF,SSs_right
2375_AD PHF_STN_left,5.592808065,STN,left,2375,AD PHF,5.592808065,FALSE,STN,HY,2375_AD PHF,STN_left
2375_AD PHF_STR_left,32.44002306,STR,left,2375,AD PHF,32.44002306,FALSE,STR,STR,2375_AD PHF,STR_left
2375_AD PHF_STR_right,23.40328806,STR,right,2375,AD PHF,23.40328806,FALSE,STR,STR,2375_AD PHF,STR_right
2375_AD PHF_SUB_left,3.944529834,SUB,left,2375,AD PHF,3.944529834,FALSE,SUB,HPF,2375_AD PHF,SUB_left
2375_AD PHF_SUB_right,0,SUB,right,2375,AD PHF,0,FALSE,SUB,HPF,2375_AD PHF,SUB_right
2375_AD PHF_Su3_left,0,Su3,left,2375,AD PHF,0,FALSE,Su3,MB,2375_AD PHF,Su3_left
2375_AD PHF_Su3_right,0,Su3,right,2375,AD PHF,0,FALSE,Su3,MB,2375_AD PHF,Su3_right
2375_AD PHF_TEa_left,4.181862278,TEa,left,2375,AD PHF,4.181862278,FALSE,TEa,Isocortex,2375_AD PHF,TEa_left
2375_AD PHF_TH_left,3.573182932,TH,left,2375,AD PHF,3.573182932,FALSE,TH,TH,2375_AD PHF,TH_left
2375_AD PHF_TH_right,0,TH,right,2375,AD PHF,0,FALSE,TH,TH,2375_AD PHF,TH_right
2375_AD PHF_TRN_left,3.406151389,TRN,left,2375,AD PHF,3.406151389,FALSE,TRN,P,2375_AD PHF,TRN_left
2375_AD PHF_TRN_right,1.301201494,TRN,right,2375,AD PHF,1.301201494,FALSE,TRN,P,2375_AD PHF,TRN_right
2375_AD PHF_TU_left,2.522246776,TU,left,2375,AD PHF,2.522246776,FALSE,TU,HY,2375_AD PHF,TU_left
2375_AD PHF_TU_right,2.489701656,TU,right,2375,AD PHF,2.489701656,FALSE,TU,HY,2375_AD PHF,TU_right
2375_AD PHF_V3_left,0,V3,left,2375,AD PHF,0,TRUE,V3,VS,2375_AD PHF,V3_left
2375_AD PHF_V3_right,0,V3,right,2375,AD PHF,0,TRUE,V3,VS,2375_AD PHF,V3_right
2375_AD PHF_VAL_left,21.89611706,VAL,left,2375,AD PHF,21.89611706,FALSE,VAL,TH,2375_AD PHF,VAL_left
2375_AD PHF_VAL_right,17.03951734,VAL,right,2375,AD PHF,17.03951734,FALSE,VAL,TH,2375_AD PHF,VAL_right
2375_AD PHF_VISC_left,0,VISC,left,2375,AD PHF,0,FALSE,VISC,Isocortex,2375_AD PHF,VISC_left
2375_AD PHF_VISC_right,12.65366718,VISC,right,2375,AD PHF,12.65366718,FALSE,VISC,Isocortex,2375_AD PHF,VISC_right
2375_AD PHF_VISa_left,36.5588192,VISa,left,2375,AD PHF,36.5588192,FALSE,VISa,Isocortex,2375_AD PHF,VISa_left
2375_AD PHF_VISa_right,22.20966201,VISa,right,2375,AD PHF,22.20966201,FALSE,VISa,Isocortex,2375_AD PHF,VISa_right
2375_AD PHF_VISam_left,20.57674719,VISam,left,2375,AD PHF,20.57674719,FALSE,VISam,Isocortex,2375_AD PHF,VISam_left
2375_AD PHF_VISam_right,16.89416098,VISam,right,2375,AD PHF,16.89416098,FALSE,VISam,Isocortex,2375_AD PHF,VISam_right
2375_AD PHF_VISl_left,33.22681369,VISl,left,2375,AD PHF,33.22681369,FALSE,VISl,Isocortex,2375_AD PHF,VISl_left
2375_AD PHF_VISl_right,34.67627855,VISl,right,2375,AD PHF,34.67627855,FALSE,VISl,Isocortex,2375_AD PHF,VISl_right
2375_AD PHF_VISli_left,63.28250489,VISli,left,2375,AD PHF,63.28250489,FALSE,VISli,Isocortex,2375_AD PHF,VISli_left
2375_AD PHF_VISli_right,0,VISli,right,2375,AD PHF,0,FALSE,VISli,Isocortex,2375_AD PHF,VISli_right
2375_AD PHF_VISp_left,43.39866804,VISp,left,2375,AD PHF,43.39866804,FALSE,VISp,Isocortex,2375_AD PHF,VISp_left
2375_AD PHF_VISp_right,33.87260484,VISp,right,2375,AD PHF,33.87260484,FALSE,VISp,Isocortex,2375_AD PHF,VISp_right
2375_AD PHF_VISpl_left,15.21461507,VISpl,left,2375,AD PHF,15.21461507,FALSE,VISpl,Isocortex,2375_AD PHF,VISpl_left
2375_AD PHF_VISpl_right,70.54092255,VISpl,right,2375,AD PHF,70.54092255,FALSE,VISpl,Isocortex,2375_AD PHF,VISpl_right
2375_AD PHF_VISpor_left,12.4572586,VISpor,left,2375,AD PHF,12.4572586,FALSE,VISpor,Isocortex,2375_AD PHF,VISpor_left
2375_AD PHF_VISpor_right,10.8558478,VISpor,right,2375,AD PHF,10.8558478,FALSE,VISpor,Isocortex,2375_AD PHF,VISpor_right
2375_AD PHF_VISrl_left,26.9060126,VISrl,left,2375,AD PHF,26.9060126,FALSE,VISrl,Isocortex,2375_AD PHF,VISrl_left
2375_AD PHF_VISrl_right,28.05276684,VISrl,right,2375,AD PHF,28.05276684,FALSE,VISrl,Isocortex,2375_AD PHF,VISrl_right
2375_AD PHF_VL_left,4.053048423,VL,left,2375,AD PHF,4.053048423,TRUE,VL,VS,2375_AD PHF,VL_left
2375_AD PHF_VL_right,0,VL,right,2375,AD PHF,0,TRUE,VL,VS,2375_AD PHF,VL_right
2375_AD PHF_VMH_left,6.116988773,VMH,left,2375,AD PHF,6.116988773,FALSE,VMH,HY,2375_AD PHF,VMH_left
2375_AD PHF_VMH_right,1.399892709,VMH,right,2375,AD PHF,1.399892709,FALSE,VMH,HY,2375_AD PHF,VMH_right
2375_AD PHF_VM_left,7.298035016,VM,left,2375,AD PHF,7.298035016,FALSE,VM,TH,2375_AD PHF,VM_left
2375_AD PHF_VM_right,23.27563562,VM,right,2375,AD PHF,23.27563562,FALSE,VM,TH,2375_AD PHF,VM_right
2375_AD PHF_VPL_left,38.21984736,VPL,left,2375,AD PHF,38.21984736,FALSE,VPL,TH,2375_AD PHF,VPL_left
2375_AD PHF_VPL_right,37.45904989,VPL,right,2375,AD PHF,37.45904989,FALSE,VPL,TH,2375_AD PHF,VPL_right
2375_AD PHF_VPM_left,17.02081123,VPM,left,2375,AD PHF,17.02081123,FALSE,VPM,TH,2375_AD PHF,VPM_left
2375_AD PHF_VPM_right,29.9765449,VPM,right,2375,AD PHF,29.9765449,FALSE,VPM,TH,2375_AD PHF,VPM_right
2375_AD PHF_VP_left,0,VP,left,2375,AD PHF,0,FALSE,VP,TH,2375_AD PHF,VP_left
2375_AD PHF_Xi_left,0,Xi,left,2375,AD PHF,0,FALSE,Xi,TH,2375_AD PHF,Xi_left
2375_AD PHF_Xi_right,0,Xi,right,2375,AD PHF,0,FALSE,Xi,TH,2375_AD PHF,Xi_right
2375_AD PHF_ZI_left,9.759978633,ZI,left,2375,AD PHF,9.759978633,FALSE,ZI,HY,2375_AD PHF,ZI_left
2375_AD PHF_ZI_right,9.18818468,ZI,right,2375,AD PHF,9.18818468,FALSE,ZI,HY,2375_AD PHF,ZI_right
2375_AD PHF_alv_left,23.58691591,alv,left,2375,AD PHF,23.58691591,TRUE,alv,fiber tracts,2375_AD PHF,alv_left
2375_AD PHF_alv_right,14.57259909,alv,right,2375,AD PHF,14.57259909,TRUE,alv,fiber tracts,2375_AD PHF,alv_right
2375_AD PHF_amc_left,32.15864639,amc,left,2375,AD PHF,32.15864639,TRUE,amc,fiber tracts,2375_AD PHF,amc_left
2375_AD PHF_amc_right,13.62013259,amc,right,2375,AD PHF,13.62013259,TRUE,amc,fiber tracts,2375_AD PHF,amc_right
2375_AD PHF_ar_left,3.307835865,ar,left,2375,AD PHF,3.307835865,TRUE,ar,fiber tracts,2375_AD PHF,ar_left
2375_AD PHF_ar_right,0,ar,right,2375,AD PHF,0,TRUE,ar,fiber tracts,2375_AD PHF,ar_right
2375_AD PHF_bic_left,0,bic,left,2375,AD PHF,0,TRUE,bic,fiber tracts,2375_AD PHF,bic_left
2375_AD PHF_bic_right,0,bic,right,2375,AD PHF,0,TRUE,bic,fiber tracts,2375_AD PHF,bic_right
2375_AD PHF_cc_left,6.869197363,cc,left,2375,AD PHF,6.869197363,TRUE,cc,fiber tracts,2375_AD PHF,cc_left
2375_AD PHF_cc_right,6.826477887,cc,right,2375,AD PHF,6.826477887,TRUE,cc,fiber tracts,2375_AD PHF,cc_right
2375_AD PHF_ccg_left,4.315955434,ccg,left,2375,AD PHF,4.315955434,TRUE,ccg,fiber tracts,2375_AD PHF,ccg_left
2375_AD PHF_ccg_right,0,ccg,right,2375,AD PHF,0,TRUE,ccg,fiber tracts,2375_AD PHF,ccg_right
2375_AD PHF_chpl_left,0,chpl,left,2375,AD PHF,0,TRUE,chpl,VS,2375_AD PHF,chpl_left
2375_AD PHF_chpl_right,0,chpl,right,2375,AD PHF,0,TRUE,chpl,VS,2375_AD PHF,chpl_right
2375_AD PHF_cing_left,4.59409234,cing,left,2375,AD PHF,4.59409234,TRUE,cing,fiber tracts,2375_AD PHF,cing_left
2375_AD PHF_cing_right,11.76535796,cing,right,2375,AD PHF,11.76535796,TRUE,cing,fiber tracts,2375_AD PHF,cing_right
2375_AD PHF_cst_left,0,cst,left,2375,AD PHF,0,TRUE,cst,fiber tracts,2375_AD PHF,cst_left
2375_AD PHF_cst_right,0,cst,right,2375,AD PHF,0,TRUE,cst,fiber tracts,2375_AD PHF,cst_right
2375_AD PHF_dhc_left,20.31066582,dhc,left,2375,AD PHF,20.31066582,TRUE,dhc,fiber tracts,2375_AD PHF,dhc_left
2375_AD PHF_dhc_right,20.56679226,dhc,right,2375,AD PHF,20.56679226,TRUE,dhc,fiber tracts,2375_AD PHF,dhc_right
2375_AD PHF_dscp_left,0,dscp,left,2375,AD PHF,0,TRUE,dscp,fiber tracts,2375_AD PHF,dscp_left
2375_AD PHF_dscp_right,0,dscp,right,2375,AD PHF,0,TRUE,dscp,fiber tracts,2375_AD PHF,dscp_right
2375_AD PHF_ec_left,0,ec,left,2375,AD PHF,0,TRUE,ec,fiber tracts,2375_AD PHF,ec_left
2375_AD PHF_ec_right,7.14015513,ec,right,2375,AD PHF,7.14015513,TRUE,ec,fiber tracts,2375_AD PHF,ec_right
2375_AD PHF_em_left,59.8611587,em,left,2375,AD PHF,59.8611587,TRUE,em,fiber tracts,2375_AD PHF,em_left
2375_AD PHF_em_right,21.84360887,em,right,2375,AD PHF,21.84360887,TRUE,em,fiber tracts,2375_AD PHF,em_right
2375_AD PHF_fi_left,4.005921349,fi,left,2375,AD PHF,4.005921349,TRUE,fi,fiber tracts,2375_AD PHF,fi_left
2375_AD PHF_fi_right,2.151879684,fi,right,2375,AD PHF,2.151879684,TRUE,fi,fiber tracts,2375_AD PHF,fi_right
2375_AD PHF_fiber tracts_left,7.246910464,fiber tracts,left,2375,AD PHF,7.246910464,TRUE,fiber tracts,fiber tracts,2375_AD PHF,fiber tracts_left
2375_AD PHF_fiber tracts_right,6.599588834,fiber tracts,right,2375,AD PHF,6.599588834,TRUE,fiber tracts,fiber tracts,2375_AD PHF,fiber tracts_right
2375_AD PHF_fr_left,0,fr,left,2375,AD PHF,0,TRUE,fr,fiber tracts,2375_AD PHF,fr_left
2375_AD PHF_fr_right,0,fr,right,2375,AD PHF,0,TRUE,fr,fiber tracts,2375_AD PHF,fr_right
2375_AD PHF_fx_left,0,fx,left,2375,AD PHF,0,TRUE,fx,fiber tracts,2375_AD PHF,fx_left
2375_AD PHF_fx_right,0,fx,right,2375,AD PHF,0,TRUE,fx,fiber tracts,2375_AD PHF,fx_right
2375_AD PHF_hbc_left,0,hbc,left,2375,AD PHF,0,TRUE,hbc,fiber tracts,2375_AD PHF,hbc_left
2375_AD PHF_hbc_right,0,hbc,right,2375,AD PHF,0,TRUE,hbc,fiber tracts,2375_AD PHF,hbc_right
2375_AD PHF_int_left,0,int,left,2375,AD PHF,0,TRUE,int,fiber tracts,2375_AD PHF,int_left
2375_AD PHF_int_right,4.291874837,int,right,2375,AD PHF,4.291874837,TRUE,int,fiber tracts,2375_AD PHF,int_right
2375_AD PHF_ll_left,0,ll,left,2375,AD PHF,0,TRUE,ll,fiber tracts,2375_AD PHF,ll_left
2375_AD PHF_ll_right,0,ll,right,2375,AD PHF,0,TRUE,ll,fiber tracts,2375_AD PHF,ll_right
2375_AD PHF_lotg_left,0,lotg,left,2375,AD PHF,0,TRUE,In,fiber tracts,2375_AD PHF,lotg_left
2375_AD PHF_lotg_right,19.83362726,lotg,right,2375,AD PHF,19.83362726,TRUE,In,fiber tracts,2375_AD PHF,lotg_right
2375_AD PHF_mcp_left,0,mcp,left,2375,AD PHF,0,TRUE,mcp,fiber tracts,2375_AD PHF,mcp_left
2375_AD PHF_mcp_right,0,mcp,right,2375,AD PHF,0,TRUE,mcp,fiber tracts,2375_AD PHF,mcp_right
2375_AD PHF_ml_left,14.40615939,ml,left,2375,AD PHF,14.40615939,TRUE,ml,fiber tracts,2375_AD PHF,ml_left
2375_AD PHF_ml_right,0,ml,right,2375,AD PHF,0,TRUE,ml,fiber tracts,2375_AD PHF,ml_right
2375_AD PHF_mlf_left,0,mlf,left,2375,AD PHF,0,TRUE,mlf,fiber tracts,2375_AD PHF,mlf_left
2375_AD PHF_mlf_right,0,mlf,right,2375,AD PHF,0,TRUE,mlf,fiber tracts,2375_AD PHF,mlf_right
2375_AD PHF_moV_left,0,moV,left,2375,AD PHF,0,TRUE,moV,fiber tracts,2375_AD PHF,moV_left
2375_AD PHF_moV_right,0,moV,right,2375,AD PHF,0,TRUE,moV,fiber tracts,2375_AD PHF,moV_right
2375_AD PHF_mtg_left,0,mtg,left,2375,AD PHF,0,TRUE,mtg,fiber tracts,2375_AD PHF,mtg_left
2375_AD PHF_mtg_right,0,mtg,right,2375,AD PHF,0,TRUE,mtg,fiber tracts,2375_AD PHF,mtg_right
2375_AD PHF_mtt_left,13.78227703,mtt,left,2375,AD PHF,13.78227703,TRUE,mtt,fiber tracts,2375_AD PHF,mtt_left
2375_AD PHF_mtt_right,0,mtt,right,2375,AD PHF,0,TRUE,mtt,fiber tracts,2375_AD PHF,mtt_right
2375_AD PHF_nst_left,0,nst,left,2375,AD PHF,0,TRUE,nst,fiber tracts,2375_AD PHF,nst_left
2375_AD PHF_nst_right,0,nst,right,2375,AD PHF,0,TRUE,nst,fiber tracts,2375_AD PHF,nst_right
2375_AD PHF_opt_left,10.57187902,opt,left,2375,AD PHF,10.57187902,TRUE,opt,fiber tracts,2375_AD PHF,opt_left
2375_AD PHF_opt_right,21.89840063,opt,right,2375,AD PHF,21.89840063,TRUE,opt,fiber tracts,2375_AD PHF,opt_right
2375_AD PHF_or_left,2.327621098,or,left,2375,AD PHF,2.327621098,TRUE,or,fiber tracts,2375_AD PHF,or_left
2375_AD PHF_or_right,6.80006862,or,right,2375,AD PHF,6.80006862,TRUE,or,fiber tracts,2375_AD PHF,or_right
2375_AD PHF_rust_left,0,rust,left,2375,AD PHF,0,TRUE,rust,fiber tracts,2375_AD PHF,rust_left
2375_AD PHF_rust_right,0,rust,right,2375,AD PHF,0,TRUE,rust,fiber tracts,2375_AD PHF,rust_right
2375_AD PHF_sV_left,4.241729504,sV,left,2375,AD PHF,4.241729504,TRUE,sV,fiber tracts,2375_AD PHF,sV_left
2375_AD PHF_sV_right,0,sV,right,2375,AD PHF,0,TRUE,sV,fiber tracts,2375_AD PHF,sV_right
2375_AD PHF_scp_left,0,scp,left,2375,AD PHF,0,TRUE,scp,fiber tracts,2375_AD PHF,scp_left
2375_AD PHF_scp_right,0,scp,right,2375,AD PHF,0,TRUE,scp,fiber tracts,2375_AD PHF,scp_right
2375_AD PHF_scwm_left,26.04485502,scwm,left,2375,AD PHF,26.04485502,TRUE,scwm,fiber tracts,2375_AD PHF,scwm_left
2375_AD PHF_scwm_right,5.03352726,scwm,right,2375,AD PHF,5.03352726,TRUE,scwm,fiber tracts,2375_AD PHF,scwm_right
2375_AD PHF_st_left,12.2834087,st,left,2375,AD PHF,12.2834087,TRUE,st,fiber tracts,2375_AD PHF,st_left
2375_AD PHF_st_right,0,st,right,2375,AD PHF,0,TRUE,st,fiber tracts,2375_AD PHF,st_right
2375_AD PHF_stc_left,117.8219632,stc,left,2375,AD PHF,117.8219632,TRUE,stc,fiber tracts,2375_AD PHF,stc_left
2375_AD PHF_stc_right,33.43596253,stc,right,2375,AD PHF,33.43596253,TRUE,stc,fiber tracts,2375_AD PHF,stc_right
2375_AD PHF_sup_left,0,sup,left,2375,AD PHF,0,TRUE,sup,fiber tracts,2375_AD PHF,sup_left
2375_AD PHF_sup_right,0,sup,right,2375,AD PHF,0,TRUE,sup,fiber tracts,2375_AD PHF,sup_right
2375_AD PHF_tspc_left,0,tspc,left,2375,AD PHF,0,TRUE,tspc,fiber tracts,2375_AD PHF,tspc_left
2375_AD PHF_tspc_right,0,tspc,right,2375,AD PHF,0,TRUE,tspc,fiber tracts,2375_AD PHF,tspc_right
2376_AD PHF_ACAd_left,10.5448409,ACAd,left,2376,AD PHF,10.5448409,FALSE,ACA,Isocortex,2376_AD PHF,ACAd_left
2376_AD PHF_ACAd_right,17.24644085,ACAd,right,2376,AD PHF,17.24644085,FALSE,ACA,Isocortex,2376_AD PHF,ACAd_right
2376_AD PHF_ACAv_left,17.06317764,ACAv,left,2376,AD PHF,17.06317764,FALSE,ACA,Isocortex,2376_AD PHF,ACAv_left
2376_AD PHF_ACAv_right,18.98314503,ACAv,right,2376,AD PHF,18.98314503,FALSE,ACA,Isocortex,2376_AD PHF,ACAv_right
2376_AD PHF_ACB_left,3.294560279,ACB,left,2376,AD PHF,3.294560279,FALSE,ACB,STR,2376_AD PHF,ACB_left
2376_AD PHF_ACB_right,4.105239536,ACB,right,2376,AD PHF,4.105239536,FALSE,ACB,STR,2376_AD PHF,ACB_right
2376_AD PHF_AId_left,14.8779337,AId,left,2376,AD PHF,14.8779337,FALSE,AI,Isocortex,2376_AD PHF,AId_left
2376_AD PHF_AId_right,14.02456701,AId,right,2376,AD PHF,14.02456701,FALSE,AI,Isocortex,2376_AD PHF,AId_right
2376_AD PHF_AIp_left,21.55775417,AIp,left,2376,AD PHF,21.55775417,FALSE,AI,Isocortex,2376_AD PHF,AIp_left
2376_AD PHF_AIp_right,9.610765694,AIp,right,2376,AD PHF,9.610765694,FALSE,AI,Isocortex,2376_AD PHF,AIp_right
2376_AD PHF_AIv_left,10.43918469,AIv,left,2376,AD PHF,10.43918469,FALSE,AI,Isocortex,2376_AD PHF,AIv_left
2376_AD PHF_AIv_right,10.66975043,AIv,right,2376,AD PHF,10.66975043,FALSE,AI,Isocortex,2376_AD PHF,AIv_right
2376_AD PHF_APN_left,9.410716492,APN,left,2376,AD PHF,9.410716492,FALSE,APN,MB,2376_AD PHF,APN_left
2376_AD PHF_APN_right,0,APN,right,2376,AD PHF,0,FALSE,APN,MB,2376_AD PHF,APN_right
2376_AD PHF_APr_left,16.96069528,APr,left,2376,AD PHF,16.96069528,FALSE,APr,HPF,2376_AD PHF,APr_left
2376_AD PHF_APr_right,0,APr,right,2376,AD PHF,0,FALSE,APr,HPF,2376_AD PHF,APr_right
2376_AD PHF_AQ_left,0,AQ,left,2376,AD PHF,0,TRUE,AQ,VS,2376_AD PHF,AQ_left
2376_AD PHF_AQ_right,0,AQ,right,2376,AD PHF,0,TRUE,AQ,VS,2376_AD PHF,AQ_right
2376_AD PHF_ARH_left,0,ARH,left,2376,AD PHF,0,FALSE,ARH,HY,2376_AD PHF,ARH_left
2376_AD PHF_ARH_right,0,ARH,right,2376,AD PHF,0,FALSE,ARH,HY,2376_AD PHF,ARH_right
2376_AD PHF_AT_left,0,AT,left,2376,AD PHF,0,FALSE,AT,MB,2376_AD PHF,AT_left
2376_AD PHF_AT_right,0,AT,right,2376,AD PHF,0,FALSE,AT,MB,2376_AD PHF,AT_right
2376_AD PHF_AUDd_left,22.85059394,AUDd,left,2376,AD PHF,22.85059394,FALSE,AUDd,Isocortex,2376_AD PHF,AUDd_left
2376_AD PHF_AUDd_right,12.44500957,AUDd,right,2376,AD PHF,12.44500957,FALSE,AUDd,Isocortex,2376_AD PHF,AUDd_right
2376_AD PHF_AUDp_left,15.64492076,AUDp,left,2376,AD PHF,15.64492076,FALSE,AUDp,Isocortex,2376_AD PHF,AUDp_left
2376_AD PHF_AUDp_right,31.1630427,AUDp,right,2376,AD PHF,31.1630427,FALSE,AUDp,Isocortex,2376_AD PHF,AUDp_right
2376_AD PHF_AUDv_left,15.81851398,AUDv,left,2376,AD PHF,15.81851398,FALSE,AUDv,Isocortex,2376_AD PHF,AUDv_left
2376_AD PHF_AUDv_right,13.64800911,AUDv,right,2376,AD PHF,13.64800911,FALSE,AUDv,Isocortex,2376_AD PHF,AUDv_right
2376_AD PHF_AVPV_left,0,AVPV,left,2376,AD PHF,0,FALSE,AVPV,HY,2376_AD PHF,AVPV_left
2376_AD PHF_AVPV_right,0,AVPV,right,2376,AD PHF,0,FALSE,AVPV,HY,2376_AD PHF,AVPV_right
2376_AD PHF_BLA_left,22.96282177,BLA,left,2376,AD PHF,22.96282177,FALSE,BLA,CTXsp,2376_AD PHF,BLA_left
2376_AD PHF_BLA_right,25.48714108,BLA,right,2376,AD PHF,25.48714108,FALSE,BLA,CTXsp,2376_AD PHF,BLA_right
2376_AD PHF_BMA_left,33.64112439,BMA,left,2376,AD PHF,33.64112439,FALSE,BMA,CTXsp,2376_AD PHF,BMA_left
2376_AD PHF_BMA_right,29.7461184,BMA,right,2376,AD PHF,29.7461184,FALSE,BMA,CTXsp,2376_AD PHF,BMA_right
2376_AD PHF_CA1_left,24.69563705,CA1,left,2376,AD PHF,24.69563705,FALSE,CA1,HPF,2376_AD PHF,CA1_left
2376_AD PHF_CA1_right,28.94260782,CA1,right,2376,AD PHF,28.94260782,FALSE,CA1,HPF,2376_AD PHF,CA1_right
2376_AD PHF_CA2_left,0,CA2,left,2376,AD PHF,0,FALSE,CA2,HPF,2376_AD PHF,CA2_left
2376_AD PHF_CA2_right,36.67650909,CA2,right,2376,AD PHF,36.67650909,FALSE,CA2,HPF,2376_AD PHF,CA2_right
2376_AD PHF_CA3_left,9.096950065,CA3,left,2376,AD PHF,9.096950065,FALSE,CA3,HPF,2376_AD PHF,CA3_left
2376_AD PHF_CA3_right,10.58880012,CA3,right,2376,AD PHF,10.58880012,FALSE,CA3,HPF,2376_AD PHF,CA3_right
2376_AD PHF_CB_left,0,CB,left,2376,AD PHF,0,FALSE,CB,CB,2376_AD PHF,CB_left
2376_AD PHF_CB_right,0,CB,right,2376,AD PHF,0,FALSE,CB,CB,2376_AD PHF,CB_right
2376_AD PHF_CEA_left,15.13632,CEA,left,2376,AD PHF,15.13632,FALSE,CEA,STR,2376_AD PHF,CEA_left
2376_AD PHF_CEA_right,30.02985311,CEA,right,2376,AD PHF,30.02985311,FALSE,CEA,STR,2376_AD PHF,CEA_right
2376_AD PHF_CLA_left,0,CLA,left,2376,AD PHF,0,FALSE,CLA,CTXsp,2376_AD PHF,CLA_left
2376_AD PHF_CLA_right,16.1259451,CLA,right,2376,AD PHF,16.1259451,FALSE,CLA,CTXsp,2376_AD PHF,CLA_right
2376_AD PHF_CLI_left,0,CLI,left,2376,AD PHF,0,FALSE,CLI,MB,2376_AD PHF,CLI_left
2376_AD PHF_CLI_right,0,CLI,right,2376,AD PHF,0,FALSE,CLI,MB,2376_AD PHF,CLI_right
2376_AD PHF_CL_left,31.48689971,CL,left,2376,AD PHF,31.48689971,FALSE,CL,TH,2376_AD PHF,CL_left
2376_AD PHF_CL_right,44.57695914,CL,right,2376,AD PHF,44.57695914,FALSE,CL,TH,2376_AD PHF,CL_right
2376_AD PHF_CM_left,0,CM,left,2376,AD PHF,0,FALSE,CM,TH,2376_AD PHF,CM_left
2376_AD PHF_CM_right,0,CM,right,2376,AD PHF,0,FALSE,CM,TH,2376_AD PHF,CM_right
2376_AD PHF_COA_left,9.697725446,COA,left,2376,AD PHF,9.697725446,FALSE,COA,OLF,2376_AD PHF,COA_left
2376_AD PHF_COA_right,46.80070825,COA,right,2376,AD PHF,46.80070825,FALSE,COA,OLF,2376_AD PHF,COA_right
2376_AD PHF_COAp_left,13.288759,COAp,left,2376,AD PHF,13.288759,FALSE,COA,OLF,2376_AD PHF,COAp_left
2376_AD PHF_COAp_right,25.66861704,COAp,right,2376,AD PHF,25.66861704,FALSE,COA,OLF,2376_AD PHF,COAp_right
2376_AD PHF_CP_left,1.229895085,CP,left,2376,AD PHF,1.229895085,FALSE,CP,STR,2376_AD PHF,CP_left
2376_AD PHF_CP_right,0.598263315,CP,right,2376,AD PHF,0.598263315,FALSE,CP,STR,2376_AD PHF,CP_right
2376_AD PHF_CS_left,5.348601,CS,left,2376,AD PHF,5.348601,FALSE,CS,P,2376_AD PHF,CS_left
2376_AD PHF_CS_right,2.039503653,CS,right,2376,AD PHF,2.039503653,FALSE,CS,P,2376_AD PHF,CS_right
2376_AD PHF_CTXsp_left,0,CTXsp,left,2376,AD PHF,0,FALSE,CTXsp,CTXsp,2376_AD PHF,CTXsp_left
2376_AD PHF_CTXsp_right,0,CTXsp,right,2376,AD PHF,0,FALSE,CTXsp,CTXsp,2376_AD PHF,CTXsp_right
2376_AD PHF_DG_left,7.15515911,DG,left,2376,AD PHF,7.15515911,FALSE,DG,HPF,2376_AD PHF,DG_left
2376_AD PHF_DG_right,3.624374013,DG,right,2376,AD PHF,3.624374013,FALSE,DG,HPF,2376_AD PHF,DG_right
2376_AD PHF_DMH_left,0,DMH,left,2376,AD PHF,0,FALSE,DMH,HY,2376_AD PHF,DMH_left
2376_AD PHF_DMH_right,0,DMH,right,2376,AD PHF,0,FALSE,DMH,HY,2376_AD PHF,DMH_right
2376_AD PHF_DR_left,0,DR,left,2376,AD PHF,0,FALSE,DR,MB,2376_AD PHF,DR_left
2376_AD PHF_DR_right,0,DR,right,2376,AD PHF,0,FALSE,DR,MB,2376_AD PHF,DR_right
2376_AD PHF_ECT_left,25.15320242,ECT,left,2376,AD PHF,25.15320242,FALSE,ECT,Isocortex,2376_AD PHF,ECT_left
2376_AD PHF_ECT_right,17.84246213,ECT,right,2376,AD PHF,17.84246213,FALSE,ECT,Isocortex,2376_AD PHF,ECT_right
2376_AD PHF_ENTl_left,5.789265137,ENTl,left,2376,AD PHF,5.789265137,FALSE,ENT,HPF,2376_AD PHF,ENTl_left
2376_AD PHF_ENTl_right,13.58505216,ENTl,right,2376,AD PHF,13.58505216,FALSE,ENT,HPF,2376_AD PHF,ENTl_right
2376_AD PHF_ENTm_left,5.173923954,ENTm,left,2376,AD PHF,5.173923954,FALSE,ENT,HPF,2376_AD PHF,ENTm_left
2376_AD PHF_ENTm_right,10.18283154,ENTm,right,2376,AD PHF,10.18283154,FALSE,ENT,HPF,2376_AD PHF,ENTm_right
2376_AD PHF_EP_left,19.68881697,EP,left,2376,AD PHF,19.68881697,FALSE,EP,CTXsp,2376_AD PHF,EP_left
2376_AD PHF_EP_right,26.66218989,EP,right,2376,AD PHF,26.66218989,FALSE,EP,CTXsp,2376_AD PHF,EP_right
2376_AD PHF_Eth_left,0,Eth,left,2376,AD PHF,0,FALSE,Eth,TH,2376_AD PHF,Eth_left
2376_AD PHF_Eth_right,5.25772639,Eth,right,2376,AD PHF,5.25772639,FALSE,Eth,TH,2376_AD PHF,Eth_right
2376_AD PHF_FC_left,12.59475989,FC,left,2376,AD PHF,12.59475989,FALSE,FC,HPF,2376_AD PHF,FC_left
2376_AD PHF_FC_right,0,FC,right,2376,AD PHF,0,FALSE,FC,HPF,2376_AD PHF,FC_right
2376_AD PHF_GU_left,5.970413167,GU,left,2376,AD PHF,5.970413167,FALSE,GU,Isocortex,2376_AD PHF,GU_left
2376_AD PHF_GU_right,23.61844577,GU,right,2376,AD PHF,23.61844577,FALSE,GU,Isocortex,2376_AD PHF,GU_right
2376_AD PHF_HATA_left,0,HATA,left,2376,AD PHF,0,FALSE,HATA,HPF,2376_AD PHF,HATA_left
2376_AD PHF_HATA_right,0,HATA,right,2376,AD PHF,0,FALSE,HATA,HPF,2376_AD PHF,HATA_right
2376_AD PHF_HPF_left,35.41164659,HPF,left,2376,AD PHF,35.41164659,FALSE,HPF,HPF,2376_AD PHF,HPF_left
2376_AD PHF_HPF_right,24.74403915,HPF,right,2376,AD PHF,24.74403915,FALSE,HPF,HPF,2376_AD PHF,HPF_right
2376_AD PHF_HY_left,0,HY,left,2376,AD PHF,0,FALSE,HY,HY,2376_AD PHF,HY_left
2376_AD PHF_HY_right,1.171780106,HY,right,2376,AD PHF,1.171780106,FALSE,HY,HY,2376_AD PHF,HY_right
2376_AD PHF_IA_left,70.5411624,IA,left,2376,AD PHF,70.5411624,FALSE,IA,STR,2376_AD PHF,IA_left
2376_AD PHF_IA_right,56.17231193,IA,right,2376,AD PHF,56.17231193,FALSE,IA,STR,2376_AD PHF,IA_right
2376_AD PHF_IC_left,3.02585174,IC,left,2376,AD PHF,3.02585174,FALSE,IC,MB,2376_AD PHF,IC_left
2376_AD PHF_IC_right,5.05495232,IC,right,2376,AD PHF,5.05495232,FALSE,IC,MB,2376_AD PHF,IC_right
2376_AD PHF_IGL_left,0,IGL,left,2376,AD PHF,0,FALSE,IGL,TH,2376_AD PHF,IGL_left
2376_AD PHF_IGL_right,0,IGL,right,2376,AD PHF,0,FALSE,IGL,TH,2376_AD PHF,IGL_right
2376_AD PHF_IG_left,0,IG,left,2376,AD PHF,0,FALSE,IG,HPF,2376_AD PHF,IG_left
2376_AD PHF_IG_right,0,IG,right,2376,AD PHF,0,FALSE,IG,HPF,2376_AD PHF,IG_right
2376_AD PHF_III_left,0,III,left,2376,AD PHF,0,FALSE,III,MB,2376_AD PHF,III_left
2376_AD PHF_III_right,0,III,right,2376,AD PHF,0,FALSE,III,MB,2376_AD PHF,III_right
2376_AD PHF_IIn_left,0,IIn,left,2376,AD PHF,0,TRUE,IIn,fiber tracts,2376_AD PHF,IIn_left
2376_AD PHF_IIn_right,0,IIn,right,2376,AD PHF,0,TRUE,IIn,fiber tracts,2376_AD PHF,IIn_right
2376_AD PHF_IMD_left,0,IMD,left,2376,AD PHF,0,FALSE,IMD,TH,2376_AD PHF,IMD_left
2376_AD PHF_IMD_right,0,IMD,right,2376,AD PHF,0,FALSE,IMD,TH,2376_AD PHF,IMD_right
2376_AD PHF_In_left,0,In,left,2376,AD PHF,0,TRUE,In,fiber tracts,2376_AD PHF,In_left
2376_AD PHF_In_right,0,In,right,2376,AD PHF,0,TRUE,In,fiber tracts,2376_AD PHF,In_right
2376_AD PHF_LA_left,11.10702245,LA,left,2376,AD PHF,11.10702245,FALSE,LA,CTXsp,2376_AD PHF,LA_left
2376_AD PHF_LA_right,44.38930696,LA,right,2376,AD PHF,44.38930696,FALSE,LA,CTXsp,2376_AD PHF,LA_right
2376_AD PHF_LD_left,11.40042921,LD,left,2376,AD PHF,11.40042921,FALSE,LD,TH,2376_AD PHF,LD_left
2376_AD PHF_LD_right,26.22421676,LD,right,2376,AD PHF,26.22421676,FALSE,LD,TH,2376_AD PHF,LD_right
2376_AD PHF_LGd_left,27.8083542,LGd,left,2376,AD PHF,27.8083542,FALSE,LGd,TH,2376_AD PHF,LGd_left
2376_AD PHF_LGd_right,26.50431557,LGd,right,2376,AD PHF,26.50431557,FALSE,LGd,TH,2376_AD PHF,LGd_right
2376_AD PHF_LGv_left,66.1224894,LGv,left,2376,AD PHF,66.1224894,FALSE,LGv,TH,2376_AD PHF,LGv_left
2376_AD PHF_LGv_right,72.61378022,LGv,right,2376,AD PHF,72.61378022,FALSE,LGv,TH,2376_AD PHF,LGv_right
2376_AD PHF_LHA_left,0,LHA,left,2376,AD PHF,0,FALSE,LHA,HY,2376_AD PHF,LHA_left
2376_AD PHF_LHA_right,0,LHA,right,2376,AD PHF,0,FALSE,LHA,HY,2376_AD PHF,LHA_right
2376_AD PHF_LH_left,0,LH,left,2376,AD PHF,0,FALSE,LH,TH,2376_AD PHF,LH_left
2376_AD PHF_LH_right,0,LH,right,2376,AD PHF,0,FALSE,LH,TH,2376_AD PHF,LH_right
2376_AD PHF_LPO_left,0,LPO,left,2376,AD PHF,0,FALSE,LPO,HY,2376_AD PHF,LPO_left
2376_AD PHF_LPO_right,0,LPO,right,2376,AD PHF,0,FALSE,LPO,HY,2376_AD PHF,LPO_right
2376_AD PHF_LP_left,13.6418318,LP,left,2376,AD PHF,13.6418318,FALSE,LP,TH,2376_AD PHF,LP_left
2376_AD PHF_LP_right,7.811778584,LP,right,2376,AD PHF,7.811778584,FALSE,LP,TH,2376_AD PHF,LP_right
2376_AD PHF_LS_left,25.11331828,LS,left,2376,AD PHF,25.11331828,FALSE,LS,STR,2376_AD PHF,LS_left
2376_AD PHF_LS_right,13.27101744,LS,right,2376,AD PHF,13.27101744,FALSE,LS,STR,2376_AD PHF,LS_right
2376_AD PHF_MB_left,0,MB,left,2376,AD PHF,0,FALSE,MB,MB,2376_AD PHF,MB_left
2376_AD PHF_MB_right,0,MB,right,2376,AD PHF,0,FALSE,MB,MB,2376_AD PHF,MB_right
2376_AD PHF_MD_left,14.09360343,MD,left,2376,AD PHF,14.09360343,FALSE,MD,TH,2376_AD PHF,MD_left
2376_AD PHF_MD_right,9.81207592,MD,right,2376,AD PHF,9.81207592,FALSE,MD,TH,2376_AD PHF,MD_right
2376_AD PHF_MEA_left,16.60495459,MEA,left,2376,AD PHF,16.60495459,FALSE,MEA,STR,2376_AD PHF,MEA_left
2376_AD PHF_MEA_right,17.19267464,MEA,right,2376,AD PHF,17.19267464,FALSE,MEA,STR,2376_AD PHF,MEA_right
2376_AD PHF_ME_left,0,ME,left,2376,AD PHF,0,FALSE,ME,HY,2376_AD PHF,ME_left
2376_AD PHF_ME_right,0,ME,right,2376,AD PHF,0,FALSE,ME,HY,2376_AD PHF,ME_right
2376_AD PHF_MH_left,0,MH,left,2376,AD PHF,0,FALSE,MH,TH,2376_AD PHF,MH_left
2376_AD PHF_MH_right,0,MH,right,2376,AD PHF,0,FALSE,MH,TH,2376_AD PHF,MH_right
2376_AD PHF_MOp_left,12.96304467,MOp,left,2376,AD PHF,12.96304467,FALSE,MOp,Isocortex,2376_AD PHF,MOp_left
2376_AD PHF_MOp_right,26.59448633,MOp,right,2376,AD PHF,26.59448633,FALSE,MOp,Isocortex,2376_AD PHF,MOp_right
2376_AD PHF_MOs_left,8.996909979,MOs,left,2376,AD PHF,8.996909979,FALSE,MOs,Isocortex,2376_AD PHF,MOs_left
2376_AD PHF_MOs_right,7.456161205,MOs,right,2376,AD PHF,7.456161205,FALSE,MOs,Isocortex,2376_AD PHF,MOs_right
2376_AD PHF_MRN_left,0,MRN,left,2376,AD PHF,0,FALSE,MRN,MB,2376_AD PHF,MRN_left
2376_AD PHF_MRN_right,0.56117233,MRN,right,2376,AD PHF,0.56117233,FALSE,MRN,MB,2376_AD PHF,MRN_right
2376_AD PHF_MS_left,5.34724968,MS,left,2376,AD PHF,5.34724968,FALSE,MS,PAL,2376_AD PHF,MS_left
2376_AD PHF_MS_right,0,MS,right,2376,AD PHF,0,FALSE,MS,PAL,2376_AD PHF,MS_right
2376_AD PHF_NDB_left,0,NDB,left,2376,AD PHF,0,FALSE,NDB,PAL,2376_AD PHF,NDB_left
2376_AD PHF_NDB_right,0,NDB,right,2376,AD PHF,0,FALSE,NDB,PAL,2376_AD PHF,NDB_right
2376_AD PHF_NLL_left,0,NLL,left,2376,AD PHF,0,FALSE,NLL,P,2376_AD PHF,NLL_left
2376_AD PHF_NLL_right,0,NLL,right,2376,AD PHF,0,FALSE,NLL,P,2376_AD PHF,NLL_right
2376_AD PHF_OLF_left,0,OLF,left,2376,AD PHF,0,FALSE,OLF,OLF,2376_AD PHF,OLF_left
2376_AD PHF_OLF_right,4.333847745,OLF,right,2376,AD PHF,4.333847745,FALSE,OLF,OLF,2376_AD PHF,OLF_right
2376_AD PHF_OT_left,0,OT,left,2376,AD PHF,0,FALSE,OT,STR,2376_AD PHF,OT_left
2376_AD PHF_OT_right,0.87519855,OT,right,2376,AD PHF,0.87519855,FALSE,OT,STR,2376_AD PHF,OT_right
2376_AD PHF_PAA_left,24.35933783,PAA,left,2376,AD PHF,24.35933783,FALSE,PAA,OLF,2376_AD PHF,PAA_left
2376_AD PHF_PAA_right,26.92312937,PAA,right,2376,AD PHF,26.92312937,FALSE,PAA,OLF,2376_AD PHF,PAA_right
2376_AD PHF_PAG_left,0,PAG,left,2376,AD PHF,0,FALSE,PAG,MB,2376_AD PHF,PAG_left
2376_AD PHF_PAG_right,0,PAG,right,2376,AD PHF,0,FALSE,PAG,MB,2376_AD PHF,PAG_right
2376_AD PHF_PAL_left,2.54072966,PAL,left,2376,AD PHF,2.54072966,FALSE,PAL,PAL,2376_AD PHF,PAL_left
2376_AD PHF_PAL_right,0,PAL,right,2376,AD PHF,0,FALSE,PAL,PAL,2376_AD PHF,PAL_right
2376_AD PHF_PALd_left,0,PALd,left,2376,AD PHF,0,FALSE,PAL,PAL,2376_AD PHF,PALd_left
2376_AD PHF_PALd_right,0,PALd,right,2376,AD PHF,0,FALSE,PAL,PAL,2376_AD PHF,PALd_right
2376_AD PHF_PAR_left,9.478035596,PAR,left,2376,AD PHF,9.478035596,FALSE,PAR,HPF,2376_AD PHF,PAR_left
2376_AD PHF_PAR_right,4.265900191,PAR,right,2376,AD PHF,4.265900191,FALSE,PAR,HPF,2376_AD PHF,PAR_right
2376_AD PHF_PBG_left,0,PBG,left,2376,AD PHF,0,FALSE,PBG,MB,2376_AD PHF,PBG_left
2376_AD PHF_PBG_right,0,PBG,right,2376,AD PHF,0,FALSE,PBG,MB,2376_AD PHF,PBG_right
2376_AD PHF_PCN_left,36.39770058,PCN,left,2376,AD PHF,36.39770058,FALSE,PCN,TH,2376_AD PHF,PCN_left
2376_AD PHF_PCN_right,25.07013816,PCN,right,2376,AD PHF,25.07013816,FALSE,PCN,TH,2376_AD PHF,PCN_right
2376_AD PHF_PERI_left,15.00957695,PERI,left,2376,AD PHF,15.00957695,FALSE,PERI,Isocortex,2376_AD PHF,PERI_left
2376_AD PHF_PERI_right,22.94858707,PERI,right,2376,AD PHF,22.94858707,FALSE,PERI,Isocortex,2376_AD PHF,PERI_right
2376_AD PHF_PF_left,3.709438863,PF,left,2376,AD PHF,3.709438863,FALSE,PF,TH,2376_AD PHF,PF_left
2376_AD PHF_PF_right,3.538484475,PF,right,2376,AD PHF,3.538484475,FALSE,PF,TH,2376_AD PHF,PF_right
2376_AD PHF_PG_left,2.318368419,PG,left,2376,AD PHF,2.318368419,FALSE,PG,P,2376_AD PHF,PG_left
2376_AD PHF_PG_right,1.384848159,PG,right,2376,AD PHF,1.384848159,FALSE,PG,P,2376_AD PHF,PG_right
2376_AD PHF_PH_left,0,PH,left,2376,AD PHF,0,FALSE,PH,HY,2376_AD PHF,PH_left
2376_AD PHF_PH_right,0,PH,right,2376,AD PHF,0,FALSE,PH,HY,2376_AD PHF,PH_right
2376_AD PHF_PIR_left,16.00214187,PIR,left,2376,AD PHF,16.00214187,FALSE,PIR,OLF,2376_AD PHF,PIR_left
2376_AD PHF_PIR_right,19.61981646,PIR,right,2376,AD PHF,19.61981646,FALSE,PIR,OLF,2376_AD PHF,PIR_right
2376_AD PHF_POL_left,0,POL,left,2376,AD PHF,0,FALSE,POL,TH,2376_AD PHF,POL_left
2376_AD PHF_POL_right,0,POL,right,2376,AD PHF,0,FALSE,POL,TH,2376_AD PHF,POL_right
2376_AD PHF_POST_left,26.42739019,POST,left,2376,AD PHF,26.42739019,FALSE,POST,HPF,2376_AD PHF,POST_left
2376_AD PHF_POST_right,27.51998473,POST,right,2376,AD PHF,27.51998473,FALSE,POST,HPF,2376_AD PHF,POST_right
2376_AD PHF_PO_left,27.85379227,PO,left,2376,AD PHF,27.85379227,FALSE,PO,TH,2376_AD PHF,PO_left
2376_AD PHF_PO_right,26.18390776,PO,right,2376,AD PHF,26.18390776,FALSE,PO,TH,2376_AD PHF,PO_right
2376_AD PHF_PPN_left,0,PPN,left,2376,AD PHF,0,FALSE,PPN,MB,2376_AD PHF,PPN_left
2376_AD PHF_PPN_right,0,PPN,right,2376,AD PHF,0,FALSE,PPN,MB,2376_AD PHF,PPN_right
2376_AD PHF_PRC_left,0,PRC,left,2376,AD PHF,0,FALSE,PRC,MB,2376_AD PHF,PRC_left
2376_AD PHF_PRC_right,0,PRC,right,2376,AD PHF,0,FALSE,PRC,MB,2376_AD PHF,PRC_right
2376_AD PHF_PRE_left,10.67718347,PRE,left,2376,AD PHF,10.67718347,FALSE,PRE,HPF,2376_AD PHF,PRE_left
2376_AD PHF_PRE_right,17.28996845,PRE,right,2376,AD PHF,17.28996845,FALSE,PRE,HPF,2376_AD PHF,PRE_right
2376_AD PHF_PRNr_left,2.032428113,PRNr,left,2376,AD PHF,2.032428113,FALSE,PRNr,P,2376_AD PHF,PRNr_left
2376_AD PHF_PRNr_right,2.377156,PRNr,right,2376,AD PHF,2.377156,FALSE,PRNr,P,2376_AD PHF,PRNr_right
2376_AD PHF_PR_left,20.82598091,PR,left,2376,AD PHF,20.82598091,FALSE,PR,TH,2376_AD PHF,PR_left
2376_AD PHF_PR_right,0,PR,right,2376,AD PHF,0,FALSE,PR,TH,2376_AD PHF,PR_right
2376_AD PHF_PSTN_left,0,PSTN,left,2376,AD PHF,0,FALSE,PSTN,HY,2376_AD PHF,PSTN_left
2376_AD PHF_PSTN_right,0,PSTN,right,2376,AD PHF,0,FALSE,PSTN,HY,2376_AD PHF,PSTN_right
2376_AD PHF_PVT_left,0,PVT,left,2376,AD PHF,0,FALSE,PVT,TH,2376_AD PHF,PVT_left
2376_AD PHF_PVT_right,0,PVT,right,2376,AD PHF,0,FALSE,PVT,TH,2376_AD PHF,PVT_right
2376_AD PHF_PVZ_left,0,PVZ,left,2376,AD PHF,0,FALSE,PVZ,HY,2376_AD PHF,PVZ_left
2376_AD PHF_PVZ_right,0,PVZ,right,2376,AD PHF,0,FALSE,PVZ,HY,2376_AD PHF,PVZ_right
2376_AD PHF_P_left,0,P,left,2376,AD PHF,0,FALSE,P,P,2376_AD PHF,P_left
2376_AD PHF_P_right,0.908395237,P,right,2376,AD PHF,0.908395237,FALSE,P,P,2376_AD PHF,P_right
2376_AD PHF_Pa4_left,0,Pa4,left,2376,AD PHF,0,FALSE,Pa4,MB,2376_AD PHF,Pa4_left
2376_AD PHF_Pa4_right,0,Pa4,right,2376,AD PHF,0,FALSE,Pa4,MB,2376_AD PHF,Pa4_right
2376_AD PHF_PeF_left,0,PeF,left,2376,AD PHF,0,FALSE,PeF,HY,2376_AD PHF,PeF_left
2376_AD PHF_PeF_right,0,PeF,right,2376,AD PHF,0,FALSE,PeF,HY,2376_AD PHF,PeF_right
2376_AD PHF_ProS_left,0,ProS,left,2376,AD PHF,0,FALSE,ProS,HPF,2376_AD PHF,ProS_left
2376_AD PHF_ProS_right,0,ProS,right,2376,AD PHF,0,FALSE,ProS,HPF,2376_AD PHF,ProS_right
2376_AD PHF_RE_left,0,RE,left,2376,AD PHF,0,FALSE,RE,TH,2376_AD PHF,RE_left
2376_AD PHF_RE_right,0,RE,right,2376,AD PHF,0,FALSE,RE,TH,2376_AD PHF,RE_right
2376_AD PHF_RH_left,27.26700594,RH,left,2376,AD PHF,27.26700594,FALSE,RH,TH,2376_AD PHF,RH_left
2376_AD PHF_RH_right,0,RH,right,2376,AD PHF,0,FALSE,RH,TH,2376_AD PHF,RH_right
2376_AD PHF_RSPagl_left,22.42543772,RSPagl,left,2376,AD PHF,22.42543772,FALSE,RSP,Isocortex,2376_AD PHF,RSPagl_left
2376_AD PHF_RSPagl_right,19.21677874,RSPagl,right,2376,AD PHF,19.21677874,FALSE,RSP,Isocortex,2376_AD PHF,RSPagl_right
2376_AD PHF_RSPd_left,45.84296122,RSPd,left,2376,AD PHF,45.84296122,FALSE,RSP,Isocortex,2376_AD PHF,RSPd_left
2376_AD PHF_RSPd_right,25.72617819,RSPd,right,2376,AD PHF,25.72617819,FALSE,RSP,Isocortex,2376_AD PHF,RSPd_right
2376_AD PHF_RSPv_left,18.96562822,RSPv,left,2376,AD PHF,18.96562822,FALSE,RSP,Isocortex,2376_AD PHF,RSPv_left
2376_AD PHF_RSPv_right,48.11669415,RSPv,right,2376,AD PHF,48.11669415,FALSE,RSP,Isocortex,2376_AD PHF,RSPv_right
2376_AD PHF_RT_left,27.84104817,RT,left,2376,AD PHF,27.84104817,FALSE,RT,TH,2376_AD PHF,RT_left
2376_AD PHF_RT_right,14.11868101,RT,right,2376,AD PHF,14.11868101,FALSE,RT,TH,2376_AD PHF,RT_right
2376_AD PHF_SAG_left,0,SAG,left,2376,AD PHF,0,FALSE,SAG,MB,2376_AD PHF,SAG_left
2376_AD PHF_SAG_right,0,SAG,right,2376,AD PHF,0,FALSE,SAG,MB,2376_AD PHF,SAG_right
2376_AD PHF_SCO_left,0,SCO,left,2376,AD PHF,0,FALSE,SCO,MB,2376_AD PHF,SCO_left
2376_AD PHF_SCO_right,0,SCO,right,2376,AD PHF,0,FALSE,SCO,MB,2376_AD PHF,SCO_right
2376_AD PHF_SCm_left,0,SCm,left,2376,AD PHF,0,FALSE,MBmot,MB,2376_AD PHF,SCm_left
2376_AD PHF_SCm_right,0,SCm,right,2376,AD PHF,0,FALSE,MBmot,MB,2376_AD PHF,SCm_right
2376_AD PHF_SCs_left,2.455262555,SCs,left,2376,AD PHF,2.455262555,FALSE,MBsen,MB,2376_AD PHF,SCs_left
2376_AD PHF_SCs_right,0,SCs,right,2376,AD PHF,0,FALSE,MBsen,MB,2376_AD PHF,SCs_right
2376_AD PHF_SEZ_left,0,SEZ,left,2376,AD PHF,0,TRUE,SEZ,VS,2376_AD PHF,SEZ_left
2376_AD PHF_SEZ_right,0,SEZ,right,2376,AD PHF,0,TRUE,SEZ,VS,2376_AD PHF,SEZ_right
2376_AD PHF_SI_left,3.397757909,SI,left,2376,AD PHF,3.397757909,FALSE,SI,PAL,2376_AD PHF,SI_left
2376_AD PHF_SI_right,1.198017688,SI,right,2376,AD PHF,1.198017688,FALSE,SI,PAL,2376_AD PHF,SI_right
2376_AD PHF_SMT_left,0,SMT,left,2376,AD PHF,0,FALSE,SMT,TH,2376_AD PHF,SMT_left
2376_AD PHF_SMT_right,5.258249654,SMT,right,2376,AD PHF,5.258249654,FALSE,SMT,TH,2376_AD PHF,SMT_right
2376_AD PHF_SPA_left,0,SPA,left,2376,AD PHF,0,FALSE,SPA,TH,2376_AD PHF,SPA_left
2376_AD PHF_SPA_right,0,SPA,right,2376,AD PHF,0,FALSE,SPA,TH,2376_AD PHF,SPA_right
2376_AD PHF_SPF_left,0,SPF,left,2376,AD PHF,0,FALSE,SPF,TH,2376_AD PHF,SPF_left
2376_AD PHF_SPF_right,0,SPF,right,2376,AD PHF,0,FALSE,SPF,TH,2376_AD PHF,SPF_right
2376_AD PHF_SSp-bfd_left,30.16142267,SSp-bfd,left,2376,AD PHF,30.16142267,FALSE,SSp,Isocortex,2376_AD PHF,SSp-bfd_left
2376_AD PHF_SSp-bfd_right,15.85492378,SSp-bfd,right,2376,AD PHF,15.85492378,FALSE,SSp,Isocortex,2376_AD PHF,SSp-bfd_right
2376_AD PHF_SSp-ll_left,0,SSp-ll,left,2376,AD PHF,0,FALSE,SSp,Isocortex,2376_AD PHF,SSp-ll_left
2376_AD PHF_SSp-ll_right,0,SSp-ll,right,2376,AD PHF,0,FALSE,SSp,Isocortex,2376_AD PHF,SSp-ll_right
2376_AD PHF_SSp-m_left,28.38381116,SSp-m,left,2376,AD PHF,28.38381116,FALSE,SSp,Isocortex,2376_AD PHF,SSp-m_left
2376_AD PHF_SSp-m_right,26.56222359,SSp-m,right,2376,AD PHF,26.56222359,FALSE,SSp,Isocortex,2376_AD PHF,SSp-m_right
2376_AD PHF_SSp-tr_left,0,SSp-tr,left,2376,AD PHF,0,FALSE,SSp,Isocortex,2376_AD PHF,SSp-tr_left
2376_AD PHF_SSp-tr_right,0,SSp-tr,right,2376,AD PHF,0,FALSE,SSp,Isocortex,2376_AD PHF,SSp-tr_right
2376_AD PHF_SSp-ul_left,25.49130385,SSp-ul,left,2376,AD PHF,25.49130385,FALSE,SSp,Isocortex,2376_AD PHF,SSp-ul_left
2376_AD PHF_SSp-ul_right,24.37137314,SSp-ul,right,2376,AD PHF,24.37137314,FALSE,SSp,Isocortex,2376_AD PHF,SSp-ul_right
2376_AD PHF_SSp-un_left,82.2139638,SSp-un,left,2376,AD PHF,82.2139638,FALSE,SSp,Isocortex,2376_AD PHF,SSp-un_left
2376_AD PHF_SSp-un_right,0,SSp-un,right,2376,AD PHF,0,FALSE,SSp,Isocortex,2376_AD PHF,SSp-un_right
2376_AD PHF_SSs_left,16.41748848,SSs,left,2376,AD PHF,16.41748848,FALSE,SSs,Isocortex,2376_AD PHF,SSs_left
2376_AD PHF_SSs_right,25.76951331,SSs,right,2376,AD PHF,25.76951331,FALSE,SSs,Isocortex,2376_AD PHF,SSs_right
2376_AD PHF_STN_left,0,STN,left,2376,AD PHF,0,FALSE,STN,HY,2376_AD PHF,STN_left
2376_AD PHF_STN_right,9.831520888,STN,right,2376,AD PHF,9.831520888,FALSE,STN,HY,2376_AD PHF,STN_right
2376_AD PHF_STR_left,8.590734528,STR,left,2376,AD PHF,8.590734528,FALSE,STR,STR,2376_AD PHF,STR_left
2376_AD PHF_STR_right,13.07464083,STR,right,2376,AD PHF,13.07464083,FALSE,STR,STR,2376_AD PHF,STR_right
2376_AD PHF_SUB_left,7.170362642,SUB,left,2376,AD PHF,7.170362642,FALSE,SUB,HPF,2376_AD PHF,SUB_left
2376_AD PHF_SUB_right,11.36471896,SUB,right,2376,AD PHF,11.36471896,FALSE,SUB,HPF,2376_AD PHF,SUB_right
2376_AD PHF_Su3_left,0,Su3,left,2376,AD PHF,0,FALSE,Su3,MB,2376_AD PHF,Su3_left
2376_AD PHF_Su3_right,0,Su3,right,2376,AD PHF,0,FALSE,Su3,MB,2376_AD PHF,Su3_right
2376_AD PHF_TEa_left,13.42864431,TEa,left,2376,AD PHF,13.42864431,FALSE,TEa,Isocortex,2376_AD PHF,TEa_left
2376_AD PHF_TEa_right,10.81057227,TEa,right,2376,AD PHF,10.81057227,FALSE,TEa,Isocortex,2376_AD PHF,TEa_right
2376_AD PHF_TH_left,1.757670159,TH,left,2376,AD PHF,1.757670159,FALSE,TH,TH,2376_AD PHF,TH_left
2376_AD PHF_TH_right,0,TH,right,2376,AD PHF,0,FALSE,TH,TH,2376_AD PHF,TH_right
2376_AD PHF_TRN_left,1.21604985,TRN,left,2376,AD PHF,1.21604985,FALSE,TRN,P,2376_AD PHF,TRN_left
2376_AD PHF_TRN_right,0,TRN,right,2376,AD PHF,0,FALSE,TRN,P,2376_AD PHF,TRN_right
2376_AD PHF_TU_left,2.881154222,TU,left,2376,AD PHF,2.881154222,FALSE,TU,HY,2376_AD PHF,TU_left
2376_AD PHF_TU_right,2.529868346,TU,right,2376,AD PHF,2.529868346,FALSE,TU,HY,2376_AD PHF,TU_right
2376_AD PHF_V3_left,0,V3,left,2376,AD PHF,0,TRUE,V3,VS,2376_AD PHF,V3_left
2376_AD PHF_V3_right,0,V3,right,2376,AD PHF,0,TRUE,V3,VS,2376_AD PHF,V3_right
2376_AD PHF_VAL_left,9.37907651,VAL,left,2376,AD PHF,9.37907651,FALSE,VAL,TH,2376_AD PHF,VAL_left
2376_AD PHF_VAL_right,41.00619497,VAL,right,2376,AD PHF,41.00619497,FALSE,VAL,TH,2376_AD PHF,VAL_right
2376_AD PHF_VISC_left,1.356358757,VISC,left,2376,AD PHF,1.356358757,FALSE,VISC,Isocortex,2376_AD PHF,VISC_left
2376_AD PHF_VISC_right,6.926763454,VISC,right,2376,AD PHF,6.926763454,FALSE,VISC,Isocortex,2376_AD PHF,VISC_right
2376_AD PHF_VISa_left,9.233767309,VISa,left,2376,AD PHF,9.233767309,FALSE,VISa,Isocortex,2376_AD PHF,VISa_left
2376_AD PHF_VISa_right,3.615796007,VISa,right,2376,AD PHF,3.615796007,FALSE,VISa,Isocortex,2376_AD PHF,VISa_right
2376_AD PHF_VISam_left,20.62512083,VISam,left,2376,AD PHF,20.62512083,FALSE,VISam,Isocortex,2376_AD PHF,VISam_left
2376_AD PHF_VISam_right,30.84554866,VISam,right,2376,AD PHF,30.84554866,FALSE,VISam,Isocortex,2376_AD PHF,VISam_right
2376_AD PHF_VISl_left,11.75879599,VISl,left,2376,AD PHF,11.75879599,FALSE,VISl,Isocortex,2376_AD PHF,VISl_left
2376_AD PHF_VISl_right,14.32742505,VISl,right,2376,AD PHF,14.32742505,FALSE,VISl,Isocortex,2376_AD PHF,VISl_right
2376_AD PHF_VISli_left,67.43680228,VISli,left,2376,AD PHF,67.43680228,FALSE,VISli,Isocortex,2376_AD PHF,VISli_left
2376_AD PHF_VISli_right,36.72777957,VISli,right,2376,AD PHF,36.72777957,FALSE,VISli,Isocortex,2376_AD PHF,VISli_right
2376_AD PHF_VISp_left,30.60799131,VISp,left,2376,AD PHF,30.60799131,FALSE,VISp,Isocortex,2376_AD PHF,VISp_left
2376_AD PHF_VISp_right,29.4063809,VISp,right,2376,AD PHF,29.4063809,FALSE,VISp,Isocortex,2376_AD PHF,VISp_right
2376_AD PHF_VISpl_left,15.91373878,VISpl,left,2376,AD PHF,15.91373878,FALSE,VISpl,Isocortex,2376_AD PHF,VISpl_left
2376_AD PHF_VISpl_right,0,VISpl,right,2376,AD PHF,0,FALSE,VISpl,Isocortex,2376_AD PHF,VISpl_right
2376_AD PHF_VISpm_left,77.71109805,VISpm,left,2376,AD PHF,77.71109805,FALSE,VISpm,Isocortex,2376_AD PHF,VISpm_left
2376_AD PHF_VISpm_right,14.59180273,VISpm,right,2376,AD PHF,14.59180273,FALSE,VISpm,Isocortex,2376_AD PHF,VISpm_right
2376_AD PHF_VISpor_left,11.06491855,VISpor,left,2376,AD PHF,11.06491855,FALSE,VISpor,Isocortex,2376_AD PHF,VISpor_left
2376_AD PHF_VISpor_right,39.55174504,VISpor,right,2376,AD PHF,39.55174504,FALSE,VISpor,Isocortex,2376_AD PHF,VISpor_right
2376_AD PHF_VISrl_left,20.9568598,VISrl,left,2376,AD PHF,20.9568598,FALSE,VISrl,Isocortex,2376_AD PHF,VISrl_left
2376_AD PHF_VISrl_right,24.55284936,VISrl,right,2376,AD PHF,24.55284936,FALSE,VISrl,Isocortex,2376_AD PHF,VISrl_right
2376_AD PHF_VL_left,1.252784211,VL,left,2376,AD PHF,1.252784211,TRUE,VL,VS,2376_AD PHF,VL_left
2376_AD PHF_VL_right,0.878853788,VL,right,2376,AD PHF,0.878853788,TRUE,VL,VS,2376_AD PHF,VL_right
2376_AD PHF_VMH_left,6.996502149,VMH,left,2376,AD PHF,6.996502149,FALSE,VMH,HY,2376_AD PHF,VMH_left
2376_AD PHF_VMH_right,2.418554139,VMH,right,2376,AD PHF,2.418554139,FALSE,VMH,HY,2376_AD PHF,VMH_right
2376_AD PHF_VM_left,6.095527949,VM,left,2376,AD PHF,6.095527949,FALSE,VM,TH,2376_AD PHF,VM_left
2376_AD PHF_VM_right,0,VM,right,2376,AD PHF,0,FALSE,VM,TH,2376_AD PHF,VM_right
2376_AD PHF_VPL_left,27.1984111,VPL,left,2376,AD PHF,27.1984111,FALSE,VPL,TH,2376_AD PHF,VPL_left
2376_AD PHF_VPL_right,21.55603101,VPL,right,2376,AD PHF,21.55603101,FALSE,VPL,TH,2376_AD PHF,VPL_right
2376_AD PHF_VPM_left,41.32488126,VPM,left,2376,AD PHF,41.32488126,FALSE,VPM,TH,2376_AD PHF,VPM_left
2376_AD PHF_VPM_right,40.39603192,VPM,right,2376,AD PHF,40.39603192,FALSE,VPM,TH,2376_AD PHF,VPM_right
2376_AD PHF_VP_left,66.6530668,VP,left,2376,AD PHF,66.6530668,FALSE,VP,TH,2376_AD PHF,VP_left
2376_AD PHF_VP_right,4.141359827,VP,right,2376,AD PHF,4.141359827,FALSE,VP,TH,2376_AD PHF,VP_right
2376_AD PHF_Xi_left,0,Xi,left,2376,AD PHF,0,FALSE,Xi,TH,2376_AD PHF,Xi_left
2376_AD PHF_Xi_right,0,Xi,right,2376,AD PHF,0,FALSE,Xi,TH,2376_AD PHF,Xi_right
2376_AD PHF_ZI_left,0,ZI,left,2376,AD PHF,0,FALSE,ZI,HY,2376_AD PHF,ZI_left
2376_AD PHF_ZI_right,0,ZI,right,2376,AD PHF,0,FALSE,ZI,HY,2376_AD PHF,ZI_right
2376_AD PHF_alv_left,4.315462648,alv,left,2376,AD PHF,4.315462648,TRUE,alv,fiber tracts,2376_AD PHF,alv_left
2376_AD PHF_alv_right,0,alv,right,2376,AD PHF,0,TRUE,alv,fiber tracts,2376_AD PHF,alv_right
2376_AD PHF_amc_left,29.71797276,amc,left,2376,AD PHF,29.71797276,TRUE,amc,fiber tracts,2376_AD PHF,amc_left
2376_AD PHF_amc_right,54.47194005,amc,right,2376,AD PHF,54.47194005,TRUE,amc,fiber tracts,2376_AD PHF,amc_right
2376_AD PHF_ar_left,8.924554015,ar,left,2376,AD PHF,8.924554015,TRUE,ar,fiber tracts,2376_AD PHF,ar_left
2376_AD PHF_ar_right,4.349917516,ar,right,2376,AD PHF,4.349917516,TRUE,ar,fiber tracts,2376_AD PHF,ar_right
2376_AD PHF_bic_left,0,bic,left,2376,AD PHF,0,TRUE,bic,fiber tracts,2376_AD PHF,bic_left
2376_AD PHF_bic_right,0,bic,right,2376,AD PHF,0,TRUE,bic,fiber tracts,2376_AD PHF,bic_right
2376_AD PHF_bsc_left,0,bsc,left,2376,AD PHF,0,TRUE,bsc,fiber tracts,2376_AD PHF,bsc_left
2376_AD PHF_bsc_right,0,bsc,right,2376,AD PHF,0,TRUE,bsc,fiber tracts,2376_AD PHF,bsc_right
2376_AD PHF_cc_left,1.990780452,cc,left,2376,AD PHF,1.990780452,TRUE,cc,fiber tracts,2376_AD PHF,cc_left
2376_AD PHF_cc_right,1.930804453,cc,right,2376,AD PHF,1.930804453,TRUE,cc,fiber tracts,2376_AD PHF,cc_right
2376_AD PHF_ccg_left,0,ccg,left,2376,AD PHF,0,TRUE,ccg,fiber tracts,2376_AD PHF,ccg_left
2376_AD PHF_ccg_right,0,ccg,right,2376,AD PHF,0,TRUE,ccg,fiber tracts,2376_AD PHF,ccg_right
2376_AD PHF_chpl_left,0,chpl,left,2376,AD PHF,0,TRUE,chpl,VS,2376_AD PHF,chpl_left
2376_AD PHF_chpl_right,0,chpl,right,2376,AD PHF,0,TRUE,chpl,VS,2376_AD PHF,chpl_right
2376_AD PHF_cing_left,5.32721176,cing,left,2376,AD PHF,5.32721176,TRUE,cing,fiber tracts,2376_AD PHF,cing_left
2376_AD PHF_cing_right,11.47996774,cing,right,2376,AD PHF,11.47996774,TRUE,cing,fiber tracts,2376_AD PHF,cing_right
2376_AD PHF_cst_left,14.81623955,cst,left,2376,AD PHF,14.81623955,TRUE,cst,fiber tracts,2376_AD PHF,cst_left
2376_AD PHF_cst_right,14.6478732,cst,right,2376,AD PHF,14.6478732,TRUE,cst,fiber tracts,2376_AD PHF,cst_right
2376_AD PHF_dhc_left,15.66082721,dhc,left,2376,AD PHF,15.66082721,TRUE,dhc,fiber tracts,2376_AD PHF,dhc_left
2376_AD PHF_dhc_right,11.81589103,dhc,right,2376,AD PHF,11.81589103,TRUE,dhc,fiber tracts,2376_AD PHF,dhc_right
2376_AD PHF_dscp_left,0,dscp,left,2376,AD PHF,0,TRUE,dscp,fiber tracts,2376_AD PHF,dscp_left
2376_AD PHF_dscp_right,0,dscp,right,2376,AD PHF,0,TRUE,dscp,fiber tracts,2376_AD PHF,dscp_right
2376_AD PHF_ec_left,2.14684595,ec,left,2376,AD PHF,2.14684595,TRUE,ec,fiber tracts,2376_AD PHF,ec_left
2376_AD PHF_ec_right,3.526532768,ec,right,2376,AD PHF,3.526532768,TRUE,ec,fiber tracts,2376_AD PHF,ec_right
2376_AD PHF_em_left,0,em,left,2376,AD PHF,0,TRUE,em,fiber tracts,2376_AD PHF,em_left
2376_AD PHF_em_right,0,em,right,2376,AD PHF,0,TRUE,em,fiber tracts,2376_AD PHF,em_right
2376_AD PHF_fi_left,20.36194325,fi,left,2376,AD PHF,20.36194325,TRUE,fi,fiber tracts,2376_AD PHF,fi_left
2376_AD PHF_fi_right,0,fi,right,2376,AD PHF,0,TRUE,fi,fiber tracts,2376_AD PHF,fi_right
2376_AD PHF_fiber tracts_left,1.251839616,fiber tracts,left,2376,AD PHF,1.251839616,TRUE,fiber tracts,fiber tracts,2376_AD PHF,fiber tracts_left
2376_AD PHF_fiber tracts_right,7.895222615,fiber tracts,right,2376,AD PHF,7.895222615,TRUE,fiber tracts,fiber tracts,2376_AD PHF,fiber tracts_right
2376_AD PHF_fr_left,0,fr,left,2376,AD PHF,0,TRUE,fr,fiber tracts,2376_AD PHF,fr_left
2376_AD PHF_fr_right,0,fr,right,2376,AD PHF,0,TRUE,fr,fiber tracts,2376_AD PHF,fr_right
2376_AD PHF_fx_left,0,fx,left,2376,AD PHF,0,TRUE,fx,fiber tracts,2376_AD PHF,fx_left
2376_AD PHF_fx_right,0,fx,right,2376,AD PHF,0,TRUE,fx,fiber tracts,2376_AD PHF,fx_right
2376_AD PHF_hbc_left,0,hbc,left,2376,AD PHF,0,TRUE,hbc,fiber tracts,2376_AD PHF,hbc_left
2376_AD PHF_hbc_right,0,hbc,right,2376,AD PHF,0,TRUE,hbc,fiber tracts,2376_AD PHF,hbc_right
2376_AD PHF_int_left,3.270043177,int,left,2376,AD PHF,3.270043177,TRUE,int,fiber tracts,2376_AD PHF,int_left
2376_AD PHF_int_right,1.490924226,int,right,2376,AD PHF,1.490924226,TRUE,int,fiber tracts,2376_AD PHF,int_right
2376_AD PHF_ll_left,0,ll,left,2376,AD PHF,0,TRUE,ll,fiber tracts,2376_AD PHF,ll_left
2376_AD PHF_ll_right,2.736757625,ll,right,2376,AD PHF,2.736757625,TRUE,ll,fiber tracts,2376_AD PHF,ll_right
2376_AD PHF_lotg_left,0,lotg,left,2376,AD PHF,0,TRUE,In,fiber tracts,2376_AD PHF,lotg_left
2376_AD PHF_lotg_right,0,lotg,right,2376,AD PHF,0,TRUE,In,fiber tracts,2376_AD PHF,lotg_right
2376_AD PHF_mcp_left,0,mcp,left,2376,AD PHF,0,TRUE,mcp,fiber tracts,2376_AD PHF,mcp_left
2376_AD PHF_mcp_right,0,mcp,right,2376,AD PHF,0,TRUE,mcp,fiber tracts,2376_AD PHF,mcp_right
2376_AD PHF_ml_left,0,ml,left,2376,AD PHF,0,TRUE,ml,fiber tracts,2376_AD PHF,ml_left
2376_AD PHF_ml_right,0,ml,right,2376,AD PHF,0,TRUE,ml,fiber tracts,2376_AD PHF,ml_right
2376_AD PHF_mlf_left,0,mlf,left,2376,AD PHF,0,TRUE,mlf,fiber tracts,2376_AD PHF,mlf_left
2376_AD PHF_mlf_right,0,mlf,right,2376,AD PHF,0,TRUE,mlf,fiber tracts,2376_AD PHF,mlf_right
2376_AD PHF_moV_left,0,moV,left,2376,AD PHF,0,TRUE,moV,fiber tracts,2376_AD PHF,moV_left
2376_AD PHF_moV_right,0,moV,right,2376,AD PHF,0,TRUE,moV,fiber tracts,2376_AD PHF,moV_right
2376_AD PHF_mtg_left,0,mtg,left,2376,AD PHF,0,TRUE,mtg,fiber tracts,2376_AD PHF,mtg_left
2376_AD PHF_mtg_right,0,mtg,right,2376,AD PHF,0,TRUE,mtg,fiber tracts,2376_AD PHF,mtg_right
2376_AD PHF_mtt_left,0,mtt,left,2376,AD PHF,0,TRUE,mtt,fiber tracts,2376_AD PHF,mtt_left
2376_AD PHF_mtt_right,0,mtt,right,2376,AD PHF,0,TRUE,mtt,fiber tracts,2376_AD PHF,mtt_right
2376_AD PHF_nst_left,0,nst,left,2376,AD PHF,0,TRUE,nst,fiber tracts,2376_AD PHF,nst_left
2376_AD PHF_nst_right,0,nst,right,2376,AD PHF,0,TRUE,nst,fiber tracts,2376_AD PHF,nst_right
2376_AD PHF_opt_left,0,opt,left,2376,AD PHF,0,TRUE,opt,fiber tracts,2376_AD PHF,opt_left
2376_AD PHF_opt_right,3.100710434,opt,right,2376,AD PHF,3.100710434,TRUE,opt,fiber tracts,2376_AD PHF,opt_right
2376_AD PHF_or_left,4.565441461,or,left,2376,AD PHF,4.565441461,TRUE,or,fiber tracts,2376_AD PHF,or_left
2376_AD PHF_or_right,3.277898245,or,right,2376,AD PHF,3.277898245,TRUE,or,fiber tracts,2376_AD PHF,or_right
2376_AD PHF_rust_left,0,rust,left,2376,AD PHF,0,TRUE,rust,fiber tracts,2376_AD PHF,rust_left
2376_AD PHF_rust_right,0,rust,right,2376,AD PHF,0,TRUE,rust,fiber tracts,2376_AD PHF,rust_right
2376_AD PHF_sV_left,0,sV,left,2376,AD PHF,0,TRUE,sV,fiber tracts,2376_AD PHF,sV_left
2376_AD PHF_sV_right,0,sV,right,2376,AD PHF,0,TRUE,sV,fiber tracts,2376_AD PHF,sV_right
2376_AD PHF_scp_left,0,scp,left,2376,AD PHF,0,TRUE,scp,fiber tracts,2376_AD PHF,scp_left
2376_AD PHF_scp_right,0,scp,right,2376,AD PHF,0,TRUE,scp,fiber tracts,2376_AD PHF,scp_right
2376_AD PHF_scwm_left,13.80587088,scwm,left,2376,AD PHF,13.80587088,TRUE,scwm,fiber tracts,2376_AD PHF,scwm_left
2376_AD PHF_scwm_right,3.779952358,scwm,right,2376,AD PHF,3.779952358,TRUE,scwm,fiber tracts,2376_AD PHF,scwm_right
2376_AD PHF_sm_left,0,sm,left,2376,AD PHF,0,TRUE,sm,fiber tracts,2376_AD PHF,sm_left
2376_AD PHF_sm_right,0,sm,right,2376,AD PHF,0,TRUE,sm,fiber tracts,2376_AD PHF,sm_right
2376_AD PHF_st_left,3.913518024,st,left,2376,AD PHF,3.913518024,TRUE,st,fiber tracts,2376_AD PHF,st_left
2376_AD PHF_st_right,0,st,right,2376,AD PHF,0,TRUE,st,fiber tracts,2376_AD PHF,st_right
2376_AD PHF_stc_left,0,stc,left,2376,AD PHF,0,TRUE,stc,fiber tracts,2376_AD PHF,stc_left
2376_AD PHF_stc_right,0,stc,right,2376,AD PHF,0,TRUE,stc,fiber tracts,2376_AD PHF,stc_right
2376_AD PHF_sup_left,0,sup,left,2376,AD PHF,0,TRUE,sup,fiber tracts,2376_AD PHF,sup_left
2376_AD PHF_sup_right,0,sup,right,2376,AD PHF,0,TRUE,sup,fiber tracts,2376_AD PHF,sup_right
2376_AD PHF_tspc_left,0,tspc,left,2376,AD PHF,0,TRUE,tspc,fiber tracts,2376_AD PHF,tspc_left
2376_AD PHF_tspc_right,0,tspc,right,2376,AD PHF,0,TRUE,tspc,fiber tracts,2376_AD PHF,tspc_right
2378_AD PHF_ACAd_left,14.32392452,ACAd,left,2378,AD PHF,14.32392452,FALSE,ACA,Isocortex,2378_AD PHF,ACAd_left
2378_AD PHF_ACAd_right,16.61834251,ACAd,right,2378,AD PHF,16.61834251,FALSE,ACA,Isocortex,2378_AD PHF,ACAd_right
2378_AD PHF_ACAv_left,14.66070316,ACAv,left,2378,AD PHF,14.66070316,FALSE,ACA,Isocortex,2378_AD PHF,ACAv_left
2378_AD PHF_ACAv_right,19.32921153,ACAv,right,2378,AD PHF,19.32921153,FALSE,ACA,Isocortex,2378_AD PHF,ACAv_right
2378_AD PHF_ACB_left,4.095829479,ACB,left,2378,AD PHF,4.095829479,FALSE,ACB,STR,2378_AD PHF,ACB_left
2378_AD PHF_ACB_right,3.515369465,ACB,right,2378,AD PHF,3.515369465,FALSE,ACB,STR,2378_AD PHF,ACB_right
2378_AD PHF_AId_left,16.72959869,AId,left,2378,AD PHF,16.72959869,FALSE,AI,Isocortex,2378_AD PHF,AId_left
2378_AD PHF_AId_right,4.609426573,AId,right,2378,AD PHF,4.609426573,FALSE,AI,Isocortex,2378_AD PHF,AId_right
2378_AD PHF_AIp_left,8.944595138,AIp,left,2378,AD PHF,8.944595138,FALSE,AI,Isocortex,2378_AD PHF,AIp_left
2378_AD PHF_AIp_right,6.511556727,AIp,right,2378,AD PHF,6.511556727,FALSE,AI,Isocortex,2378_AD PHF,AIp_right
2378_AD PHF_AIv_left,44.39473161,AIv,left,2378,AD PHF,44.39473161,FALSE,AI,Isocortex,2378_AD PHF,AIv_left
2378_AD PHF_AIv_right,4.706821008,AIv,right,2378,AD PHF,4.706821008,FALSE,AI,Isocortex,2378_AD PHF,AIv_right
2378_AD PHF_APr_left,9.09280069,APr,left,2378,AD PHF,9.09280069,FALSE,APr,HPF,2378_AD PHF,APr_left
2378_AD PHF_APr_right,24.75785004,APr,right,2378,AD PHF,24.75785004,FALSE,APr,HPF,2378_AD PHF,APr_right
2378_AD PHF_AQ_left,0,AQ,left,2378,AD PHF,0,TRUE,AQ,VS,2378_AD PHF,AQ_left
2378_AD PHF_AQ_right,0,AQ,right,2378,AD PHF,0,TRUE,AQ,VS,2378_AD PHF,AQ_right
2378_AD PHF_ARH_left,0,ARH,left,2378,AD PHF,0,FALSE,ARH,HY,2378_AD PHF,ARH_left
2378_AD PHF_ARH_right,0,ARH,right,2378,AD PHF,0,FALSE,ARH,HY,2378_AD PHF,ARH_right
2378_AD PHF_AT_left,0,AT,left,2378,AD PHF,0,FALSE,AT,MB,2378_AD PHF,AT_left
2378_AD PHF_AT_right,0,AT,right,2378,AD PHF,0,FALSE,AT,MB,2378_AD PHF,AT_right
2378_AD PHF_AUDd_left,18.9058475,AUDd,left,2378,AD PHF,18.9058475,FALSE,AUDd,Isocortex,2378_AD PHF,AUDd_left
2378_AD PHF_AUDd_right,16.10920037,AUDd,right,2378,AD PHF,16.10920037,FALSE,AUDd,Isocortex,2378_AD PHF,AUDd_right
2378_AD PHF_AUDp_left,43.2743713,AUDp,left,2378,AD PHF,43.2743713,FALSE,AUDp,Isocortex,2378_AD PHF,AUDp_left
2378_AD PHF_AUDv_left,15.09795346,AUDv,left,2378,AD PHF,15.09795346,FALSE,AUDv,Isocortex,2378_AD PHF,AUDv_left
2378_AD PHF_AUDv_right,14.04127428,AUDv,right,2378,AD PHF,14.04127428,FALSE,AUDv,Isocortex,2378_AD PHF,AUDv_right
2378_AD PHF_AVPV_left,0,AVPV,left,2378,AD PHF,0,FALSE,AVPV,HY,2378_AD PHF,AVPV_left
2378_AD PHF_AVPV_right,0,AVPV,right,2378,AD PHF,0,FALSE,AVPV,HY,2378_AD PHF,AVPV_right
2378_AD PHF_BLA_left,13.4421176,BLA,left,2378,AD PHF,13.4421176,FALSE,BLA,CTXsp,2378_AD PHF,BLA_left
2378_AD PHF_BLA_right,15.75052432,BLA,right,2378,AD PHF,15.75052432,FALSE,BLA,CTXsp,2378_AD PHF,BLA_right
2378_AD PHF_BMA_left,11.05182671,BMA,left,2378,AD PHF,11.05182671,FALSE,BMA,CTXsp,2378_AD PHF,BMA_left
2378_AD PHF_BMA_right,9.217524977,BMA,right,2378,AD PHF,9.217524977,FALSE,BMA,CTXsp,2378_AD PHF,BMA_right
2378_AD PHF_CA1_left,20.63849328,CA1,left,2378,AD PHF,20.63849328,FALSE,CA1,HPF,2378_AD PHF,CA1_left
2378_AD PHF_CA1_right,15.57810558,CA1,right,2378,AD PHF,15.57810558,FALSE,CA1,HPF,2378_AD PHF,CA1_right
2378_AD PHF_CA2_left,0,CA2,left,2378,AD PHF,0,FALSE,CA2,HPF,2378_AD PHF,CA2_left
2378_AD PHF_CA2_right,0,CA2,right,2378,AD PHF,0,FALSE,CA2,HPF,2378_AD PHF,CA2_right
2378_AD PHF_CA3_left,11.55862899,CA3,left,2378,AD PHF,11.55862899,FALSE,CA3,HPF,2378_AD PHF,CA3_left
2378_AD PHF_CA3_right,20.74998791,CA3,right,2378,AD PHF,20.74998791,FALSE,CA3,HPF,2378_AD PHF,CA3_right
2378_AD PHF_CB_left,0,CB,left,2378,AD PHF,0,FALSE,CB,CB,2378_AD PHF,CB_left
2378_AD PHF_CB_right,0,CB,right,2378,AD PHF,0,FALSE,CB,CB,2378_AD PHF,CB_right
2378_AD PHF_CEA_left,12.98961184,CEA,left,2378,AD PHF,12.98961184,FALSE,CEA,STR,2378_AD PHF,CEA_left
2378_AD PHF_CEA_right,20.45210856,CEA,right,2378,AD PHF,20.45210856,FALSE,CEA,STR,2378_AD PHF,CEA_right
2378_AD PHF_CLA_left,8.521675015,CLA,left,2378,AD PHF,8.521675015,FALSE,CLA,CTXsp,2378_AD PHF,CLA_left
2378_AD PHF_CLA_right,0,CLA,right,2378,AD PHF,0,FALSE,CLA,CTXsp,2378_AD PHF,CLA_right
2378_AD PHF_CL_left,7.099015467,CL,left,2378,AD PHF,7.099015467,FALSE,CL,TH,2378_AD PHF,CL_left
2378_AD PHF_CL_right,3.528786838,CL,right,2378,AD PHF,3.528786838,FALSE,CL,TH,2378_AD PHF,CL_right
2378_AD PHF_CM_left,8.61696071,CM,left,2378,AD PHF,8.61696071,FALSE,CM,TH,2378_AD PHF,CM_left
2378_AD PHF_CM_right,0,CM,right,2378,AD PHF,0,FALSE,CM,TH,2378_AD PHF,CM_right
2378_AD PHF_COA_left,10.99111931,COA,left,2378,AD PHF,10.99111931,FALSE,COA,OLF,2378_AD PHF,COA_left
2378_AD PHF_COA_right,24.06176366,COA,right,2378,AD PHF,24.06176366,FALSE,COA,OLF,2378_AD PHF,COA_right
2378_AD PHF_COAp_left,7.27881423,COAp,left,2378,AD PHF,7.27881423,FALSE,COA,OLF,2378_AD PHF,COAp_left
2378_AD PHF_COAp_right,0,COAp,right,2378,AD PHF,0,FALSE,COA,OLF,2378_AD PHF,COAp_right
2378_AD PHF_CP_left,0.545611315,CP,left,2378,AD PHF,0.545611315,FALSE,CP,STR,2378_AD PHF,CP_left
2378_AD PHF_CP_right,2.856259764,CP,right,2378,AD PHF,2.856259764,FALSE,CP,STR,2378_AD PHF,CP_right
2378_AD PHF_CS_left,0,CS,left,2378,AD PHF,0,FALSE,CS,P,2378_AD PHF,CS_left
2378_AD PHF_CS_right,0,CS,right,2378,AD PHF,0,FALSE,CS,P,2378_AD PHF,CS_right
2378_AD PHF_CTXsp_left,0,CTXsp,left,2378,AD PHF,0,FALSE,CTXsp,CTXsp,2378_AD PHF,CTXsp_left
2378_AD PHF_CTXsp_right,13.95823106,CTXsp,right,2378,AD PHF,13.95823106,FALSE,CTXsp,CTXsp,2378_AD PHF,CTXsp_right
2378_AD PHF_DG_left,3.767579705,DG,left,2378,AD PHF,3.767579705,FALSE,DG,HPF,2378_AD PHF,DG_left
2378_AD PHF_DG_right,9.572916597,DG,right,2378,AD PHF,9.572916597,FALSE,DG,HPF,2378_AD PHF,DG_right
2378_AD PHF_DMH_left,0,DMH,left,2378,AD PHF,0,FALSE,DMH,HY,2378_AD PHF,DMH_left
2378_AD PHF_DMH_right,0,DMH,right,2378,AD PHF,0,FALSE,DMH,HY,2378_AD PHF,DMH_right
2378_AD PHF_DR_left,0,DR,left,2378,AD PHF,0,FALSE,DR,MB,2378_AD PHF,DR_left
2378_AD PHF_DR_right,0,DR,right,2378,AD PHF,0,FALSE,DR,MB,2378_AD PHF,DR_right
2378_AD PHF_ECT_left,17.7315666,ECT,left,2378,AD PHF,17.7315666,FALSE,ECT,Isocortex,2378_AD PHF,ECT_left
2378_AD PHF_ECT_right,2.789305202,ECT,right,2378,AD PHF,2.789305202,FALSE,ECT,Isocortex,2378_AD PHF,ECT_right
2378_AD PHF_ENTl_left,9.193120656,ENTl,left,2378,AD PHF,9.193120656,FALSE,ENT,HPF,2378_AD PHF,ENTl_left
2378_AD PHF_ENTl_right,3.371870121,ENTl,right,2378,AD PHF,3.371870121,FALSE,ENT,HPF,2378_AD PHF,ENTl_right
2378_AD PHF_ENTm_left,10.37644108,ENTm,left,2378,AD PHF,10.37644108,FALSE,ENT,HPF,2378_AD PHF,ENTm_left
2378_AD PHF_ENTm_right,6.729455012,ENTm,right,2378,AD PHF,6.729455012,FALSE,ENT,HPF,2378_AD PHF,ENTm_right
2378_AD PHF_EP_left,8.279957708,EP,left,2378,AD PHF,8.279957708,FALSE,EP,CTXsp,2378_AD PHF,EP_left
2378_AD PHF_EP_right,20.44359463,EP,right,2378,AD PHF,20.44359463,FALSE,EP,CTXsp,2378_AD PHF,EP_right
2378_AD PHF_Eth_left,0,Eth,left,2378,AD PHF,0,FALSE,Eth,TH,2378_AD PHF,Eth_left
2378_AD PHF_Eth_right,37.11921538,Eth,right,2378,AD PHF,37.11921538,FALSE,Eth,TH,2378_AD PHF,Eth_right
2378_AD PHF_FC_left,0,FC,left,2378,AD PHF,0,FALSE,FC,HPF,2378_AD PHF,FC_left
2378_AD PHF_FC_right,0,FC,right,2378,AD PHF,0,FALSE,FC,HPF,2378_AD PHF,FC_right
2378_AD PHF_GU_left,14.039707,GU,left,2378,AD PHF,14.039707,FALSE,GU,Isocortex,2378_AD PHF,GU_left
2378_AD PHF_GU_right,5.763646833,GU,right,2378,AD PHF,5.763646833,FALSE,GU,Isocortex,2378_AD PHF,GU_right
2378_AD PHF_HATA_left,0,HATA,left,2378,AD PHF,0,FALSE,HATA,HPF,2378_AD PHF,HATA_left
2378_AD PHF_HPF_left,3.905203542,HPF,left,2378,AD PHF,3.905203542,FALSE,HPF,HPF,2378_AD PHF,HPF_left
2378_AD PHF_HPF_right,0,HPF,right,2378,AD PHF,0,FALSE,HPF,HPF,2378_AD PHF,HPF_right
2378_AD PHF_HY_left,0,HY,left,2378,AD PHF,0,FALSE,HY,HY,2378_AD PHF,HY_left
2378_AD PHF_HY_right,0.650039681,HY,right,2378,AD PHF,0.650039681,FALSE,HY,HY,2378_AD PHF,HY_right
2378_AD PHF_IA_left,0,IA,left,2378,AD PHF,0,FALSE,IA,STR,2378_AD PHF,IA_left
2378_AD PHF_IA_right,41.59912068,IA,right,2378,AD PHF,41.59912068,FALSE,IA,STR,2378_AD PHF,IA_right
2378_AD PHF_IC_left,2.186494362,IC,left,2378,AD PHF,2.186494362,FALSE,IC,MB,2378_AD PHF,IC_left
2378_AD PHF_IC_right,0,IC,right,2378,AD PHF,0,FALSE,IC,MB,2378_AD PHF,IC_right
2378_AD PHF_IGL_left,0,IGL,left,2378,AD PHF,0,FALSE,IGL,TH,2378_AD PHF,IGL_left
2378_AD PHF_IG_left,32.71403858,IG,left,2378,AD PHF,32.71403858,FALSE,IG,HPF,2378_AD PHF,IG_left
2378_AD PHF_IG_right,29.23382171,IG,right,2378,AD PHF,29.23382171,FALSE,IG,HPF,2378_AD PHF,IG_right
2378_AD PHF_IIn_left,0,IIn,left,2378,AD PHF,0,TRUE,IIn,fiber tracts,2378_AD PHF,IIn_left
2378_AD PHF_IIn_right,0,IIn,right,2378,AD PHF,0,TRUE,IIn,fiber tracts,2378_AD PHF,IIn_right
2378_AD PHF_IMD_left,0,IMD,left,2378,AD PHF,0,FALSE,IMD,TH,2378_AD PHF,IMD_left
2378_AD PHF_IMD_right,8.37760069,IMD,right,2378,AD PHF,8.37760069,FALSE,IMD,TH,2378_AD PHF,IMD_right
2378_AD PHF_IV_left,0,IV,left,2378,AD PHF,0,FALSE,IV,MB,2378_AD PHF,IV_left
2378_AD PHF_IV_right,0,IV,right,2378,AD PHF,0,FALSE,IV,MB,2378_AD PHF,IV_right
2378_AD PHF_In_left,0,In,left,2378,AD PHF,0,TRUE,In,fiber tracts,2378_AD PHF,In_left
2378_AD PHF_In_right,0,In,right,2378,AD PHF,0,TRUE,In,fiber tracts,2378_AD PHF,In_right
2378_AD PHF_LA_left,13.24931093,LA,left,2378,AD PHF,13.24931093,FALSE,LA,CTXsp,2378_AD PHF,LA_left
2378_AD PHF_LA_right,9.765766885,LA,right,2378,AD PHF,9.765766885,FALSE,LA,CTXsp,2378_AD PHF,LA_right
2378_AD PHF_LGd_left,43.65288708,LGd,left,2378,AD PHF,43.65288708,FALSE,LGd,TH,2378_AD PHF,LGd_left
2378_AD PHF_LGd_right,9.539871813,LGd,right,2378,AD PHF,9.539871813,FALSE,LGd,TH,2378_AD PHF,LGd_right
2378_AD PHF_LGv_left,38.91530644,LGv,left,2378,AD PHF,38.91530644,FALSE,LGv,TH,2378_AD PHF,LGv_left
2378_AD PHF_LGv_right,21.16446491,LGv,right,2378,AD PHF,21.16446491,FALSE,LGv,TH,2378_AD PHF,LGv_right
2378_AD PHF_LHA_left,0,LHA,left,2378,AD PHF,0,FALSE,LHA,HY,2378_AD PHF,LHA_left
2378_AD PHF_LHA_right,0,LHA,right,2378,AD PHF,0,FALSE,LHA,HY,2378_AD PHF,LHA_right
2378_AD PHF_LH_left,0,LH,left,2378,AD PHF,0,FALSE,LH,TH,2378_AD PHF,LH_left
2378_AD PHF_LH_right,0,LH,right,2378,AD PHF,0,FALSE,LH,TH,2378_AD PHF,LH_right
2378_AD PHF_LPO_left,0,LPO,left,2378,AD PHF,0,FALSE,LPO,HY,2378_AD PHF,LPO_left
2378_AD PHF_LPO_right,0,LPO,right,2378,AD PHF,0,FALSE,LPO,HY,2378_AD PHF,LPO_right
2378_AD PHF_LP_left,13.92548287,LP,left,2378,AD PHF,13.92548287,FALSE,LP,TH,2378_AD PHF,LP_left
2378_AD PHF_LP_right,11.54715527,LP,right,2378,AD PHF,11.54715527,FALSE,LP,TH,2378_AD PHF,LP_right
2378_AD PHF_LS_left,12.88626923,LS,left,2378,AD PHF,12.88626923,FALSE,LS,STR,2378_AD PHF,LS_left
2378_AD PHF_LS_right,11.40464921,LS,right,2378,AD PHF,11.40464921,FALSE,LS,STR,2378_AD PHF,LS_right
2378_AD PHF_MB_left,0,MB,left,2378,AD PHF,0,FALSE,MB,MB,2378_AD PHF,MB_left
2378_AD PHF_MB_right,0.661639447,MB,right,2378,AD PHF,0.661639447,FALSE,MB,MB,2378_AD PHF,MB_right
2378_AD PHF_MD_left,2.581020066,MD,left,2378,AD PHF,2.581020066,FALSE,MD,TH,2378_AD PHF,MD_left
2378_AD PHF_MD_right,5.766608505,MD,right,2378,AD PHF,5.766608505,FALSE,MD,TH,2378_AD PHF,MD_right
2378_AD PHF_MEA_left,14.48071493,MEA,left,2378,AD PHF,14.48071493,FALSE,MEA,STR,2378_AD PHF,MEA_left
2378_AD PHF_MEA_right,15.42753226,MEA,right,2378,AD PHF,15.42753226,FALSE,MEA,STR,2378_AD PHF,MEA_right
2378_AD PHF_ME_left,0,ME,left,2378,AD PHF,0,FALSE,ME,HY,2378_AD PHF,ME_left
2378_AD PHF_ME_right,0,ME,right,2378,AD PHF,0,FALSE,ME,HY,2378_AD PHF,ME_right
2378_AD PHF_MH_left,0,MH,left,2378,AD PHF,0,FALSE,MH,TH,2378_AD PHF,MH_left
2378_AD PHF_MH_right,0,MH,right,2378,AD PHF,0,FALSE,MH,TH,2378_AD PHF,MH_right
2378_AD PHF_MOp_left,12.3985083,MOp,left,2378,AD PHF,12.3985083,FALSE,MOp,Isocortex,2378_AD PHF,MOp_left
2378_AD PHF_MOp_right,14.48027208,MOp,right,2378,AD PHF,14.48027208,FALSE,MOp,Isocortex,2378_AD PHF,MOp_right
2378_AD PHF_MOs_left,15.32906038,MOs,left,2378,AD PHF,15.32906038,FALSE,MOs,Isocortex,2378_AD PHF,MOs_left
2378_AD PHF_MOs_right,5.482207433,MOs,right,2378,AD PHF,5.482207433,FALSE,MOs,Isocortex,2378_AD PHF,MOs_right
2378_AD PHF_MRN_left,0.59984354,MRN,left,2378,AD PHF,0.59984354,FALSE,MRN,MB,2378_AD PHF,MRN_left
2378_AD PHF_MRN_right,0.633554061,MRN,right,2378,AD PHF,0.633554061,FALSE,MRN,MB,2378_AD PHF,MRN_right
2378_AD PHF_MS_left,5.789846185,MS,left,2378,AD PHF,5.789846185,FALSE,MS,PAL,2378_AD PHF,MS_left
2378_AD PHF_MS_right,15.01628001,MS,right,2378,AD PHF,15.01628001,FALSE,MS,PAL,2378_AD PHF,MS_right
2378_AD PHF_NDB_left,0,NDB,left,2378,AD PHF,0,FALSE,NDB,PAL,2378_AD PHF,NDB_left
2378_AD PHF_NDB_right,0,NDB,right,2378,AD PHF,0,FALSE,NDB,PAL,2378_AD PHF,NDB_right
2378_AD PHF_NLL_left,0,NLL,left,2378,AD PHF,0,FALSE,NLL,P,2378_AD PHF,NLL_left
2378_AD PHF_NLL_right,1.214047975,NLL,right,2378,AD PHF,1.214047975,FALSE,NLL,P,2378_AD PHF,NLL_right
2378_AD PHF_OLF_left,3.948246035,OLF,left,2378,AD PHF,3.948246035,FALSE,OLF,OLF,2378_AD PHF,OLF_left
2378_AD PHF_OLF_right,26.99932255,OLF,right,2378,AD PHF,26.99932255,FALSE,OLF,OLF,2378_AD PHF,OLF_right
2378_AD PHF_OT_left,0,OT,left,2378,AD PHF,0,FALSE,OT,STR,2378_AD PHF,OT_left
2378_AD PHF_OT_right,1.778991466,OT,right,2378,AD PHF,1.778991466,FALSE,OT,STR,2378_AD PHF,OT_right
2378_AD PHF_PAA_left,16.81884294,PAA,left,2378,AD PHF,16.81884294,FALSE,PAA,OLF,2378_AD PHF,PAA_left
2378_AD PHF_PAA_right,31.08729267,PAA,right,2378,AD PHF,31.08729267,FALSE,PAA,OLF,2378_AD PHF,PAA_right
2378_AD PHF_PAG_left,0,PAG,left,2378,AD PHF,0,FALSE,PAG,MB,2378_AD PHF,PAG_left
2378_AD PHF_PAG_right,0,PAG,right,2378,AD PHF,0,FALSE,PAG,MB,2378_AD PHF,PAG_right
2378_AD PHF_PAL_left,1.933292467,PAL,left,2378,AD PHF,1.933292467,FALSE,PAL,PAL,2378_AD PHF,PAL_left
2378_AD PHF_PAL_right,0,PAL,right,2378,AD PHF,0,FALSE,PAL,PAL,2378_AD PHF,PAL_right
2378_AD PHF_PALd_left,0,PALd,left,2378,AD PHF,0,FALSE,PAL,PAL,2378_AD PHF,PALd_left
2378_AD PHF_PALd_right,0,PALd,right,2378,AD PHF,0,FALSE,PAL,PAL,2378_AD PHF,PALd_right
2378_AD PHF_PAR_left,10.86722599,PAR,left,2378,AD PHF,10.86722599,FALSE,PAR,HPF,2378_AD PHF,PAR_left
2378_AD PHF_PAR_right,10.85721665,PAR,right,2378,AD PHF,10.85721665,FALSE,PAR,HPF,2378_AD PHF,PAR_right
2378_AD PHF_PBG_left,0,PBG,left,2378,AD PHF,0,FALSE,PBG,MB,2378_AD PHF,PBG_left
2378_AD PHF_PBG_right,0,PBG,right,2378,AD PHF,0,FALSE,PBG,MB,2378_AD PHF,PBG_right
2378_AD PHF_PCN_left,11.66804894,PCN,left,2378,AD PHF,11.66804894,FALSE,PCN,TH,2378_AD PHF,PCN_left
2378_AD PHF_PCN_right,17.50207341,PCN,right,2378,AD PHF,17.50207341,FALSE,PCN,TH,2378_AD PHF,PCN_right
2378_AD PHF_PERI_left,0,PERI,left,2378,AD PHF,0,FALSE,PERI,Isocortex,2378_AD PHF,PERI_left
2378_AD PHF_PERI_right,28.72320238,PERI,right,2378,AD PHF,28.72320238,FALSE,PERI,Isocortex,2378_AD PHF,PERI_right
2378_AD PHF_PG_left,2.828723066,PG,left,2378,AD PHF,2.828723066,FALSE,PG,P,2378_AD PHF,PG_left
2378_AD PHF_PG_right,4.331254792,PG,right,2378,AD PHF,4.331254792,FALSE,PG,P,2378_AD PHF,PG_right
2378_AD PHF_PH_left,0,PH,left,2378,AD PHF,0,FALSE,PH,HY,2378_AD PHF,PH_left
2378_AD PHF_PH_right,0,PH,right,2378,AD PHF,0,FALSE,PH,HY,2378_AD PHF,PH_right
2378_AD PHF_PIR_left,14.44372829,PIR,left,2378,AD PHF,14.44372829,FALSE,PIR,OLF,2378_AD PHF,PIR_left
2378_AD PHF_PIR_right,16.43634137,PIR,right,2378,AD PHF,16.43634137,FALSE,PIR,OLF,2378_AD PHF,PIR_right
2378_AD PHF_POST_left,18.64049549,POST,left,2378,AD PHF,18.64049549,FALSE,POST,HPF,2378_AD PHF,POST_left
2378_AD PHF_POST_right,37.65742648,POST,right,2378,AD PHF,37.65742648,FALSE,POST,HPF,2378_AD PHF,POST_right
2378_AD PHF_PO_left,31.15728058,PO,left,2378,AD PHF,31.15728058,FALSE,PO,TH,2378_AD PHF,PO_left
2378_AD PHF_PO_right,33.27606828,PO,right,2378,AD PHF,33.27606828,FALSE,PO,TH,2378_AD PHF,PO_right
2378_AD PHF_PPN_left,0,PPN,left,2378,AD PHF,0,FALSE,PPN,MB,2378_AD PHF,PPN_left
2378_AD PHF_PPN_right,0,PPN,right,2378,AD PHF,0,FALSE,PPN,MB,2378_AD PHF,PPN_right
2378_AD PHF_PRE_left,10.46835586,PRE,left,2378,AD PHF,10.46835586,FALSE,PRE,HPF,2378_AD PHF,PRE_left
2378_AD PHF_PRE_right,24.66264026,PRE,right,2378,AD PHF,24.66264026,FALSE,PRE,HPF,2378_AD PHF,PRE_right
2378_AD PHF_PRNr_left,0.713100293,PRNr,left,2378,AD PHF,0.713100293,FALSE,PRNr,P,2378_AD PHF,PRNr_left
2378_AD PHF_PRNr_right,2.840401434,PRNr,right,2378,AD PHF,2.840401434,FALSE,PRNr,P,2378_AD PHF,PRNr_right
2378_AD PHF_PR_left,9.139200755,PR,left,2378,AD PHF,9.139200755,FALSE,PR,TH,2378_AD PHF,PR_left
2378_AD PHF_PR_right,0,PR,right,2378,AD PHF,0,FALSE,PR,TH,2378_AD PHF,PR_right
2378_AD PHF_PST_left,0,PST,left,2378,AD PHF,0,FALSE,PST,HY,2378_AD PHF,PST_left
2378_AD PHF_PST_right,0,PST,right,2378,AD PHF,0,FALSE,PST,HY,2378_AD PHF,PST_right
2378_AD PHF_PVT_left,0,PVT,left,2378,AD PHF,0,FALSE,PVT,TH,2378_AD PHF,PVT_left
2378_AD PHF_PVT_right,0,PVT,right,2378,AD PHF,0,FALSE,PVT,TH,2378_AD PHF,PVT_right
2378_AD PHF_PVZ_left,0,PVZ,left,2378,AD PHF,0,FALSE,PVZ,HY,2378_AD PHF,PVZ_left
2378_AD PHF_PVZ_right,0,PVZ,right,2378,AD PHF,0,FALSE,PVZ,HY,2378_AD PHF,PVZ_right
2378_AD PHF_P_left,0,P,left,2378,AD PHF,0,FALSE,P,P,2378_AD PHF,P_left
2378_AD PHF_P_right,0,P,right,2378,AD PHF,0,FALSE,P,P,2378_AD PHF,P_right
2378_AD PHF_Pa4_left,0,Pa4,left,2378,AD PHF,0,FALSE,Pa4,MB,2378_AD PHF,Pa4_left
2378_AD PHF_Pa4_right,0,Pa4,right,2378,AD PHF,0,FALSE,Pa4,MB,2378_AD PHF,Pa4_right
2378_AD PHF_PeF_left,0,PeF,left,2378,AD PHF,0,FALSE,PeF,HY,2378_AD PHF,PeF_left
2378_AD PHF_PeF_right,0,PeF,right,2378,AD PHF,0,FALSE,PeF,HY,2378_AD PHF,PeF_right
2378_AD PHF_RE_left,0,RE,left,2378,AD PHF,0,FALSE,RE,TH,2378_AD PHF,RE_left
2378_AD PHF_RE_right,0,RE,right,2378,AD PHF,0,FALSE,RE,TH,2378_AD PHF,RE_right
2378_AD PHF_RH_left,0,RH,left,2378,AD PHF,0,FALSE,RH,TH,2378_AD PHF,RH_left
2378_AD PHF_RH_right,56.77056469,RH,right,2378,AD PHF,56.77056469,FALSE,RH,TH,2378_AD PHF,RH_right
2378_AD PHF_RSPagl_left,15.51939073,RSPagl,left,2378,AD PHF,15.51939073,FALSE,RSP,Isocortex,2378_AD PHF,RSPagl_left
2378_AD PHF_RSPagl_right,13.80992177,RSPagl,right,2378,AD PHF,13.80992177,FALSE,RSP,Isocortex,2378_AD PHF,RSPagl_right
2378_AD PHF_RSPd_left,22.05850225,RSPd,left,2378,AD PHF,22.05850225,FALSE,RSP,Isocortex,2378_AD PHF,RSPd_left
2378_AD PHF_RSPd_right,26.66040863,RSPd,right,2378,AD PHF,26.66040863,FALSE,RSP,Isocortex,2378_AD PHF,RSPd_right
2378_AD PHF_RSPv_left,14.10456187,RSPv,left,2378,AD PHF,14.10456187,FALSE,RSP,Isocortex,2378_AD PHF,RSPv_left
2378_AD PHF_RSPv_right,68.07267566,RSPv,right,2378,AD PHF,68.07267566,FALSE,RSP,Isocortex,2378_AD PHF,RSPv_right
2378_AD PHF_RT_left,17.52127366,RT,left,2378,AD PHF,17.52127366,FALSE,RT,TH,2378_AD PHF,RT_left
2378_AD PHF_RT_right,21.76014854,RT,right,2378,AD PHF,21.76014854,FALSE,RT,TH,2378_AD PHF,RT_right
2378_AD PHF_SAG_left,0,SAG,left,2378,AD PHF,0,FALSE,SAG,MB,2378_AD PHF,SAG_left
2378_AD PHF_SAG_right,0,SAG,right,2378,AD PHF,0,FALSE,SAG,MB,2378_AD PHF,SAG_right
2378_AD PHF_SCm_left,0,SCm,left,2378,AD PHF,0,FALSE,MBmot,MB,2378_AD PHF,SCm_left
2378_AD PHF_SCm_right,0,SCm,right,2378,AD PHF,0,FALSE,MBmot,MB,2378_AD PHF,SCm_right
2378_AD PHF_SCs_left,1.390776477,SCs,left,2378,AD PHF,1.390776477,FALSE,MBsen,MB,2378_AD PHF,SCs_left
2378_AD PHF_SCs_right,0,SCs,right,2378,AD PHF,0,FALSE,MBsen,MB,2378_AD PHF,SCs_right
2378_AD PHF_SEZ_left,0,SEZ,left,2378,AD PHF,0,TRUE,SEZ,VS,2378_AD PHF,SEZ_left
2378_AD PHF_SEZ_right,0,SEZ,right,2378,AD PHF,0,TRUE,SEZ,VS,2378_AD PHF,SEZ_right
2378_AD PHF_SH_left,0,SH,left,2378,AD PHF,0,FALSE,SH,STR,2378_AD PHF,SH_left
2378_AD PHF_SH_right,0,SH,right,2378,AD PHF,0,FALSE,SH,STR,2378_AD PHF,SH_right
2378_AD PHF_SI_left,1.052865609,SI,left,2378,AD PHF,1.052865609,FALSE,SI,PAL,2378_AD PHF,SI_left
2378_AD PHF_SI_right,0.827704591,SI,right,2378,AD PHF,0.827704591,FALSE,SI,PAL,2378_AD PHF,SI_right
2378_AD PHF_SMT_left,0,SMT,left,2378,AD PHF,0,FALSE,SMT,TH,2378_AD PHF,SMT_left
2378_AD PHF_SMT_right,0,SMT,right,2378,AD PHF,0,FALSE,SMT,TH,2378_AD PHF,SMT_right
2378_AD PHF_SSp-bfd_left,24.77636238,SSp-bfd,left,2378,AD PHF,24.77636238,FALSE,SSp,Isocortex,2378_AD PHF,SSp-bfd_left
2378_AD PHF_SSp-bfd_right,25.48926631,SSp-bfd,right,2378,AD PHF,25.48926631,FALSE,SSp,Isocortex,2378_AD PHF,SSp-bfd_right
2378_AD PHF_SSp-m_left,31.64829167,SSp-m,left,2378,AD PHF,31.64829167,FALSE,SSp,Isocortex,2378_AD PHF,SSp-m_left
2378_AD PHF_SSp-m_right,24.7839303,SSp-m,right,2378,AD PHF,24.7839303,FALSE,SSp,Isocortex,2378_AD PHF,SSp-m_right
2378_AD PHF_SSp-ul_left,24.22480781,SSp-ul,left,2378,AD PHF,24.22480781,FALSE,SSp,Isocortex,2378_AD PHF,SSp-ul_left
2378_AD PHF_SSp-ul_right,23.81854452,SSp-ul,right,2378,AD PHF,23.81854452,FALSE,SSp,Isocortex,2378_AD PHF,SSp-ul_right
2378_AD PHF_SSs_left,17.24854123,SSs,left,2378,AD PHF,17.24854123,FALSE,SSs,Isocortex,2378_AD PHF,SSs_left
2378_AD PHF_SSs_right,22.09341782,SSs,right,2378,AD PHF,22.09341782,FALSE,SSs,Isocortex,2378_AD PHF,SSs_right
2378_AD PHF_STN_left,0,STN,left,2378,AD PHF,0,FALSE,STN,HY,2378_AD PHF,STN_left
2378_AD PHF_STN_right,0,STN,right,2378,AD PHF,0,FALSE,STN,HY,2378_AD PHF,STN_right
2378_AD PHF_STR_left,6.044438249,STR,left,2378,AD PHF,6.044438249,FALSE,STR,STR,2378_AD PHF,STR_left
2378_AD PHF_STR_right,11.24136893,STR,right,2378,AD PHF,11.24136893,FALSE,STR,STR,2378_AD PHF,STR_right
2378_AD PHF_SUB_left,4.622163462,SUB,left,2378,AD PHF,4.622163462,FALSE,SUB,HPF,2378_AD PHF,SUB_left
2378_AD PHF_SUB_right,1.148480924,SUB,right,2378,AD PHF,1.148480924,FALSE,SUB,HPF,2378_AD PHF,SUB_right
2378_AD PHF_TEa_left,10.62879326,TEa,left,2378,AD PHF,10.62879326,FALSE,TEa,Isocortex,2378_AD PHF,TEa_left
2378_AD PHF_TEa_right,5.763761929,TEa,right,2378,AD PHF,5.763761929,FALSE,TEa,Isocortex,2378_AD PHF,TEa_right
2378_AD PHF_TH_left,0,TH,left,2378,AD PHF,0,FALSE,TH,TH,2378_AD PHF,TH_left
2378_AD PHF_TH_right,4.364552142,TH,right,2378,AD PHF,4.364552142,FALSE,TH,TH,2378_AD PHF,TH_right
2378_AD PHF_TRN_left,0,TRN,left,2378,AD PHF,0,FALSE,TRN,P,2378_AD PHF,TRN_left
2378_AD PHF_TRN_right,1.617737547,TRN,right,2378,AD PHF,1.617737547,FALSE,TRN,P,2378_AD PHF,TRN_right
2378_AD PHF_TU_left,0,TU,left,2378,AD PHF,0,FALSE,TU,HY,2378_AD PHF,TU_left
2378_AD PHF_TU_right,0,TU,right,2378,AD PHF,0,FALSE,TU,HY,2378_AD PHF,TU_right
2378_AD PHF_V3_left,0,V3,left,2378,AD PHF,0,TRUE,V3,VS,2378_AD PHF,V3_left
2378_AD PHF_V3_right,0,V3,right,2378,AD PHF,0,TRUE,V3,VS,2378_AD PHF,V3_right
2378_AD PHF_VAL_left,0,VAL,left,2378,AD PHF,0,FALSE,VAL,TH,2378_AD PHF,VAL_left
2378_AD PHF_VAL_right,37.45067322,VAL,right,2378,AD PHF,37.45067322,FALSE,VAL,TH,2378_AD PHF,VAL_right
2378_AD PHF_VISC_left,4.875092692,VISC,left,2378,AD PHF,4.875092692,FALSE,VISC,Isocortex,2378_AD PHF,VISC_left
2378_AD PHF_VISC_right,2.641798487,VISC,right,2378,AD PHF,2.641798487,FALSE,VISC,Isocortex,2378_AD PHF,VISC_right
2378_AD PHF_VISa_left,17.27084147,VISa,left,2378,AD PHF,17.27084147,FALSE,VISa,Isocortex,2378_AD PHF,VISa_left
2378_AD PHF_VISa_right,30.14180513,VISa,right,2378,AD PHF,30.14180513,FALSE,VISa,Isocortex,2378_AD PHF,VISa_right
2378_AD PHF_VISam_left,16.94838983,VISam,left,2378,AD PHF,16.94838983,FALSE,VISam,Isocortex,2378_AD PHF,VISam_left
2378_AD PHF_VISam_right,11.17511645,VISam,right,2378,AD PHF,11.17511645,FALSE,VISam,Isocortex,2378_AD PHF,VISam_right
2378_AD PHF_VISl_left,15.12489868,VISl,left,2378,AD PHF,15.12489868,FALSE,VISl,Isocortex,2378_AD PHF,VISl_left
2378_AD PHF_VISl_right,49.08514849,VISl,right,2378,AD PHF,49.08514849,FALSE,VISl,Isocortex,2378_AD PHF,VISl_right
2378_AD PHF_VISli_left,0,VISli,left,2378,AD PHF,0,FALSE,VISli,Isocortex,2378_AD PHF,VISli_left
2378_AD PHF_VISli_right,0,VISli,right,2378,AD PHF,0,FALSE,VISli,Isocortex,2378_AD PHF,VISli_right
2378_AD PHF_VISp_left,25.8004488,VISp,left,2378,AD PHF,25.8004488,FALSE,VISp,Isocortex,2378_AD PHF,VISp_left
2378_AD PHF_VISp_right,20.238228,VISp,right,2378,AD PHF,20.238228,FALSE,VISp,Isocortex,2378_AD PHF,VISp_right
2378_AD PHF_VISpl_left,23.12875787,VISpl,left,2378,AD PHF,23.12875787,FALSE,VISpl,Isocortex,2378_AD PHF,VISpl_left
2378_AD PHF_VISpl_right,0,VISpl,right,2378,AD PHF,0,FALSE,VISpl,Isocortex,2378_AD PHF,VISpl_right
2378_AD PHF_VISpor_left,8.250590112,VISpor,left,2378,AD PHF,8.250590112,FALSE,VISpor,Isocortex,2378_AD PHF,VISpor_left
2378_AD PHF_VISpor_right,12.51768459,VISpor,right,2378,AD PHF,12.51768459,FALSE,VISpor,Isocortex,2378_AD PHF,VISpor_right
2378_AD PHF_VISrl_left,22.10762139,VISrl,left,2378,AD PHF,22.10762139,FALSE,VISrl,Isocortex,2378_AD PHF,VISrl_left
2378_AD PHF_VISrl_right,16.49923833,VISrl,right,2378,AD PHF,16.49923833,FALSE,VISrl,Isocortex,2378_AD PHF,VISrl_right
2378_AD PHF_VL_left,0,VL,left,2378,AD PHF,0,TRUE,VL,VS,2378_AD PHF,VL_left
2378_AD PHF_VL_right,0.809181166,VL,right,2378,AD PHF,0.809181166,TRUE,VL,VS,2378_AD PHF,VL_right
2378_AD PHF_VMH_left,0,VMH,left,2378,AD PHF,0,FALSE,VMH,HY,2378_AD PHF,VMH_left
2378_AD PHF_VMH_right,3.876363505,VMH,right,2378,AD PHF,3.876363505,FALSE,VMH,HY,2378_AD PHF,VMH_right
2378_AD PHF_VM_left,5.229947255,VM,left,2378,AD PHF,5.229947255,FALSE,VM,TH,2378_AD PHF,VM_left
2378_AD PHF_VM_right,17.54937492,VM,right,2378,AD PHF,17.54937492,FALSE,VM,TH,2378_AD PHF,VM_right
2378_AD PHF_VPL_left,10.35850506,VPL,left,2378,AD PHF,10.35850506,FALSE,VPL,TH,2378_AD PHF,VPL_left
2378_AD PHF_VPL_right,12.56640104,VPL,right,2378,AD PHF,12.56640104,FALSE,VPL,TH,2378_AD PHF,VPL_right
2378_AD PHF_VPM_left,21.45070056,VPM,left,2378,AD PHF,21.45070056,FALSE,VPM,TH,2378_AD PHF,VPM_left
2378_AD PHF_VPM_right,29.21218978,VPM,right,2378,AD PHF,29.21218978,FALSE,VPM,TH,2378_AD PHF,VPM_right
2378_AD PHF_VP_left,0,VP,left,2378,AD PHF,0,FALSE,VP,TH,2378_AD PHF,VP_left
2378_AD PHF_VP_right,0,VP,right,2378,AD PHF,0,FALSE,VP,TH,2378_AD PHF,VP_right
2378_AD PHF_Xi_left,0,Xi,left,2378,AD PHF,0,FALSE,Xi,TH,2378_AD PHF,Xi_left
2378_AD PHF_Xi_right,0,Xi,right,2378,AD PHF,0,FALSE,Xi,TH,2378_AD PHF,Xi_right
2378_AD PHF_ZI_left,1.845740651,ZI,left,2378,AD PHF,1.845740651,FALSE,ZI,HY,2378_AD PHF,ZI_left
2378_AD PHF_ZI_right,0,ZI,right,2378,AD PHF,0,FALSE,ZI,HY,2378_AD PHF,ZI_right
2378_AD PHF_alv_left,6.400272333,alv,left,2378,AD PHF,6.400272333,TRUE,alv,fiber tracts,2378_AD PHF,alv_left
2378_AD PHF_alv_right,5.90324171,alv,right,2378,AD PHF,5.90324171,TRUE,alv,fiber tracts,2378_AD PHF,alv_right
2378_AD PHF_amc_left,36.28033968,amc,left,2378,AD PHF,36.28033968,TRUE,amc,fiber tracts,2378_AD PHF,amc_left
2378_AD PHF_amc_right,15.90371055,amc,right,2378,AD PHF,15.90371055,TRUE,amc,fiber tracts,2378_AD PHF,amc_right
2378_AD PHF_ar_left,10.90113493,ar,left,2378,AD PHF,10.90113493,TRUE,ar,fiber tracts,2378_AD PHF,ar_left
2378_AD PHF_ar_right,6.953167145,ar,right,2378,AD PHF,6.953167145,TRUE,ar,fiber tracts,2378_AD PHF,ar_right
2378_AD PHF_bic_left,0,bic,left,2378,AD PHF,0,TRUE,bic,fiber tracts,2378_AD PHF,bic_left
2378_AD PHF_bic_right,0,bic,right,2378,AD PHF,0,TRUE,bic,fiber tracts,2378_AD PHF,bic_right
2378_AD PHF_cc_left,2.074964665,cc,left,2378,AD PHF,2.074964665,TRUE,cc,fiber tracts,2378_AD PHF,cc_left
2378_AD PHF_cc_right,12.85083938,cc,right,2378,AD PHF,12.85083938,TRUE,cc,fiber tracts,2378_AD PHF,cc_right
2378_AD PHF_ccg_left,1.699547546,ccg,left,2378,AD PHF,1.699547546,TRUE,ccg,fiber tracts,2378_AD PHF,ccg_left
2378_AD PHF_ccg_right,0.851567806,ccg,right,2378,AD PHF,0.851567806,TRUE,ccg,fiber tracts,2378_AD PHF,ccg_right
2378_AD PHF_chpl_left,0,chpl,left,2378,AD PHF,0,TRUE,chpl,VS,2378_AD PHF,chpl_left
2378_AD PHF_chpl_right,0,chpl,right,2378,AD PHF,0,TRUE,chpl,VS,2378_AD PHF,chpl_right
2378_AD PHF_cing_left,2.26752123,cing,left,2378,AD PHF,2.26752123,TRUE,cing,fiber tracts,2378_AD PHF,cing_left
2378_AD PHF_cing_right,0,cing,right,2378,AD PHF,0,TRUE,cing,fiber tracts,2378_AD PHF,cing_right
2378_AD PHF_cst_left,0,cst,left,2378,AD PHF,0,TRUE,cst,fiber tracts,2378_AD PHF,cst_left
2378_AD PHF_cst_right,0,cst,right,2378,AD PHF,0,TRUE,cst,fiber tracts,2378_AD PHF,cst_right
2378_AD PHF_dhc_left,3.806461868,dhc,left,2378,AD PHF,3.806461868,TRUE,dhc,fiber tracts,2378_AD PHF,dhc_left
2378_AD PHF_dhc_right,9.331617399,dhc,right,2378,AD PHF,9.331617399,TRUE,dhc,fiber tracts,2378_AD PHF,dhc_right
2378_AD PHF_dscp_left,0,dscp,left,2378,AD PHF,0,TRUE,dscp,fiber tracts,2378_AD PHF,dscp_left
2378_AD PHF_dscp_right,0,dscp,right,2378,AD PHF,0,TRUE,dscp,fiber tracts,2378_AD PHF,dscp_right
2378_AD PHF_ec_left,0,ec,left,2378,AD PHF,0,TRUE,ec,fiber tracts,2378_AD PHF,ec_left
2378_AD PHF_ec_right,16.8156628,ec,right,2378,AD PHF,16.8156628,TRUE,ec,fiber tracts,2378_AD PHF,ec_right
2378_AD PHF_em_left,0,em,left,2378,AD PHF,0,TRUE,em,fiber tracts,2378_AD PHF,em_left
2378_AD PHF_em_right,0,em,right,2378,AD PHF,0,TRUE,em,fiber tracts,2378_AD PHF,em_right
2378_AD PHF_fi_left,0,fi,left,2378,AD PHF,0,TRUE,fi,fiber tracts,2378_AD PHF,fi_left
2378_AD PHF_fi_right,0,fi,right,2378,AD PHF,0,TRUE,fi,fiber tracts,2378_AD PHF,fi_right
2378_AD PHF_fiber tracts_left,10.90067473,fiber tracts,left,2378,AD PHF,10.90067473,TRUE,fiber tracts,fiber tracts,2378_AD PHF,fiber tracts_left
2378_AD PHF_fiber tracts_right,0,fiber tracts,right,2378,AD PHF,0,TRUE,fiber tracts,fiber tracts,2378_AD PHF,fiber tracts_right
2378_AD PHF_fr_left,0,fr,left,2378,AD PHF,0,TRUE,fr,fiber tracts,2378_AD PHF,fr_left
2378_AD PHF_fr_right,0,fr,right,2378,AD PHF,0,TRUE,fr,fiber tracts,2378_AD PHF,fr_right
2378_AD PHF_fx_left,0,fx,left,2378,AD PHF,0,TRUE,fx,fiber tracts,2378_AD PHF,fx_left
2378_AD PHF_fx_right,0,fx,right,2378,AD PHF,0,TRUE,fx,fiber tracts,2378_AD PHF,fx_right
2378_AD PHF_hbc_left,0,hbc,left,2378,AD PHF,0,TRUE,hbc,fiber tracts,2378_AD PHF,hbc_left
2378_AD PHF_hbc_right,0,hbc,right,2378,AD PHF,0,TRUE,hbc,fiber tracts,2378_AD PHF,hbc_right
2378_AD PHF_int_left,1.325686264,int,left,2378,AD PHF,1.325686264,TRUE,int,fiber tracts,2378_AD PHF,int_left
2378_AD PHF_int_right,1.315566521,int,right,2378,AD PHF,1.315566521,TRUE,int,fiber tracts,2378_AD PHF,int_right
2378_AD PHF_ll_left,0,ll,left,2378,AD PHF,0,TRUE,ll,fiber tracts,2378_AD PHF,ll_left
2378_AD PHF_ll_right,0,ll,right,2378,AD PHF,0,TRUE,ll,fiber tracts,2378_AD PHF,ll_right
2378_AD PHF_lotg_left,10.16872145,lotg,left,2378,AD PHF,10.16872145,TRUE,In,fiber tracts,2378_AD PHF,lotg_left
2378_AD PHF_lotg_right,0,lotg,right,2378,AD PHF,0,TRUE,In,fiber tracts,2378_AD PHF,lotg_right
2378_AD PHF_mcp_left,0,mcp,left,2378,AD PHF,0,TRUE,mcp,fiber tracts,2378_AD PHF,mcp_left
2378_AD PHF_mcp_right,1.440606652,mcp,right,2378,AD PHF,1.440606652,TRUE,mcp,fiber tracts,2378_AD PHF,mcp_right
2378_AD PHF_ml_left,0,ml,left,2378,AD PHF,0,TRUE,ml,fiber tracts,2378_AD PHF,ml_left
2378_AD PHF_ml_right,0,ml,right,2378,AD PHF,0,TRUE,ml,fiber tracts,2378_AD PHF,ml_right
2378_AD PHF_mlf_left,0,mlf,left,2378,AD PHF,0,TRUE,mlf,fiber tracts,2378_AD PHF,mlf_left
2378_AD PHF_mlf_right,0,mlf,right,2378,AD PHF,0,TRUE,mlf,fiber tracts,2378_AD PHF,mlf_right
2378_AD PHF_moV_left,0,moV,left,2378,AD PHF,0,TRUE,moV,fiber tracts,2378_AD PHF,moV_left
2378_AD PHF_moV_right,0,moV,right,2378,AD PHF,0,TRUE,moV,fiber tracts,2378_AD PHF,moV_right
2378_AD PHF_mtg_left,0,mtg,left,2378,AD PHF,0,TRUE,mtg,fiber tracts,2378_AD PHF,mtg_left
2378_AD PHF_mtg_right,0,mtg,right,2378,AD PHF,0,TRUE,mtg,fiber tracts,2378_AD PHF,mtg_right
2378_AD PHF_mtt_left,0,mtt,left,2378,AD PHF,0,TRUE,mtt,fiber tracts,2378_AD PHF,mtt_left
2378_AD PHF_mtt_right,0,mtt,right,2378,AD PHF,0,TRUE,mtt,fiber tracts,2378_AD PHF,mtt_right
2378_AD PHF_nst_left,0,nst,left,2378,AD PHF,0,TRUE,nst,fiber tracts,2378_AD PHF,nst_left
2378_AD PHF_nst_right,0,nst,right,2378,AD PHF,0,TRUE,nst,fiber tracts,2378_AD PHF,nst_right
2378_AD PHF_opt_left,0,opt,left,2378,AD PHF,0,TRUE,opt,fiber tracts,2378_AD PHF,opt_left
2378_AD PHF_opt_right,3.085356777,opt,right,2378,AD PHF,3.085356777,TRUE,opt,fiber tracts,2378_AD PHF,opt_right
2378_AD PHF_or_left,5.214902879,or,left,2378,AD PHF,5.214902879,TRUE,or,fiber tracts,2378_AD PHF,or_left
2378_AD PHF_or_right,11.03584654,or,right,2378,AD PHF,11.03584654,TRUE,or,fiber tracts,2378_AD PHF,or_right
2378_AD PHF_rust_left,0,rust,left,2378,AD PHF,0,TRUE,rust,fiber tracts,2378_AD PHF,rust_left
2378_AD PHF_rust_right,0,rust,right,2378,AD PHF,0,TRUE,rust,fiber tracts,2378_AD PHF,rust_right
2378_AD PHF_sV_left,0,sV,left,2378,AD PHF,0,TRUE,sV,fiber tracts,2378_AD PHF,sV_left
2378_AD PHF_sV_right,0,sV,right,2378,AD PHF,0,TRUE,sV,fiber tracts,2378_AD PHF,sV_right
2378_AD PHF_scp_left,0,scp,left,2378,AD PHF,0,TRUE,scp,fiber tracts,2378_AD PHF,scp_left
2378_AD PHF_scp_right,0,scp,right,2378,AD PHF,0,TRUE,scp,fiber tracts,2378_AD PHF,scp_right
2378_AD PHF_scwm_left,0,scwm,left,2378,AD PHF,0,TRUE,scwm,fiber tracts,2378_AD PHF,scwm_left
2378_AD PHF_scwm_right,4.804159513,scwm,right,2378,AD PHF,4.804159513,TRUE,scwm,fiber tracts,2378_AD PHF,scwm_right
2378_AD PHF_st_left,14.71188415,st,left,2378,AD PHF,14.71188415,TRUE,st,fiber tracts,2378_AD PHF,st_left
2378_AD PHF_st_right,0,st,right,2378,AD PHF,0,TRUE,st,fiber tracts,2378_AD PHF,st_right
2378_AD PHF_stc_left,0,stc,left,2378,AD PHF,0,TRUE,stc,fiber tracts,2378_AD PHF,stc_left
2378_AD PHF_stc_right,0,stc,right,2378,AD PHF,0,TRUE,stc,fiber tracts,2378_AD PHF,stc_right
2378_AD PHF_sup_left,0,sup,left,2378,AD PHF,0,TRUE,sup,fiber tracts,2378_AD PHF,sup_left
2378_AD PHF_sup_right,0,sup,right,2378,AD PHF,0,TRUE,sup,fiber tracts,2378_AD PHF,sup_right
2378_AD PHF_tspc_left,0,tspc,left,2378,AD PHF,0,TRUE,tspc,fiber tracts,2378_AD PHF,tspc_left
2378_AD PHF_tspc_right,0,tspc,right,2378,AD PHF,0,TRUE,tspc,fiber tracts,2378_AD PHF,tspc_right
2414_AD PHF_ACAd_left,15.23040601,ACAd,left,2414,AD PHF,15.23040601,FALSE,ACA,Isocortex,2414_AD PHF,ACAd_left
2414_AD PHF_ACAd_right,18.00369243,ACAd,right,2414,AD PHF,18.00369243,FALSE,ACA,Isocortex,2414_AD PHF,ACAd_right
2414_AD PHF_ACAv_left,13.58208409,ACAv,left,2414,AD PHF,13.58208409,FALSE,ACA,Isocortex,2414_AD PHF,ACAv_left
2414_AD PHF_ACAv_right,17.11956534,ACAv,right,2414,AD PHF,17.11956534,FALSE,ACA,Isocortex,2414_AD PHF,ACAv_right
2414_AD PHF_ACB_left,2.038503842,ACB,left,2414,AD PHF,2.038503842,FALSE,ACB,STR,2414_AD PHF,ACB_left
2414_AD PHF_ACB_right,3.036680471,ACB,right,2414,AD PHF,3.036680471,FALSE,ACB,STR,2414_AD PHF,ACB_right
2414_AD PHF_AId_left,23.60152422,AId,left,2414,AD PHF,23.60152422,FALSE,AI,Isocortex,2414_AD PHF,AId_left
2414_AD PHF_AId_right,19.90752502,AId,right,2414,AD PHF,19.90752502,FALSE,AI,Isocortex,2414_AD PHF,AId_right
2414_AD PHF_AIp_left,28.0776304,AIp,left,2414,AD PHF,28.0776304,FALSE,AI,Isocortex,2414_AD PHF,AIp_left
2414_AD PHF_AIp_right,6.717875543,AIp,right,2414,AD PHF,6.717875543,FALSE,AI,Isocortex,2414_AD PHF,AIp_right
2414_AD PHF_AIv_left,39.57099405,AIv,left,2414,AD PHF,39.57099405,FALSE,AI,Isocortex,2414_AD PHF,AIv_left
2414_AD PHF_AIv_right,35.84135279,AIv,right,2414,AD PHF,35.84135279,FALSE,AI,Isocortex,2414_AD PHF,AIv_right
2414_AD PHF_ARH_left,0,ARH,left,2414,AD PHF,0,FALSE,ARH,HY,2414_AD PHF,ARH_left
2414_AD PHF_ARH_right,0,ARH,right,2414,AD PHF,0,FALSE,ARH,HY,2414_AD PHF,ARH_right
2414_AD PHF_AUDd_left,8.671158332,AUDd,left,2414,AD PHF,8.671158332,FALSE,AUDd,Isocortex,2414_AD PHF,AUDd_left
2414_AD PHF_AUDd_right,22.99111353,AUDd,right,2414,AD PHF,22.99111353,FALSE,AUDd,Isocortex,2414_AD PHF,AUDd_right
2414_AD PHF_AUDp_right,20.53400054,AUDp,right,2414,AD PHF,20.53400054,FALSE,AUDp,Isocortex,2414_AD PHF,AUDp_right
2414_AD PHF_AUDv_left,17.24246752,AUDv,left,2414,AD PHF,17.24246752,FALSE,AUDv,Isocortex,2414_AD PHF,AUDv_left
2414_AD PHF_AUDv_right,13.6481188,AUDv,right,2414,AD PHF,13.6481188,FALSE,AUDv,Isocortex,2414_AD PHF,AUDv_right
2414_AD PHF_BLA_left,15.84810431,BLA,left,2414,AD PHF,15.84810431,FALSE,BLA,CTXsp,2414_AD PHF,BLA_left
2414_AD PHF_BLA_right,18.46465124,BLA,right,2414,AD PHF,18.46465124,FALSE,BLA,CTXsp,2414_AD PHF,BLA_right
2414_AD PHF_BMA_left,14.10368242,BMA,left,2414,AD PHF,14.10368242,FALSE,BMA,CTXsp,2414_AD PHF,BMA_left
2414_AD PHF_BMA_right,12.85534951,BMA,right,2414,AD PHF,12.85534951,FALSE,BMA,CTXsp,2414_AD PHF,BMA_right
2414_AD PHF_CA1_left,22.24186798,CA1,left,2414,AD PHF,22.24186798,FALSE,CA1,HPF,2414_AD PHF,CA1_left
2414_AD PHF_CA1_right,15.71265327,CA1,right,2414,AD PHF,15.71265327,FALSE,CA1,HPF,2414_AD PHF,CA1_right
2414_AD PHF_CA2_left,23.14053746,CA2,left,2414,AD PHF,23.14053746,FALSE,CA2,HPF,2414_AD PHF,CA2_left
2414_AD PHF_CA2_right,10.47653089,CA2,right,2414,AD PHF,10.47653089,FALSE,CA2,HPF,2414_AD PHF,CA2_right
2414_AD PHF_CA3_left,18.90183255,CA3,left,2414,AD PHF,18.90183255,FALSE,CA3,HPF,2414_AD PHF,CA3_left
2414_AD PHF_CA3_right,16.12153566,CA3,right,2414,AD PHF,16.12153566,FALSE,CA3,HPF,2414_AD PHF,CA3_right
2414_AD PHF_CEA_left,38.59142159,CEA,left,2414,AD PHF,38.59142159,FALSE,CEA,STR,2414_AD PHF,CEA_left
2414_AD PHF_CEA_right,15.46935446,CEA,right,2414,AD PHF,15.46935446,FALSE,CEA,STR,2414_AD PHF,CEA_right
2414_AD PHF_CLA_left,17.88910986,CLA,left,2414,AD PHF,17.88910986,FALSE,CLA,CTXsp,2414_AD PHF,CLA_left
2414_AD PHF_CLA_right,13.2889955,CLA,right,2414,AD PHF,13.2889955,FALSE,CLA,CTXsp,2414_AD PHF,CLA_right
2414_AD PHF_CL_left,9.966525625,CL,left,2414,AD PHF,9.966525625,FALSE,CL,TH,2414_AD PHF,CL_left
2414_AD PHF_CL_right,6.403644276,CL,right,2414,AD PHF,6.403644276,FALSE,CL,TH,2414_AD PHF,CL_right
2414_AD PHF_CM_left,0,CM,left,2414,AD PHF,0,FALSE,CM,TH,2414_AD PHF,CM_left
2414_AD PHF_CM_right,7.41952463,CM,right,2414,AD PHF,7.41952463,FALSE,CM,TH,2414_AD PHF,CM_right
2414_AD PHF_COA_left,14.84231884,COA,left,2414,AD PHF,14.84231884,FALSE,COA,OLF,2414_AD PHF,COA_left
2414_AD PHF_COA_right,0,COA,right,2414,AD PHF,0,FALSE,COA,OLF,2414_AD PHF,COA_right
2414_AD PHF_COAp_left,28.17541,COAp,left,2414,AD PHF,28.17541,FALSE,COA,OLF,2414_AD PHF,COAp_left
2414_AD PHF_COAp_right,18.7809652,COAp,right,2414,AD PHF,18.7809652,FALSE,COA,OLF,2414_AD PHF,COAp_right
2414_AD PHF_CP_left,2.322236321,CP,left,2414,AD PHF,2.322236321,FALSE,CP,STR,2414_AD PHF,CP_left
2414_AD PHF_CP_right,2.575197218,CP,right,2414,AD PHF,2.575197218,FALSE,CP,STR,2414_AD PHF,CP_right
2414_AD PHF_CTXsp_left,18.29471827,CTXsp,left,2414,AD PHF,18.29471827,FALSE,CTXsp,CTXsp,2414_AD PHF,CTXsp_left
2414_AD PHF_CTXsp_right,38.72306566,CTXsp,right,2414,AD PHF,38.72306566,FALSE,CTXsp,CTXsp,2414_AD PHF,CTXsp_right
2414_AD PHF_DG_left,9.052593447,DG,left,2414,AD PHF,9.052593447,FALSE,DG,HPF,2414_AD PHF,DG_left
2414_AD PHF_DG_right,1.059292457,DG,right,2414,AD PHF,1.059292457,FALSE,DG,HPF,2414_AD PHF,DG_right
2414_AD PHF_DMH_left,1.945679537,DMH,left,2414,AD PHF,1.945679537,FALSE,DMH,HY,2414_AD PHF,DMH_left
2414_AD PHF_DMH_right,0,DMH,right,2414,AD PHF,0,FALSE,DMH,HY,2414_AD PHF,DMH_right
2414_AD PHF_ECT_right,19.37491262,ECT,right,2414,AD PHF,19.37491262,FALSE,ECT,Isocortex,2414_AD PHF,ECT_right
2414_AD PHF_ENTl_right,56.33118657,ENTl,right,2414,AD PHF,56.33118657,FALSE,ENT,HPF,2414_AD PHF,ENTl_right
2414_AD PHF_EP_left,17.36840071,EP,left,2414,AD PHF,17.36840071,FALSE,EP,CTXsp,2414_AD PHF,EP_left
2414_AD PHF_EP_right,23.52813401,EP,right,2414,AD PHF,23.52813401,FALSE,EP,CTXsp,2414_AD PHF,EP_right
2414_AD PHF_Eth_left,42.77916779,Eth,left,2414,AD PHF,42.77916779,FALSE,Eth,TH,2414_AD PHF,Eth_left
2414_AD PHF_Eth_right,0,Eth,right,2414,AD PHF,0,FALSE,Eth,TH,2414_AD PHF,Eth_right
2414_AD PHF_FC_left,0,FC,left,2414,AD PHF,0,FALSE,FC,HPF,2414_AD PHF,FC_left
2414_AD PHF_FC_right,22.48340798,FC,right,2414,AD PHF,22.48340798,FALSE,FC,HPF,2414_AD PHF,FC_right
2414_AD PHF_GU_left,22.23583862,GU,left,2414,AD PHF,22.23583862,FALSE,GU,Isocortex,2414_AD PHF,GU_left
2414_AD PHF_GU_right,11.21779707,GU,right,2414,AD PHF,11.21779707,FALSE,GU,Isocortex,2414_AD PHF,GU_right
2414_AD PHF_HPF_left,0,HPF,left,2414,AD PHF,0,FALSE,HPF,HPF,2414_AD PHF,HPF_left
2414_AD PHF_HPF_right,0,HPF,right,2414,AD PHF,0,FALSE,HPF,HPF,2414_AD PHF,HPF_right
2414_AD PHF_HY_left,2.011165577,HY,left,2414,AD PHF,2.011165577,FALSE,HY,HY,2414_AD PHF,HY_left
2414_AD PHF_HY_right,0.824391626,HY,right,2414,AD PHF,0.824391626,FALSE,HY,HY,2414_AD PHF,HY_right
2414_AD PHF_IA_left,0,IA,left,2414,AD PHF,0,FALSE,IA,STR,2414_AD PHF,IA_left
2414_AD PHF_IA_right,11.7150389,IA,right,2414,AD PHF,11.7150389,FALSE,IA,STR,2414_AD PHF,IA_right
2414_AD PHF_IG_left,8.19787014,IG,left,2414,AD PHF,8.19787014,FALSE,IG,HPF,2414_AD PHF,IG_left
2414_AD PHF_IG_right,0,IG,right,2414,AD PHF,0,FALSE,IG,HPF,2414_AD PHF,IG_right
2414_AD PHF_IIn_left,0,IIn,left,2414,AD PHF,0,TRUE,IIn,fiber tracts,2414_AD PHF,IIn_left
2414_AD PHF_IIn_right,0,IIn,right,2414,AD PHF,0,TRUE,IIn,fiber tracts,2414_AD PHF,IIn_right
2414_AD PHF_IMD_left,0,IMD,left,2414,AD PHF,0,FALSE,IMD,TH,2414_AD PHF,IMD_left
2414_AD PHF_IMD_right,9.848926505,IMD,right,2414,AD PHF,9.848926505,FALSE,IMD,TH,2414_AD PHF,IMD_right
2414_AD PHF_In_left,0,In,left,2414,AD PHF,0,TRUE,In,fiber tracts,2414_AD PHF,In_left
2414_AD PHF_In_right,0,In,right,2414,AD PHF,0,TRUE,In,fiber tracts,2414_AD PHF,In_right
2414_AD PHF_LA_left,15.47051838,LA,left,2414,AD PHF,15.47051838,FALSE,LA,CTXsp,2414_AD PHF,LA_left
2414_AD PHF_LA_right,31.03985596,LA,right,2414,AD PHF,31.03985596,FALSE,LA,CTXsp,2414_AD PHF,LA_right
2414_AD PHF_LD_left,36.07488255,LD,left,2414,AD PHF,36.07488255,FALSE,LD,TH,2414_AD PHF,LD_left
2414_AD PHF_LGd_left,44.22798306,LGd,left,2414,AD PHF,44.22798306,FALSE,LGd,TH,2414_AD PHF,LGd_left
2414_AD PHF_LGd_right,9.859314076,LGd,right,2414,AD PHF,9.859314076,FALSE,LGd,TH,2414_AD PHF,LGd_right
2414_AD PHF_LGv_left,0,LGv,left,2414,AD PHF,0,FALSE,LGv,TH,2414_AD PHF,LGv_left
2414_AD PHF_LGv_right,24.73174878,LGv,right,2414,AD PHF,24.73174878,FALSE,LGv,TH,2414_AD PHF,LGv_right
2414_AD PHF_LHA_left,0,LHA,left,2414,AD PHF,0,FALSE,LHA,HY,2414_AD PHF,LHA_left
2414_AD PHF_LHA_right,0,LHA,right,2414,AD PHF,0,FALSE,LHA,HY,2414_AD PHF,LHA_right
2414_AD PHF_LH_left,2.29686807,LH,left,2414,AD PHF,2.29686807,FALSE,LH,TH,2414_AD PHF,LH_left
2414_AD PHF_LH_right,0,LH,right,2414,AD PHF,0,FALSE,LH,TH,2414_AD PHF,LH_right
2414_AD PHF_LPO_left,0,LPO,left,2414,AD PHF,0,FALSE,LPO,HY,2414_AD PHF,LPO_left
2414_AD PHF_LPO_right,0,LPO,right,2414,AD PHF,0,FALSE,LPO,HY,2414_AD PHF,LPO_right
2414_AD PHF_LP_left,6.653586941,LP,left,2414,AD PHF,6.653586941,FALSE,LP,TH,2414_AD PHF,LP_left
2414_AD PHF_LP_right,13.41107658,LP,right,2414,AD PHF,13.41107658,FALSE,LP,TH,2414_AD PHF,LP_right
2414_AD PHF_LS_left,13.10189723,LS,left,2414,AD PHF,13.10189723,FALSE,LS,STR,2414_AD PHF,LS_left
2414_AD PHF_LS_right,8.5317059,LS,right,2414,AD PHF,8.5317059,FALSE,LS,STR,2414_AD PHF,LS_right
2414_AD PHF_MD_left,10.02798785,MD,left,2414,AD PHF,10.02798785,FALSE,MD,TH,2414_AD PHF,MD_left
2414_AD PHF_MD_right,9.287550754,MD,right,2414,AD PHF,9.287550754,FALSE,MD,TH,2414_AD PHF,MD_right
2414_AD PHF_MEA_left,18.87613909,MEA,left,2414,AD PHF,18.87613909,FALSE,MEA,STR,2414_AD PHF,MEA_left
2414_AD PHF_MEA_right,20.68824868,MEA,right,2414,AD PHF,20.68824868,FALSE,MEA,STR,2414_AD PHF,MEA_right
2414_AD PHF_ME_left,0,ME,left,2414,AD PHF,0,FALSE,ME,HY,2414_AD PHF,ME_left
2414_AD PHF_ME_right,0,ME,right,2414,AD PHF,0,FALSE,ME,HY,2414_AD PHF,ME_right
2414_AD PHF_MH_left,3.673031996,MH,left,2414,AD PHF,3.673031996,FALSE,MH,TH,2414_AD PHF,MH_left
2414_AD PHF_MH_right,0,MH,right,2414,AD PHF,0,FALSE,MH,TH,2414_AD PHF,MH_right
2414_AD PHF_MOp_left,18.73885624,MOp,left,2414,AD PHF,18.73885624,FALSE,MOp,Isocortex,2414_AD PHF,MOp_left
2414_AD PHF_MOp_right,20.72737707,MOp,right,2414,AD PHF,20.72737707,FALSE,MOp,Isocortex,2414_AD PHF,MOp_right
2414_AD PHF_MOs_left,18.58887396,MOs,left,2414,AD PHF,18.58887396,FALSE,MOs,Isocortex,2414_AD PHF,MOs_left
2414_AD PHF_MOs_right,15.96299652,MOs,right,2414,AD PHF,15.96299652,FALSE,MOs,Isocortex,2414_AD PHF,MOs_right
2414_AD PHF_MS_left,3.047016197,MS,left,2414,AD PHF,3.047016197,FALSE,MS,PAL,2414_AD PHF,MS_left
2414_AD PHF_MS_right,4.35794177,MS,right,2414,AD PHF,4.35794177,FALSE,MS,PAL,2414_AD PHF,MS_right
2414_AD PHF_NDB_left,7.710184918,NDB,left,2414,AD PHF,7.710184918,FALSE,NDB,PAL,2414_AD PHF,NDB_left
2414_AD PHF_NDB_right,2.498214612,NDB,right,2414,AD PHF,2.498214612,FALSE,NDB,PAL,2414_AD PHF,NDB_right
2414_AD PHF_OLF_left,8.445813908,OLF,left,2414,AD PHF,8.445813908,FALSE,OLF,OLF,2414_AD PHF,OLF_left
2414_AD PHF_OLF_right,37.10652462,OLF,right,2414,AD PHF,37.10652462,FALSE,OLF,OLF,2414_AD PHF,OLF_right
2414_AD PHF_OT_left,0,OT,left,2414,AD PHF,0,FALSE,OT,STR,2414_AD PHF,OT_left
2414_AD PHF_OT_right,0.997634059,OT,right,2414,AD PHF,0.997634059,FALSE,OT,STR,2414_AD PHF,OT_right
2414_AD PHF_PAA_left,12.70344058,PAA,left,2414,AD PHF,12.70344058,FALSE,PAA,OLF,2414_AD PHF,PAA_left
2414_AD PHF_PAA_right,42.29824634,PAA,right,2414,AD PHF,42.29824634,FALSE,PAA,OLF,2414_AD PHF,PAA_right
2414_AD PHF_PAL_left,0,PAL,left,2414,AD PHF,0,FALSE,PAL,PAL,2414_AD PHF,PAL_left
2414_AD PHF_PAL_right,2.632564172,PAL,right,2414,AD PHF,2.632564172,FALSE,PAL,PAL,2414_AD PHF,PAL_right
2414_AD PHF_PALd_left,0,PALd,left,2414,AD PHF,0,FALSE,PAL,PAL,2414_AD PHF,PALd_left
2414_AD PHF_PALd_right,0,PALd,right,2414,AD PHF,0,FALSE,PAL,PAL,2414_AD PHF,PALd_right
2414_AD PHF_PCN_left,15.17630039,PCN,left,2414,AD PHF,15.17630039,FALSE,PCN,TH,2414_AD PHF,PCN_left
2414_AD PHF_PCN_right,54.8639092,PCN,right,2414,AD PHF,54.8639092,FALSE,PCN,TH,2414_AD PHF,PCN_right
2414_AD PHF_PERI_right,12.83654089,PERI,right,2414,AD PHF,12.83654089,FALSE,PERI,Isocortex,2414_AD PHF,PERI_right
2414_AD PHF_PIR_left,20.78013651,PIR,left,2414,AD PHF,20.78013651,FALSE,PIR,OLF,2414_AD PHF,PIR_left
2414_AD PHF_PIR_right,17.74695865,PIR,right,2414,AD PHF,17.74695865,FALSE,PIR,OLF,2414_AD PHF,PIR_right
2414_AD PHF_PO_left,39.06991262,PO,left,2414,AD PHF,39.06991262,FALSE,PO,TH,2414_AD PHF,PO_left
2414_AD PHF_PO_right,35.28491518,PO,right,2414,AD PHF,35.28491518,FALSE,PO,TH,2414_AD PHF,PO_right
2414_AD PHF_PR_left,0,PR,left,2414,AD PHF,0,FALSE,PR,TH,2414_AD PHF,PR_left
2414_AD PHF_PR_right,8.76321807,PR,right,2414,AD PHF,8.76321807,FALSE,PR,TH,2414_AD PHF,PR_right
2414_AD PHF_PST_left,0,PST,left,2414,AD PHF,0,FALSE,PST,HY,2414_AD PHF,PST_left
2414_AD PHF_PST_right,0,PST,right,2414,AD PHF,0,FALSE,PST,HY,2414_AD PHF,PST_right
2414_AD PHF_PVT_left,0,PVT,left,2414,AD PHF,0,FALSE,PVT,TH,2414_AD PHF,PVT_left
2414_AD PHF_PVT_right,0,PVT,right,2414,AD PHF,0,FALSE,PVT,TH,2414_AD PHF,PVT_right
2414_AD PHF_PVZ_left,0,PVZ,left,2414,AD PHF,0,FALSE,PVZ,HY,2414_AD PHF,PVZ_left
2414_AD PHF_PVZ_right,0,PVZ,right,2414,AD PHF,0,FALSE,PVZ,HY,2414_AD PHF,PVZ_right
2414_AD PHF_PeF_left,0,PeF,left,2414,AD PHF,0,FALSE,PeF,HY,2414_AD PHF,PeF_left
2414_AD PHF_RE_left,0,RE,left,2414,AD PHF,0,FALSE,RE,TH,2414_AD PHF,RE_left
2414_AD PHF_RE_right,0,RE,right,2414,AD PHF,0,FALSE,RE,TH,2414_AD PHF,RE_right
2414_AD PHF_RH_left,0,RH,left,2414,AD PHF,0,FALSE,RH,TH,2414_AD PHF,RH_left
2414_AD PHF_RH_right,13.73986043,RH,right,2414,AD PHF,13.73986043,FALSE,RH,TH,2414_AD PHF,RH_right
2414_AD PHF_RSPagl_left,15.43867669,RSPagl,left,2414,AD PHF,15.43867669,FALSE,RSP,Isocortex,2414_AD PHF,RSPagl_left
2414_AD PHF_RSPagl_right,27.74809029,RSPagl,right,2414,AD PHF,27.74809029,FALSE,RSP,Isocortex,2414_AD PHF,RSPagl_right
2414_AD PHF_RSPd_left,18.84646208,RSPd,left,2414,AD PHF,18.84646208,FALSE,RSP,Isocortex,2414_AD PHF,RSPd_left
2414_AD PHF_RSPd_right,29.36495008,RSPd,right,2414,AD PHF,29.36495008,FALSE,RSP,Isocortex,2414_AD PHF,RSPd_right
2414_AD PHF_RSPv_left,19.90195268,RSPv,left,2414,AD PHF,19.90195268,FALSE,RSP,Isocortex,2414_AD PHF,RSPv_left
2414_AD PHF_RSPv_right,23.35051395,RSPv,right,2414,AD PHF,23.35051395,FALSE,RSP,Isocortex,2414_AD PHF,RSPv_right
2414_AD PHF_RT_left,22.87966072,RT,left,2414,AD PHF,22.87966072,FALSE,RT,TH,2414_AD PHF,RT_left
2414_AD PHF_RT_right,35.03259871,RT,right,2414,AD PHF,35.03259871,FALSE,RT,TH,2414_AD PHF,RT_right
2414_AD PHF_SEZ_left,3.316663648,SEZ,left,2414,AD PHF,3.316663648,TRUE,SEZ,VS,2414_AD PHF,SEZ_left
2414_AD PHF_SEZ_right,0,SEZ,right,2414,AD PHF,0,TRUE,SEZ,VS,2414_AD PHF,SEZ_right
2414_AD PHF_SH_left,62.55022018,SH,left,2414,AD PHF,62.55022018,FALSE,SH,STR,2414_AD PHF,SH_left
2414_AD PHF_SH_right,144.9281087,SH,right,2414,AD PHF,144.9281087,FALSE,SH,STR,2414_AD PHF,SH_right
2414_AD PHF_SI_left,0,SI,left,2414,AD PHF,0,FALSE,SI,PAL,2414_AD PHF,SI_left
2414_AD PHF_SI_right,3.073223266,SI,right,2414,AD PHF,3.073223266,FALSE,SI,PAL,2414_AD PHF,SI_right
2414_AD PHF_SMT_left,4.260166087,SMT,left,2414,AD PHF,4.260166087,FALSE,SMT,TH,2414_AD PHF,SMT_left
2414_AD PHF_SMT_right,0,SMT,right,2414,AD PHF,0,FALSE,SMT,TH,2414_AD PHF,SMT_right
2414_AD PHF_SSp-bfd_left,18.87202787,SSp-bfd,left,2414,AD PHF,18.87202787,FALSE,SSp,Isocortex,2414_AD PHF,SSp-bfd_left
2414_AD PHF_SSp-bfd_right,26.54758705,SSp-bfd,right,2414,AD PHF,26.54758705,FALSE,SSp,Isocortex,2414_AD PHF,SSp-bfd_right
2414_AD PHF_SSp-m_left,31.20918479,SSp-m,left,2414,AD PHF,31.20918479,FALSE,SSp,Isocortex,2414_AD PHF,SSp-m_left
2414_AD PHF_SSp-m_right,26.0461695,SSp-m,right,2414,AD PHF,26.0461695,FALSE,SSp,Isocortex,2414_AD PHF,SSp-m_right
2414_AD PHF_SSp-tr_left,5.013192318,SSp-tr,left,2414,AD PHF,5.013192318,FALSE,SSp,Isocortex,2414_AD PHF,SSp-tr_left
2414_AD PHF_SSp-tr_right,0,SSp-tr,right,2414,AD PHF,0,FALSE,SSp,Isocortex,2414_AD PHF,SSp-tr_right
2414_AD PHF_SSp-ul_left,12.88529015,SSp-ul,left,2414,AD PHF,12.88529015,FALSE,SSp,Isocortex,2414_AD PHF,SSp-ul_left
2414_AD PHF_SSp-ul_right,32.47756017,SSp-ul,right,2414,AD PHF,32.47756017,FALSE,SSp,Isocortex,2414_AD PHF,SSp-ul_right
2414_AD PHF_SSs_left,23.93264062,SSs,left,2414,AD PHF,23.93264062,FALSE,SSs,Isocortex,2414_AD PHF,SSs_left
2414_AD PHF_SSs_right,22.44221366,SSs,right,2414,AD PHF,22.44221366,FALSE,SSs,Isocortex,2414_AD PHF,SSs_right
2414_AD PHF_STN_left,0,STN,left,2414,AD PHF,0,FALSE,STN,HY,2414_AD PHF,STN_left
2414_AD PHF_STN_right,0,STN,right,2414,AD PHF,0,FALSE,STN,HY,2414_AD PHF,STN_right
2414_AD PHF_STR_left,20.47380402,STR,left,2414,AD PHF,20.47380402,FALSE,STR,STR,2414_AD PHF,STR_left
2414_AD PHF_STR_right,32.59107715,STR,right,2414,AD PHF,32.59107715,FALSE,STR,STR,2414_AD PHF,STR_right
2414_AD PHF_TEa_left,0,TEa,left,2414,AD PHF,0,FALSE,TEa,Isocortex,2414_AD PHF,TEa_left
2414_AD PHF_TEa_right,12.39651254,TEa,right,2414,AD PHF,12.39651254,FALSE,TEa,Isocortex,2414_AD PHF,TEa_right
2414_AD PHF_TH_left,9.936863345,TH,left,2414,AD PHF,9.936863345,FALSE,TH,TH,2414_AD PHF,TH_left
2414_AD PHF_TH_right,11.03978524,TH,right,2414,AD PHF,11.03978524,FALSE,TH,TH,2414_AD PHF,TH_right
2414_AD PHF_TU_left,0,TU,left,2414,AD PHF,0,FALSE,TU,HY,2414_AD PHF,TU_left
2414_AD PHF_TU_right,4.42602896,TU,right,2414,AD PHF,4.42602896,FALSE,TU,HY,2414_AD PHF,TU_right
2414_AD PHF_V3_left,0,V3,left,2414,AD PHF,0,TRUE,V3,VS,2414_AD PHF,V3_left
2414_AD PHF_V3_right,8.62773132,V3,right,2414,AD PHF,8.62773132,TRUE,V3,VS,2414_AD PHF,V3_right
2414_AD PHF_VAL_left,36.27269953,VAL,left,2414,AD PHF,36.27269953,FALSE,VAL,TH,2414_AD PHF,VAL_left
2414_AD PHF_VAL_right,27.59327343,VAL,right,2414,AD PHF,27.59327343,FALSE,VAL,TH,2414_AD PHF,VAL_right
2414_AD PHF_VISC_left,9.744986951,VISC,left,2414,AD PHF,9.744986951,FALSE,VISC,Isocortex,2414_AD PHF,VISC_left
2414_AD PHF_VISC_right,0,VISC,right,2414,AD PHF,0,FALSE,VISC,Isocortex,2414_AD PHF,VISC_right
2414_AD PHF_VISa_left,19.03577705,VISa,left,2414,AD PHF,19.03577705,FALSE,VISa,Isocortex,2414_AD PHF,VISa_left
2414_AD PHF_VISa_right,13.16708443,VISa,right,2414,AD PHF,13.16708443,FALSE,VISa,Isocortex,2414_AD PHF,VISa_right
2414_AD PHF_VISam_left,21.6892711,VISam,left,2414,AD PHF,21.6892711,FALSE,VISam,Isocortex,2414_AD PHF,VISam_left
2414_AD PHF_VISam_right,11.46090366,VISam,right,2414,AD PHF,11.46090366,FALSE,VISam,Isocortex,2414_AD PHF,VISam_right
2414_AD PHF_VISrl_left,44.15914093,VISrl,left,2414,AD PHF,44.15914093,FALSE,VISrl,Isocortex,2414_AD PHF,VISrl_left
2414_AD PHF_VISrl_right,14.31477944,VISrl,right,2414,AD PHF,14.31477944,FALSE,VISrl,Isocortex,2414_AD PHF,VISrl_right
2414_AD PHF_VL_left,0,VL,left,2414,AD PHF,0,TRUE,VL,VS,2414_AD PHF,VL_left
2414_AD PHF_VL_right,0,VL,right,2414,AD PHF,0,TRUE,VL,VS,2414_AD PHF,VL_right
2414_AD PHF_VMH_left,4.920572375,VMH,left,2414,AD PHF,4.920572375,FALSE,VMH,HY,2414_AD PHF,VMH_left
2414_AD PHF_VMH_right,1.525557247,VMH,right,2414,AD PHF,1.525557247,FALSE,VMH,HY,2414_AD PHF,VMH_right
2414_AD PHF_VM_left,9.698920635,VM,left,2414,AD PHF,9.698920635,FALSE,VM,TH,2414_AD PHF,VM_left
2414_AD PHF_VM_right,8.473452765,VM,right,2414,AD PHF,8.473452765,FALSE,VM,TH,2414_AD PHF,VM_right
2414_AD PHF_VPL_left,15.19429216,VPL,left,2414,AD PHF,15.19429216,FALSE,VPL,TH,2414_AD PHF,VPL_left
2414_AD PHF_VPL_right,27.83432074,VPL,right,2414,AD PHF,27.83432074,FALSE,VPL,TH,2414_AD PHF,VPL_right
2414_AD PHF_VPM_left,38.0117299,VPM,left,2414,AD PHF,38.0117299,FALSE,VPM,TH,2414_AD PHF,VPM_left
2414_AD PHF_VPM_right,45.11190318,VPM,right,2414,AD PHF,45.11190318,FALSE,VPM,TH,2414_AD PHF,VPM_right
2414_AD PHF_Xi_left,0,Xi,left,2414,AD PHF,0,FALSE,Xi,TH,2414_AD PHF,Xi_left
2414_AD PHF_Xi_right,0,Xi,right,2414,AD PHF,0,FALSE,Xi,TH,2414_AD PHF,Xi_right
2414_AD PHF_ZI_left,2.152410958,ZI,left,2414,AD PHF,2.152410958,FALSE,ZI,HY,2414_AD PHF,ZI_left
2414_AD PHF_ZI_right,2.037103228,ZI,right,2414,AD PHF,2.037103228,FALSE,ZI,HY,2414_AD PHF,ZI_right
2414_AD PHF_alv_left,26.21361771,alv,left,2414,AD PHF,26.21361771,TRUE,alv,fiber tracts,2414_AD PHF,alv_left
2414_AD PHF_alv_right,23.78723468,alv,right,2414,AD PHF,23.78723468,TRUE,alv,fiber tracts,2414_AD PHF,alv_right
2414_AD PHF_amc_left,0,amc,left,2414,AD PHF,0,TRUE,amc,fiber tracts,2414_AD PHF,amc_left
2414_AD PHF_amc_right,0,amc,right,2414,AD PHF,0,TRUE,amc,fiber tracts,2414_AD PHF,amc_right
2414_AD PHF_ar_left,0,ar,left,2414,AD PHF,0,TRUE,ar,fiber tracts,2414_AD PHF,ar_left
2414_AD PHF_ar_right,5.365967864,ar,right,2414,AD PHF,5.365967864,TRUE,ar,fiber tracts,2414_AD PHF,ar_right
2414_AD PHF_cc_left,7.199493238,cc,left,2414,AD PHF,7.199493238,TRUE,cc,fiber tracts,2414_AD PHF,cc_left
2414_AD PHF_cc_right,23.68717746,cc,right,2414,AD PHF,23.68717746,TRUE,cc,fiber tracts,2414_AD PHF,cc_right
2414_AD PHF_ccg_left,2.396796796,ccg,left,2414,AD PHF,2.396796796,TRUE,ccg,fiber tracts,2414_AD PHF,ccg_left
2414_AD PHF_ccg_right,5.721987782,ccg,right,2414,AD PHF,5.721987782,TRUE,ccg,fiber tracts,2414_AD PHF,ccg_right
2414_AD PHF_chpl_left,0,chpl,left,2414,AD PHF,0,TRUE,chpl,VS,2414_AD PHF,chpl_left
2414_AD PHF_chpl_right,0,chpl,right,2414,AD PHF,0,TRUE,chpl,VS,2414_AD PHF,chpl_right
2414_AD PHF_cing_left,13.32786109,cing,left,2414,AD PHF,13.32786109,TRUE,cing,fiber tracts,2414_AD PHF,cing_left
2414_AD PHF_cing_right,10.94206253,cing,right,2414,AD PHF,10.94206253,TRUE,cing,fiber tracts,2414_AD PHF,cing_right
2414_AD PHF_dhc_left,11.24087419,dhc,left,2414,AD PHF,11.24087419,TRUE,dhc,fiber tracts,2414_AD PHF,dhc_left
2414_AD PHF_dhc_right,16.55967786,dhc,right,2414,AD PHF,16.55967786,TRUE,dhc,fiber tracts,2414_AD PHF,dhc_right
2414_AD PHF_ec_left,14.25245576,ec,left,2414,AD PHF,14.25245576,TRUE,ec,fiber tracts,2414_AD PHF,ec_left
2414_AD PHF_ec_right,0,ec,right,2414,AD PHF,0,TRUE,ec,fiber tracts,2414_AD PHF,ec_right
2414_AD PHF_em_left,54.09706093,em,left,2414,AD PHF,54.09706093,TRUE,em,fiber tracts,2414_AD PHF,em_left
2414_AD PHF_em_right,35.16002405,em,right,2414,AD PHF,35.16002405,TRUE,em,fiber tracts,2414_AD PHF,em_right
2414_AD PHF_fi_left,0,fi,left,2414,AD PHF,0,TRUE,fi,fiber tracts,2414_AD PHF,fi_left
2414_AD PHF_fi_right,2.328117975,fi,right,2414,AD PHF,2.328117975,TRUE,fi,fiber tracts,2414_AD PHF,fi_right
2414_AD PHF_fiber tracts_left,4.50578419,fiber tracts,left,2414,AD PHF,4.50578419,TRUE,fiber tracts,fiber tracts,2414_AD PHF,fiber tracts_left
2414_AD PHF_fiber tracts_right,3.290239609,fiber tracts,right,2414,AD PHF,3.290239609,TRUE,fiber tracts,fiber tracts,2414_AD PHF,fiber tracts_right
2414_AD PHF_fr_left,0,fr,left,2414,AD PHF,0,TRUE,fr,fiber tracts,2414_AD PHF,fr_left
2414_AD PHF_fr_right,0,fr,right,2414,AD PHF,0,TRUE,fr,fiber tracts,2414_AD PHF,fr_right
2414_AD PHF_fx_left,0,fx,left,2414,AD PHF,0,TRUE,fx,fiber tracts,2414_AD PHF,fx_left
2414_AD PHF_fx_right,0,fx,right,2414,AD PHF,0,TRUE,fx,fiber tracts,2414_AD PHF,fx_right
2414_AD PHF_hbc_left,0,hbc,left,2414,AD PHF,0,TRUE,hbc,fiber tracts,2414_AD PHF,hbc_left
2414_AD PHF_hbc_right,0,hbc,right,2414,AD PHF,0,TRUE,hbc,fiber tracts,2414_AD PHF,hbc_right
2414_AD PHF_int_left,2.258815459,int,left,2414,AD PHF,2.258815459,TRUE,int,fiber tracts,2414_AD PHF,int_left
2414_AD PHF_int_right,5.280215258,int,right,2414,AD PHF,5.280215258,TRUE,int,fiber tracts,2414_AD PHF,int_right
2414_AD PHF_lotg_left,6.298873817,lotg,left,2414,AD PHF,6.298873817,TRUE,In,fiber tracts,2414_AD PHF,lotg_left
2414_AD PHF_lotg_right,0,lotg,right,2414,AD PHF,0,TRUE,In,fiber tracts,2414_AD PHF,lotg_right
2414_AD PHF_mtt_left,0,mtt,left,2414,AD PHF,0,TRUE,mtt,fiber tracts,2414_AD PHF,mtt_left
2414_AD PHF_mtt_right,0,mtt,right,2414,AD PHF,0,TRUE,mtt,fiber tracts,2414_AD PHF,mtt_right
2414_AD PHF_nst_left,0,nst,left,2414,AD PHF,0,TRUE,nst,fiber tracts,2414_AD PHF,nst_left
2414_AD PHF_nst_right,0,nst,right,2414,AD PHF,0,TRUE,nst,fiber tracts,2414_AD PHF,nst_right
2414_AD PHF_opt_left,0,opt,left,2414,AD PHF,0,TRUE,opt,fiber tracts,2414_AD PHF,opt_left
2414_AD PHF_opt_right,0,opt,right,2414,AD PHF,0,TRUE,opt,fiber tracts,2414_AD PHF,opt_right
2414_AD PHF_or_left,3.395920707,or,left,2414,AD PHF,3.395920707,TRUE,or,fiber tracts,2414_AD PHF,or_left
2414_AD PHF_or_right,9.728763551,or,right,2414,AD PHF,9.728763551,TRUE,or,fiber tracts,2414_AD PHF,or_right
2414_AD PHF_scwm_left,0,scwm,left,2414,AD PHF,0,TRUE,scwm,fiber tracts,2414_AD PHF,scwm_left
2414_AD PHF_scwm_right,6.444915572,scwm,right,2414,AD PHF,6.444915572,TRUE,scwm,fiber tracts,2414_AD PHF,scwm_right
2414_AD PHF_sm_left,0,sm,left,2414,AD PHF,0,TRUE,sm,fiber tracts,2414_AD PHF,sm_left
2414_AD PHF_sm_right,0,sm,right,2414,AD PHF,0,TRUE,sm,fiber tracts,2414_AD PHF,sm_right
2414_AD PHF_st_left,28.17541,st,left,2414,AD PHF,28.17541,TRUE,st,fiber tracts,2414_AD PHF,st_left
2414_AD PHF_st_right,38.7105633,st,right,2414,AD PHF,38.7105633,TRUE,st,fiber tracts,2414_AD PHF,st_right
2414_AD PHF_stc_left,0,stc,left,2414,AD PHF,0,TRUE,stc,fiber tracts,2414_AD PHF,stc_left
2414_AD PHF_stc_right,0,stc,right,2414,AD PHF,0,TRUE,stc,fiber tracts,2414_AD PHF,stc_right
2414_AD PHF_sup_left,0,sup,left,2414,AD PHF,0,TRUE,sup,fiber tracts,2414_AD PHF,sup_left
2414_AD PHF_sup_right,0,sup,right,2414,AD PHF,0,TRUE,sup,fiber tracts,2414_AD PHF,sup_right
2418_AD PHF_ACAd_left,22.05544201,ACAd,left,2418,AD PHF,22.05544201,FALSE,ACA,Isocortex,2418_AD PHF,ACAd_left
2418_AD PHF_ACAd_right,16.80354987,ACAd,right,2418,AD PHF,16.80354987,FALSE,ACA,Isocortex,2418_AD PHF,ACAd_right
2418_AD PHF_ACAv_left,23.7220986,ACAv,left,2418,AD PHF,23.7220986,FALSE,ACA,Isocortex,2418_AD PHF,ACAv_left
2418_AD PHF_ACAv_right,17.93960498,ACAv,right,2418,AD PHF,17.93960498,FALSE,ACA,Isocortex,2418_AD PHF,ACAv_right
2418_AD PHF_ACB_left,9.915465398,ACB,left,2418,AD PHF,9.915465398,FALSE,ACB,STR,2418_AD PHF,ACB_left
2418_AD PHF_ACB_right,7.54101794,ACB,right,2418,AD PHF,7.54101794,FALSE,ACB,STR,2418_AD PHF,ACB_right
2418_AD PHF_AId_left,30.89787625,AId,left,2418,AD PHF,30.89787625,FALSE,AI,Isocortex,2418_AD PHF,AId_left
2418_AD PHF_AId_right,12.50087852,AId,right,2418,AD PHF,12.50087852,FALSE,AI,Isocortex,2418_AD PHF,AId_right
2418_AD PHF_AIp_left,18.75550663,AIp,left,2418,AD PHF,18.75550663,FALSE,AI,Isocortex,2418_AD PHF,AIp_left
2418_AD PHF_AIp_right,14.75162282,AIp,right,2418,AD PHF,14.75162282,FALSE,AI,Isocortex,2418_AD PHF,AIp_right
2418_AD PHF_AIv_left,31.74182085,AIv,left,2418,AD PHF,31.74182085,FALSE,AI,Isocortex,2418_AD PHF,AIv_left
2418_AD PHF_AIv_right,22.38397319,AIv,right,2418,AD PHF,22.38397319,FALSE,AI,Isocortex,2418_AD PHF,AIv_right
2418_AD PHF_APr_left,8.88761967,APr,left,2418,AD PHF,8.88761967,FALSE,APr,HPF,2418_AD PHF,APr_left
2418_AD PHF_APr_right,17.28884843,APr,right,2418,AD PHF,17.28884843,FALSE,APr,HPF,2418_AD PHF,APr_right
2418_AD PHF_AQ_left,0,AQ,left,2418,AD PHF,0,TRUE,AQ,VS,2418_AD PHF,AQ_left
2418_AD PHF_AQ_right,0,AQ,right,2418,AD PHF,0,TRUE,AQ,VS,2418_AD PHF,AQ_right
2418_AD PHF_ARH_left,4.734523233,ARH,left,2418,AD PHF,4.734523233,FALSE,ARH,HY,2418_AD PHF,ARH_left
2418_AD PHF_ARH_right,0,ARH,right,2418,AD PHF,0,FALSE,ARH,HY,2418_AD PHF,ARH_right
2418_AD PHF_AT_left,0,AT,left,2418,AD PHF,0,FALSE,AT,MB,2418_AD PHF,AT_left
2418_AD PHF_AT_right,0,AT,right,2418,AD PHF,0,FALSE,AT,MB,2418_AD PHF,AT_right
2418_AD PHF_AUDd_left,24.78018624,AUDd,left,2418,AD PHF,24.78018624,FALSE,AUDd,Isocortex,2418_AD PHF,AUDd_left
2418_AD PHF_AUDd_right,24.93932683,AUDd,right,2418,AD PHF,24.93932683,FALSE,AUDd,Isocortex,2418_AD PHF,AUDd_right
2418_AD PHF_AUDp_left,37.44985669,AUDp,left,2418,AD PHF,37.44985669,FALSE,AUDp,Isocortex,2418_AD PHF,AUDp_left
2418_AD PHF_AUDp_right,0,AUDp,right,2418,AD PHF,0,FALSE,AUDp,Isocortex,2418_AD PHF,AUDp_right
2418_AD PHF_AUDv_left,17.76199751,AUDv,left,2418,AD PHF,17.76199751,FALSE,AUDv,Isocortex,2418_AD PHF,AUDv_left
2418_AD PHF_AUDv_right,19.66850828,AUDv,right,2418,AD PHF,19.66850828,FALSE,AUDv,Isocortex,2418_AD PHF,AUDv_right
2418_AD PHF_AVPV_left,0,AVPV,left,2418,AD PHF,0,FALSE,AVPV,HY,2418_AD PHF,AVPV_left
2418_AD PHF_AVPV_right,0,AVPV,right,2418,AD PHF,0,FALSE,AVPV,HY,2418_AD PHF,AVPV_right
2418_AD PHF_BLA_left,25.893289,BLA,left,2418,AD PHF,25.893289,FALSE,BLA,CTXsp,2418_AD PHF,BLA_left
2418_AD PHF_BLA_right,18.03438114,BLA,right,2418,AD PHF,18.03438114,FALSE,BLA,CTXsp,2418_AD PHF,BLA_right
2418_AD PHF_BMA_left,5.886879783,BMA,left,2418,AD PHF,5.886879783,FALSE,BMA,CTXsp,2418_AD PHF,BMA_left
2418_AD PHF_BMA_right,17.20799848,BMA,right,2418,AD PHF,17.20799848,FALSE,BMA,CTXsp,2418_AD PHF,BMA_right
2418_AD PHF_CA1_left,21.47058878,CA1,left,2418,AD PHF,21.47058878,FALSE,CA1,HPF,2418_AD PHF,CA1_left
2418_AD PHF_CA1_right,20.46283494,CA1,right,2418,AD PHF,20.46283494,FALSE,CA1,HPF,2418_AD PHF,CA1_right
2418_AD PHF_CA2_left,13.6908622,CA2,left,2418,AD PHF,13.6908622,FALSE,CA2,HPF,2418_AD PHF,CA2_left
2418_AD PHF_CA2_right,15.15047435,CA2,right,2418,AD PHF,15.15047435,FALSE,CA2,HPF,2418_AD PHF,CA2_right
2418_AD PHF_CA3_left,27.21650411,CA3,left,2418,AD PHF,27.21650411,FALSE,CA3,HPF,2418_AD PHF,CA3_left
2418_AD PHF_CA3_right,17.76365836,CA3,right,2418,AD PHF,17.76365836,FALSE,CA3,HPF,2418_AD PHF,CA3_right
2418_AD PHF_CB_left,0,CB,left,2418,AD PHF,0,FALSE,CB,CB,2418_AD PHF,CB_left
2418_AD PHF_CB_right,0,CB,right,2418,AD PHF,0,FALSE,CB,CB,2418_AD PHF,CB_right
2418_AD PHF_CEA_left,17.40574136,CEA,left,2418,AD PHF,17.40574136,FALSE,CEA,STR,2418_AD PHF,CEA_left
2418_AD PHF_CEA_right,21.00998694,CEA,right,2418,AD PHF,21.00998694,FALSE,CEA,STR,2418_AD PHF,CEA_right
2418_AD PHF_CLA_left,15.47937526,CLA,left,2418,AD PHF,15.47937526,FALSE,CLA,CTXsp,2418_AD PHF,CLA_left
2418_AD PHF_CLA_right,0,CLA,right,2418,AD PHF,0,FALSE,CLA,CTXsp,2418_AD PHF,CLA_right
2418_AD PHF_CL_left,3.012878421,CL,left,2418,AD PHF,3.012878421,FALSE,CL,TH,2418_AD PHF,CL_left
2418_AD PHF_CL_right,9.848497254,CL,right,2418,AD PHF,9.848497254,FALSE,CL,TH,2418_AD PHF,CL_right
2418_AD PHF_CM_left,0,CM,left,2418,AD PHF,0,FALSE,CM,TH,2418_AD PHF,CM_left
2418_AD PHF_CM_right,0,CM,right,2418,AD PHF,0,FALSE,CM,TH,2418_AD PHF,CM_right
2418_AD PHF_COA_left,13.75800097,COA,left,2418,AD PHF,13.75800097,FALSE,COA,OLF,2418_AD PHF,COA_left
2418_AD PHF_COA_right,9.013954913,COA,right,2418,AD PHF,9.013954913,FALSE,COA,OLF,2418_AD PHF,COA_right
2418_AD PHF_COAp_left,40.78973862,COAp,left,2418,AD PHF,40.78973862,FALSE,COA,OLF,2418_AD PHF,COAp_left
2418_AD PHF_COAp_right,0,COAp,right,2418,AD PHF,0,FALSE,COA,OLF,2418_AD PHF,COAp_right
2418_AD PHF_CP_left,2.158983871,CP,left,2418,AD PHF,2.158983871,FALSE,CP,STR,2418_AD PHF,CP_left
2418_AD PHF_CP_right,2.374815943,CP,right,2418,AD PHF,2.374815943,FALSE,CP,STR,2418_AD PHF,CP_right
2418_AD PHF_CS_left,0,CS,left,2418,AD PHF,0,FALSE,CS,P,2418_AD PHF,CS_left
2418_AD PHF_CS_right,0,CS,right,2418,AD PHF,0,FALSE,CS,P,2418_AD PHF,CS_right
2418_AD PHF_CTXsp_left,18.11627584,CTXsp,left,2418,AD PHF,18.11627584,FALSE,CTXsp,CTXsp,2418_AD PHF,CTXsp_left
2418_AD PHF_CTXsp_right,19.59472499,CTXsp,right,2418,AD PHF,19.59472499,FALSE,CTXsp,CTXsp,2418_AD PHF,CTXsp_right
2418_AD PHF_DG_left,7.908687626,DG,left,2418,AD PHF,7.908687626,FALSE,DG,HPF,2418_AD PHF,DG_left
2418_AD PHF_DG_right,9.48470508,DG,right,2418,AD PHF,9.48470508,FALSE,DG,HPF,2418_AD PHF,DG_right
2418_AD PHF_DMH_left,0,DMH,left,2418,AD PHF,0,FALSE,DMH,HY,2418_AD PHF,DMH_left
2418_AD PHF_DMH_right,4.302416616,DMH,right,2418,AD PHF,4.302416616,FALSE,DMH,HY,2418_AD PHF,DMH_right
2418_AD PHF_DR_left,0,DR,left,2418,AD PHF,0,FALSE,DR,MB,2418_AD PHF,DR_left
2418_AD PHF_DR_right,0,DR,right,2418,AD PHF,0,FALSE,DR,MB,2418_AD PHF,DR_right
2418_AD PHF_ECT_left,36.75847579,ECT,left,2418,AD PHF,36.75847579,FALSE,ECT,Isocortex,2418_AD PHF,ECT_left
2418_AD PHF_ECT_right,20.0019092,ECT,right,2418,AD PHF,20.0019092,FALSE,ECT,Isocortex,2418_AD PHF,ECT_right
2418_AD PHF_ENTl_left,6.286003856,ENTl,left,2418,AD PHF,6.286003856,FALSE,ENT,HPF,2418_AD PHF,ENTl_left
2418_AD PHF_ENTl_right,6.951116165,ENTl,right,2418,AD PHF,6.951116165,FALSE,ENT,HPF,2418_AD PHF,ENTl_right
2418_AD PHF_ENTm_left,27.83173579,ENTm,left,2418,AD PHF,27.83173579,FALSE,ENT,HPF,2418_AD PHF,ENTm_left
2418_AD PHF_ENTm_right,10.04538361,ENTm,right,2418,AD PHF,10.04538361,FALSE,ENT,HPF,2418_AD PHF,ENTm_right
2418_AD PHF_EP_left,11.34622331,EP,left,2418,AD PHF,11.34622331,FALSE,EP,CTXsp,2418_AD PHF,EP_left
2418_AD PHF_EP_right,16.32494942,EP,right,2418,AD PHF,16.32494942,FALSE,EP,CTXsp,2418_AD PHF,EP_right
2418_AD PHF_Eth_left,0,Eth,left,2418,AD PHF,0,FALSE,Eth,TH,2418_AD PHF,Eth_left
2418_AD PHF_Eth_right,0,Eth,right,2418,AD PHF,0,FALSE,Eth,TH,2418_AD PHF,Eth_right
2418_AD PHF_FC_left,19.77568984,FC,left,2418,AD PHF,19.77568984,FALSE,FC,HPF,2418_AD PHF,FC_left
2418_AD PHF_FC_right,26.04603052,FC,right,2418,AD PHF,26.04603052,FALSE,FC,HPF,2418_AD PHF,FC_right
2418_AD PHF_GU_left,21.80470869,GU,left,2418,AD PHF,21.80470869,FALSE,GU,Isocortex,2418_AD PHF,GU_left
2418_AD PHF_GU_right,17.03511948,GU,right,2418,AD PHF,17.03511948,FALSE,GU,Isocortex,2418_AD PHF,GU_right
2418_AD PHF_HATA_left,12.08357585,HATA,left,2418,AD PHF,12.08357585,FALSE,HATA,HPF,2418_AD PHF,HATA_left
2418_AD PHF_HATA_right,0,HATA,right,2418,AD PHF,0,FALSE,HATA,HPF,2418_AD PHF,HATA_right
2418_AD PHF_HPF_left,2.892975812,HPF,left,2418,AD PHF,2.892975812,FALSE,HPF,HPF,2418_AD PHF,HPF_left
2418_AD PHF_HPF_right,2.052383896,HPF,right,2418,AD PHF,2.052383896,FALSE,HPF,HPF,2418_AD PHF,HPF_right
2418_AD PHF_HY_left,0.552165073,HY,left,2418,AD PHF,0.552165073,FALSE,HY,HY,2418_AD PHF,HY_left
2418_AD PHF_HY_right,6.989799954,HY,right,2418,AD PHF,6.989799954,FALSE,HY,HY,2418_AD PHF,HY_right
2418_AD PHF_IA_left,0,IA,left,2418,AD PHF,0,FALSE,IA,STR,2418_AD PHF,IA_left
2418_AD PHF_IA_right,177.9812086,IA,right,2418,AD PHF,177.9812086,FALSE,IA,STR,2418_AD PHF,IA_right
2418_AD PHF_IC_left,0,IC,left,2418,AD PHF,0,FALSE,IC,MB,2418_AD PHF,IC_left
2418_AD PHF_IC_right,1.914742651,IC,right,2418,AD PHF,1.914742651,FALSE,IC,MB,2418_AD PHF,IC_right
2418_AD PHF_IG_left,19.5214828,IG,left,2418,AD PHF,19.5214828,FALSE,IG,HPF,2418_AD PHF,IG_left
2418_AD PHF_IG_right,0,IG,right,2418,AD PHF,0,FALSE,IG,HPF,2418_AD PHF,IG_right
2418_AD PHF_IIn_left,0,IIn,left,2418,AD PHF,0,TRUE,IIn,fiber tracts,2418_AD PHF,IIn_left
2418_AD PHF_IIn_right,0,IIn,right,2418,AD PHF,0,TRUE,IIn,fiber tracts,2418_AD PHF,IIn_right
2418_AD PHF_IMD_left,0,IMD,left,2418,AD PHF,0,FALSE,IMD,TH,2418_AD PHF,IMD_left
2418_AD PHF_IMD_right,6.71223547,IMD,right,2418,AD PHF,6.71223547,FALSE,IMD,TH,2418_AD PHF,IMD_right
2418_AD PHF_IV_left,0,IV,left,2418,AD PHF,0,FALSE,IV,MB,2418_AD PHF,IV_left
2418_AD PHF_In_left,6.43321592,In,left,2418,AD PHF,6.43321592,TRUE,In,fiber tracts,2418_AD PHF,In_left
2418_AD PHF_In_right,28.53192927,In,right,2418,AD PHF,28.53192927,TRUE,In,fiber tracts,2418_AD PHF,In_right
2418_AD PHF_LA_left,20.54627091,LA,left,2418,AD PHF,20.54627091,FALSE,LA,CTXsp,2418_AD PHF,LA_left
2418_AD PHF_LA_right,29.62021192,LA,right,2418,AD PHF,29.62021192,FALSE,LA,CTXsp,2418_AD PHF,LA_right
2418_AD PHF_LGd_left,13.59193311,LGd,left,2418,AD PHF,13.59193311,FALSE,LGd,TH,2418_AD PHF,LGd_left
2418_AD PHF_LGd_right,32.068207,LGd,right,2418,AD PHF,32.068207,FALSE,LGd,TH,2418_AD PHF,LGd_right
2418_AD PHF_LGv_left,0,LGv,left,2418,AD PHF,0,FALSE,LGv,TH,2418_AD PHF,LGv_left
2418_AD PHF_LGv_right,0,LGv,right,2418,AD PHF,0,FALSE,LGv,TH,2418_AD PHF,LGv_right
2418_AD PHF_LHA_left,2.386340227,LHA,left,2418,AD PHF,2.386340227,FALSE,LHA,HY,2418_AD PHF,LHA_left
2418_AD PHF_LHA_right,1.24607614,LHA,right,2418,AD PHF,1.24607614,FALSE,LHA,HY,2418_AD PHF,LHA_right
2418_AD PHF_LH_left,0,LH,left,2418,AD PHF,0,FALSE,LH,TH,2418_AD PHF,LH_left
2418_AD PHF_LH_right,0,LH,right,2418,AD PHF,0,FALSE,LH,TH,2418_AD PHF,LH_right
2418_AD PHF_LPO_left,0,LPO,left,2418,AD PHF,0,FALSE,LPO,HY,2418_AD PHF,LPO_left
2418_AD PHF_LPO_right,0,LPO,right,2418,AD PHF,0,FALSE,LPO,HY,2418_AD PHF,LPO_right
2418_AD PHF_LP_left,8.236687792,LP,left,2418,AD PHF,8.236687792,FALSE,LP,TH,2418_AD PHF,LP_left
2418_AD PHF_LP_right,12.87621896,LP,right,2418,AD PHF,12.87621896,FALSE,LP,TH,2418_AD PHF,LP_right
2418_AD PHF_LS_left,17.16236429,LS,left,2418,AD PHF,17.16236429,FALSE,LS,STR,2418_AD PHF,LS_left
2418_AD PHF_LS_right,25.76403827,LS,right,2418,AD PHF,25.76403827,FALSE,LS,STR,2418_AD PHF,LS_right
2418_AD PHF_MB_left,0,MB,left,2418,AD PHF,0,FALSE,MB,MB,2418_AD PHF,MB_left
2418_AD PHF_MB_right,0,MB,right,2418,AD PHF,0,FALSE,MB,MB,2418_AD PHF,MB_right
2418_AD PHF_MD_left,12.33683261,MD,left,2418,AD PHF,12.33683261,FALSE,MD,TH,2418_AD PHF,MD_left
2418_AD PHF_MD_right,23.44522156,MD,right,2418,AD PHF,23.44522156,FALSE,MD,TH,2418_AD PHF,MD_right
2418_AD PHF_MEA_left,17.83497909,MEA,left,2418,AD PHF,17.83497909,FALSE,MEA,STR,2418_AD PHF,MEA_left
2418_AD PHF_MEA_right,20.37063048,MEA,right,2418,AD PHF,20.37063048,FALSE,MEA,STR,2418_AD PHF,MEA_right
2418_AD PHF_ME_left,0,ME,left,2418,AD PHF,0,FALSE,ME,HY,2418_AD PHF,ME_left
2418_AD PHF_ME_right,0,ME,right,2418,AD PHF,0,FALSE,ME,HY,2418_AD PHF,ME_right
2418_AD PHF_MH_left,0,MH,left,2418,AD PHF,0,FALSE,MH,TH,2418_AD PHF,MH_left
2418_AD PHF_MH_right,0,MH,right,2418,AD PHF,0,FALSE,MH,TH,2418_AD PHF,MH_right
2418_AD PHF_MOp_left,19.11488373,MOp,left,2418,AD PHF,19.11488373,FALSE,MOp,Isocortex,2418_AD PHF,MOp_left
2418_AD PHF_MOp_right,20.81838875,MOp,right,2418,AD PHF,20.81838875,FALSE,MOp,Isocortex,2418_AD PHF,MOp_right
2418_AD PHF_MOs_left,35.44474768,MOs,left,2418,AD PHF,35.44474768,FALSE,MOs,Isocortex,2418_AD PHF,MOs_left
2418_AD PHF_MOs_right,19.74303478,MOs,right,2418,AD PHF,19.74303478,FALSE,MOs,Isocortex,2418_AD PHF,MOs_right
2418_AD PHF_MRN_left,0,MRN,left,2418,AD PHF,0,FALSE,MRN,MB,2418_AD PHF,MRN_left
2418_AD PHF_MRN_right,0.608329697,MRN,right,2418,AD PHF,0.608329697,FALSE,MRN,MB,2418_AD PHF,MRN_right
2418_AD PHF_MS_left,2.674192522,MS,left,2418,AD PHF,2.674192522,FALSE,MS,PAL,2418_AD PHF,MS_left
2418_AD PHF_MS_right,5.297627109,MS,right,2418,AD PHF,5.297627109,FALSE,MS,PAL,2418_AD PHF,MS_right
2418_AD PHF_NDB_left,0,NDB,left,2418,AD PHF,0,FALSE,NDB,PAL,2418_AD PHF,NDB_left
2418_AD PHF_NDB_right,2.214727012,NDB,right,2418,AD PHF,2.214727012,FALSE,NDB,PAL,2418_AD PHF,NDB_right
2418_AD PHF_NLL_left,1.427960989,NLL,left,2418,AD PHF,1.427960989,FALSE,NLL,P,2418_AD PHF,NLL_left
2418_AD PHF_NLL_right,1.223352699,NLL,right,2418,AD PHF,1.223352699,FALSE,NLL,P,2418_AD PHF,NLL_right
2418_AD PHF_OLF_left,8.157947725,OLF,left,2418,AD PHF,8.157947725,FALSE,OLF,OLF,2418_AD PHF,OLF_left
2418_AD PHF_OLF_right,10.70671633,OLF,right,2418,AD PHF,10.70671633,FALSE,OLF,OLF,2418_AD PHF,OLF_right
2418_AD PHF_OT_left,0,OT,left,2418,AD PHF,0,FALSE,OT,STR,2418_AD PHF,OT_left
2418_AD PHF_OT_right,0.730718849,OT,right,2418,AD PHF,0.730718849,FALSE,OT,STR,2418_AD PHF,OT_right
2418_AD PHF_PAA_left,21.5155951,PAA,left,2418,AD PHF,21.5155951,FALSE,PAA,OLF,2418_AD PHF,PAA_left
2418_AD PHF_PAA_right,34.64036753,PAA,right,2418,AD PHF,34.64036753,FALSE,PAA,OLF,2418_AD PHF,PAA_right
2418_AD PHF_PAG_left,0,PAG,left,2418,AD PHF,0,FALSE,PAG,MB,2418_AD PHF,PAG_left
2418_AD PHF_PAG_right,0.690874114,PAG,right,2418,AD PHF,0.690874114,FALSE,PAG,MB,2418_AD PHF,PAG_right
2418_AD PHF_PAL_left,0,PAL,left,2418,AD PHF,0,FALSE,PAL,PAL,2418_AD PHF,PAL_left
2418_AD PHF_PAL_right,1.230284852,PAL,right,2418,AD PHF,1.230284852,FALSE,PAL,PAL,2418_AD PHF,PAL_right
2418_AD PHF_PALd_left,21.57347983,PALd,left,2418,AD PHF,21.57347983,FALSE,PAL,PAL,2418_AD PHF,PALd_left
2418_AD PHF_PALd_right,5.470010743,PALd,right,2418,AD PHF,5.470010743,FALSE,PAL,PAL,2418_AD PHF,PALd_right
2418_AD PHF_PAR_left,20.33310423,PAR,left,2418,AD PHF,20.33310423,FALSE,PAR,HPF,2418_AD PHF,PAR_left
2418_AD PHF_PAR_right,15.86417499,PAR,right,2418,AD PHF,15.86417499,FALSE,PAR,HPF,2418_AD PHF,PAR_right
2418_AD PHF_PBG_left,0,PBG,left,2418,AD PHF,0,FALSE,PBG,MB,2418_AD PHF,PBG_left
2418_AD PHF_PBG_right,0,PBG,right,2418,AD PHF,0,FALSE,PBG,MB,2418_AD PHF,PBG_right
2418_AD PHF_PCN_left,10.66203825,PCN,left,2418,AD PHF,10.66203825,FALSE,PCN,TH,2418_AD PHF,PCN_left
2418_AD PHF_PCN_right,33.58952854,PCN,right,2418,AD PHF,33.58952854,FALSE,PCN,TH,2418_AD PHF,PCN_right
2418_AD PHF_PERI_left,39.58814714,PERI,left,2418,AD PHF,39.58814714,FALSE,PERI,Isocortex,2418_AD PHF,PERI_left
2418_AD PHF_PERI_right,111.6350741,PERI,right,2418,AD PHF,111.6350741,FALSE,PERI,Isocortex,2418_AD PHF,PERI_right
2418_AD PHF_PG_left,1.185232767,PG,left,2418,AD PHF,1.185232767,FALSE,PG,P,2418_AD PHF,PG_left
2418_AD PHF_PG_right,3.735840282,PG,right,2418,AD PHF,3.735840282,FALSE,PG,P,2418_AD PHF,PG_right
2418_AD PHF_PIR_left,26.52582946,PIR,left,2418,AD PHF,26.52582946,FALSE,PIR,OLF,2418_AD PHF,PIR_left
2418_AD PHF_PIR_right,24.11262025,PIR,right,2418,AD PHF,24.11262025,FALSE,PIR,OLF,2418_AD PHF,PIR_right
2418_AD PHF_POST_left,25.72094091,POST,left,2418,AD PHF,25.72094091,FALSE,POST,HPF,2418_AD PHF,POST_left
2418_AD PHF_POST_right,0,POST,right,2418,AD PHF,0,FALSE,POST,HPF,2418_AD PHF,POST_right
2418_AD PHF_PO_left,27.24017389,PO,left,2418,AD PHF,27.24017389,FALSE,PO,TH,2418_AD PHF,PO_left
2418_AD PHF_PO_right,40.84268601,PO,right,2418,AD PHF,40.84268601,FALSE,PO,TH,2418_AD PHF,PO_right
2418_AD PHF_PPN_left,0,PPN,left,2418,AD PHF,0,FALSE,PPN,MB,2418_AD PHF,PPN_left
2418_AD PHF_PPN_right,0,PPN,right,2418,AD PHF,0,FALSE,PPN,MB,2418_AD PHF,PPN_right
2418_AD PHF_PRE_left,12.42984345,PRE,left,2418,AD PHF,12.42984345,FALSE,PRE,HPF,2418_AD PHF,PRE_left
2418_AD PHF_PRE_right,32.11710497,PRE,right,2418,AD PHF,32.11710497,FALSE,PRE,HPF,2418_AD PHF,PRE_right
2418_AD PHF_PRNr_left,1.488712482,PRNr,left,2418,AD PHF,1.488712482,FALSE,PRNr,P,2418_AD PHF,PRNr_left
2418_AD PHF_PRNr_right,2.967007339,PRNr,right,2418,AD PHF,2.967007339,FALSE,PRNr,P,2418_AD PHF,PRNr_right
2418_AD PHF_PR_left,0,PR,left,2418,AD PHF,0,FALSE,PR,TH,2418_AD PHF,PR_left
2418_AD PHF_PR_right,0,PR,right,2418,AD PHF,0,FALSE,PR,TH,2418_AD PHF,PR_right
2418_AD PHF_PST_left,0,PST,left,2418,AD PHF,0,FALSE,PST,HY,2418_AD PHF,PST_left
2418_AD PHF_PST_right,0,PST,right,2418,AD PHF,0,FALSE,PST,HY,2418_AD PHF,PST_right
2418_AD PHF_PVT_left,0,PVT,left,2418,AD PHF,0,FALSE,PVT,TH,2418_AD PHF,PVT_left
2418_AD PHF_PVT_right,0,PVT,right,2418,AD PHF,0,FALSE,PVT,TH,2418_AD PHF,PVT_right
2418_AD PHF_PVZ_left,0,PVZ,left,2418,AD PHF,0,FALSE,PVZ,HY,2418_AD PHF,PVZ_left
2418_AD PHF_PVZ_right,0,PVZ,right,2418,AD PHF,0,FALSE,PVZ,HY,2418_AD PHF,PVZ_right
2418_AD PHF_P_left,1.247371184,P,left,2418,AD PHF,1.247371184,FALSE,P,P,2418_AD PHF,P_left
2418_AD PHF_P_right,0,P,right,2418,AD PHF,0,FALSE,P,P,2418_AD PHF,P_right
2418_AD PHF_Pa4_left,0,Pa4,left,2418,AD PHF,0,FALSE,Pa4,MB,2418_AD PHF,Pa4_left
2418_AD PHF_Pa4_right,0,Pa4,right,2418,AD PHF,0,FALSE,Pa4,MB,2418_AD PHF,Pa4_right
2418_AD PHF_PeF_left,0,PeF,left,2418,AD PHF,0,FALSE,PeF,HY,2418_AD PHF,PeF_left
2418_AD PHF_PeF_right,0,PeF,right,2418,AD PHF,0,FALSE,PeF,HY,2418_AD PHF,PeF_right
2418_AD PHF_RE_left,0,RE,left,2418,AD PHF,0,FALSE,RE,TH,2418_AD PHF,RE_left
2418_AD PHF_RE_right,0,RE,right,2418,AD PHF,0,FALSE,RE,TH,2418_AD PHF,RE_right
2418_AD PHF_RH_left,0,RH,left,2418,AD PHF,0,FALSE,RH,TH,2418_AD PHF,RH_left
2418_AD PHF_RH_right,0,RH,right,2418,AD PHF,0,FALSE,RH,TH,2418_AD PHF,RH_right
2418_AD PHF_RSPagl_left,26.59449251,RSPagl,left,2418,AD PHF,26.59449251,FALSE,RSP,Isocortex,2418_AD PHF,RSPagl_left
2418_AD PHF_RSPagl_right,19.52107378,RSPagl,right,2418,AD PHF,19.52107378,FALSE,RSP,Isocortex,2418_AD PHF,RSPagl_right
2418_AD PHF_RSPd_left,33.90790962,RSPd,left,2418,AD PHF,33.90790962,FALSE,RSP,Isocortex,2418_AD PHF,RSPd_left
2418_AD PHF_RSPd_right,32.44104933,RSPd,right,2418,AD PHF,32.44104933,FALSE,RSP,Isocortex,2418_AD PHF,RSPd_right
2418_AD PHF_RSPv_left,30.18458017,RSPv,left,2418,AD PHF,30.18458017,FALSE,RSP,Isocortex,2418_AD PHF,RSPv_left
2418_AD PHF_RSPv_right,29.07062576,RSPv,right,2418,AD PHF,29.07062576,FALSE,RSP,Isocortex,2418_AD PHF,RSPv_right
2418_AD PHF_RT_left,32.45760501,RT,left,2418,AD PHF,32.45760501,FALSE,RT,TH,2418_AD PHF,RT_left
2418_AD PHF_RT_right,40.04652146,RT,right,2418,AD PHF,40.04652146,FALSE,RT,TH,2418_AD PHF,RT_right
2418_AD PHF_SAG_left,0,SAG,left,2418,AD PHF,0,FALSE,SAG,MB,2418_AD PHF,SAG_left
2418_AD PHF_SAG_right,0,SAG,right,2418,AD PHF,0,FALSE,SAG,MB,2418_AD PHF,SAG_right
2418_AD PHF_SCm_left,0.577315176,SCm,left,2418,AD PHF,0.577315176,FALSE,MBmot,MB,2418_AD PHF,SCm_left
2418_AD PHF_SCm_right,0,SCm,right,2418,AD PHF,0,FALSE,MBmot,MB,2418_AD PHF,SCm_right
2418_AD PHF_SCs_left,0,SCs,left,2418,AD PHF,0,FALSE,MBsen,MB,2418_AD PHF,SCs_left
2418_AD PHF_SCs_right,0,SCs,right,2418,AD PHF,0,FALSE,MBsen,MB,2418_AD PHF,SCs_right
2418_AD PHF_SEZ_left,0,SEZ,left,2418,AD PHF,0,TRUE,SEZ,VS,2418_AD PHF,SEZ_left
2418_AD PHF_SEZ_right,0,SEZ,right,2418,AD PHF,0,TRUE,SEZ,VS,2418_AD PHF,SEZ_right
2418_AD PHF_SI_left,0,SI,left,2418,AD PHF,0,FALSE,SI,PAL,2418_AD PHF,SI_left
2418_AD PHF_SI_right,0,SI,right,2418,AD PHF,0,FALSE,SI,PAL,2418_AD PHF,SI_right
2418_AD PHF_SMT_left,5.173332705,SMT,left,2418,AD PHF,5.173332705,FALSE,SMT,TH,2418_AD PHF,SMT_left
2418_AD PHF_SMT_right,0,SMT,right,2418,AD PHF,0,FALSE,SMT,TH,2418_AD PHF,SMT_right
2418_AD PHF_SSp-bfd_left,31.53577557,SSp-bfd,left,2418,AD PHF,31.53577557,FALSE,SSp,Isocortex,2418_AD PHF,SSp-bfd_left
2418_AD PHF_SSp-bfd_right,46.38554225,SSp-bfd,right,2418,AD PHF,46.38554225,FALSE,SSp,Isocortex,2418_AD PHF,SSp-bfd_right
2418_AD PHF_SSp-ll_left,0,SSp-ll,left,2418,AD PHF,0,FALSE,SSp,Isocortex,2418_AD PHF,SSp-ll_left
2418_AD PHF_SSp-m_left,30.5717339,SSp-m,left,2418,AD PHF,30.5717339,FALSE,SSp,Isocortex,2418_AD PHF,SSp-m_left
2418_AD PHF_SSp-m_right,37.62223792,SSp-m,right,2418,AD PHF,37.62223792,FALSE,SSp,Isocortex,2418_AD PHF,SSp-m_right
2418_AD PHF_SSp-ul_left,28.22252394,SSp-ul,left,2418,AD PHF,28.22252394,FALSE,SSp,Isocortex,2418_AD PHF,SSp-ul_left
2418_AD PHF_SSp-ul_right,22.98969991,SSp-ul,right,2418,AD PHF,22.98969991,FALSE,SSp,Isocortex,2418_AD PHF,SSp-ul_right
2418_AD PHF_SSp-un_left,63.7349218,SSp-un,left,2418,AD PHF,63.7349218,FALSE,SSp,Isocortex,2418_AD PHF,SSp-un_left
2418_AD PHF_SSp-un_right,0,SSp-un,right,2418,AD PHF,0,FALSE,SSp,Isocortex,2418_AD PHF,SSp-un_right
2418_AD PHF_SSs_left,22.15449827,SSs,left,2418,AD PHF,22.15449827,FALSE,SSs,Isocortex,2418_AD PHF,SSs_left
2418_AD PHF_SSs_right,26.445179,SSs,right,2418,AD PHF,26.445179,FALSE,SSs,Isocortex,2418_AD PHF,SSs_right
2418_AD PHF_STN_left,0,STN,left,2418,AD PHF,0,FALSE,STN,HY,2418_AD PHF,STN_left
2418_AD PHF_STN_right,0,STN,right,2418,AD PHF,0,FALSE,STN,HY,2418_AD PHF,STN_right
2418_AD PHF_STR_left,11.93341305,STR,left,2418,AD PHF,11.93341305,FALSE,STR,STR,2418_AD PHF,STR_left
2418_AD PHF_STR_right,12.10264575,STR,right,2418,AD PHF,12.10264575,FALSE,STR,STR,2418_AD PHF,STR_right
2418_AD PHF_SUB_left,6.134586993,SUB,left,2418,AD PHF,6.134586993,FALSE,SUB,HPF,2418_AD PHF,SUB_left
2418_AD PHF_SUB_right,4.822832754,SUB,right,2418,AD PHF,4.822832754,FALSE,SUB,HPF,2418_AD PHF,SUB_right
2418_AD PHF_TEa_left,17.07226688,TEa,left,2418,AD PHF,17.07226688,FALSE,TEa,Isocortex,2418_AD PHF,TEa_left
2418_AD PHF_TEa_right,27.13473335,TEa,right,2418,AD PHF,27.13473335,FALSE,TEa,Isocortex,2418_AD PHF,TEa_right
2418_AD PHF_TH_left,18.31735957,TH,left,2418,AD PHF,18.31735957,FALSE,TH,TH,2418_AD PHF,TH_left
2418_AD PHF_TH_right,5.183918695,TH,right,2418,AD PHF,5.183918695,FALSE,TH,TH,2418_AD PHF,TH_right
2418_AD PHF_TRN_left,3.602339514,TRN,left,2418,AD PHF,3.602339514,FALSE,TRN,P,2418_AD PHF,TRN_left
2418_AD PHF_TRN_right,9.130839232,TRN,right,2418,AD PHF,9.130839232,FALSE,TRN,P,2418_AD PHF,TRN_right
2418_AD PHF_TU_left,0,TU,left,2418,AD PHF,0,FALSE,TU,HY,2418_AD PHF,TU_left
2418_AD PHF_TU_right,4.756736087,TU,right,2418,AD PHF,4.756736087,FALSE,TU,HY,2418_AD PHF,TU_right
2418_AD PHF_V3_left,0,V3,left,2418,AD PHF,0,TRUE,V3,VS,2418_AD PHF,V3_left
2418_AD PHF_V3_right,0,V3,right,2418,AD PHF,0,TRUE,V3,VS,2418_AD PHF,V3_right
2418_AD PHF_VAL_left,32.36021974,VAL,left,2418,AD PHF,32.36021974,FALSE,VAL,TH,2418_AD PHF,VAL_left
2418_AD PHF_VAL_right,41.60599681,VAL,right,2418,AD PHF,41.60599681,FALSE,VAL,TH,2418_AD PHF,VAL_right
2418_AD PHF_VISC_left,19.9277056,VISC,left,2418,AD PHF,19.9277056,FALSE,VISC,Isocortex,2418_AD PHF,VISC_left
2418_AD PHF_VISC_right,17.38145623,VISC,right,2418,AD PHF,17.38145623,FALSE,VISC,Isocortex,2418_AD PHF,VISC_right
2418_AD PHF_VISa_left,39.05309338,VISa,left,2418,AD PHF,39.05309338,FALSE,VISa,Isocortex,2418_AD PHF,VISa_left
2418_AD PHF_VISa_right,18.302286,VISa,right,2418,AD PHF,18.302286,FALSE,VISa,Isocortex,2418_AD PHF,VISa_right
2418_AD PHF_VISam_left,40.58336475,VISam,left,2418,AD PHF,40.58336475,FALSE,VISam,Isocortex,2418_AD PHF,VISam_left
2418_AD PHF_VISam_right,27.21164532,VISam,right,2418,AD PHF,27.21164532,FALSE,VISam,Isocortex,2418_AD PHF,VISam_right
2418_AD PHF_VISl_left,45.91822953,VISl,left,2418,AD PHF,45.91822953,FALSE,VISl,Isocortex,2418_AD PHF,VISl_left
2418_AD PHF_VISl_right,114.6530725,VISl,right,2418,AD PHF,114.6530725,FALSE,VISl,Isocortex,2418_AD PHF,VISl_right
2418_AD PHF_VISli_left,0,VISli,left,2418,AD PHF,0,FALSE,VISli,Isocortex,2418_AD PHF,VISli_left
2418_AD PHF_VISp_left,31.37752941,VISp,left,2418,AD PHF,31.37752941,FALSE,VISp,Isocortex,2418_AD PHF,VISp_left
2418_AD PHF_VISp_right,46.44342771,VISp,right,2418,AD PHF,46.44342771,FALSE,VISp,Isocortex,2418_AD PHF,VISp_right
2418_AD PHF_VISpl_left,57.27559115,VISpl,left,2418,AD PHF,57.27559115,FALSE,VISpl,Isocortex,2418_AD PHF,VISpl_left
2418_AD PHF_VISpl_right,21.46206673,VISpl,right,2418,AD PHF,21.46206673,FALSE,VISpl,Isocortex,2418_AD PHF,VISpl_right
2418_AD PHF_VISpor_left,19.91179864,VISpor,left,2418,AD PHF,19.91179864,FALSE,VISpor,Isocortex,2418_AD PHF,VISpor_left
2418_AD PHF_VISpor_right,16.95348856,VISpor,right,2418,AD PHF,16.95348856,FALSE,VISpor,Isocortex,2418_AD PHF,VISpor_right
2418_AD PHF_VISrl_left,23.01420099,VISrl,left,2418,AD PHF,23.01420099,FALSE,VISrl,Isocortex,2418_AD PHF,VISrl_left
2418_AD PHF_VISrl_right,24.46699886,VISrl,right,2418,AD PHF,24.46699886,FALSE,VISrl,Isocortex,2418_AD PHF,VISrl_right
2418_AD PHF_VL_left,2.032757634,VL,left,2418,AD PHF,2.032757634,TRUE,VL,VS,2418_AD PHF,VL_left
2418_AD PHF_VL_right,5.700682895,VL,right,2418,AD PHF,5.700682895,TRUE,VL,VS,2418_AD PHF,VL_right
2418_AD PHF_VMH_left,0,VMH,left,2418,AD PHF,0,FALSE,VMH,HY,2418_AD PHF,VMH_left
2418_AD PHF_VMH_right,5.087046135,VMH,right,2418,AD PHF,5.087046135,FALSE,VMH,HY,2418_AD PHF,VMH_right
2418_AD PHF_VM_left,14.55294699,VM,left,2418,AD PHF,14.55294699,FALSE,VM,TH,2418_AD PHF,VM_left
2418_AD PHF_VM_right,10.59329698,VM,right,2418,AD PHF,10.59329698,FALSE,VM,TH,2418_AD PHF,VM_right
2418_AD PHF_VPL_left,24.58878397,VPL,left,2418,AD PHF,24.58878397,FALSE,VPL,TH,2418_AD PHF,VPL_left
2418_AD PHF_VPL_right,35.16943854,VPL,right,2418,AD PHF,35.16943854,FALSE,VPL,TH,2418_AD PHF,VPL_right
2418_AD PHF_VPM_left,47.00614118,VPM,left,2418,AD PHF,47.00614118,FALSE,VPM,TH,2418_AD PHF,VPM_left
2418_AD PHF_VPM_right,25.3166864,VPM,right,2418,AD PHF,25.3166864,FALSE,VPM,TH,2418_AD PHF,VPM_right
2418_AD PHF_VP_left,0,VP,left,2418,AD PHF,0,FALSE,VP,TH,2418_AD PHF,VP_left
2418_AD PHF_VP_right,0,VP,right,2418,AD PHF,0,FALSE,VP,TH,2418_AD PHF,VP_right
2418_AD PHF_Xi_left,0,Xi,left,2418,AD PHF,0,FALSE,Xi,TH,2418_AD PHF,Xi_left
2418_AD PHF_Xi_right,0,Xi,right,2418,AD PHF,0,FALSE,Xi,TH,2418_AD PHF,Xi_right
2418_AD PHF_ZI_left,2.275822327,ZI,left,2418,AD PHF,2.275822327,FALSE,ZI,HY,2418_AD PHF,ZI_left
2418_AD PHF_ZI_right,6.57836089,ZI,right,2418,AD PHF,6.57836089,FALSE,ZI,HY,2418_AD PHF,ZI_right
2418_AD PHF_alv_left,30.97321455,alv,left,2418,AD PHF,30.97321455,TRUE,alv,fiber tracts,2418_AD PHF,alv_left
2418_AD PHF_alv_right,58.86972918,alv,right,2418,AD PHF,58.86972918,TRUE,alv,fiber tracts,2418_AD PHF,alv_right
2418_AD PHF_amc_left,46.10218689,amc,left,2418,AD PHF,46.10218689,TRUE,amc,fiber tracts,2418_AD PHF,amc_left
2418_AD PHF_amc_right,0,amc,right,2418,AD PHF,0,TRUE,amc,fiber tracts,2418_AD PHF,amc_right
2418_AD PHF_ar_left,10.29943934,ar,left,2418,AD PHF,10.29943934,TRUE,ar,fiber tracts,2418_AD PHF,ar_left
2418_AD PHF_ar_right,0,ar,right,2418,AD PHF,0,TRUE,ar,fiber tracts,2418_AD PHF,ar_right
2418_AD PHF_bic_left,0,bic,left,2418,AD PHF,0,TRUE,bic,fiber tracts,2418_AD PHF,bic_left
2418_AD PHF_bic_right,0,bic,right,2418,AD PHF,0,TRUE,bic,fiber tracts,2418_AD PHF,bic_right
2418_AD PHF_cc_left,21.51402317,cc,left,2418,AD PHF,21.51402317,TRUE,cc,fiber tracts,2418_AD PHF,cc_left
2418_AD PHF_cc_right,3.275715501,cc,right,2418,AD PHF,3.275715501,TRUE,cc,fiber tracts,2418_AD PHF,cc_right
2418_AD PHF_ccg_left,12.98943788,ccg,left,2418,AD PHF,12.98943788,TRUE,ccg,fiber tracts,2418_AD PHF,ccg_left
2418_AD PHF_ccg_right,12.1746882,ccg,right,2418,AD PHF,12.1746882,TRUE,ccg,fiber tracts,2418_AD PHF,ccg_right
2418_AD PHF_chpl_left,0,chpl,left,2418,AD PHF,0,TRUE,chpl,VS,2418_AD PHF,chpl_left
2418_AD PHF_chpl_right,0,chpl,right,2418,AD PHF,0,TRUE,chpl,VS,2418_AD PHF,chpl_right
2418_AD PHF_cing_left,18.395085,cing,left,2418,AD PHF,18.395085,TRUE,cing,fiber tracts,2418_AD PHF,cing_left
2418_AD PHF_cing_right,17.67930087,cing,right,2418,AD PHF,17.67930087,TRUE,cing,fiber tracts,2418_AD PHF,cing_right
2418_AD PHF_cst_left,0,cst,left,2418,AD PHF,0,TRUE,cst,fiber tracts,2418_AD PHF,cst_left
2418_AD PHF_cst_right,0,cst,right,2418,AD PHF,0,TRUE,cst,fiber tracts,2418_AD PHF,cst_right
2418_AD PHF_dhc_left,21.60372146,dhc,left,2418,AD PHF,21.60372146,TRUE,dhc,fiber tracts,2418_AD PHF,dhc_left
2418_AD PHF_dhc_right,16.49246721,dhc,right,2418,AD PHF,16.49246721,TRUE,dhc,fiber tracts,2418_AD PHF,dhc_right
2418_AD PHF_dscp_left,0,dscp,left,2418,AD PHF,0,TRUE,dscp,fiber tracts,2418_AD PHF,dscp_left
2418_AD PHF_dscp_right,0,dscp,right,2418,AD PHF,0,TRUE,dscp,fiber tracts,2418_AD PHF,dscp_right
2418_AD PHF_ec_left,7.4372021,ec,left,2418,AD PHF,7.4372021,TRUE,ec,fiber tracts,2418_AD PHF,ec_left
2418_AD PHF_ec_right,12.86611146,ec,right,2418,AD PHF,12.86611146,TRUE,ec,fiber tracts,2418_AD PHF,ec_right
2418_AD PHF_em_left,23.05506966,em,left,2418,AD PHF,23.05506966,TRUE,em,fiber tracts,2418_AD PHF,em_left
2418_AD PHF_em_right,64.08540036,em,right,2418,AD PHF,64.08540036,TRUE,em,fiber tracts,2418_AD PHF,em_right
2418_AD PHF_fi_left,7.136209135,fi,left,2418,AD PHF,7.136209135,TRUE,fi,fiber tracts,2418_AD PHF,fi_left
2418_AD PHF_fi_right,0,fi,right,2418,AD PHF,0,TRUE,fi,fiber tracts,2418_AD PHF,fi_right
2418_AD PHF_fiber tracts_left,2.234073748,fiber tracts,left,2418,AD PHF,2.234073748,TRUE,fiber tracts,fiber tracts,2418_AD PHF,fiber tracts_left
2418_AD PHF_fiber tracts_right,5.183918695,fiber tracts,right,2418,AD PHF,5.183918695,TRUE,fiber tracts,fiber tracts,2418_AD PHF,fiber tracts_right
2418_AD PHF_fr_left,0,fr,left,2418,AD PHF,0,TRUE,fr,fiber tracts,2418_AD PHF,fr_left
2418_AD PHF_fr_right,0,fr,right,2418,AD PHF,0,TRUE,fr,fiber tracts,2418_AD PHF,fr_right
2418_AD PHF_fx_left,0,fx,left,2418,AD PHF,0,TRUE,fx,fiber tracts,2418_AD PHF,fx_left
2418_AD PHF_fx_right,0,fx,right,2418,AD PHF,0,TRUE,fx,fiber tracts,2418_AD PHF,fx_right
2418_AD PHF_hbc_left,0,hbc,left,2418,AD PHF,0,TRUE,hbc,fiber tracts,2418_AD PHF,hbc_left
2418_AD PHF_hbc_right,0,hbc,right,2418,AD PHF,0,TRUE,hbc,fiber tracts,2418_AD PHF,hbc_right
2418_AD PHF_int_left,2.361989319,int,left,2418,AD PHF,2.361989319,TRUE,int,fiber tracts,2418_AD PHF,int_left
2418_AD PHF_int_right,3.243220808,int,right,2418,AD PHF,3.243220808,TRUE,int,fiber tracts,2418_AD PHF,int_right
2418_AD PHF_ll_left,0,ll,left,2418,AD PHF,0,TRUE,ll,fiber tracts,2418_AD PHF,ll_left
2418_AD PHF_ll_right,2.862868758,ll,right,2418,AD PHF,2.862868758,TRUE,ll,fiber tracts,2418_AD PHF,ll_right
2418_AD PHF_lotg_left,0,lotg,left,2418,AD PHF,0,TRUE,In,fiber tracts,2418_AD PHF,lotg_left
2418_AD PHF_lotg_right,0,lotg,right,2418,AD PHF,0,TRUE,In,fiber tracts,2418_AD PHF,lotg_right
2418_AD PHF_mcp_left,0,mcp,left,2418,AD PHF,0,TRUE,mcp,fiber tracts,2418_AD PHF,mcp_left
2418_AD PHF_mcp_right,0,mcp,right,2418,AD PHF,0,TRUE,mcp,fiber tracts,2418_AD PHF,mcp_right
2418_AD PHF_ml_left,0,ml,left,2418,AD PHF,0,TRUE,ml,fiber tracts,2418_AD PHF,ml_left
2418_AD PHF_ml_right,21.82780995,ml,right,2418,AD PHF,21.82780995,TRUE,ml,fiber tracts,2418_AD PHF,ml_right
2418_AD PHF_mlf_left,0,mlf,left,2418,AD PHF,0,TRUE,mlf,fiber tracts,2418_AD PHF,mlf_left
2418_AD PHF_mlf_right,0,mlf,right,2418,AD PHF,0,TRUE,mlf,fiber tracts,2418_AD PHF,mlf_right
2418_AD PHF_moV_left,0,moV,left,2418,AD PHF,0,TRUE,moV,fiber tracts,2418_AD PHF,moV_left
2418_AD PHF_moV_right,0,moV,right,2418,AD PHF,0,TRUE,moV,fiber tracts,2418_AD PHF,moV_right
2418_AD PHF_mtg_left,0,mtg,left,2418,AD PHF,0,TRUE,mtg,fiber tracts,2418_AD PHF,mtg_left
2418_AD PHF_mtg_right,0,mtg,right,2418,AD PHF,0,TRUE,mtg,fiber tracts,2418_AD PHF,mtg_right
2418_AD PHF_mtt_left,0,mtt,left,2418,AD PHF,0,TRUE,mtt,fiber tracts,2418_AD PHF,mtt_left
2418_AD PHF_mtt_right,0,mtt,right,2418,AD PHF,0,TRUE,mtt,fiber tracts,2418_AD PHF,mtt_right
2418_AD PHF_nst_left,0,nst,left,2418,AD PHF,0,TRUE,nst,fiber tracts,2418_AD PHF,nst_left
2418_AD PHF_nst_right,0,nst,right,2418,AD PHF,0,TRUE,nst,fiber tracts,2418_AD PHF,nst_right
2418_AD PHF_opt_left,0,opt,left,2418,AD PHF,0,TRUE,opt,fiber tracts,2418_AD PHF,opt_left
2418_AD PHF_opt_right,0,opt,right,2418,AD PHF,0,TRUE,opt,fiber tracts,2418_AD PHF,opt_right
2418_AD PHF_or_left,13.66993504,or,left,2418,AD PHF,13.66993504,TRUE,or,fiber tracts,2418_AD PHF,or_left
2418_AD PHF_or_right,10.01219337,or,right,2418,AD PHF,10.01219337,TRUE,or,fiber tracts,2418_AD PHF,or_right
2418_AD PHF_rust_left,0,rust,left,2418,AD PHF,0,TRUE,rust,fiber tracts,2418_AD PHF,rust_left
2418_AD PHF_rust_right,0,rust,right,2418,AD PHF,0,TRUE,rust,fiber tracts,2418_AD PHF,rust_right
2418_AD PHF_sV_left,1.881744511,sV,left,2418,AD PHF,1.881744511,TRUE,sV,fiber tracts,2418_AD PHF,sV_left
2418_AD PHF_sV_right,0,sV,right,2418,AD PHF,0,TRUE,sV,fiber tracts,2418_AD PHF,sV_right
2418_AD PHF_scp_left,0,scp,left,2418,AD PHF,0,TRUE,scp,fiber tracts,2418_AD PHF,scp_left
2418_AD PHF_scp_right,0,scp,right,2418,AD PHF,0,TRUE,scp,fiber tracts,2418_AD PHF,scp_right
2418_AD PHF_scwm_left,7.86273949,scwm,left,2418,AD PHF,7.86273949,TRUE,scwm,fiber tracts,2418_AD PHF,scwm_left
2418_AD PHF_scwm_right,5.827105518,scwm,right,2418,AD PHF,5.827105518,TRUE,scwm,fiber tracts,2418_AD PHF,scwm_right
2418_AD PHF_st_left,7.969307845,st,left,2418,AD PHF,7.969307845,TRUE,st,fiber tracts,2418_AD PHF,st_left
2418_AD PHF_st_right,11.28226813,st,right,2418,AD PHF,11.28226813,TRUE,st,fiber tracts,2418_AD PHF,st_right
2418_AD PHF_stc_left,0,stc,left,2418,AD PHF,0,TRUE,stc,fiber tracts,2418_AD PHF,stc_left
2418_AD PHF_stc_right,39.27900756,stc,right,2418,AD PHF,39.27900756,TRUE,stc,fiber tracts,2418_AD PHF,stc_right
2418_AD PHF_sup_left,0,sup,left,2418,AD PHF,0,TRUE,sup,fiber tracts,2418_AD PHF,sup_left
2418_AD PHF_sup_right,0,sup,right,2418,AD PHF,0,TRUE,sup,fiber tracts,2418_AD PHF,sup_right
2418_AD PHF_tspc_left,0,tspc,left,2418,AD PHF,0,TRUE,tspc,fiber tracts,2418_AD PHF,tspc_left
2418_AD PHF_tspc_right,0,tspc,right,2418,AD PHF,0,TRUE,tspc,fiber tracts,2418_AD PHF,tspc_right
2420_AD PHF_ACAd_right,12.5035959,ACAd,right,2420,AD PHF,12.5035959,FALSE,ACA,Isocortex,2420_AD PHF,ACAd_right
2420_AD PHF_ACAv_right,22.33640056,ACAv,right,2420,AD PHF,22.33640056,FALSE,ACA,Isocortex,2420_AD PHF,ACAv_right
2420_AD PHF_ACB_right,3.47044037,ACB,right,2420,AD PHF,3.47044037,FALSE,ACB,STR,2420_AD PHF,ACB_right
2420_AD PHF_AId_right,23.1274832,AId,right,2420,AD PHF,23.1274832,FALSE,AI,Isocortex,2420_AD PHF,AId_right
2420_AD PHF_AIp_right,20.139916,AIp,right,2420,AD PHF,20.139916,FALSE,AI,Isocortex,2420_AD PHF,AIp_right
2420_AD PHF_AIv_right,51.39489299,AIv,right,2420,AD PHF,51.39489299,FALSE,AI,Isocortex,2420_AD PHF,AIv_right
2420_AD PHF_APr_right,47.08524856,APr,right,2420,AD PHF,47.08524856,FALSE,APr,HPF,2420_AD PHF,APr_right
2420_AD PHF_AQ_right,0,AQ,right,2420,AD PHF,0,TRUE,AQ,VS,2420_AD PHF,AQ_right
2420_AD PHF_ARH_right,5.563208365,ARH,right,2420,AD PHF,5.563208365,FALSE,ARH,HY,2420_AD PHF,ARH_right
2420_AD PHF_AT_right,0,AT,right,2420,AD PHF,0,FALSE,AT,MB,2420_AD PHF,AT_right
2420_AD PHF_AUDd_right,22.80386824,AUDd,right,2420,AD PHF,22.80386824,FALSE,AUDd,Isocortex,2420_AD PHF,AUDd_right
2420_AD PHF_AUDv_right,20.51913158,AUDv,right,2420,AD PHF,20.51913158,FALSE,AUDv,Isocortex,2420_AD PHF,AUDv_right
2420_AD PHF_BLA_right,68.74375803,BLA,right,2420,AD PHF,68.74375803,FALSE,BLA,CTXsp,2420_AD PHF,BLA_right
2420_AD PHF_BMA_right,33.32226335,BMA,right,2420,AD PHF,33.32226335,FALSE,BMA,CTXsp,2420_AD PHF,BMA_right
2420_AD PHF_CA1_right,22.377796,CA1,right,2420,AD PHF,22.377796,FALSE,CA1,HPF,2420_AD PHF,CA1_right
2420_AD PHF_CA2_right,12.15602439,CA2,right,2420,AD PHF,12.15602439,FALSE,CA2,HPF,2420_AD PHF,CA2_right
2420_AD PHF_CA3_right,29.93276965,CA3,right,2420,AD PHF,29.93276965,FALSE,CA3,HPF,2420_AD PHF,CA3_right
2420_AD PHF_CB_right,0,CB,right,2420,AD PHF,0,FALSE,CB,CB,2420_AD PHF,CB_right
2420_AD PHF_CEA_right,35.25092352,CEA,right,2420,AD PHF,35.25092352,FALSE,CEA,STR,2420_AD PHF,CEA_right
2420_AD PHF_CLA_right,21.29998336,CLA,right,2420,AD PHF,21.29998336,FALSE,CLA,CTXsp,2420_AD PHF,CLA_right
2420_AD PHF_CL_right,6.620269183,CL,right,2420,AD PHF,6.620269183,FALSE,CL,TH,2420_AD PHF,CL_right
2420_AD PHF_CM_right,6.870796395,CM,right,2420,AD PHF,6.870796395,FALSE,CM,TH,2420_AD PHF,CM_right
2420_AD PHF_COA_right,26.84897966,COA,right,2420,AD PHF,26.84897966,FALSE,COA,OLF,2420_AD PHF,COA_right
2420_AD PHF_COAp_right,18.25640623,COAp,right,2420,AD PHF,18.25640623,FALSE,COA,OLF,2420_AD PHF,COAp_right
2420_AD PHF_CP_right,3.986244226,CP,right,2420,AD PHF,3.986244226,FALSE,CP,STR,2420_AD PHF,CP_right
2420_AD PHF_CS_right,2.582324905,CS,right,2420,AD PHF,2.582324905,FALSE,CS,P,2420_AD PHF,CS_right
2420_AD PHF_CTXsp_right,14.71322212,CTXsp,right,2420,AD PHF,14.71322212,FALSE,CTXsp,CTXsp,2420_AD PHF,CTXsp_right
2420_AD PHF_DG_right,7.72799587,DG,right,2420,AD PHF,7.72799587,FALSE,DG,HPF,2420_AD PHF,DG_right
2420_AD PHF_DMH_right,4.552256048,DMH,right,2420,AD PHF,4.552256048,FALSE,DMH,HY,2420_AD PHF,DMH_right
2420_AD PHF_DR_right,0,DR,right,2420,AD PHF,0,FALSE,DR,MB,2420_AD PHF,DR_right
2420_AD PHF_ECT_right,23.6131876,ECT,right,2420,AD PHF,23.6131876,FALSE,ECT,Isocortex,2420_AD PHF,ECT_right
2420_AD PHF_ENTl_right,12.33609687,ENTl,right,2420,AD PHF,12.33609687,FALSE,ENT,HPF,2420_AD PHF,ENTl_right
2420_AD PHF_ENTm_right,20.32394669,ENTm,right,2420,AD PHF,20.32394669,FALSE,ENT,HPF,2420_AD PHF,ENTm_right
2420_AD PHF_EP_right,38.82397941,EP,right,2420,AD PHF,38.82397941,FALSE,EP,CTXsp,2420_AD PHF,EP_right
2420_AD PHF_Eth_right,26.98044438,Eth,right,2420,AD PHF,26.98044438,FALSE,Eth,TH,2420_AD PHF,Eth_right
2420_AD PHF_FC_right,0,FC,right,2420,AD PHF,0,FALSE,FC,HPF,2420_AD PHF,FC_right
2420_AD PHF_GU_right,25.26077838,GU,right,2420,AD PHF,25.26077838,FALSE,GU,Isocortex,2420_AD PHF,GU_right
2420_AD PHF_HATA_right,5.67872375,HATA,right,2420,AD PHF,5.67872375,FALSE,HATA,HPF,2420_AD PHF,HATA_right
2420_AD PHF_HPF_right,6.240935569,HPF,right,2420,AD PHF,6.240935569,FALSE,HPF,HPF,2420_AD PHF,HPF_right
2420_AD PHF_HY_right,3.605158961,HY,right,2420,AD PHF,3.605158961,FALSE,HY,HY,2420_AD PHF,HY_right
2420_AD PHF_IA_right,0,IA,right,2420,AD PHF,0,FALSE,IA,STR,2420_AD PHF,IA_right
2420_AD PHF_IC_right,4.598398105,IC,right,2420,AD PHF,4.598398105,FALSE,IC,MB,2420_AD PHF,IC_right
2420_AD PHF_IG_right,61.97130997,IG,right,2420,AD PHF,61.97130997,FALSE,IG,HPF,2420_AD PHF,IG_right
2420_AD PHF_IMD_right,43.26497164,IMD,right,2420,AD PHF,43.26497164,FALSE,IMD,TH,2420_AD PHF,IMD_right
2420_AD PHF_IV_right,0,IV,right,2420,AD PHF,0,FALSE,IV,MB,2420_AD PHF,IV_right
2420_AD PHF_In_right,0,In,right,2420,AD PHF,0,TRUE,In,fiber tracts,2420_AD PHF,In_right
2420_AD PHF_LA_right,13.86213308,LA,right,2420,AD PHF,13.86213308,FALSE,LA,CTXsp,2420_AD PHF,LA_right
2420_AD PHF_LD_right,59.37371052,LD,right,2420,AD PHF,59.37371052,FALSE,LD,TH,2420_AD PHF,LD_right
2420_AD PHF_LGd_right,44.82276694,LGd,right,2420,AD PHF,44.82276694,FALSE,LGd,TH,2420_AD PHF,LGd_right
2420_AD PHF_LGv_right,120.8870142,LGv,right,2420,AD PHF,120.8870142,FALSE,LGv,TH,2420_AD PHF,LGv_right
2420_AD PHF_LHA_right,1.259906856,LHA,right,2420,AD PHF,1.259906856,FALSE,LHA,HY,2420_AD PHF,LHA_right
2420_AD PHF_LH_right,0,LH,right,2420,AD PHF,0,FALSE,LH,TH,2420_AD PHF,LH_right
2420_AD PHF_LP_right,26.66468806,LP,right,2420,AD PHF,26.66468806,FALSE,LP,TH,2420_AD PHF,LP_right
2420_AD PHF_LS_right,15.05602,LS,right,2420,AD PHF,15.05602,FALSE,LS,STR,2420_AD PHF,LS_right
2420_AD PHF_MB_right,2.137738143,MB,right,2420,AD PHF,2.137738143,FALSE,MB,MB,2420_AD PHF,MB_right
2420_AD PHF_MD_right,22.48988667,MD,right,2420,AD PHF,22.48988667,FALSE,MD,TH,2420_AD PHF,MD_right
2420_AD PHF_MEA_right,14.74808894,MEA,right,2420,AD PHF,14.74808894,FALSE,MEA,STR,2420_AD PHF,MEA_right
2420_AD PHF_ME_right,0,ME,right,2420,AD PHF,0,FALSE,ME,HY,2420_AD PHF,ME_right
2420_AD PHF_MH_right,0,MH,right,2420,AD PHF,0,FALSE,MH,TH,2420_AD PHF,MH_right
2420_AD PHF_MOp_right,18.50063373,MOp,right,2420,AD PHF,18.50063373,FALSE,MOp,Isocortex,2420_AD PHF,MOp_right
2420_AD PHF_MOs_right,19.95268415,MOs,right,2420,AD PHF,19.95268415,FALSE,MOs,Isocortex,2420_AD PHF,MOs_right
2420_AD PHF_MRN_right,0.60305031,MRN,right,2420,AD PHF,0.60305031,FALSE,MRN,MB,2420_AD PHF,MRN_right
2420_AD PHF_MS_right,0,MS,right,2420,AD PHF,0,FALSE,MS,PAL,2420_AD PHF,MS_right
2420_AD PHF_NDB_right,0,NDB,right,2420,AD PHF,0,FALSE,NDB,PAL,2420_AD PHF,NDB_right
2420_AD PHF_NLL_right,4.163466893,NLL,right,2420,AD PHF,4.163466893,FALSE,NLL,P,2420_AD PHF,NLL_right
2420_AD PHF_OLF_right,2.97778653,OLF,right,2420,AD PHF,2.97778653,FALSE,OLF,OLF,2420_AD PHF,OLF_right
2420_AD PHF_OT_right,0,OT,right,2420,AD PHF,0,FALSE,OT,STR,2420_AD PHF,OT_right
2420_AD PHF_PAA_right,24.77639416,PAA,right,2420,AD PHF,24.77639416,FALSE,PAA,OLF,2420_AD PHF,PAA_right
2420_AD PHF_PAG_right,0.658990296,PAG,right,2420,AD PHF,0.658990296,FALSE,PAG,MB,2420_AD PHF,PAG_right
2420_AD PHF_PAL_right,2.266799631,PAL,right,2420,AD PHF,2.266799631,FALSE,PAL,PAL,2420_AD PHF,PAL_right
2420_AD PHF_PALd_right,15.24958031,PALd,right,2420,AD PHF,15.24958031,FALSE,PAL,PAL,2420_AD PHF,PALd_right
2420_AD PHF_PAR_right,17.14170509,PAR,right,2420,AD PHF,17.14170509,FALSE,PAR,HPF,2420_AD PHF,PAR_right
2420_AD PHF_PBG_right,0,PBG,right,2420,AD PHF,0,FALSE,PBG,MB,2420_AD PHF,PBG_right
2420_AD PHF_PCN_right,55.34450872,PCN,right,2420,AD PHF,55.34450872,FALSE,PCN,TH,2420_AD PHF,PCN_right
2420_AD PHF_PERI_right,18.24698759,PERI,right,2420,AD PHF,18.24698759,FALSE,PERI,Isocortex,2420_AD PHF,PERI_right
2420_AD PHF_PG_right,5.752749301,PG,right,2420,AD PHF,5.752749301,FALSE,PG,P,2420_AD PHF,PG_right
2420_AD PHF_PH_right,0,PH,right,2420,AD PHF,0,FALSE,PH,HY,2420_AD PHF,PH_right
2420_AD PHF_PIR_right,23.35548555,PIR,right,2420,AD PHF,23.35548555,FALSE,PIR,OLF,2420_AD PHF,PIR_right
2420_AD PHF_POST_right,28.10750352,POST,right,2420,AD PHF,28.10750352,FALSE,POST,HPF,2420_AD PHF,POST_right
2420_AD PHF_PO_right,47.00654621,PO,right,2420,AD PHF,47.00654621,FALSE,PO,TH,2420_AD PHF,PO_right
2420_AD PHF_PPN_right,1.120344127,PPN,right,2420,AD PHF,1.120344127,FALSE,PPN,MB,2420_AD PHF,PPN_right
2420_AD PHF_PRE_right,14.16407768,PRE,right,2420,AD PHF,14.16407768,FALSE,PRE,HPF,2420_AD PHF,PRE_right
2420_AD PHF_PRNr_right,0.662575662,PRNr,right,2420,AD PHF,0.662575662,FALSE,PRNr,P,2420_AD PHF,PRNr_right
2420_AD PHF_PR_right,0,PR,right,2420,AD PHF,0,FALSE,PR,TH,2420_AD PHF,PR_right
2420_AD PHF_PST_right,0,PST,right,2420,AD PHF,0,FALSE,PST,HY,2420_AD PHF,PST_right
2420_AD PHF_PVT_right,0,PVT,right,2420,AD PHF,0,FALSE,PVT,TH,2420_AD PHF,PVT_right
2420_AD PHF_PVZ_right,0,PVZ,right,2420,AD PHF,0,FALSE,PVZ,HY,2420_AD PHF,PVZ_right
2420_AD PHF_P_right,1.199816814,P,right,2420,AD PHF,1.199816814,FALSE,P,P,2420_AD PHF,P_right
2420_AD PHF_Pa4_right,0,Pa4,right,2420,AD PHF,0,FALSE,Pa4,MB,2420_AD PHF,Pa4_right
2420_AD PHF_PeF_right,0,PeF,right,2420,AD PHF,0,FALSE,PeF,HY,2420_AD PHF,PeF_right
2420_AD PHF_RE_right,0,RE,right,2420,AD PHF,0,FALSE,RE,TH,2420_AD PHF,RE_right
2420_AD PHF_RH_right,0,RH,right,2420,AD PHF,0,FALSE,RH,TH,2420_AD PHF,RH_right
2420_AD PHF_RSPagl_right,19.1098891,RSPagl,right,2420,AD PHF,19.1098891,FALSE,RSP,Isocortex,2420_AD PHF,RSPagl_right
2420_AD PHF_RSPd_right,30.52089627,RSPd,right,2420,AD PHF,30.52089627,FALSE,RSP,Isocortex,2420_AD PHF,RSPd_right
2420_AD PHF_RSPv_right,17.51003868,RSPv,right,2420,AD PHF,17.51003868,FALSE,RSP,Isocortex,2420_AD PHF,RSPv_right
2420_AD PHF_RT_right,22.33247071,RT,right,2420,AD PHF,22.33247071,FALSE,RT,TH,2420_AD PHF,RT_right
2420_AD PHF_SAG_right,0,SAG,right,2420,AD PHF,0,FALSE,SAG,MB,2420_AD PHF,SAG_right
2420_AD PHF_SCm_right,0,SCm,right,2420,AD PHF,0,FALSE,MBmot,MB,2420_AD PHF,SCm_right
2420_AD PHF_SCs_right,0,SCs,right,2420,AD PHF,0,FALSE,MBsen,MB,2420_AD PHF,SCs_right
2420_AD PHF_SEZ_right,0,SEZ,right,2420,AD PHF,0,TRUE,SEZ,VS,2420_AD PHF,SEZ_right
2420_AD PHF_SH_right,52.67373508,SH,right,2420,AD PHF,52.67373508,FALSE,SH,STR,2420_AD PHF,SH_right
2420_AD PHF_SI_right,9.067198523,SI,right,2420,AD PHF,9.067198523,FALSE,SI,PAL,2420_AD PHF,SI_right
2420_AD PHF_SMT_right,0,SMT,right,2420,AD PHF,0,FALSE,SMT,TH,2420_AD PHF,SMT_right
2420_AD PHF_SSp-bfd_right,30.94959848,SSp-bfd,right,2420,AD PHF,30.94959848,FALSE,SSp,Isocortex,2420_AD PHF,SSp-bfd_right
2420_AD PHF_SSp-m_right,43.13761395,SSp-m,right,2420,AD PHF,43.13761395,FALSE,SSp,Isocortex,2420_AD PHF,SSp-m_right
2420_AD PHF_SSp-tr_right,10.07391785,SSp-tr,right,2420,AD PHF,10.07391785,FALSE,SSp,Isocortex,2420_AD PHF,SSp-tr_right
2420_AD PHF_SSp-ul_right,30.8393589,SSp-ul,right,2420,AD PHF,30.8393589,FALSE,SSp,Isocortex,2420_AD PHF,SSp-ul_right
2420_AD PHF_SSp-un_right,0,SSp-un,right,2420,AD PHF,0,FALSE,SSp,Isocortex,2420_AD PHF,SSp-un_right
2420_AD PHF_SSs_right,20.93287227,SSs,right,2420,AD PHF,20.93287227,FALSE,SSs,Isocortex,2420_AD PHF,SSs_right
2420_AD PHF_STN_right,0,STN,right,2420,AD PHF,0,FALSE,STN,HY,2420_AD PHF,STN_right
2420_AD PHF_STR_right,16.08071349,STR,right,2420,AD PHF,16.08071349,FALSE,STR,STR,2420_AD PHF,STR_right
2420_AD PHF_SUB_right,16.80612716,SUB,right,2420,AD PHF,16.80612716,FALSE,SUB,HPF,2420_AD PHF,SUB_right
2420_AD PHF_TEa_right,39.91042794,TEa,right,2420,AD PHF,39.91042794,FALSE,TEa,Isocortex,2420_AD PHF,TEa_right
2420_AD PHF_TH_right,5.50839843,TH,right,2420,AD PHF,5.50839843,FALSE,TH,TH,2420_AD PHF,TH_right
2420_AD PHF_TRN_right,6.913428413,TRN,right,2420,AD PHF,6.913428413,FALSE,TRN,P,2420_AD PHF,TRN_right
2420_AD PHF_TU_right,0,TU,right,2420,AD PHF,0,FALSE,TU,HY,2420_AD PHF,TU_right
2420_AD PHF_V3_right,0,V3,right,2420,AD PHF,0,TRUE,V3,VS,2420_AD PHF,V3_right
2420_AD PHF_VAL_right,21.60118217,VAL,right,2420,AD PHF,21.60118217,FALSE,VAL,TH,2420_AD PHF,VAL_right
2420_AD PHF_VISC_right,74.32390717,VISC,right,2420,AD PHF,74.32390717,FALSE,VISC,Isocortex,2420_AD PHF,VISC_right
2420_AD PHF_VISa_right,27.23712537,VISa,right,2420,AD PHF,27.23712537,FALSE,VISa,Isocortex,2420_AD PHF,VISa_right
2420_AD PHF_VISam_right,41.80757811,VISam,right,2420,AD PHF,41.80757811,FALSE,VISam,Isocortex,2420_AD PHF,VISam_right
2420_AD PHF_VISl_right,26.86267537,VISl,right,2420,AD PHF,26.86267537,FALSE,VISl,Isocortex,2420_AD PHF,VISl_right
2420_AD PHF_VISli_right,28.89444325,VISli,right,2420,AD PHF,28.89444325,FALSE,VISli,Isocortex,2420_AD PHF,VISli_right
2420_AD PHF_VISp_right,35.62430128,VISp,right,2420,AD PHF,35.62430128,FALSE,VISp,Isocortex,2420_AD PHF,VISp_right
2420_AD PHF_VISpl_right,80.63198132,VISpl,right,2420,AD PHF,80.63198132,FALSE,VISpl,Isocortex,2420_AD PHF,VISpl_right
2420_AD PHF_VISpor_right,13.30523064,VISpor,right,2420,AD PHF,13.30523064,FALSE,VISpor,Isocortex,2420_AD PHF,VISpor_right
2420_AD PHF_VISrl_right,44.41429865,VISrl,right,2420,AD PHF,44.41429865,FALSE,VISrl,Isocortex,2420_AD PHF,VISrl_right
2420_AD PHF_VL_right,0,VL,right,2420,AD PHF,0,TRUE,VL,VS,2420_AD PHF,VL_right
2420_AD PHF_VMH_right,4.298697745,VMH,right,2420,AD PHF,4.298697745,FALSE,VMH,HY,2420_AD PHF,VMH_right
2420_AD PHF_VM_right,11.71293892,VM,right,2420,AD PHF,11.71293892,FALSE,VM,TH,2420_AD PHF,VM_right
2420_AD PHF_VPL_right,26.7535503,VPL,right,2420,AD PHF,26.7535503,FALSE,VPL,TH,2420_AD PHF,VPL_right
2420_AD PHF_VPM_right,32.23879127,VPM,right,2420,AD PHF,32.23879127,FALSE,VPM,TH,2420_AD PHF,VPM_right
2420_AD PHF_Xi_right,0,Xi,right,2420,AD PHF,0,FALSE,Xi,TH,2420_AD PHF,Xi_right
2420_AD PHF_ZI_right,0,ZI,right,2420,AD PHF,0,FALSE,ZI,HY,2420_AD PHF,ZI_right
2420_AD PHF_alv_right,10.54316713,alv,right,2420,AD PHF,10.54316713,TRUE,alv,fiber tracts,2420_AD PHF,alv_right
2420_AD PHF_amc_right,41.16036977,amc,right,2420,AD PHF,41.16036977,TRUE,amc,fiber tracts,2420_AD PHF,amc_right
2420_AD PHF_ar_right,2.570585934,ar,right,2420,AD PHF,2.570585934,TRUE,ar,fiber tracts,2420_AD PHF,ar_right
2420_AD PHF_bic_right,0,bic,right,2420,AD PHF,0,TRUE,bic,fiber tracts,2420_AD PHF,bic_right
2420_AD PHF_cc_right,5.104676439,cc,right,2420,AD PHF,5.104676439,TRUE,cc,fiber tracts,2420_AD PHF,cc_right
2420_AD PHF_ccg_right,0.807879373,ccg,right,2420,AD PHF,0.807879373,TRUE,ccg,fiber tracts,2420_AD PHF,ccg_right
2420_AD PHF_chpl_right,0,chpl,right,2420,AD PHF,0,TRUE,chpl,VS,2420_AD PHF,chpl_right
2420_AD PHF_cing_right,9.847974532,cing,right,2420,AD PHF,9.847974532,TRUE,cing,fiber tracts,2420_AD PHF,cing_right
2420_AD PHF_cst_right,0,cst,right,2420,AD PHF,0,TRUE,cst,fiber tracts,2420_AD PHF,cst_right
2420_AD PHF_dhc_right,17.28434718,dhc,right,2420,AD PHF,17.28434718,TRUE,dhc,fiber tracts,2420_AD PHF,dhc_right
2420_AD PHF_dscp_right,0,dscp,right,2420,AD PHF,0,TRUE,dscp,fiber tracts,2420_AD PHF,dscp_right
2420_AD PHF_ec_right,14.70948215,ec,right,2420,AD PHF,14.70948215,TRUE,ec,fiber tracts,2420_AD PHF,ec_right
2420_AD PHF_em_right,44.9860962,em,right,2420,AD PHF,44.9860962,TRUE,em,fiber tracts,2420_AD PHF,em_right
2420_AD PHF_fi_right,9.27073077,fi,right,2420,AD PHF,9.27073077,TRUE,fi,fiber tracts,2420_AD PHF,fi_right
2420_AD PHF_fiber tracts_right,3.472685967,fiber tracts,right,2420,AD PHF,3.472685967,TRUE,fiber tracts,fiber tracts,2420_AD PHF,fiber tracts_right
2420_AD PHF_fr_right,0,fr,right,2420,AD PHF,0,TRUE,fr,fiber tracts,2420_AD PHF,fr_right
2420_AD PHF_fx_right,0,fx,right,2420,AD PHF,0,TRUE,fx,fiber tracts,2420_AD PHF,fx_right
2420_AD PHF_hbc_right,0,hbc,right,2420,AD PHF,0,TRUE,hbc,fiber tracts,2420_AD PHF,hbc_right
2420_AD PHF_int_right,1.025876038,int,right,2420,AD PHF,1.025876038,TRUE,int,fiber tracts,2420_AD PHF,int_right
2420_AD PHF_ll_right,0,ll,right,2420,AD PHF,0,TRUE,ll,fiber tracts,2420_AD PHF,ll_right
2420_AD PHF_lotg_right,0,lotg,right,2420,AD PHF,0,TRUE,In,fiber tracts,2420_AD PHF,lotg_right
2420_AD PHF_mcp_right,0,mcp,right,2420,AD PHF,0,TRUE,mcp,fiber tracts,2420_AD PHF,mcp_right
2420_AD PHF_ml_right,39.71132824,ml,right,2420,AD PHF,39.71132824,TRUE,ml,fiber tracts,2420_AD PHF,ml_right
2420_AD PHF_mlf_right,0,mlf,right,2420,AD PHF,0,TRUE,mlf,fiber tracts,2420_AD PHF,mlf_right
2420_AD PHF_moV_right,0,moV,right,2420,AD PHF,0,TRUE,moV,fiber tracts,2420_AD PHF,moV_right
2420_AD PHF_mtg_right,0,mtg,right,2420,AD PHF,0,TRUE,mtg,fiber tracts,2420_AD PHF,mtg_right
2420_AD PHF_mtt_right,0,mtt,right,2420,AD PHF,0,TRUE,mtt,fiber tracts,2420_AD PHF,mtt_right
2420_AD PHF_nst_right,0,nst,right,2420,AD PHF,0,TRUE,nst,fiber tracts,2420_AD PHF,nst_right
2420_AD PHF_opt_right,3.047378016,opt,right,2420,AD PHF,3.047378016,TRUE,opt,fiber tracts,2420_AD PHF,opt_right
2420_AD PHF_or_right,9.904575942,or,right,2420,AD PHF,9.904575942,TRUE,or,fiber tracts,2420_AD PHF,or_right
2420_AD PHF_rust_right,0,rust,right,2420,AD PHF,0,TRUE,rust,fiber tracts,2420_AD PHF,rust_right
2420_AD PHF_sV_right,0,sV,right,2420,AD PHF,0,TRUE,sV,fiber tracts,2420_AD PHF,sV_right
2420_AD PHF_scp_right,0,scp,right,2420,AD PHF,0,TRUE,scp,fiber tracts,2420_AD PHF,scp_right
2420_AD PHF_scwm_right,6.63263048,scwm,right,2420,AD PHF,6.63263048,TRUE,scwm,fiber tracts,2420_AD PHF,scwm_right
2420_AD PHF_st_right,37.71130295,st,right,2420,AD PHF,37.71130295,TRUE,st,fiber tracts,2420_AD PHF,st_right
2420_AD PHF_stc_right,0,stc,right,2420,AD PHF,0,TRUE,stc,fiber tracts,2420_AD PHF,stc_right
2420_AD PHF_sup_right,0,sup,right,2420,AD PHF,0,TRUE,sup,fiber tracts,2420_AD PHF,sup_right
2420_AD PHF_tspc_right,0,tspc,right,2420,AD PHF,0,TRUE,tspc,fiber tracts,2420_AD PHF,tspc_right
3227_none_ACAd_left,19.2045956,ACAd,left,3227,none,19.2045956,FALSE,ACA,Isocortex,3227_none,ACAd_left
3227_none_ACAd_right,44.75817485,ACAd,right,3227,none,44.75817485,FALSE,ACA,Isocortex,3227_none,ACAd_right
3227_none_ACAv_left,34.59614958,ACAv,left,3227,none,34.59614958,FALSE,ACA,Isocortex,3227_none,ACAv_left
3227_none_ACAv_right,17.93570971,ACAv,right,3227,none,17.93570971,FALSE,ACA,Isocortex,3227_none,ACAv_right
3227_none_ACB_left,11.1182624,ACB,left,3227,none,11.1182624,FALSE,ACB,STR,3227_none,ACB_left
3227_none_ACB_right,9.734892749,ACB,right,3227,none,9.734892749,FALSE,ACB,STR,3227_none,ACB_right
3227_none_AId_left,22.44449911,AId,left,3227,none,22.44449911,FALSE,AI,Isocortex,3227_none,AId_left
3227_none_AId_right,48.33488539,AId,right,3227,none,48.33488539,FALSE,AI,Isocortex,3227_none,AId_right
3227_none_AIp_left,44.5672773,AIp,left,3227,none,44.5672773,FALSE,AI,Isocortex,3227_none,AIp_left
3227_none_AIp_right,23.13725063,AIp,right,3227,none,23.13725063,FALSE,AI,Isocortex,3227_none,AIp_right
3227_none_AIv_left,29.09699678,AIv,left,3227,none,29.09699678,FALSE,AI,Isocortex,3227_none,AIv_left
3227_none_AIv_right,38.1605888,AIv,right,3227,none,38.1605888,FALSE,AI,Isocortex,3227_none,AIv_right
3227_none_APr_left,18.65712134,APr,left,3227,none,18.65712134,FALSE,APr,HPF,3227_none,APr_left
3227_none_APr_right,22.40744687,APr,right,3227,none,22.40744687,FALSE,APr,HPF,3227_none,APr_right
3227_none_AQ_left,0,AQ,left,3227,none,0,TRUE,AQ,VS,3227_none,AQ_left
3227_none_AQ_right,4.501780404,AQ,right,3227,none,4.501780404,TRUE,AQ,VS,3227_none,AQ_right
3227_none_ARH_left,0,ARH,left,3227,none,0,FALSE,ARH,HY,3227_none,ARH_left
3227_none_ARH_right,0,ARH,right,3227,none,0,FALSE,ARH,HY,3227_none,ARH_right
3227_none_AT_left,0,AT,left,3227,none,0,FALSE,AT,MB,3227_none,AT_left
3227_none_AT_right,0,AT,right,3227,none,0,FALSE,AT,MB,3227_none,AT_right
3227_none_AUDd_left,11.93957169,AUDd,left,3227,none,11.93957169,FALSE,AUDd,Isocortex,3227_none,AUDd_left
3227_none_AUDd_right,23.4615181,AUDd,right,3227,none,23.4615181,FALSE,AUDd,Isocortex,3227_none,AUDd_right
3227_none_AUDp_left,34.9997772,AUDp,left,3227,none,34.9997772,FALSE,AUDp,Isocortex,3227_none,AUDp_left
3227_none_AUDv_left,21.29438344,AUDv,left,3227,none,21.29438344,FALSE,AUDv,Isocortex,3227_none,AUDv_left
3227_none_AUDv_right,28.89674597,AUDv,right,3227,none,28.89674597,FALSE,AUDv,Isocortex,3227_none,AUDv_right
3227_none_BLA_left,41.08345628,BLA,left,3227,none,41.08345628,FALSE,BLA,CTXsp,3227_none,BLA_left
3227_none_BLA_right,31.27547575,BLA,right,3227,none,31.27547575,FALSE,BLA,CTXsp,3227_none,BLA_right
3227_none_BMA_left,24.40948966,BMA,left,3227,none,24.40948966,FALSE,BMA,CTXsp,3227_none,BMA_left
3227_none_BMA_right,12.69533389,BMA,right,3227,none,12.69533389,FALSE,BMA,CTXsp,3227_none,BMA_right
3227_none_CA1_left,26.35380298,CA1,left,3227,none,26.35380298,FALSE,CA1,HPF,3227_none,CA1_left
3227_none_CA1_right,24.36073555,CA1,right,3227,none,24.36073555,FALSE,CA1,HPF,3227_none,CA1_right
3227_none_CA2_left,0,CA2,left,3227,none,0,FALSE,CA2,HPF,3227_none,CA2_left
3227_none_CA2_right,0,CA2,right,3227,none,0,FALSE,CA2,HPF,3227_none,CA2_right
3227_none_CA3_left,23.39300859,CA3,left,3227,none,23.39300859,FALSE,CA3,HPF,3227_none,CA3_left
3227_none_CA3_right,31.33771097,CA3,right,3227,none,31.33771097,FALSE,CA3,HPF,3227_none,CA3_right
3227_none_CB_left,0,CB,left,3227,none,0,FALSE,CB,CB,3227_none,CB_left
3227_none_CB_right,0,CB,right,3227,none,0,FALSE,CB,CB,3227_none,CB_right
3227_none_CEA_left,31.42264117,CEA,left,3227,none,31.42264117,FALSE,CEA,STR,3227_none,CEA_left
3227_none_CEA_right,30.79298417,CEA,right,3227,none,30.79298417,FALSE,CEA,STR,3227_none,CEA_right
3227_none_CLA_left,14.90688674,CLA,left,3227,none,14.90688674,FALSE,CLA,CTXsp,3227_none,CLA_left
3227_none_CLA_right,18.07204762,CLA,right,3227,none,18.07204762,FALSE,CLA,CTXsp,3227_none,CLA_right
3227_none_CL_left,2.971679197,CL,left,3227,none,2.971679197,FALSE,CL,TH,3227_none,CL_left
3227_none_CL_right,0,CL,right,3227,none,0,FALSE,CL,TH,3227_none,CL_right
3227_none_CM_left,0,CM,left,3227,none,0,FALSE,CM,TH,3227_none,CM_left
3227_none_CM_right,16.84999801,CM,right,3227,none,16.84999801,FALSE,CM,TH,3227_none,CM_right
3227_none_COA_left,13.49931157,COA,left,3227,none,13.49931157,FALSE,COA,OLF,3227_none,COA_left
3227_none_COA_right,23.40955915,COA,right,3227,none,23.40955915,FALSE,COA,OLF,3227_none,COA_right
3227_none_COAp_left,34.36341762,COAp,left,3227,none,34.36341762,FALSE,COA,OLF,3227_none,COAp_left
3227_none_COAp_right,13.57891489,COAp,right,3227,none,13.57891489,FALSE,COA,OLF,3227_none,COAp_right
3227_none_CP_left,3.295271076,CP,left,3227,none,3.295271076,FALSE,CP,STR,3227_none,CP_left
3227_none_CP_right,12.62564425,CP,right,3227,none,12.62564425,FALSE,CP,STR,3227_none,CP_right
3227_none_CS_left,0,CS,left,3227,none,0,FALSE,CS,P,3227_none,CS_left
3227_none_CS_right,0,CS,right,3227,none,0,FALSE,CS,P,3227_none,CS_right
3227_none_CTXsp_left,12.52081762,CTXsp,left,3227,none,12.52081762,FALSE,CTXsp,CTXsp,3227_none,CTXsp_left
3227_none_CTXsp_right,26.33045777,CTXsp,right,3227,none,26.33045777,FALSE,CTXsp,CTXsp,3227_none,CTXsp_right
3227_none_DG_left,16.45713707,DG,left,3227,none,16.45713707,FALSE,DG,HPF,3227_none,DG_left
3227_none_DG_right,13.2238888,DG,right,3227,none,13.2238888,FALSE,DG,HPF,3227_none,DG_right
3227_none_DMH_left,0,DMH,left,3227,none,0,FALSE,DMH,HY,3227_none,DMH_left
3227_none_DMH_right,0,DMH,right,3227,none,0,FALSE,DMH,HY,3227_none,DMH_right
3227_none_DR_left,0,DR,left,3227,none,0,FALSE,DR,MB,3227_none,DR_left
3227_none_DR_right,0,DR,right,3227,none,0,FALSE,DR,MB,3227_none,DR_right
3227_none_ECT_left,18.17546281,ECT,left,3227,none,18.17546281,FALSE,ECT,Isocortex,3227_none,ECT_left
3227_none_ECT_right,26.09939282,ECT,right,3227,none,26.09939282,FALSE,ECT,Isocortex,3227_none,ECT_right
3227_none_ENTl_left,24.72630667,ENTl,left,3227,none,24.72630667,FALSE,ENT,HPF,3227_none,ENTl_left
3227_none_ENTl_right,11.38970486,ENTl,right,3227,none,11.38970486,FALSE,ENT,HPF,3227_none,ENTl_right
3227_none_ENTm_left,12.51679674,ENTm,left,3227,none,12.51679674,FALSE,ENT,HPF,3227_none,ENTm_left
3227_none_ENTm_right,23.35205991,ENTm,right,3227,none,23.35205991,FALSE,ENT,HPF,3227_none,ENTm_right
3227_none_EP_left,14.38537675,EP,left,3227,none,14.38537675,FALSE,EP,CTXsp,3227_none,EP_left
3227_none_EP_right,33.63999694,EP,right,3227,none,33.63999694,FALSE,EP,CTXsp,3227_none,EP_right
3227_none_Eth_left,10.86199982,Eth,left,3227,none,10.86199982,FALSE,Eth,TH,3227_none,Eth_left
3227_none_Eth_right,0,Eth,right,3227,none,0,FALSE,Eth,TH,3227_none,Eth_right
3227_none_FC_left,13.39031885,FC,left,3227,none,13.39031885,FALSE,FC,HPF,3227_none,FC_left
3227_none_FC_right,21.47713601,FC,right,3227,none,21.47713601,FALSE,FC,HPF,3227_none,FC_right
3227_none_GU_left,26.13887825,GU,left,3227,none,26.13887825,FALSE,GU,Isocortex,3227_none,GU_left
3227_none_GU_right,26.01851619,GU,right,3227,none,26.01851619,FALSE,GU,Isocortex,3227_none,GU_right
3227_none_HPF_left,7.381819708,HPF,left,3227,none,7.381819708,FALSE,HPF,HPF,3227_none,HPF_left
3227_none_HPF_right,6.130372588,HPF,right,3227,none,6.130372588,FALSE,HPF,HPF,3227_none,HPF_right
3227_none_HY_left,3.087237156,HY,left,3227,none,3.087237156,FALSE,HY,HY,3227_none,HY_left
3227_none_HY_right,0.608104237,HY,right,3227,none,0.608104237,FALSE,HY,HY,3227_none,HY_right
3227_none_IA_left,41.99973264,IA,left,3227,none,41.99973264,FALSE,IA,STR,3227_none,IA_left
3227_none_IA_right,12.1153075,IA,right,3227,none,12.1153075,FALSE,IA,STR,3227_none,IA_right
3227_none_IC_left,15.04471492,IC,left,3227,none,15.04471492,FALSE,IC,MB,3227_none,IC_left
3227_none_IC_right,11.13449188,IC,right,3227,none,11.13449188,FALSE,IC,MB,3227_none,IC_right
3227_none_IG_left,12.74646837,IG,left,3227,none,12.74646837,FALSE,IG,HPF,3227_none,IG_left
3227_none_IG_right,37.42580074,IG,right,3227,none,37.42580074,FALSE,IG,HPF,3227_none,IG_right
3227_none_IIn_left,0,IIn,left,3227,none,0,TRUE,IIn,fiber tracts,3227_none,IIn_left
3227_none_IIn_right,0,IIn,right,3227,none,0,TRUE,IIn,fiber tracts,3227_none,IIn_right
3227_none_IMD_left,8.03419131,IMD,left,3227,none,8.03419131,FALSE,IMD,TH,3227_none,IMD_left
3227_none_IMD_right,13.30977443,IMD,right,3227,none,13.30977443,FALSE,IMD,TH,3227_none,IMD_right
3227_none_IV_left,52.70377058,IV,left,3227,none,52.70377058,FALSE,IV,MB,3227_none,IV_left
3227_none_IV_right,0,IV,right,3227,none,0,FALSE,IV,MB,3227_none,IV_right
3227_none_In_left,14.65843862,In,left,3227,none,14.65843862,TRUE,In,fiber tracts,3227_none,In_left
3227_none_In_right,0,In,right,3227,none,0,TRUE,In,fiber tracts,3227_none,In_right
3227_none_LA_left,34.90034808,LA,left,3227,none,34.90034808,FALSE,LA,CTXsp,3227_none,LA_left
3227_none_LA_right,25.5119379,LA,right,3227,none,25.5119379,FALSE,LA,CTXsp,3227_none,LA_right
3227_none_LD_left,31.02860091,LD,left,3227,none,31.02860091,FALSE,LD,TH,3227_none,LD_left
3227_none_LD_right,35.05828934,LD,right,3227,none,35.05828934,FALSE,LD,TH,3227_none,LD_right
3227_none_LGd_left,29.64120186,LGd,left,3227,none,29.64120186,FALSE,LGd,TH,3227_none,LGd_left
3227_none_LGd_right,7.232762614,LGd,right,3227,none,7.232762614,FALSE,LGd,TH,3227_none,LGd_right
3227_none_LGv_left,0,LGv,left,3227,none,0,FALSE,LGv,TH,3227_none,LGv_left
3227_none_LGv_right,29.07673799,LGv,right,3227,none,29.07673799,FALSE,LGv,TH,3227_none,LGv_right
3227_none_LHA_left,0,LHA,left,3227,none,0,FALSE,LHA,HY,3227_none,LHA_left
3227_none_LHA_right,1.106550333,LHA,right,3227,none,1.106550333,FALSE,LHA,HY,3227_none,LHA_right
3227_none_LH_left,0,LH,left,3227,none,0,FALSE,LH,TH,3227_none,LH_left
3227_none_LH_right,0,LH,right,3227,none,0,FALSE,LH,TH,3227_none,LH_right
3227_none_LPO_left,0,LPO,left,3227,none,0,FALSE,LPO,HY,3227_none,LPO_left
3227_none_LPO_right,0,LPO,right,3227,none,0,FALSE,LPO,HY,3227_none,LPO_right
3227_none_LP_left,21.07316396,LP,left,3227,none,21.07316396,FALSE,LP,TH,3227_none,LP_left
3227_none_LP_right,32.9926427,LP,right,3227,none,32.9926427,FALSE,LP,TH,3227_none,LP_right
3227_none_LS_left,14.25484438,LS,left,3227,none,14.25484438,FALSE,LS,STR,3227_none,LS_left
3227_none_LS_right,16.08548419,LS,right,3227,none,16.08548419,FALSE,LS,STR,3227_none,LS_right
3227_none_MB_left,5.715961184,MB,left,3227,none,5.715961184,FALSE,MB,MB,3227_none,MB_left
3227_none_MB_right,5.386333361,MB,right,3227,none,5.386333361,FALSE,MB,MB,3227_none,MB_right
3227_none_MD_left,8.072999787,MD,left,3227,none,8.072999787,FALSE,MD,TH,3227_none,MD_left
3227_none_MD_right,16.91177478,MD,right,3227,none,16.91177478,FALSE,MD,TH,3227_none,MD_right
3227_none_MEA_left,21.22623127,MEA,left,3227,none,21.22623127,FALSE,MEA,STR,3227_none,MEA_left
3227_none_MEA_right,26.40322378,MEA,right,3227,none,26.40322378,FALSE,MEA,STR,3227_none,MEA_right
3227_none_ME_left,0,ME,left,3227,none,0,FALSE,ME,HY,3227_none,ME_left
3227_none_ME_right,0,ME,right,3227,none,0,FALSE,ME,HY,3227_none,ME_right
3227_none_MH_left,2.162457631,MH,left,3227,none,2.162457631,FALSE,MH,TH,3227_none,MH_left
3227_none_MH_right,0,MH,right,3227,none,0,FALSE,MH,TH,3227_none,MH_right
3227_none_MOp_left,31.52443342,MOp,left,3227,none,31.52443342,FALSE,MOp,Isocortex,3227_none,MOp_left
3227_none_MOp_right,19.98853095,MOp,right,3227,none,19.98853095,FALSE,MOp,Isocortex,3227_none,MOp_right
3227_none_MOs_left,29.28600999,MOs,left,3227,none,29.28600999,FALSE,MOs,Isocortex,3227_none,MOs_left
3227_none_MOs_right,25.58303399,MOs,right,3227,none,25.58303399,FALSE,MOs,Isocortex,3227_none,MOs_right
3227_none_MRN_left,0.53820768,MRN,left,3227,none,0.53820768,FALSE,MRN,MB,3227_none,MRN_left
3227_none_MRN_right,0.599571197,MRN,right,3227,none,0.599571197,FALSE,MRN,MB,3227_none,MRN_right
3227_none_MS_left,6.239971557,MS,left,3227,none,6.239971557,FALSE,MS,PAL,3227_none,MS_left
3227_none_MS_right,6.50368006,MS,right,3227,none,6.50368006,FALSE,MS,PAL,3227_none,MS_right
3227_none_NDB_left,3.12991572,NDB,left,3227,none,3.12991572,FALSE,NDB,PAL,3227_none,NDB_left
3227_none_NDB_right,2.809924337,NDB,right,3227,none,2.809924337,FALSE,NDB,PAL,3227_none,NDB_right
3227_none_NLL_left,1.320815767,NLL,left,3227,none,1.320815767,FALSE,NLL,P,3227_none,NLL_left
3227_none_NLL_right,4.07525898,NLL,right,3227,none,4.07525898,FALSE,NLL,P,3227_none,NLL_right
3227_none_OLF_left,17.53272449,OLF,left,3227,none,17.53272449,FALSE,OLF,OLF,3227_none,OLF_left
3227_none_OLF_right,10.98830215,OLF,right,3227,none,10.98830215,FALSE,OLF,OLF,3227_none,OLF_right
3227_none_OT_left,2.700813219,OT,left,3227,none,2.700813219,FALSE,OT,STR,3227_none,OT_left
3227_none_OT_right,2.883833045,OT,right,3227,none,2.883833045,FALSE,OT,STR,3227_none,OT_right
3227_none_PAA_left,30.38887965,PAA,left,3227,none,30.38887965,FALSE,PAA,OLF,3227_none,PAA_left
3227_none_PAA_right,25.71201682,PAA,right,3227,none,25.71201682,FALSE,PAA,OLF,3227_none,PAA_right
3227_none_PAG_left,0,PAG,left,3227,none,0,FALSE,PAG,MB,3227_none,PAG_left
3227_none_PAG_right,0.498611333,PAG,right,3227,none,0.498611333,FALSE,PAG,MB,3227_none,PAG_right
3227_none_PAL_left,5.326535675,PAL,left,3227,none,5.326535675,FALSE,PAL,PAL,3227_none,PAL_left
3227_none_PAL_right,7.995511975,PAL,right,3227,none,7.995511975,FALSE,PAL,PAL,3227_none,PAL_right
3227_none_PALd_left,2.287314251,PALd,left,3227,none,2.287314251,FALSE,PAL,PAL,3227_none,PALd_left
3227_none_PALd_right,2.934864405,PALd,right,3227,none,2.934864405,FALSE,PAL,PAL,3227_none,PALd_right
3227_none_PAR_left,37.01580871,PAR,left,3227,none,37.01580871,FALSE,PAR,HPF,3227_none,PAR_left
3227_none_PAR_right,20.77071676,PAR,right,3227,none,20.77071676,FALSE,PAR,HPF,3227_none,PAR_right
3227_none_PBG_left,0,PBG,left,3227,none,0,FALSE,PBG,MB,3227_none,PBG_left
3227_none_PBG_right,0,PBG,right,3227,none,0,FALSE,PBG,MB,3227_none,PBG_right
3227_none_PC5_left,0,PC5,left,3227,none,0,FALSE,PC5,P,3227_none,PC5_left
3227_none_PC5_right,0,PC5,right,3227,none,0,FALSE,PC5,P,3227_none,PC5_right
3227_none_PCN_left,60.61996326,PCN,left,3227,none,60.61996326,FALSE,PCN,TH,3227_none,PCN_left
3227_none_PCN_right,27.66771047,PCN,right,3227,none,27.66771047,FALSE,PCN,TH,3227_none,PCN_right
3227_none_PERI_left,59.66161932,PERI,left,3227,none,59.66161932,FALSE,PERI,Isocortex,3227_none,PERI_left
3227_none_PERI_right,31.93261351,PERI,right,3227,none,31.93261351,FALSE,PERI,Isocortex,3227_none,PERI_right
3227_none_PG_left,9.542929001,PG,left,3227,none,9.542929001,FALSE,PG,P,3227_none,PG_left
3227_none_PG_right,0,PG,right,3227,none,0,FALSE,PG,P,3227_none,PG_right
3227_none_PH_left,0,PH,left,3227,none,0,FALSE,PH,HY,3227_none,PH_left
3227_none_PH_right,0,PH,right,3227,none,0,FALSE,PH,HY,3227_none,PH_right
3227_none_PIR_left,20.83211811,PIR,left,3227,none,20.83211811,FALSE,PIR,OLF,3227_none,PIR_left
3227_none_PIR_right,29.08396151,PIR,right,3227,none,29.08396151,FALSE,PIR,OLF,3227_none,PIR_right
3227_none_POST_left,14.47668821,POST,left,3227,none,14.47668821,FALSE,POST,HPF,3227_none,POST_left
3227_none_POST_right,34.30567247,POST,right,3227,none,34.30567247,FALSE,POST,HPF,3227_none,POST_right
3227_none_PO_left,34.41917397,PO,left,3227,none,34.41917397,FALSE,PO,TH,3227_none,PO_left
3227_none_PO_right,34.47165836,PO,right,3227,none,34.47165836,FALSE,PO,TH,3227_none,PO_right
3227_none_PPN_left,0.923442134,PPN,left,3227,none,0.923442134,FALSE,PPN,MB,3227_none,PPN_left
3227_none_PPN_right,0.954441075,PPN,right,3227,none,0.954441075,FALSE,PPN,MB,3227_none,PPN_right
3227_none_PRE_left,18.60203818,PRE,left,3227,none,18.60203818,FALSE,PRE,HPF,3227_none,PRE_left
3227_none_PRE_right,17.45919127,PRE,right,3227,none,17.45919127,FALSE,PRE,HPF,3227_none,PRE_right
3227_none_PRNr_left,6.104609234,PRNr,left,3227,none,6.104609234,FALSE,PRNr,P,3227_none,PRNr_left
3227_none_PRNr_right,3.599179383,PRNr,right,3227,none,3.599179383,FALSE,PRNr,P,3227_none,PRNr_right
3227_none_PR_left,0,PR,left,3227,none,0,FALSE,PR,TH,3227_none,PR_left
3227_none_PR_right,0,PR,right,3227,none,0,FALSE,PR,TH,3227_none,PR_right
3227_none_PST_left,0,PST,left,3227,none,0,FALSE,PST,HY,3227_none,PST_left
3227_none_PST_right,0,PST,right,3227,none,0,FALSE,PST,HY,3227_none,PST_right
3227_none_PSV_left,78.10317809,PSV,left,3227,none,78.10317809,FALSE,PSV,P,3227_none,PSV_left
3227_none_PVT_left,0,PVT,left,3227,none,0,FALSE,PVT,TH,3227_none,PVT_left
3227_none_PVT_right,0,PVT,right,3227,none,0,FALSE,PVT,TH,3227_none,PVT_right
3227_none_PVZ_left,0,PVZ,left,3227,none,0,FALSE,PVZ,HY,3227_none,PVZ_left
3227_none_PVZ_right,0,PVZ,right,3227,none,0,FALSE,PVZ,HY,3227_none,PVZ_right
3227_none_P_left,2.005743744,P,left,3227,none,2.005743744,FALSE,P,P,3227_none,P_left
3227_none_P_right,0.835193551,P,right,3227,none,0.835193551,FALSE,P,P,3227_none,P_right
3227_none_Pa4_left,0,Pa4,left,3227,none,0,FALSE,Pa4,MB,3227_none,Pa4_left
3227_none_Pa4_right,0,Pa4,right,3227,none,0,FALSE,Pa4,MB,3227_none,Pa4_right
3227_none_PeF_left,34.43224846,PeF,left,3227,none,34.43224846,FALSE,PeF,HY,3227_none,PeF_left
3227_none_PeF_right,0,PeF,right,3227,none,0,FALSE,PeF,HY,3227_none,PeF_right
3227_none_RE_left,0,RE,left,3227,none,0,FALSE,RE,TH,3227_none,RE_left
3227_none_RE_right,0,RE,right,3227,none,0,FALSE,RE,TH,3227_none,RE_right
3227_none_RH_left,0,RH,left,3227,none,0,FALSE,RH,TH,3227_none,RH_left
3227_none_RH_right,68.86449693,RH,right,3227,none,68.86449693,FALSE,RH,TH,3227_none,RH_right
3227_none_RSPagl_left,37.17551272,RSPagl,left,3227,none,37.17551272,FALSE,RSP,Isocortex,3227_none,RSPagl_left
3227_none_RSPagl_right,49.15378081,RSPagl,right,3227,none,49.15378081,FALSE,RSP,Isocortex,3227_none,RSPagl_right
3227_none_RSPd_left,30.88281582,RSPd,left,3227,none,30.88281582,FALSE,RSP,Isocortex,3227_none,RSPd_left
3227_none_RSPd_right,33.61471679,RSPd,right,3227,none,33.61471679,FALSE,RSP,Isocortex,3227_none,RSPd_right
3227_none_RSPv_left,26.9698258,RSPv,left,3227,none,26.9698258,FALSE,RSP,Isocortex,3227_none,RSPv_left
3227_none_RSPv_right,40.19404101,RSPv,right,3227,none,40.19404101,FALSE,RSP,Isocortex,3227_none,RSPv_right
3227_none_RT_left,27.89569409,RT,left,3227,none,27.89569409,FALSE,RT,TH,3227_none,RT_left
3227_none_RT_right,39.98224568,RT,right,3227,none,39.98224568,FALSE,RT,TH,3227_none,RT_right
3227_none_SAG_left,0,SAG,left,3227,none,0,FALSE,SAG,MB,3227_none,SAG_left
3227_none_SAG_right,0,SAG,right,3227,none,0,FALSE,SAG,MB,3227_none,SAG_right
3227_none_SCm_left,6.492883457,SCm,left,3227,none,6.492883457,FALSE,MBmot,MB,3227_none,SCm_left
3227_none_SCm_right,6.357662764,SCm,right,3227,none,6.357662764,FALSE,MBmot,MB,3227_none,SCm_right
3227_none_SCs_left,2.917932895,SCs,left,3227,none,2.917932895,FALSE,MBsen,MB,3227_none,SCs_left
3227_none_SCs_right,6.948881732,SCs,right,3227,none,6.948881732,FALSE,MBsen,MB,3227_none,SCs_right
3227_none_SEZ_left,0,SEZ,left,3227,none,0,TRUE,SEZ,VS,3227_none,SEZ_left
3227_none_SEZ_right,0,SEZ,right,3227,none,0,TRUE,SEZ,VS,3227_none,SEZ_right
3227_none_SI_left,6.745889012,SI,left,3227,none,6.745889012,FALSE,SI,PAL,3227_none,SI_left
3227_none_SI_right,4.96381272,SI,right,3227,none,4.96381272,FALSE,SI,PAL,3227_none,SI_right
3227_none_SMT_left,9.4985513,SMT,left,3227,none,9.4985513,FALSE,SMT,TH,3227_none,SMT_left
3227_none_SMT_right,15.38462165,SMT,right,3227,none,15.38462165,FALSE,SMT,TH,3227_none,SMT_right
3227_none_SOC_left,0,SOC,left,3227,none,0,FALSE,SOC,P,3227_none,SOC_left
3227_none_SOC_right,4.304491223,SOC,right,3227,none,4.304491223,FALSE,SOC,P,3227_none,SOC_right
3227_none_SSp-bfd_left,29.16389185,SSp-bfd,left,3227,none,29.16389185,FALSE,SSp,Isocortex,3227_none,SSp-bfd_left
3227_none_SSp-bfd_right,49.55166454,SSp-bfd,right,3227,none,49.55166454,FALSE,SSp,Isocortex,3227_none,SSp-bfd_right
3227_none_SSp-ll_right,0,SSp-ll,right,3227,none,0,FALSE,SSp,Isocortex,3227_none,SSp-ll_right
3227_none_SSp-m_left,29.82913537,SSp-m,left,3227,none,29.82913537,FALSE,SSp,Isocortex,3227_none,SSp-m_left
3227_none_SSp-m_right,26.23318535,SSp-m,right,3227,none,26.23318535,FALSE,SSp,Isocortex,3227_none,SSp-m_right
3227_none_SSp-tr_left,26.78063769,SSp-tr,left,3227,none,26.78063769,FALSE,SSp,Isocortex,3227_none,SSp-tr_left
3227_none_SSp-tr_right,0,SSp-tr,right,3227,none,0,FALSE,SSp,Isocortex,3227_none,SSp-tr_right
3227_none_SSp-ul_left,30.12432057,SSp-ul,left,3227,none,30.12432057,FALSE,SSp,Isocortex,3227_none,SSp-ul_left
3227_none_SSp-ul_right,23.03032852,SSp-ul,right,3227,none,23.03032852,FALSE,SSp,Isocortex,3227_none,SSp-ul_right
3227_none_SSp-un_left,0,SSp-un,left,3227,none,0,FALSE,SSp,Isocortex,3227_none,SSp-un_left
3227_none_SSp-un_right,60.84216163,SSp-un,right,3227,none,60.84216163,FALSE,SSp,Isocortex,3227_none,SSp-un_right
3227_none_SSs_left,24.28280861,SSs,left,3227,none,24.28280861,FALSE,SSs,Isocortex,3227_none,SSs_left
3227_none_SSs_right,27.68794959,SSs,right,3227,none,27.68794959,FALSE,SSs,Isocortex,3227_none,SSs_right
3227_none_STN_left,0,STN,left,3227,none,0,FALSE,STN,HY,3227_none,STN_left
3227_none_STN_right,11.75735314,STN,right,3227,none,11.75735314,FALSE,STN,HY,3227_none,STN_right
3227_none_STR_left,18.90357456,STR,left,3227,none,18.90357456,FALSE,STR,STR,3227_none,STR_left
3227_none_STR_right,26.2141942,STR,right,3227,none,26.2141942,FALSE,STR,STR,3227_none,STR_right
3227_none_SUB_right,6.478152716,SUB,right,3227,none,6.478152716,FALSE,SUB,HPF,3227_none,SUB_right
3227_none_TEa_left,18.33392417,TEa,left,3227,none,18.33392417,FALSE,TEa,Isocortex,3227_none,TEa_left
3227_none_TEa_right,22.69488909,TEa,right,3227,none,22.69488909,FALSE,TEa,Isocortex,3227_none,TEa_right
3227_none_TH_left,19.67557055,TH,left,3227,none,19.67557055,FALSE,TH,TH,3227_none,TH_left
3227_none_TH_right,0,TH,right,3227,none,0,FALSE,TH,TH,3227_none,TH_right
3227_none_TRN_left,1.250336761,TRN,left,3227,none,1.250336761,FALSE,TRN,P,3227_none,TRN_left
3227_none_TRN_right,0,TRN,right,3227,none,0,FALSE,TRN,P,3227_none,TRN_right
3227_none_TU_left,1.964644459,TU,left,3227,none,1.964644459,FALSE,TU,HY,3227_none,TU_left
3227_none_TU_right,1.817296124,TU,right,3227,none,1.817296124,FALSE,TU,HY,3227_none,TU_right
3227_none_V3_left,0,V3,left,3227,none,0,TRUE,V3,VS,3227_none,V3_left
3227_none_V3_right,0,V3,right,3227,none,0,TRUE,V3,VS,3227_none,V3_right
3227_none_VAL_left,20.2542638,VAL,left,3227,none,20.2542638,FALSE,VAL,TH,3227_none,VAL_left
3227_none_VAL_right,10.36669846,VAL,right,3227,none,10.36669846,FALSE,VAL,TH,3227_none,VAL_right
3227_none_VISC_left,102.2574742,VISC,left,3227,none,102.2574742,FALSE,VISC,Isocortex,3227_none,VISC_left
3227_none_VISC_right,5.806582164,VISC,right,3227,none,5.806582164,FALSE,VISC,Isocortex,3227_none,VISC_right
3227_none_VISa_left,27.10585033,VISa,left,3227,none,27.10585033,FALSE,VISa,Isocortex,3227_none,VISa_left
3227_none_VISa_right,30.53270681,VISa,right,3227,none,30.53270681,FALSE,VISa,Isocortex,3227_none,VISa_right
3227_none_VISam_left,13.34635799,VISam,left,3227,none,13.34635799,FALSE,VISam,Isocortex,3227_none,VISam_left
3227_none_VISam_right,12.82090764,VISam,right,3227,none,12.82090764,FALSE,VISam,Isocortex,3227_none,VISam_right
3227_none_VISl_left,33.84814767,VISl,left,3227,none,33.84814767,FALSE,VISl,Isocortex,3227_none,VISl_left
3227_none_VISl_right,50.12879473,VISl,right,3227,none,50.12879473,FALSE,VISl,Isocortex,3227_none,VISl_right
3227_none_VISli_left,136.1713485,VISli,left,3227,none,136.1713485,FALSE,VISli,Isocortex,3227_none,VISli_left
3227_none_VISli_right,66.36774467,VISli,right,3227,none,66.36774467,FALSE,VISli,Isocortex,3227_none,VISli_right
3227_none_VISp_left,46.02671837,VISp,left,3227,none,46.02671837,FALSE,VISp,Isocortex,3227_none,VISp_left
3227_none_VISp_right,34.70786943,VISp,right,3227,none,34.70786943,FALSE,VISp,Isocortex,3227_none,VISp_right
3227_none_VISpl_left,24.44956167,VISpl,left,3227,none,24.44956167,FALSE,VISpl,Isocortex,3227_none,VISpl_left
3227_none_VISpl_right,11.17490634,VISpl,right,3227,none,11.17490634,FALSE,VISpl,Isocortex,3227_none,VISpl_right
3227_none_VISpor_left,28.14922769,VISpor,left,3227,none,28.14922769,FALSE,VISpor,Isocortex,3227_none,VISpor_left
3227_none_VISpor_right,44.98703521,VISpor,right,3227,none,44.98703521,FALSE,VISpor,Isocortex,3227_none,VISpor_right
3227_none_VISrl_left,19.73628741,VISrl,left,3227,none,19.73628741,FALSE,VISrl,Isocortex,3227_none,VISrl_left
3227_none_VISrl_right,8.082337036,VISrl,right,3227,none,8.082337036,FALSE,VISrl,Isocortex,3227_none,VISrl_right
3227_none_VL_left,2.383078679,VL,left,3227,none,2.383078679,TRUE,VL,VS,3227_none,VL_left
3227_none_VL_right,2.934763928,VL,right,3227,none,2.934763928,TRUE,VL,VS,3227_none,VL_right
3227_none_VMH_left,4.415738734,VMH,left,3227,none,4.415738734,FALSE,VMH,HY,3227_none,VMH_left
3227_none_VMH_right,8.378271269,VMH,right,3227,none,8.378271269,FALSE,VMH,HY,3227_none,VMH_right
3227_none_VM_left,13.54221726,VM,left,3227,none,13.54221726,FALSE,VM,TH,3227_none,VM_left
3227_none_VM_right,6.393255685,VM,right,3227,none,6.393255685,FALSE,VM,TH,3227_none,VM_right
3227_none_VPL_left,9.836530216,VPL,left,3227,none,9.836530216,FALSE,VPL,TH,3227_none,VPL_left
3227_none_VPL_right,40.99710567,VPL,right,3227,none,40.99710567,FALSE,VPL,TH,3227_none,VPL_right
3227_none_VPM_left,36.00711435,VPM,left,3227,none,36.00711435,FALSE,VPM,TH,3227_none,VPM_left
3227_none_VPM_right,27.71772941,VPM,right,3227,none,27.71772941,FALSE,VPM,TH,3227_none,VPM_right
3227_none_VP_left,0,VP,left,3227,none,0,FALSE,VP,TH,3227_none,VP_left
3227_none_VP_right,0,VP,right,3227,none,0,FALSE,VP,TH,3227_none,VP_right
3227_none_Xi_left,0,Xi,left,3227,none,0,FALSE,Xi,TH,3227_none,Xi_left
3227_none_Xi_right,20.95875994,Xi,right,3227,none,20.95875994,FALSE,Xi,TH,3227_none,Xi_right
3227_none_ZI_left,9.210331638,ZI,left,3227,none,9.210331638,FALSE,ZI,HY,3227_none,ZI_left
3227_none_ZI_right,3.865006072,ZI,right,3227,none,3.865006072,FALSE,ZI,HY,3227_none,ZI_right
3227_none_alv_left,36.88368792,alv,left,3227,none,36.88368792,TRUE,alv,fiber tracts,3227_none,alv_left
3227_none_alv_right,21.39943218,alv,right,3227,none,21.39943218,TRUE,alv,fiber tracts,3227_none,alv_right
3227_none_amc_left,101.0025288,amc,left,3227,none,101.0025288,TRUE,amc,fiber tracts,3227_none,amc_left
3227_none_amc_right,10.8326175,amc,right,3227,none,10.8326175,TRUE,amc,fiber tracts,3227_none,amc_right
3227_none_ar_left,6.996302173,ar,left,3227,none,6.996302173,TRUE,ar,fiber tracts,3227_none,ar_left
3227_none_ar_right,4.761196362,ar,right,3227,none,4.761196362,TRUE,ar,fiber tracts,3227_none,ar_right
3227_none_bic_left,6.448706565,bic,left,3227,none,6.448706565,TRUE,bic,fiber tracts,3227_none,bic_left
3227_none_bic_right,0,bic,right,3227,none,0,TRUE,bic,fiber tracts,3227_none,bic_right
3227_none_cc_left,20.17516139,cc,left,3227,none,20.17516139,TRUE,cc,fiber tracts,3227_none,cc_left
3227_none_cc_right,8.380273864,cc,right,3227,none,8.380273864,TRUE,cc,fiber tracts,3227_none,cc_right
3227_none_ccg_left,4.231786611,ccg,left,3227,none,4.231786611,TRUE,ccg,fiber tracts,3227_none,ccg_left
3227_none_ccg_right,9.585899916,ccg,right,3227,none,9.585899916,TRUE,ccg,fiber tracts,3227_none,ccg_right
3227_none_chpl_left,0,chpl,left,3227,none,0,TRUE,chpl,VS,3227_none,chpl_left
3227_none_chpl_right,0,chpl,right,3227,none,0,TRUE,chpl,VS,3227_none,chpl_right
3227_none_cing_left,21.66343859,cing,left,3227,none,21.66343859,TRUE,cing,fiber tracts,3227_none,cing_left
3227_none_cing_right,11.14069528,cing,right,3227,none,11.14069528,TRUE,cing,fiber tracts,3227_none,cing_right
3227_none_cst_left,0,cst,left,3227,none,0,TRUE,cst,fiber tracts,3227_none,cst_left
3227_none_cst_right,0,cst,right,3227,none,0,TRUE,cst,fiber tracts,3227_none,cst_right
3227_none_dhc_left,19.75530023,dhc,left,3227,none,19.75530023,TRUE,dhc,fiber tracts,3227_none,dhc_left
3227_none_dhc_right,20.28549644,dhc,right,3227,none,20.28549644,TRUE,dhc,fiber tracts,3227_none,dhc_right
3227_none_dscp_left,0,dscp,left,3227,none,0,TRUE,dscp,fiber tracts,3227_none,dscp_left
3227_none_dscp_right,0,dscp,right,3227,none,0,TRUE,dscp,fiber tracts,3227_none,dscp_right
3227_none_ec_left,11.55135509,ec,left,3227,none,11.55135509,TRUE,ec,fiber tracts,3227_none,ec_left
3227_none_ec_right,18.23100601,ec,right,3227,none,18.23100601,TRUE,ec,fiber tracts,3227_none,ec_right
3227_none_em_left,49.86739433,em,left,3227,none,49.86739433,TRUE,em,fiber tracts,3227_none,em_left
3227_none_em_right,59.36070172,em,right,3227,none,59.36070172,TRUE,em,fiber tracts,3227_none,em_right
3227_none_fi_left,6.806779513,fi,left,3227,none,6.806779513,TRUE,fi,fiber tracts,3227_none,fi_left
3227_none_fi_right,8.257841175,fi,right,3227,none,8.257841175,TRUE,fi,fiber tracts,3227_none,fi_right
3227_none_fiber tracts_left,6.158417312,fiber tracts,left,3227,none,6.158417312,TRUE,fiber tracts,fiber tracts,3227_none,fiber tracts_left
3227_none_fiber tracts_right,0,fiber tracts,right,3227,none,0,TRUE,fiber tracts,fiber tracts,3227_none,fiber tracts_right
3227_none_fr_left,0,fr,left,3227,none,0,TRUE,fr,fiber tracts,3227_none,fr_left
3227_none_fr_right,0,fr,right,3227,none,0,TRUE,fr,fiber tracts,3227_none,fr_right
3227_none_fx_left,0,fx,left,3227,none,0,TRUE,fx,fiber tracts,3227_none,fx_left
3227_none_fx_right,0,fx,right,3227,none,0,TRUE,fx,fiber tracts,3227_none,fx_right
3227_none_hbc_left,0,hbc,left,3227,none,0,TRUE,hbc,fiber tracts,3227_none,hbc_left
3227_none_hbc_right,0,hbc,right,3227,none,0,TRUE,hbc,fiber tracts,3227_none,hbc_right
3227_none_int_left,3.135193019,int,left,3227,none,3.135193019,TRUE,int,fiber tracts,3227_none,int_left
3227_none_int_right,5.551602503,int,right,3227,none,5.551602503,TRUE,int,fiber tracts,3227_none,int_right
3227_none_ll_left,0,ll,left,3227,none,0,TRUE,ll,fiber tracts,3227_none,ll_left
3227_none_ll_right,10.42304301,ll,right,3227,none,10.42304301,TRUE,ll,fiber tracts,3227_none,ll_right
3227_none_lotg_left,8.221913735,lotg,left,3227,none,8.221913735,TRUE,In,fiber tracts,3227_none,lotg_left
3227_none_lotg_right,7.605270205,lotg,right,3227,none,7.605270205,TRUE,In,fiber tracts,3227_none,lotg_right
3227_none_mcp_left,4.400925853,mcp,left,3227,none,4.400925853,TRUE,mcp,fiber tracts,3227_none,mcp_left
3227_none_mcp_right,4.994271018,mcp,right,3227,none,4.994271018,TRUE,mcp,fiber tracts,3227_none,mcp_right
3227_none_ml_left,0,ml,left,3227,none,0,TRUE,ml,fiber tracts,3227_none,ml_left
3227_none_ml_right,0,ml,right,3227,none,0,TRUE,ml,fiber tracts,3227_none,ml_right
3227_none_mlf_left,0,mlf,left,3227,none,0,TRUE,mlf,fiber tracts,3227_none,mlf_left
3227_none_mlf_right,0,mlf,right,3227,none,0,TRUE,mlf,fiber tracts,3227_none,mlf_right
3227_none_moV_left,0,moV,left,3227,none,0,TRUE,moV,fiber tracts,3227_none,moV_left
3227_none_moV_right,0,moV,right,3227,none,0,TRUE,moV,fiber tracts,3227_none,moV_right
3227_none_mtg_left,0,mtg,left,3227,none,0,TRUE,mtg,fiber tracts,3227_none,mtg_left
3227_none_mtg_right,0,mtg,right,3227,none,0,TRUE,mtg,fiber tracts,3227_none,mtg_right
3227_none_mtt_left,19.09114766,mtt,left,3227,none,19.09114766,TRUE,mtt,fiber tracts,3227_none,mtt_left
3227_none_mtt_right,0,mtt,right,3227,none,0,TRUE,mtt,fiber tracts,3227_none,mtt_right
3227_none_nst_left,0,nst,left,3227,none,0,TRUE,nst,fiber tracts,3227_none,nst_left
3227_none_nst_right,0,nst,right,3227,none,0,TRUE,nst,fiber tracts,3227_none,nst_right
3227_none_opt_left,0,opt,left,3227,none,0,TRUE,opt,fiber tracts,3227_none,opt_left
3227_none_opt_right,0,opt,right,3227,none,0,TRUE,opt,fiber tracts,3227_none,opt_right
3227_none_or_left,5.923827215,or,left,3227,none,5.923827215,TRUE,or,fiber tracts,3227_none,or_left
3227_none_or_right,10.81677808,or,right,3227,none,10.81677808,TRUE,or,fiber tracts,3227_none,or_right
3227_none_rust_left,0,rust,left,3227,none,0,TRUE,rust,fiber tracts,3227_none,rust_left
3227_none_rust_right,8.574819815,rust,right,3227,none,8.574819815,TRUE,rust,fiber tracts,3227_none,rust_right
3227_none_sV_left,1.850046741,sV,left,3227,none,1.850046741,TRUE,sV,fiber tracts,3227_none,sV_left
3227_none_sV_right,0,sV,right,3227,none,0,TRUE,sV,fiber tracts,3227_none,sV_right
3227_none_scp_left,0,scp,left,3227,none,0,TRUE,scp,fiber tracts,3227_none,scp_left
3227_none_scp_right,0,scp,right,3227,none,0,TRUE,scp,fiber tracts,3227_none,scp_right
3227_none_sctv_left,0,sctv,left,3227,none,0,TRUE,sctv,fiber tracts,3227_none,sctv_left
3227_none_sctv_right,0,sctv,right,3227,none,0,TRUE,sctv,fiber tracts,3227_none,sctv_right
3227_none_scwm_left,21.28945012,scwm,left,3227,none,21.28945012,TRUE,scwm,fiber tracts,3227_none,scwm_left
3227_none_scwm_right,30.75473429,scwm,right,3227,none,30.75473429,TRUE,scwm,fiber tracts,3227_none,scwm_right
3227_none_sm_left,0,sm,left,3227,none,0,TRUE,sm,fiber tracts,3227_none,sm_left
3227_none_sm_right,0,sm,right,3227,none,0,TRUE,sm,fiber tracts,3227_none,sm_right
3227_none_st_left,35.63323315,st,left,3227,none,35.63323315,TRUE,st,fiber tracts,3227_none,st_left
3227_none_st_right,9.27022074,st,right,3227,none,9.27022074,TRUE,st,fiber tracts,3227_none,st_right
3227_none_stc_left,62.20019077,stc,left,3227,none,62.20019077,TRUE,stc,fiber tracts,3227_none,stc_left
3227_none_stc_right,52.4996658,stc,right,3227,none,52.4996658,TRUE,stc,fiber tracts,3227_none,stc_right
3227_none_sup_left,0,sup,left,3227,none,0,TRUE,sup,fiber tracts,3227_none,sup_left
3227_none_sup_right,0,sup,right,3227,none,0,TRUE,sup,fiber tracts,3227_none,sup_right
3227_none_tb_left,0,tb,left,3227,none,0,TRUE,tb,fiber tracts,3227_none,tb_left
3227_none_tspc_left,0,tspc,left,3227,none,0,TRUE,tspc,fiber tracts,3227_none,tspc_left
3227_none_tspc_right,0,tspc,right,3227,none,0,TRUE,tspc,fiber tracts,3227_none,tspc_right
3228_none_ACAd_left,5.093788078,ACAd,left,3228,none,5.093788078,FALSE,ACA,Isocortex,3228_none,ACAd_left
3228_none_ACAd_right,7.050708032,ACAd,right,3228,none,7.050708032,FALSE,ACA,Isocortex,3228_none,ACAd_right
3228_none_ACAv_left,8.359673122,ACAv,left,3228,none,8.359673122,FALSE,ACA,Isocortex,3228_none,ACAv_left
3228_none_ACAv_right,5.190609031,ACAv,right,3228,none,5.190609031,FALSE,ACA,Isocortex,3228_none,ACAv_right
3228_none_ACB_left,0.701812678,ACB,left,3228,none,0.701812678,FALSE,ACB,STR,3228_none,ACB_left
3228_none_ACB_right,4.745399909,ACB,right,3228,none,4.745399909,FALSE,ACB,STR,3228_none,ACB_right
3228_none_AId_left,9.85334813,AId,left,3228,none,9.85334813,FALSE,AI,Isocortex,3228_none,AId_left
3228_none_AId_right,12.36148281,AId,right,3228,none,12.36148281,FALSE,AI,Isocortex,3228_none,AId_right
3228_none_AIp_right,18.98169814,AIp,right,3228,none,18.98169814,FALSE,AI,Isocortex,3228_none,AIp_right
3228_none_AIv_left,25.75585445,AIv,left,3228,none,25.75585445,FALSE,AI,Isocortex,3228_none,AIv_left
3228_none_AIv_right,37.07248182,AIv,right,3228,none,37.07248182,FALSE,AI,Isocortex,3228_none,AIv_right
3228_none_APr_left,19.33335846,APr,left,3228,none,19.33335846,FALSE,APr,HPF,3228_none,APr_left
3228_none_APr_right,6.001959975,APr,right,3228,none,6.001959975,FALSE,APr,HPF,3228_none,APr_right
3228_none_AQ_left,0,AQ,left,3228,none,0,TRUE,AQ,VS,3228_none,AQ_left
3228_none_AQ_right,0,AQ,right,3228,none,0,TRUE,AQ,VS,3228_none,AQ_right
3228_none_ARH_left,0,ARH,left,3228,none,0,FALSE,ARH,HY,3228_none,ARH_left
3228_none_ARH_right,0,ARH,right,3228,none,0,FALSE,ARH,HY,3228_none,ARH_right
3228_none_AT_left,0,AT,left,3228,none,0,FALSE,AT,MB,3228_none,AT_left
3228_none_AT_right,0,AT,right,3228,none,0,FALSE,AT,MB,3228_none,AT_right
3228_none_AUDd_left,16.84044347,AUDd,left,3228,none,16.84044347,FALSE,AUDd,Isocortex,3228_none,AUDd_left
3228_none_AUDd_right,13.22591924,AUDd,right,3228,none,13.22591924,FALSE,AUDd,Isocortex,3228_none,AUDd_right
3228_none_AUDp_left,19.50517105,AUDp,left,3228,none,19.50517105,FALSE,AUDp,Isocortex,3228_none,AUDp_left
3228_none_AUDv_left,19.46193642,AUDv,left,3228,none,19.46193642,FALSE,AUDv,Isocortex,3228_none,AUDv_left
3228_none_AUDv_right,10.74572399,AUDv,right,3228,none,10.74572399,FALSE,AUDv,Isocortex,3228_none,AUDv_right
3228_none_BLA_left,24.61955392,BLA,left,3228,none,24.61955392,FALSE,BLA,CTXsp,3228_none,BLA_left
3228_none_BLA_right,10.45274018,BLA,right,3228,none,10.45274018,FALSE,BLA,CTXsp,3228_none,BLA_right
3228_none_BMA_left,22.03664913,BMA,left,3228,none,22.03664913,FALSE,BMA,CTXsp,3228_none,BMA_left
3228_none_BMA_right,15.58085572,BMA,right,3228,none,15.58085572,FALSE,BMA,CTXsp,3228_none,BMA_right
3228_none_CA1_left,21.88644523,CA1,left,3228,none,21.88644523,FALSE,CA1,HPF,3228_none,CA1_left
3228_none_CA1_right,18.92739268,CA1,right,3228,none,18.92739268,FALSE,CA1,HPF,3228_none,CA1_right
3228_none_CA2_left,26.95435788,CA2,left,3228,none,26.95435788,FALSE,CA2,HPF,3228_none,CA2_left
3228_none_CA2_right,11.2568008,CA2,right,3228,none,11.2568008,FALSE,CA2,HPF,3228_none,CA2_right
3228_none_CA3_left,11.10024855,CA3,left,3228,none,11.10024855,FALSE,CA3,HPF,3228_none,CA3_left
3228_none_CA3_right,9.395181195,CA3,right,3228,none,9.395181195,FALSE,CA3,HPF,3228_none,CA3_right
3228_none_CB_left,0,CB,left,3228,none,0,FALSE,CB,CB,3228_none,CB_left
3228_none_CB_right,21.80726548,CB,right,3228,none,21.80726548,FALSE,CB,CB,3228_none,CB_right
3228_none_CEA_left,43.5962398,CEA,left,3228,none,43.5962398,FALSE,CEA,STR,3228_none,CEA_left
3228_none_CEA_right,19.86813952,CEA,right,3228,none,19.86813952,FALSE,CEA,STR,3228_none,CEA_right
3228_none_CLA_left,0,CLA,left,3228,none,0,FALSE,CLA,CTXsp,3228_none,CLA_left
3228_none_CLA_right,10.40286907,CLA,right,3228,none,10.40286907,FALSE,CLA,CTXsp,3228_none,CLA_right
3228_none_CL_left,0,CL,left,3228,none,0,FALSE,CL,TH,3228_none,CL_left
3228_none_CL_right,6.400925945,CL,right,3228,none,6.400925945,FALSE,CL,TH,3228_none,CL_right
3228_none_CM_left,0,CM,left,3228,none,0,FALSE,CM,TH,3228_none,CM_left
3228_none_CM_right,0,CM,right,3228,none,0,FALSE,CM,TH,3228_none,CM_right
3228_none_COA_left,16.40145553,COA,left,3228,none,16.40145553,FALSE,COA,OLF,3228_none,COA_left
3228_none_COA_right,6.237565157,COA,right,3228,none,6.237565157,FALSE,COA,OLF,3228_none,COA_right
3228_none_COAp_left,26.83207793,COAp,left,3228,none,26.83207793,FALSE,COA,OLF,3228_none,COAp_left
3228_none_CP_left,1.145779052,CP,left,3228,none,1.145779052,FALSE,CP,STR,3228_none,CP_left
3228_none_CP_right,2.965981127,CP,right,3228,none,2.965981127,FALSE,CP,STR,3228_none,CP_right
3228_none_CS_left,0,CS,left,3228,none,0,FALSE,CS,P,3228_none,CS_left
3228_none_CS_right,1.928533682,CS,right,3228,none,1.928533682,FALSE,CS,P,3228_none,CS_right
3228_none_CTXsp_left,27.07219085,CTXsp,left,3228,none,27.07219085,FALSE,CTXsp,CTXsp,3228_none,CTXsp_left
3228_none_CTXsp_right,0,CTXsp,right,3228,none,0,FALSE,CTXsp,CTXsp,3228_none,CTXsp_right
3228_none_CUN_left,0,CUN,left,3228,none,0,FALSE,CUN,MB,3228_none,CUN_left
3228_none_CUN_right,0,CUN,right,3228,none,0,FALSE,CUN,MB,3228_none,CUN_right
3228_none_DG_left,2.395003909,DG,left,3228,none,2.395003909,FALSE,DG,HPF,3228_none,DG_left
3228_none_DG_right,6.958222402,DG,right,3228,none,6.958222402,FALSE,DG,HPF,3228_none,DG_right
3228_none_DMH_left,1.643190721,DMH,left,3228,none,1.643190721,FALSE,DMH,HY,3228_none,DMH_left
3228_none_DMH_right,1.665547058,DMH,right,3228,none,1.665547058,FALSE,DMH,HY,3228_none,DMH_right
3228_none_DR_left,0,DR,left,3228,none,0,FALSE,DR,MB,3228_none,DR_left
3228_none_DR_right,0,DR,right,3228,none,0,FALSE,DR,MB,3228_none,DR_right
3228_none_ECT_left,12.10344986,ECT,left,3228,none,12.10344986,FALSE,ECT,Isocortex,3228_none,ECT_left
3228_none_ECT_right,4.52539323,ECT,right,3228,none,4.52539323,FALSE,ECT,Isocortex,3228_none,ECT_right
3228_none_ENTl_left,10.96428405,ENTl,left,3228,none,10.96428405,FALSE,ENT,HPF,3228_none,ENTl_left
3228_none_ENTl_right,4.215020514,ENTl,right,3228,none,4.215020514,FALSE,ENT,HPF,3228_none,ENTl_right
3228_none_ENTm_left,3.755864322,ENTm,left,3228,none,3.755864322,FALSE,ENT,HPF,3228_none,ENTm_left
3228_none_ENTm_right,7.143559346,ENTm,right,3228,none,7.143559346,FALSE,ENT,HPF,3228_none,ENTm_right
3228_none_EP_left,5.549583282,EP,left,3228,none,5.549583282,FALSE,EP,CTXsp,3228_none,EP_left
3228_none_EP_right,16.77497561,EP,right,3228,none,16.77497561,FALSE,EP,CTXsp,3228_none,EP_right
3228_none_Eth_left,0,Eth,left,3228,none,0,FALSE,Eth,TH,3228_none,Eth_left
3228_none_Eth_right,0,Eth,right,3228,none,0,FALSE,Eth,TH,3228_none,Eth_right
3228_none_FC_left,0,FC,left,3228,none,0,FALSE,FC,HPF,3228_none,FC_left
3228_none_FC_right,0,FC,right,3228,none,0,FALSE,FC,HPF,3228_none,FC_right
3228_none_GU_left,10.08185345,GU,left,3228,none,10.08185345,FALSE,GU,Isocortex,3228_none,GU_left
3228_none_GU_right,10.71262825,GU,right,3228,none,10.71262825,FALSE,GU,Isocortex,3228_none,GU_right
3228_none_HATA_right,0,HATA,right,3228,none,0,FALSE,HATA,HPF,3228_none,HATA_right
3228_none_HPF_left,0,HPF,left,3228,none,0,FALSE,HPF,HPF,3228_none,HPF_left
3228_none_HPF_right,1.492076059,HPF,right,3228,none,1.492076059,FALSE,HPF,HPF,3228_none,HPF_right
3228_none_HY_left,0.860808495,HY,left,3228,none,0.860808495,FALSE,HY,HY,3228_none,HY_left
3228_none_HY_right,0.749769293,HY,right,3228,none,0.749769293,FALSE,HY,HY,3228_none,HY_right
3228_none_IA_left,16.67250138,IA,left,3228,none,16.67250138,FALSE,IA,STR,3228_none,IA_left
3228_none_IA_right,0,IA,right,3228,none,0,FALSE,IA,STR,3228_none,IA_right
3228_none_IC_left,9.061432445,IC,left,3228,none,9.061432445,FALSE,IC,MB,3228_none,IC_left
3228_none_IC_right,4.922147939,IC,right,3228,none,4.922147939,FALSE,IC,MB,3228_none,IC_right
3228_none_IGL_left,0,IGL,left,3228,none,0,FALSE,IGL,TH,3228_none,IGL_left
3228_none_IG_left,0,IG,left,3228,none,0,FALSE,IG,HPF,3228_none,IG_left
3228_none_IG_right,43.59651979,IG,right,3228,none,43.59651979,FALSE,IG,HPF,3228_none,IG_right
3228_none_IIn_left,0,IIn,left,3228,none,0,TRUE,IIn,fiber tracts,3228_none,IIn_left
3228_none_IIn_right,0,IIn,right,3228,none,0,TRUE,IIn,fiber tracts,3228_none,IIn_right
3228_none_IMD_left,5.4932519,IMD,left,3228,none,5.4932519,FALSE,IMD,TH,3228_none,IMD_left
3228_none_IMD_right,0,IMD,right,3228,none,0,FALSE,IMD,TH,3228_none,IMD_right
3228_none_IV_right,0,IV,right,3228,none,0,FALSE,IV,MB,3228_none,IV_right
3228_none_IVn_left,0,IVn,left,3228,none,0,TRUE,IVn,fiber tracts,3228_none,IVn_left
3228_none_In_left,0,In,left,3228,none,0,TRUE,In,fiber tracts,3228_none,In_left
3228_none_In_right,16.25448291,In,right,3228,none,16.25448291,TRUE,In,fiber tracts,3228_none,In_right
3228_none_LA_left,25.88895489,LA,left,3228,none,25.88895489,FALSE,LA,CTXsp,3228_none,LA_left
3228_none_LA_right,10.65181404,LA,right,3228,none,10.65181404,FALSE,LA,CTXsp,3228_none,LA_right
3228_none_LGd_left,35.87901445,LGd,left,3228,none,35.87901445,FALSE,LGd,TH,3228_none,LGd_left
3228_none_LGd_right,11.98720582,LGd,right,3228,none,11.98720582,FALSE,LGd,TH,3228_none,LGd_right
3228_none_LGv_left,19.20277784,LGv,left,3228,none,19.20277784,FALSE,LGv,TH,3228_none,LGv_left
3228_none_LGv_right,37.6669873,LGv,right,3228,none,37.6669873,FALSE,LGv,TH,3228_none,LGv_right
3228_none_LHA_left,1.082145492,LHA,left,3228,none,1.082145492,FALSE,LHA,HY,3228_none,LHA_left
3228_none_LHA_right,0,LHA,right,3228,none,0,FALSE,LHA,HY,3228_none,LHA_right
3228_none_LH_left,3.013358984,LH,left,3228,none,3.013358984,FALSE,LH,TH,3228_none,LH_left
3228_none_LH_right,2.4121716,LH,right,3228,none,2.4121716,FALSE,LH,TH,3228_none,LH_right
3228_none_LP_left,7.892118587,LP,left,3228,none,7.892118587,FALSE,LP,TH,3228_none,LP_left
3228_none_LP_right,5.088791525,LP,right,3228,none,5.088791525,FALSE,LP,TH,3228_none,LP_right
3228_none_LS_left,14.20616738,LS,left,3228,none,14.20616738,FALSE,LS,STR,3228_none,LS_left
3228_none_LS_right,14.61650676,LS,right,3228,none,14.61650676,FALSE,LS,STR,3228_none,LS_right
3228_none_MB_left,0,MB,left,3228,none,0,FALSE,MB,MB,3228_none,MB_left
3228_none_MB_right,0.786708381,MB,right,3228,none,0.786708381,FALSE,MB,MB,3228_none,MB_right
3228_none_MD_left,10.82944805,MD,left,3228,none,10.82944805,FALSE,MD,TH,3228_none,MD_left
3228_none_MD_right,8.784467749,MD,right,3228,none,8.784467749,FALSE,MD,TH,3228_none,MD_right
3228_none_MEA_left,13.75602005,MEA,left,3228,none,13.75602005,FALSE,MEA,STR,3228_none,MEA_left
3228_none_MEA_right,17.25128019,MEA,right,3228,none,17.25128019,FALSE,MEA,STR,3228_none,MEA_right
3228_none_ME_left,0,ME,left,3228,none,0,FALSE,ME,HY,3228_none,ME_left
3228_none_ME_right,0,ME,right,3228,none,0,FALSE,ME,HY,3228_none,ME_right
3228_none_MH_left,0,MH,left,3228,none,0,FALSE,MH,TH,3228_none,MH_left
3228_none_MH_right,0,MH,right,3228,none,0,FALSE,MH,TH,3228_none,MH_right
3228_none_MOp_left,9.591194353,MOp,left,3228,none,9.591194353,FALSE,MOp,Isocortex,3228_none,MOp_left
3228_none_MOp_right,13.65220145,MOp,right,3228,none,13.65220145,FALSE,MOp,Isocortex,3228_none,MOp_right
3228_none_MOs_left,9.309555359,MOs,left,3228,none,9.309555359,FALSE,MOs,Isocortex,3228_none,MOs_left
3228_none_MOs_right,9.234838528,MOs,right,3228,none,9.234838528,FALSE,MOs,Isocortex,3228_none,MOs_right
3228_none_MRN_left,1.993129738,MRN,left,3228,none,1.993129738,FALSE,MRN,MB,3228_none,MRN_left
3228_none_MRN_right,0.75297331,MRN,right,3228,none,0.75297331,FALSE,MRN,MB,3228_none,MRN_right
3228_none_MS_left,3.004128855,MS,left,3228,none,3.004128855,FALSE,MS,PAL,3228_none,MS_left
3228_none_MS_right,5.063618445,MS,right,3228,none,5.063618445,FALSE,MS,PAL,3228_none,MS_right
3228_none_NDB_left,3.08037578,NDB,left,3228,none,3.08037578,FALSE,NDB,PAL,3228_none,NDB_left
3228_none_NDB_right,0,NDB,right,3228,none,0,FALSE,NDB,PAL,3228_none,NDB_right
3228_none_NLL_left,4.978547243,NLL,left,3228,none,4.978547243,FALSE,NLL,P,3228_none,NLL_left
3228_none_NLL_right,4.00691367,NLL,right,3228,none,4.00691367,FALSE,NLL,P,3228_none,NLL_right
3228_none_OLF_left,2.741498945,OLF,left,3228,none,2.741498945,FALSE,OLF,OLF,3228_none,OLF_left
3228_none_OLF_right,8.903106088,OLF,right,3228,none,8.903106088,FALSE,OLF,OLF,3228_none,OLF_right
3228_none_OT_left,0.607978678,OT,left,3228,none,0.607978678,FALSE,OT,STR,3228_none,OT_left
3228_none_OT_right,0,OT,right,3228,none,0,FALSE,OT,STR,3228_none,OT_right
3228_none_PAA_left,16.78656755,PAA,left,3228,none,16.78656755,FALSE,PAA,OLF,3228_none,PAA_left
3228_none_PAA_right,23.5901974,PAA,right,3228,none,23.5901974,FALSE,PAA,OLF,3228_none,PAA_right
3228_none_PAG_left,0.521818042,PAG,left,3228,none,0.521818042,FALSE,PAG,MB,3228_none,PAG_left
3228_none_PAG_right,1.041580618,PAG,right,3228,none,1.041580618,FALSE,PAG,MB,3228_none,PAG_right
3228_none_PAL_left,8.055318965,PAL,left,3228,none,8.055318965,FALSE,PAL,PAL,3228_none,PAL_left
3228_none_PAL_right,2.754587183,PAL,right,3228,none,2.754587183,FALSE,PAL,PAL,3228_none,PAL_right
3228_none_PALd_right,2.375831446,PALd,right,3228,none,2.375831446,FALSE,PAL,PAL,3228_none,PALd_right
3228_none_PAR_left,18.97883117,PAR,left,3228,none,18.97883117,FALSE,PAR,HPF,3228_none,PAR_left
3228_none_PAR_right,5.894541886,PAR,right,3228,none,5.894541886,FALSE,PAR,HPF,3228_none,PAR_right
3228_none_PBG_right,0,PBG,right,3228,none,0,FALSE,PBG,MB,3228_none,PBG_right
3228_none_PCN_left,4.525393231,PCN,left,3228,none,4.525393231,FALSE,PCN,TH,3228_none,PCN_left
3228_none_PCN_right,14.69012505,PCN,right,3228,none,14.69012505,FALSE,PCN,TH,3228_none,PCN_right
3228_none_PERI_left,13.51943595,PERI,left,3228,none,13.51943595,FALSE,PERI,Isocortex,3228_none,PERI_left
3228_none_PERI_right,12.32584571,PERI,right,3228,none,12.32584571,FALSE,PERI,Isocortex,3228_none,PERI_right
3228_none_PG_left,0,PG,left,3228,none,0,FALSE,PG,P,3228_none,PG_left
3228_none_PG_right,1.664277629,PG,right,3228,none,1.664277629,FALSE,PG,P,3228_none,PG_right
3228_none_PH_left,0,PH,left,3228,none,0,FALSE,PH,HY,3228_none,PH_left
3228_none_PH_right,0,PH,right,3228,none,0,FALSE,PH,HY,3228_none,PH_right
3228_none_PIR_left,11.45335615,PIR,left,3228,none,11.45335615,FALSE,PIR,OLF,3228_none,PIR_left
3228_none_PIR_right,19.75641388,PIR,right,3228,none,19.75641388,FALSE,PIR,OLF,3228_none,PIR_right
3228_none_PO_left,35.12843175,PO,left,3228,none,35.12843175,FALSE,PO,TH,3228_none,PO_left
3228_none_PO_right,29.72816911,PO,right,3228,none,29.72816911,FALSE,PO,TH,3228_none,PO_right
3228_none_PPN_left,2.09623744,PPN,left,3228,none,2.09623744,FALSE,PPN,MB,3228_none,PPN_left
3228_none_PPN_right,0,PPN,right,3228,none,0,FALSE,PPN,MB,3228_none,PPN_right
3228_none_PRC_left,0,PRC,left,3228,none,0,FALSE,PRC,MB,3228_none,PRC_left
3228_none_PRC_right,0,PRC,right,3228,none,0,FALSE,PRC,MB,3228_none,PRC_right
3228_none_PRE_right,7.13431828,PRE,right,3228,none,7.13431828,FALSE,PRE,HPF,3228_none,PRE_right
3228_none_PRNr_left,3.204539798,PRNr,left,3228,none,3.204539798,FALSE,PRNr,P,3228_none,PRNr_left
3228_none_PRNr_right,1.853037552,PRNr,right,3228,none,1.853037552,FALSE,PRNr,P,3228_none,PRNr_right
3228_none_PR_left,0,PR,left,3228,none,0,FALSE,PR,TH,3228_none,PR_left
3228_none_PR_right,0,PR,right,3228,none,0,FALSE,PR,TH,3228_none,PR_right
3228_none_PST_left,0,PST,left,3228,none,0,FALSE,PST,HY,3228_none,PST_left
3228_none_PST_right,0,PST,right,3228,none,0,FALSE,PST,HY,3228_none,PST_right
3228_none_PSV_left,0,PSV,left,3228,none,0,FALSE,PSV,P,3228_none,PSV_left
3228_none_PVT_left,0,PVT,left,3228,none,0,FALSE,PVT,TH,3228_none,PVT_left
3228_none_PVT_right,4.314280483,PVT,right,3228,none,4.314280483,FALSE,PVT,TH,3228_none,PVT_right
3228_none_PVZ_left,0,PVZ,left,3228,none,0,FALSE,PVZ,HY,3228_none,PVZ_left
3228_none_PVZ_right,0,PVZ,right,3228,none,0,FALSE,PVZ,HY,3228_none,PVZ_right
3228_none_P_left,0.847954319,P,left,3228,none,0.847954319,FALSE,P,P,3228_none,P_left
3228_none_P_right,1.172676117,P,right,3228,none,1.172676117,FALSE,P,P,3228_none,P_right
3228_none_Pa4_left,0,Pa4,left,3228,none,0,FALSE,Pa4,MB,3228_none,Pa4_left
3228_none_Pa4_right,0,Pa4,right,3228,none,0,FALSE,Pa4,MB,3228_none,Pa4_right
3228_none_PeF_right,0,PeF,right,3228,none,0,FALSE,PeF,HY,3228_none,PeF_right
3228_none_RE_left,0,RE,left,3228,none,0,FALSE,RE,TH,3228_none,RE_left
3228_none_RE_right,0,RE,right,3228,none,0,FALSE,RE,TH,3228_none,RE_right
3228_none_RSPagl_left,19.78444911,RSPagl,left,3228,none,19.78444911,FALSE,RSP,Isocortex,3228_none,RSPagl_left
3228_none_RSPagl_right,14.87876064,RSPagl,right,3228,none,14.87876064,FALSE,RSP,Isocortex,3228_none,RSPagl_right
3228_none_RSPd_left,21.43843519,RSPd,left,3228,none,21.43843519,FALSE,RSP,Isocortex,3228_none,RSPd_left
3228_none_RSPd_right,14.62675749,RSPd,right,3228,none,14.62675749,FALSE,RSP,Isocortex,3228_none,RSPd_right
3228_none_RSPv_left,24.25400421,RSPv,left,3228,none,24.25400421,FALSE,RSP,Isocortex,3228_none,RSPv_left
3228_none_RSPv_right,42.70358274,RSPv,right,3228,none,42.70358274,FALSE,RSP,Isocortex,3228_none,RSPv_right
3228_none_RT_left,18.87041444,RT,left,3228,none,18.87041444,FALSE,RT,TH,3228_none,RT_left
3228_none_RT_right,26.71156643,RT,right,3228,none,26.71156643,FALSE,RT,TH,3228_none,RT_right
3228_none_SAG_right,0,SAG,right,3228,none,0,FALSE,SAG,MB,3228_none,SAG_right
3228_none_SCm_left,4.101960571,SCm,left,3228,none,4.101960571,FALSE,MBmot,MB,3228_none,SCm_left
3228_none_SCm_right,2.223489546,SCm,right,3228,none,2.223489546,FALSE,MBmot,MB,3228_none,SCm_right
3228_none_SCs_left,4.603180585,SCs,left,3228,none,4.603180585,FALSE,MBsen,MB,3228_none,SCs_left
3228_none_SCs_right,3.391817273,SCs,right,3228,none,3.391817273,FALSE,MBsen,MB,3228_none,SCs_right
3228_none_SEZ_left,0,SEZ,left,3228,none,0,TRUE,SEZ,VS,3228_none,SEZ_left
3228_none_SEZ_right,0,SEZ,right,3228,none,0,TRUE,SEZ,VS,3228_none,SEZ_right
3228_none_SH_left,42.28686947,SH,left,3228,none,42.28686947,FALSE,SH,STR,3228_none,SH_left
3228_none_SH_right,60.50634102,SH,right,3228,none,60.50634102,FALSE,SH,STR,3228_none,SH_right
3228_none_SI_left,2.917471292,SI,left,3228,none,2.917471292,FALSE,SI,PAL,3228_none,SI_left
3228_none_SI_right,4.595445178,SI,right,3228,none,4.595445178,FALSE,SI,PAL,3228_none,SI_right
3228_none_SMT_right,0,SMT,right,3228,none,0,FALSE,SMT,TH,3228_none,SMT_right
3228_none_SSp-bfd_left,23.80285299,SSp-bfd,left,3228,none,23.80285299,FALSE,SSp,Isocortex,3228_none,SSp-bfd_left
3228_none_SSp-bfd_right,28.64250873,SSp-bfd,right,3228,none,28.64250873,FALSE,SSp,Isocortex,3228_none,SSp-bfd_right
3228_none_SSp-m_left,13.45466051,SSp-m,left,3228,none,13.45466051,FALSE,SSp,Isocortex,3228_none,SSp-m_left
3228_none_SSp-m_right,21.31525958,SSp-m,right,3228,none,21.31525958,FALSE,SSp,Isocortex,3228_none,SSp-m_right
3228_none_SSp-ul_left,18.83047534,SSp-ul,left,3228,none,18.83047534,FALSE,SSp,Isocortex,3228_none,SSp-ul_left
3228_none_SSp-ul_right,21.7416482,SSp-ul,right,3228,none,21.7416482,FALSE,SSp,Isocortex,3228_none,SSp-ul_right
3228_none_SSs_left,18.61567934,SSs,left,3228,none,18.61567934,FALSE,SSs,Isocortex,3228_none,SSs_left
3228_none_SSs_right,19.1902181,SSs,right,3228,none,19.1902181,FALSE,SSs,Isocortex,3228_none,SSs_right
3228_none_STN_left,0,STN,left,3228,none,0,FALSE,STN,HY,3228_none,STN_left
3228_none_STN_right,0,STN,right,3228,none,0,FALSE,STN,HY,3228_none,STN_right
3228_none_STR_left,17.73810178,STR,left,3228,none,17.73810178,FALSE,STR,STR,3228_none,STR_left
3228_none_STR_right,10.53487587,STR,right,3228,none,10.53487587,FALSE,STR,STR,3228_none,STR_right
3228_none_SUB_right,4.257627357,SUB,right,3228,none,4.257627357,FALSE,SUB,HPF,3228_none,SUB_right
3228_none_TEa_left,15.19820665,TEa,left,3228,none,15.19820665,FALSE,TEa,Isocortex,3228_none,TEa_left
3228_none_TEa_right,14.24253918,TEa,right,3228,none,14.24253918,FALSE,TEa,Isocortex,3228_none,TEa_right
3228_none_TH_left,16.8852012,TH,left,3228,none,16.8852012,FALSE,TH,TH,3228_none,TH_left
3228_none_TH_right,0,TH,right,3228,none,0,FALSE,TH,TH,3228_none,TH_right
3228_none_TRN_left,1.346766989,TRN,left,3228,none,1.346766989,FALSE,TRN,P,3228_none,TRN_left
3228_none_TRN_right,4.180638033,TRN,right,3228,none,4.180638033,FALSE,TRN,P,3228_none,TRN_right
3228_none_TU_left,0,TU,left,3228,none,0,FALSE,TU,HY,3228_none,TU_left
3228_none_TU_right,0,TU,right,3228,none,0,FALSE,TU,HY,3228_none,TU_right
3228_none_V3_left,0,V3,left,3228,none,0,TRUE,V3,VS,3228_none,V3_left
3228_none_V3_right,0,V3,right,3228,none,0,TRUE,V3,VS,3228_none,V3_right
3228_none_VAL_right,0,VAL,right,3228,none,0,FALSE,VAL,TH,3228_none,VAL_right
3228_none_VISC_right,4.599691003,VISC,right,3228,none,4.599691003,FALSE,VISC,Isocortex,3228_none,VISC_right
3228_none_VISa_left,32.24494751,VISa,left,3228,none,32.24494751,FALSE,VISa,Isocortex,3228_none,VISa_left
3228_none_VISa_right,14.8282536,VISa,right,3228,none,14.8282536,FALSE,VISa,Isocortex,3228_none,VISa_right
3228_none_VISam_left,6.572280151,VISam,left,3228,none,6.572280151,FALSE,VISam,Isocortex,3228_none,VISam_left
3228_none_VISam_right,22.5053106,VISam,right,3228,none,22.5053106,FALSE,VISam,Isocortex,3228_none,VISam_right
3228_none_VISl_right,130.9520636,VISl,right,3228,none,130.9520636,FALSE,VISl,Isocortex,3228_none,VISl_right
3228_none_VISp_left,30.27353865,VISp,left,3228,none,30.27353865,FALSE,VISp,Isocortex,3228_none,VISp_left
3228_none_VISp_right,30.89268848,VISp,right,3228,none,30.89268848,FALSE,VISp,Isocortex,3228_none,VISp_right
3228_none_VISpl_left,21.15449606,VISpl,left,3228,none,21.15449606,FALSE,VISpl,Isocortex,3228_none,VISpl_left
3228_none_VISpl_right,21.12213383,VISpl,right,3228,none,21.12213383,FALSE,VISpl,Isocortex,3228_none,VISpl_right
3228_none_VISpor_left,0,VISpor,left,3228,none,0,FALSE,VISpor,Isocortex,3228_none,VISpor_left
3228_none_VISpor_right,18.78627217,VISpor,right,3228,none,18.78627217,FALSE,VISpor,Isocortex,3228_none,VISpor_right
3228_none_VISrl_left,11.49382622,VISrl,left,3228,none,11.49382622,FALSE,VISrl,Isocortex,3228_none,VISrl_left
3228_none_VISrl_right,9.420861033,VISrl,right,3228,none,9.420861033,FALSE,VISrl,Isocortex,3228_none,VISrl_right
3228_none_VL_left,1.673120737,VL,left,3228,none,1.673120737,TRUE,VL,VS,3228_none,VL_left
3228_none_VL_right,2.381233948,VL,right,3228,none,2.381233948,TRUE,VL,VS,3228_none,VL_right
3228_none_VMH_left,6.177002637,VMH,left,3228,none,6.177002637,FALSE,VMH,HY,3228_none,VMH_left
3228_none_VMH_right,2.937038911,VMH,right,3228,none,2.937038911,FALSE,VMH,HY,3228_none,VMH_right
3228_none_VM_left,3.85996408,VM,left,3228,none,3.85996408,FALSE,VM,TH,3228_none,VM_left
3228_none_VM_right,4.921314923,VM,right,3228,none,4.921314923,FALSE,VM,TH,3228_none,VM_right
3228_none_VPL_left,18.53118469,VPL,left,3228,none,18.53118469,FALSE,VPL,TH,3228_none,VPL_left
3228_none_VPL_right,28.71783057,VPL,right,3228,none,28.71783057,FALSE,VPL,TH,3228_none,VPL_right
3228_none_VPM_left,27.15299476,VPM,left,3228,none,27.15299476,FALSE,VPM,TH,3228_none,VPM_left
3228_none_VPM_right,36.9315436,VPM,right,3228,none,36.9315436,FALSE,VPM,TH,3228_none,VPM_right
3228_none_VP_left,4.630457067,VP,left,3228,none,4.630457067,FALSE,VP,TH,3228_none,VP_left
3228_none_VP_right,0,VP,right,3228,none,0,FALSE,VP,TH,3228_none,VP_right
3228_none_Xi_left,0,Xi,left,3228,none,0,FALSE,Xi,TH,3228_none,Xi_left
3228_none_Xi_right,25.77214921,Xi,right,3228,none,25.77214921,FALSE,Xi,TH,3228_none,Xi_right
3228_none_ZI_left,0,ZI,left,3228,none,0,FALSE,ZI,HY,3228_none,ZI_left
3228_none_ZI_right,6.315804444,ZI,right,3228,none,6.315804444,FALSE,ZI,HY,3228_none,ZI_right
3228_none_alv_left,10.58957951,alv,left,3228,none,10.58957951,TRUE,alv,fiber tracts,3228_none,alv_left
3228_none_alv_right,1.847814471,alv,right,3228,none,1.847814471,TRUE,alv,fiber tracts,3228_none,alv_right
3228_none_amc_left,28.22770035,amc,left,3228,none,28.22770035,TRUE,amc,fiber tracts,3228_none,amc_left
3228_none_amc_right,12.0906379,amc,right,3228,none,12.0906379,TRUE,amc,fiber tracts,3228_none,amc_right
3228_none_ar_left,0,ar,left,3228,none,0,TRUE,ar,fiber tracts,3228_none,ar_left
3228_none_ar_right,0,ar,right,3228,none,0,TRUE,ar,fiber tracts,3228_none,ar_right
3228_none_bic_left,0,bic,left,3228,none,0,TRUE,bic,fiber tracts,3228_none,bic_left
3228_none_bic_right,0,bic,right,3228,none,0,TRUE,bic,fiber tracts,3228_none,bic_right
3228_none_cc_left,18.24938232,cc,left,3228,none,18.24938232,TRUE,cc,fiber tracts,3228_none,cc_left
3228_none_cc_right,0.583861998,cc,right,3228,none,0.583861998,TRUE,cc,fiber tracts,3228_none,cc_right
3228_none_ccg_left,2.700105916,ccg,left,3228,none,2.700105916,TRUE,ccg,fiber tracts,3228_none,ccg_left
3228_none_ccg_right,4.178534648,ccg,right,3228,none,4.178534648,TRUE,ccg,fiber tracts,3228_none,ccg_right
3228_none_chpl_left,0,chpl,left,3228,none,0,TRUE,chpl,VS,3228_none,chpl_left
3228_none_chpl_right,0,chpl,right,3228,none,0,TRUE,chpl,VS,3228_none,chpl_right
3228_none_cing_left,6.808020371,cing,left,3228,none,6.808020371,TRUE,cing,fiber tracts,3228_none,cing_left
3228_none_cing_right,3.369973683,cing,right,3228,none,3.369973683,TRUE,cing,fiber tracts,3228_none,cing_right
3228_none_cst_left,0,cst,left,3228,none,0,TRUE,cst,fiber tracts,3228_none,cst_left
3228_none_cst_right,0,cst,right,3228,none,0,TRUE,cst,fiber tracts,3228_none,cst_right
3228_none_dhc_left,17.99897617,dhc,left,3228,none,17.99897617,TRUE,dhc,fiber tracts,3228_none,dhc_left
3228_none_dhc_right,19.32747093,dhc,right,3228,none,19.32747093,TRUE,dhc,fiber tracts,3228_none,dhc_right
3228_none_dscp_left,0,dscp,left,3228,none,0,TRUE,dscp,fiber tracts,3228_none,dscp_left
3228_none_dscp_right,0,dscp,right,3228,none,0,TRUE,dscp,fiber tracts,3228_none,dscp_right
3228_none_ec_left,0,ec,left,3228,none,0,TRUE,ec,fiber tracts,3228_none,ec_left
3228_none_ec_right,7.892818152,ec,right,3228,none,7.892818152,TRUE,ec,fiber tracts,3228_none,ec_right
3228_none_em_left,0,em,left,3228,none,0,TRUE,em,fiber tracts,3228_none,em_left
3228_none_em_right,38.78908483,em,right,3228,none,38.78908483,TRUE,em,fiber tracts,3228_none,em_right
3228_none_fi_left,0,fi,left,3228,none,0,TRUE,fi,fiber tracts,3228_none,fi_left
3228_none_fi_right,2.906058367,fi,right,3228,none,2.906058367,TRUE,fi,fiber tracts,3228_none,fi_right
3228_none_fiber tracts_left,1.078570121,fiber tracts,left,3228,none,1.078570121,TRUE,fiber tracts,fiber tracts,3228_none,fiber tracts_left
3228_none_fiber tracts_right,4.683460934,fiber tracts,right,3228,none,4.683460934,TRUE,fiber tracts,fiber tracts,3228_none,fiber tracts_right
3228_none_fr_left,0,fr,left,3228,none,0,TRUE,fr,fiber tracts,3228_none,fr_left
3228_none_fr_right,0,fr,right,3228,none,0,TRUE,fr,fiber tracts,3228_none,fr_right
3228_none_fx_left,0,fx,left,3228,none,0,TRUE,fx,fiber tracts,3228_none,fx_left
3228_none_fx_right,0,fx,right,3228,none,0,TRUE,fx,fiber tracts,3228_none,fx_right
3228_none_hbc_left,0,hbc,left,3228,none,0,TRUE,hbc,fiber tracts,3228_none,hbc_left
3228_none_hbc_right,0,hbc,right,3228,none,0,TRUE,hbc,fiber tracts,3228_none,hbc_right
3228_none_int_left,0,int,left,3228,none,0,TRUE,int,fiber tracts,3228_none,int_left
3228_none_int_right,1.951401599,int,right,3228,none,1.951401599,TRUE,int,fiber tracts,3228_none,int_right
3228_none_ll_left,1.155940678,ll,left,3228,none,1.155940678,TRUE,ll,fiber tracts,3228_none,ll_left
3228_none_ll_right,2.489273621,ll,right,3228,none,2.489273621,TRUE,ll,fiber tracts,3228_none,ll_right
3228_none_lotg_left,0,lotg,left,3228,none,0,TRUE,In,fiber tracts,3228_none,lotg_left
3228_none_lotg_right,0,lotg,right,3228,none,0,TRUE,In,fiber tracts,3228_none,lotg_right
3228_none_mcp_left,13.27295382,mcp,left,3228,none,13.27295382,TRUE,mcp,fiber tracts,3228_none,mcp_left
3228_none_mcp_right,0,mcp,right,3228,none,0,TRUE,mcp,fiber tracts,3228_none,mcp_right
3228_none_ml_left,0,ml,left,3228,none,0,TRUE,ml,fiber tracts,3228_none,ml_left
3228_none_ml_right,13.64707656,ml,right,3228,none,13.64707656,TRUE,ml,fiber tracts,3228_none,ml_right
3228_none_mlf_left,0,mlf,left,3228,none,0,TRUE,mlf,fiber tracts,3228_none,mlf_left
3228_none_mlf_right,0,mlf,right,3228,none,0,TRUE,mlf,fiber tracts,3228_none,mlf_right
3228_none_moV_left,0,moV,left,3228,none,0,TRUE,moV,fiber tracts,3228_none,moV_left
3228_none_moV_right,0,moV,right,3228,none,0,TRUE,moV,fiber tracts,3228_none,moV_right
3228_none_mtg_left,0,mtg,left,3228,none,0,TRUE,mtg,fiber tracts,3228_none,mtg_left
3228_none_mtg_right,0,mtg,right,3228,none,0,TRUE,mtg,fiber tracts,3228_none,mtg_right
3228_none_mtt_left,0,mtt,left,3228,none,0,TRUE,mtt,fiber tracts,3228_none,mtt_left
3228_none_mtt_right,0,mtt,right,3228,none,0,TRUE,mtt,fiber tracts,3228_none,mtt_right
3228_none_nst_left,0,nst,left,3228,none,0,TRUE,nst,fiber tracts,3228_none,nst_left
3228_none_nst_right,0,nst,right,3228,none,0,TRUE,nst,fiber tracts,3228_none,nst_right
3228_none_opt_left,13.45249547,opt,left,3228,none,13.45249547,TRUE,opt,fiber tracts,3228_none,opt_left
3228_none_opt_right,2.474824423,opt,right,3228,none,2.474824423,TRUE,opt,fiber tracts,3228_none,opt_right
3228_none_or_left,3.102157993,or,left,3228,none,3.102157993,TRUE,or,fiber tracts,3228_none,or_left
3228_none_or_right,0,or,right,3228,none,0,TRUE,or,fiber tracts,3228_none,or_right
3228_none_rust_left,0,rust,left,3228,none,0,TRUE,rust,fiber tracts,3228_none,rust_left
3228_none_rust_right,0,rust,right,3228,none,0,TRUE,rust,fiber tracts,3228_none,rust_right
3228_none_sV_left,0,sV,left,3228,none,0,TRUE,sV,fiber tracts,3228_none,sV_left
3228_none_sV_right,0,sV,right,3228,none,0,TRUE,sV,fiber tracts,3228_none,sV_right
3228_none_scp_left,0,scp,left,3228,none,0,TRUE,scp,fiber tracts,3228_none,scp_left
3228_none_scp_right,0,scp,right,3228,none,0,TRUE,scp,fiber tracts,3228_none,scp_right
3228_none_sctv_left,0,sctv,left,3228,none,0,TRUE,sctv,fiber tracts,3228_none,sctv_left
3228_none_scwm_left,0,scwm,left,3228,none,0,TRUE,scwm,fiber tracts,3228_none,scwm_left
3228_none_scwm_right,0,scwm,right,3228,none,0,TRUE,scwm,fiber tracts,3228_none,scwm_right
3228_none_st_left,9.987421324,st,left,3228,none,9.987421324,TRUE,st,fiber tracts,3228_none,st_left
3228_none_st_right,34.8427713,st,right,3228,none,34.8427713,TRUE,st,fiber tracts,3228_none,st_right
3228_none_stc_right,32.77008891,stc,right,3228,none,32.77008891,TRUE,stc,fiber tracts,3228_none,stc_right
3228_none_sup_left,0,sup,left,3228,none,0,TRUE,sup,fiber tracts,3228_none,sup_left
3228_none_sup_right,0,sup,right,3228,none,0,TRUE,sup,fiber tracts,3228_none,sup_right
3228_none_tspc_left,0,tspc,left,3228,none,0,TRUE,tspc,fiber tracts,3228_none,tspc_left
3228_none_tspc_right,0,tspc,right,3228,none,0,TRUE,tspc,fiber tracts,3228_none,tspc_right
3282_none_ACAd_left,39.70068198,ACAd,left,3282,none,39.70068198,FALSE,ACA,Isocortex,3282_none,ACAd_left
3282_none_ACAd_right,0,ACAd,right,3282,none,0,FALSE,ACA,Isocortex,3282_none,ACAd_right
3282_none_ACAv_left,19.8878274,ACAv,left,3282,none,19.8878274,FALSE,ACA,Isocortex,3282_none,ACAv_left
3282_none_ACAv_right,0,ACAv,right,3282,none,0,FALSE,ACA,Isocortex,3282_none,ACAv_right
3282_none_ACB_left,7.119991504,ACB,left,3282,none,7.119991504,FALSE,ACB,STR,3282_none,ACB_left
3282_none_ACB_right,2.626119683,ACB,right,3282,none,2.626119683,FALSE,ACB,STR,3282_none,ACB_right
3282_none_AId_left,20.30775619,AId,left,3282,none,20.30775619,FALSE,AI,Isocortex,3282_none,AId_left
3282_none_AId_right,12.87869528,AId,right,3282,none,12.87869528,FALSE,AI,Isocortex,3282_none,AId_right
3282_none_AIp_left,42.82477859,AIp,left,3282,none,42.82477859,FALSE,AI,Isocortex,3282_none,AIp_left
3282_none_AIp_right,18.70543077,AIp,right,3282,none,18.70543077,FALSE,AI,Isocortex,3282_none,AIp_right
3282_none_AIv_left,15.2829757,AIv,left,3282,none,15.2829757,FALSE,AI,Isocortex,3282_none,AIv_left
3282_none_AIv_right,24.52196697,AIv,right,3282,none,24.52196697,FALSE,AI,Isocortex,3282_none,AIv_right
3282_none_APr_left,35.24657873,APr,left,3282,none,35.24657873,FALSE,APr,HPF,3282_none,APr_left
3282_none_APr_right,38.88618666,APr,right,3282,none,38.88618666,FALSE,APr,HPF,3282_none,APr_right
3282_none_AQ_left,0,AQ,left,3282,none,0,TRUE,AQ,VS,3282_none,AQ_left
3282_none_AQ_right,0,AQ,right,3282,none,0,TRUE,AQ,VS,3282_none,AQ_right
3282_none_ARH_right,0,ARH,right,3282,none,0,FALSE,ARH,HY,3282_none,ARH_right
3282_none_AT_right,0,AT,right,3282,none,0,FALSE,AT,MB,3282_none,AT_right
3282_none_AUDd_left,29.66613036,AUDd,left,3282,none,29.66613036,FALSE,AUDd,Isocortex,3282_none,AUDd_left
3282_none_AUDd_right,31.23334256,AUDd,right,3282,none,31.23334256,FALSE,AUDd,Isocortex,3282_none,AUDd_right
3282_none_AUDp_left,30.05697984,AUDp,left,3282,none,30.05697984,FALSE,AUDp,Isocortex,3282_none,AUDp_left
3282_none_AUDp_right,15.80740103,AUDp,right,3282,none,15.80740103,FALSE,AUDp,Isocortex,3282_none,AUDp_right
3282_none_AUDv_left,26.91221851,AUDv,left,3282,none,26.91221851,FALSE,AUDv,Isocortex,3282_none,AUDv_left
3282_none_AUDv_right,21.0088835,AUDv,right,3282,none,21.0088835,FALSE,AUDv,Isocortex,3282_none,AUDv_right
3282_none_AVPV_right,0,AVPV,right,3282,none,0,FALSE,AVPV,HY,3282_none,AVPV_right
3282_none_BLA_left,23.34768988,BLA,left,3282,none,23.34768988,FALSE,BLA,CTXsp,3282_none,BLA_left
3282_none_BLA_right,14.17040981,BLA,right,3282,none,14.17040981,FALSE,BLA,CTXsp,3282_none,BLA_right
3282_none_BMA_left,13.37592459,BMA,left,3282,none,13.37592459,FALSE,BMA,CTXsp,3282_none,BMA_left
3282_none_BMA_right,20.2899282,BMA,right,3282,none,20.2899282,FALSE,BMA,CTXsp,3282_none,BMA_right
3282_none_CA1_left,18.16961917,CA1,left,3282,none,18.16961917,FALSE,CA1,HPF,3282_none,CA1_left
3282_none_CA1_right,22.82559616,CA1,right,3282,none,22.82559616,FALSE,CA1,HPF,3282_none,CA1_right
3282_none_CA2_left,43.29823065,CA2,left,3282,none,43.29823065,FALSE,CA2,HPF,3282_none,CA2_left
3282_none_CA2_right,20.63281819,CA2,right,3282,none,20.63281819,FALSE,CA2,HPF,3282_none,CA2_right
3282_none_CA3_left,12.80294493,CA3,left,3282,none,12.80294493,FALSE,CA3,HPF,3282_none,CA3_left
3282_none_CA3_right,19.34730169,CA3,right,3282,none,19.34730169,FALSE,CA3,HPF,3282_none,CA3_right
3282_none_CB_left,0,CB,left,3282,none,0,FALSE,CB,CB,3282_none,CB_left
3282_none_CB_right,0,CB,right,3282,none,0,FALSE,CB,CB,3282_none,CB_right
3282_none_CEA_left,34.02700339,CEA,left,3282,none,34.02700339,FALSE,CEA,STR,3282_none,CEA_left
3282_none_CEA_right,25.03740964,CEA,right,3282,none,25.03740964,FALSE,CEA,STR,3282_none,CEA_right
3282_none_CLA_left,34.86495813,CLA,left,3282,none,34.86495813,FALSE,CLA,CTXsp,3282_none,CLA_left
3282_none_CLA_right,7.175544025,CLA,right,3282,none,7.175544025,FALSE,CLA,CTXsp,3282_none,CLA_right
3282_none_CLI_right,0,CLI,right,3282,none,0,FALSE,CLI,MB,3282_none,CLI_right
3282_none_CL_left,16.06653875,CL,left,3282,none,16.06653875,FALSE,CL,TH,3282_none,CL_left
3282_none_CL_right,29.82372556,CL,right,3282,none,29.82372556,FALSE,CL,TH,3282_none,CL_right
3282_none_CM_left,0,CM,left,3282,none,0,FALSE,CM,TH,3282_none,CM_left
3282_none_CM_right,7.37215688,CM,right,3282,none,7.37215688,FALSE,CM,TH,3282_none,CM_right
3282_none_COA_left,8.2704449,COA,left,3282,none,8.2704449,FALSE,COA,OLF,3282_none,COA_left
3282_none_COA_right,8.364119905,COA,right,3282,none,8.364119905,FALSE,COA,OLF,3282_none,COA_right
3282_none_COAp_left,5.59194854,COAp,left,3282,none,5.59194854,FALSE,COA,OLF,3282_none,COAp_left
3282_none_COAp_right,0,COAp,right,3282,none,0,FALSE,COA,OLF,3282_none,COAp_right
3282_none_CP_left,4.386796896,CP,left,3282,none,4.386796896,FALSE,CP,STR,3282_none,CP_left
3282_none_CP_right,1.223866137,CP,right,3282,none,1.223866137,FALSE,CP,STR,3282_none,CP_right
3282_none_CS_right,0,CS,right,3282,none,0,FALSE,CS,P,3282_none,CS_right
3282_none_CTXsp_left,5.104473248,CTXsp,left,3282,none,5.104473248,FALSE,CTXsp,CTXsp,3282_none,CTXsp_left
3282_none_CTXsp_right,9.648852385,CTXsp,right,3282,none,9.648852385,FALSE,CTXsp,CTXsp,3282_none,CTXsp_right
3282_none_DG_left,7.561154609,DG,left,3282,none,7.561154609,FALSE,DG,HPF,3282_none,DG_left
3282_none_DG_right,4.379868455,DG,right,3282,none,4.379868455,FALSE,DG,HPF,3282_none,DG_right
3282_none_DMH_left,0,DMH,left,3282,none,0,FALSE,DMH,HY,3282_none,DMH_left
3282_none_DMH_right,1.586112721,DMH,right,3282,none,1.586112721,FALSE,DMH,HY,3282_none,DMH_right
3282_none_DR_left,0,DR,left,3282,none,0,FALSE,DR,MB,3282_none,DR_left
3282_none_DR_right,0,DR,right,3282,none,0,FALSE,DR,MB,3282_none,DR_right
3282_none_ECT_left,7.224724513,ECT,left,3282,none,7.224724513,FALSE,ECT,Isocortex,3282_none,ECT_left
3282_none_ECT_right,16.1711947,ECT,right,3282,none,16.1711947,FALSE,ECT,Isocortex,3282_none,ECT_right
3282_none_ENTl_left,15.44073086,ENTl,left,3282,none,15.44073086,FALSE,ENT,HPF,3282_none,ENTl_left
3282_none_ENTl_right,19.07220158,ENTl,right,3282,none,19.07220158,FALSE,ENT,HPF,3282_none,ENTl_right
3282_none_ENTm_left,12.90540121,ENTm,left,3282,none,12.90540121,FALSE,ENT,HPF,3282_none,ENTm_left
3282_none_ENTm_right,15.05710077,ENTm,right,3282,none,15.05710077,FALSE,ENT,HPF,3282_none,ENTm_right
3282_none_EP_left,17.5394404,EP,left,3282,none,17.5394404,FALSE,EP,CTXsp,3282_none,EP_left
3282_none_EP_right,21.54199308,EP,right,3282,none,21.54199308,FALSE,EP,CTXsp,3282_none,EP_right
3282_none_Eth_left,14.20375165,Eth,left,3282,none,14.20375165,FALSE,Eth,TH,3282_none,Eth_left
3282_none_Eth_right,24.19898429,Eth,right,3282,none,24.19898429,FALSE,Eth,TH,3282_none,Eth_right
3282_none_FC_left,8.633183715,FC,left,3282,none,8.633183715,FALSE,FC,HPF,3282_none,FC_left
3282_none_GU_left,35.2235711,GU,left,3282,none,35.2235711,FALSE,GU,Isocortex,3282_none,GU_left
3282_none_GU_right,18.2154413,GU,right,3282,none,18.2154413,FALSE,GU,Isocortex,3282_none,GU_right
3282_none_HATA_left,0,HATA,left,3282,none,0,FALSE,HATA,HPF,3282_none,HATA_left
3282_none_HATA_right,18.36564166,HATA,right,3282,none,18.36564166,FALSE,HATA,HPF,3282_none,HATA_right
3282_none_HPF_left,6.08519302,HPF,left,3282,none,6.08519302,FALSE,HPF,HPF,3282_none,HPF_left
3282_none_HPF_right,2.081519834,HPF,right,3282,none,2.081519834,FALSE,HPF,HPF,3282_none,HPF_right
3282_none_HY_left,0,HY,left,3282,none,0,FALSE,HY,HY,3282_none,HY_left
3282_none_HY_right,8.023586101,HY,right,3282,none,8.023586101,FALSE,HY,HY,3282_none,HY_right
3282_none_IA_left,37.85319013,IA,left,3282,none,37.85319013,FALSE,IA,STR,3282_none,IA_left
3282_none_IA_right,18.49167668,IA,right,3282,none,18.49167668,FALSE,IA,STR,3282_none,IA_right
3282_none_IC_left,3.873355126,IC,left,3282,none,3.873355126,FALSE,IC,MB,3282_none,IC_left
3282_none_IC_right,8.673672257,IC,right,3282,none,8.673672257,FALSE,IC,MB,3282_none,IC_right
3282_none_IG_left,6.36200437,IG,left,3282,none,6.36200437,FALSE,IG,HPF,3282_none,IG_left
3282_none_IIn_right,4.060853852,IIn,right,3282,none,4.060853852,TRUE,IIn,fiber tracts,3282_none,IIn_right
3282_none_IMD_left,9.648852385,IMD,left,3282,none,9.648852385,FALSE,IMD,TH,3282_none,IMD_left
3282_none_IMD_right,12.07586434,IMD,right,3282,none,12.07586434,FALSE,IMD,TH,3282_none,IMD_right
3282_none_IV_left,0,IV,left,3282,none,0,FALSE,IV,MB,3282_none,IV_left
3282_none_IV_right,0,IV,right,3282,none,0,FALSE,IV,MB,3282_none,IV_right
3282_none_In_left,0,In,left,3282,none,0,TRUE,In,fiber tracts,3282_none,In_left
3282_none_In_right,0,In,right,3282,none,0,TRUE,In,fiber tracts,3282_none,In_right
3282_none_LA_left,28.03200877,LA,left,3282,none,28.03200877,FALSE,LA,CTXsp,3282_none,LA_left
3282_none_LA_right,46.36278898,LA,right,3282,none,46.36278898,FALSE,LA,CTXsp,3282_none,LA_right
3282_none_LGd_left,22.15634845,LGd,left,3282,none,22.15634845,FALSE,LGd,TH,3282_none,LGd_left
3282_none_LGd_right,31.86773596,LGd,right,3282,none,31.86773596,FALSE,LGd,TH,3282_none,LGd_right
3282_none_LGv_left,39.60952295,LGv,left,3282,none,39.60952295,FALSE,LGv,TH,3282_none,LGv_left
3282_none_LGv_right,15.80740103,LGv,right,3282,none,15.80740103,FALSE,LGv,TH,3282_none,LGv_right
3282_none_LHA_left,0,LHA,left,3282,none,0,FALSE,LHA,HY,3282_none,LHA_left
3282_none_LHA_right,0,LHA,right,3282,none,0,FALSE,LHA,HY,3282_none,LHA_right
3282_none_LH_left,7.70900478,LH,left,3282,none,7.70900478,FALSE,LH,TH,3282_none,LH_left
3282_none_LH_right,6.004055647,LH,right,3282,none,6.004055647,FALSE,LH,TH,3282_none,LH_right
3282_none_LPO_left,0,LPO,left,3282,none,0,FALSE,LPO,HY,3282_none,LPO_left
3282_none_LPO_right,0,LPO,right,3282,none,0,FALSE,LPO,HY,3282_none,LPO_right
3282_none_LP_left,14.68809286,LP,left,3282,none,14.68809286,FALSE,LP,TH,3282_none,LP_left
3282_none_LP_right,15.58655789,LP,right,3282,none,15.58655789,FALSE,LP,TH,3282_none,LP_right
3282_none_LS_left,23.00002624,LS,left,3282,none,23.00002624,FALSE,LS,STR,3282_none,LS_left
3282_none_LS_right,12.85511667,LS,right,3282,none,12.85511667,FALSE,LS,STR,3282_none,LS_right
3282_none_MB_left,3.606752879,MB,left,3282,none,3.606752879,FALSE,MB,MB,3282_none,MB_left
3282_none_MB_right,0.552922708,MB,right,3282,none,0.552922708,FALSE,MB,MB,3282_none,MB_right
3282_none_MD_left,23.55259804,MD,left,3282,none,23.55259804,FALSE,MD,TH,3282_none,MD_left
3282_none_MD_right,14.5846784,MD,right,3282,none,14.5846784,FALSE,MD,TH,3282_none,MD_right
3282_none_MEA_left,15.87647352,MEA,left,3282,none,15.87647352,FALSE,MEA,STR,3282_none,MEA_left
3282_none_MEA_right,6.350217805,MEA,right,3282,none,6.350217805,FALSE,MEA,STR,3282_none,MEA_right
3282_none_ME_right,0,ME,right,3282,none,0,FALSE,ME,HY,3282_none,ME_right
3282_none_MH_left,0,MH,left,3282,none,0,FALSE,MH,TH,3282_none,MH_left
3282_none_MH_right,0,MH,right,3282,none,0,FALSE,MH,TH,3282_none,MH_right
3282_none_MOp_left,30.26211526,MOp,left,3282,none,30.26211526,FALSE,MOp,Isocortex,3282_none,MOp_left
3282_none_MOp_right,22.63028911,MOp,right,3282,none,22.63028911,FALSE,MOp,Isocortex,3282_none,MOp_right
3282_none_MOs_left,17.51537147,MOs,left,3282,none,17.51537147,FALSE,MOs,Isocortex,3282_none,MOs_left
3282_none_MOs_right,31.52331313,MOs,right,3282,none,31.52331313,FALSE,MOs,Isocortex,3282_none,MOs_right
3282_none_MRN_left,0,MRN,left,3282,none,0,FALSE,MRN,MB,3282_none,MRN_left
3282_none_MRN_right,1.660791102,MRN,right,3282,none,1.660791102,FALSE,MRN,MB,3282_none,MRN_right
3282_none_MS_left,12.02702521,MS,left,3282,none,12.02702521,FALSE,MS,PAL,3282_none,MS_left
3282_none_MS_right,8.513710243,MS,right,3282,none,8.513710243,FALSE,MS,PAL,3282_none,MS_right
3282_none_NDB_left,0,NDB,left,3282,none,0,FALSE,NDB,PAL,3282_none,NDB_left
3282_none_NDB_right,0.96102785,NDB,right,3282,none,0.96102785,FALSE,NDB,PAL,3282_none,NDB_right
3282_none_NLL_left,2.091137417,NLL,left,3282,none,2.091137417,FALSE,NLL,P,3282_none,NLL_left
3282_none_NLL_right,1.088026105,NLL,right,3282,none,1.088026105,FALSE,NLL,P,3282_none,NLL_right
3282_none_OLF_left,10.01014673,OLF,left,3282,none,10.01014673,FALSE,OLF,OLF,3282_none,OLF_left
3282_none_OLF_right,35.76700755,OLF,right,3282,none,35.76700755,FALSE,OLF,OLF,3282_none,OLF_right
3282_none_OT_left,0.715997886,OT,left,3282,none,0.715997886,FALSE,OT,STR,3282_none,OT_left
3282_none_OT_right,0.734043792,OT,right,3282,none,0.734043792,FALSE,OT,STR,3282_none,OT_right
3282_none_PAA_left,34.77740832,PAA,left,3282,none,34.77740832,FALSE,PAA,OLF,3282_none,PAA_left
3282_none_PAA_right,21.18291483,PAA,right,3282,none,21.18291483,FALSE,PAA,OLF,3282_none,PAA_right
3282_none_PAG_left,0.528540739,PAG,left,3282,none,0.528540739,FALSE,PAG,MB,3282_none,PAG_left
3282_none_PAG_right,0,PAG,right,3282,none,0,FALSE,PAG,MB,3282_none,PAG_right
3282_none_PAL_left,1.376487168,PAL,left,3282,none,1.376487168,FALSE,PAL,PAL,3282_none,PAL_left
3282_none_PAL_right,0,PAL,right,3282,none,0,FALSE,PAL,PAL,3282_none,PAL_right
3282_none_PALd_left,0,PALd,left,3282,none,0,FALSE,PAL,PAL,3282_none,PALd_left
3282_none_PALd_right,2.543108381,PALd,right,3282,none,2.543108381,FALSE,PAL,PAL,3282_none,PALd_right
3282_none_PAR_left,11.69766773,PAR,left,3282,none,11.69766773,FALSE,PAR,HPF,3282_none,PAR_left
3282_none_PAR_right,9.102757353,PAR,right,3282,none,9.102757353,FALSE,PAR,HPF,3282_none,PAR_right
3282_none_PBG_left,0,PBG,left,3282,none,0,FALSE,PBG,MB,3282_none,PBG_left
3282_none_PBG_right,0,PBG,right,3282,none,0,FALSE,PBG,MB,3282_none,PBG_right
3282_none_PCN_left,30.52818398,PCN,left,3282,none,30.52818398,FALSE,PCN,TH,3282_none,PCN_left
3282_none_PCN_right,68.14492302,PCN,right,3282,none,68.14492302,FALSE,PCN,TH,3282_none,PCN_right
3282_none_PERI_left,16.48520376,PERI,left,3282,none,16.48520376,FALSE,PERI,Isocortex,3282_none,PERI_left
3282_none_PERI_right,42.72467181,PERI,right,3282,none,42.72467181,FALSE,PERI,Isocortex,3282_none,PERI_right
3282_none_PG_left,0,PG,left,3282,none,0,FALSE,PG,P,3282_none,PG_left
3282_none_PG_right,8.177612013,PG,right,3282,none,8.177612013,FALSE,PG,P,3282_none,PG_right
3282_none_PH_left,0,PH,left,3282,none,0,FALSE,PH,HY,3282_none,PH_left
3282_none_PH_right,0,PH,right,3282,none,0,FALSE,PH,HY,3282_none,PH_right
3282_none_PIR_left,21.5512369,PIR,left,3282,none,21.5512369,FALSE,PIR,OLF,3282_none,PIR_left
3282_none_PIR_right,16.16687167,PIR,right,3282,none,16.16687167,FALSE,PIR,OLF,3282_none,PIR_right
3282_none_POST_left,23.78912959,POST,left,3282,none,23.78912959,FALSE,POST,HPF,3282_none,POST_left
3282_none_POST_right,9.513733295,POST,right,3282,none,9.513733295,FALSE,POST,HPF,3282_none,POST_right
3282_none_PO_left,35.53090181,PO,left,3282,none,35.53090181,FALSE,PO,TH,3282_none,PO_left
3282_none_PO_right,36.24888086,PO,right,3282,none,36.24888086,FALSE,PO,TH,3282_none,PO_right
3282_none_PPN_left,2.79963981,PPN,left,3282,none,2.79963981,FALSE,PPN,MB,3282_none,PPN_left
3282_none_PPN_right,0,PPN,right,3282,none,0,FALSE,PPN,MB,3282_none,PPN_right
3282_none_PRE_left,27.22331407,PRE,left,3282,none,27.22331407,FALSE,PRE,HPF,3282_none,PRE_left
3282_none_PRE_right,9.767144897,PRE,right,3282,none,9.767144897,FALSE,PRE,HPF,3282_none,PRE_right
3282_none_PRNr_left,1.208265899,PRNr,left,3282,none,1.208265899,FALSE,PRNr,P,3282_none,PRNr_left
3282_none_PRNr_right,1.426213481,PRNr,right,3282,none,1.426213481,FALSE,PRNr,P,3282_none,PRNr_right
3282_none_PR_left,0,PR,left,3282,none,0,FALSE,PR,TH,3282_none,PR_left
3282_none_PR_right,0,PR,right,3282,none,0,FALSE,PR,TH,3282_none,PR_right
3282_none_PST_left,0,PST,left,3282,none,0,FALSE,PST,HY,3282_none,PST_left
3282_none_PST_right,0,PST,right,3282,none,0,FALSE,PST,HY,3282_none,PST_right
3282_none_PVT_left,3.195399167,PVT,left,3282,none,3.195399167,FALSE,PVT,TH,3282_none,PVT_left
3282_none_PVT_right,0,PVT,right,3282,none,0,FALSE,PVT,TH,3282_none,PVT_right
3282_none_PVZ_right,0,PVZ,right,3282,none,0,FALSE,PVZ,HY,3282_none,PVZ_right
3282_none_P_left,0,P,left,3282,none,0,FALSE,P,P,3282_none,P_left
3282_none_P_right,1.49238338,P,right,3282,none,1.49238338,FALSE,P,P,3282_none,P_right
3282_none_Pa4_left,0,Pa4,left,3282,none,0,FALSE,Pa4,MB,3282_none,Pa4_left
3282_none_Pa4_right,0,Pa4,right,3282,none,0,FALSE,Pa4,MB,3282_none,Pa4_right
3282_none_PeF_left,0,PeF,left,3282,none,0,FALSE,PeF,HY,3282_none,PeF_left
3282_none_RE_right,0,RE,right,3282,none,0,FALSE,RE,TH,3282_none,RE_right
3282_none_RH_left,0,RH,left,3282,none,0,FALSE,RH,TH,3282_none,RH_left
3282_none_RH_right,0,RH,right,3282,none,0,FALSE,RH,TH,3282_none,RH_right
3282_none_RSPagl_left,24.37933589,RSPagl,left,3282,none,24.37933589,FALSE,RSP,Isocortex,3282_none,RSPagl_left
3282_none_RSPagl_right,25.35655184,RSPagl,right,3282,none,25.35655184,FALSE,RSP,Isocortex,3282_none,RSPagl_right
3282_none_RSPd_left,33.45887411,RSPd,left,3282,none,33.45887411,FALSE,RSP,Isocortex,3282_none,RSPd_left
3282_none_RSPd_right,22.57832683,RSPd,right,3282,none,22.57832683,FALSE,RSP,Isocortex,3282_none,RSPd_right
3282_none_RSPv_left,35.29642387,RSPv,left,3282,none,35.29642387,FALSE,RSP,Isocortex,3282_none,RSPv_left
3282_none_RT_left,24.15717328,RT,left,3282,none,24.15717328,FALSE,RT,TH,3282_none,RT_left
3282_none_RT_right,31.43727947,RT,right,3282,none,31.43727947,FALSE,RT,TH,3282_none,RT_right
3282_none_SAG_left,0,SAG,left,3282,none,0,FALSE,SAG,MB,3282_none,SAG_left
3282_none_SAG_right,0,SAG,right,3282,none,0,FALSE,SAG,MB,3282_none,SAG_right
3282_none_SCm_left,3.498664733,SCm,left,3282,none,3.498664733,FALSE,MBmot,MB,3282_none,SCm_left
3282_none_SCm_right,1.61099686,SCm,right,3282,none,1.61099686,FALSE,MBmot,MB,3282_none,SCm_right
3282_none_SCs_left,1.093192956,SCs,left,3282,none,1.093192956,FALSE,MBsen,MB,3282_none,SCs_left
3282_none_SCs_right,1.05696827,SCs,right,3282,none,1.05696827,FALSE,MBsen,MB,3282_none,SCs_right
3282_none_SEZ_left,0,SEZ,left,3282,none,0,TRUE,SEZ,VS,3282_none,SEZ_left
3282_none_SEZ_right,0,SEZ,right,3282,none,0,TRUE,SEZ,VS,3282_none,SEZ_right
3282_none_SI_left,3.678669616,SI,left,3282,none,3.678669616,FALSE,SI,PAL,3282_none,SI_left
3282_none_SI_right,1.587641004,SI,right,3282,none,1.587641004,FALSE,SI,PAL,3282_none,SI_right
3282_none_SMT_left,61.51143395,SMT,left,3282,none,61.51143395,FALSE,SMT,TH,3282_none,SMT_left
3282_none_SMT_right,0,SMT,right,3282,none,0,FALSE,SMT,TH,3282_none,SMT_right
3282_none_SSp-bfd_left,26.36711413,SSp-bfd,left,3282,none,26.36711413,FALSE,SSp,Isocortex,3282_none,SSp-bfd_left
3282_none_SSp-bfd_right,30.78789349,SSp-bfd,right,3282,none,30.78789349,FALSE,SSp,Isocortex,3282_none,SSp-bfd_right
3282_none_SSp-m_left,33.87338783,SSp-m,left,3282,none,33.87338783,FALSE,SSp,Isocortex,3282_none,SSp-m_left
3282_none_SSp-m_right,36.78273475,SSp-m,right,3282,none,36.78273475,FALSE,SSp,Isocortex,3282_none,SSp-m_right
3282_none_SSp-tr_right,0,SSp-tr,right,3282,none,0,FALSE,SSp,Isocortex,3282_none,SSp-tr_right
3282_none_SSp-ul_left,45.88958787,SSp-ul,left,3282,none,45.88958787,FALSE,SSp,Isocortex,3282_none,SSp-ul_left
3282_none_SSp-ul_right,35.66683328,SSp-ul,right,3282,none,35.66683328,FALSE,SSp,Isocortex,3282_none,SSp-ul_right
3282_none_SSs_left,33.65891473,SSs,left,3282,none,33.65891473,FALSE,SSs,Isocortex,3282_none,SSs_left
3282_none_SSs_right,25.93300196,SSs,right,3282,none,25.93300196,FALSE,SSs,Isocortex,3282_none,SSs_right
3282_none_STN_left,0,STN,left,3282,none,0,FALSE,STN,HY,3282_none,STN_left
3282_none_STN_right,0,STN,right,3282,none,0,FALSE,STN,HY,3282_none,STN_right
3282_none_STR_left,19.8677491,STR,left,3282,none,19.8677491,FALSE,STR,STR,3282_none,STR_left
3282_none_STR_right,17.91144883,STR,right,3282,none,17.91144883,FALSE,STR,STR,3282_none,STR_right
3282_none_SUB_left,5.745039087,SUB,left,3282,none,5.745039087,FALSE,SUB,HPF,3282_none,SUB_left
3282_none_SUB_right,0,SUB,right,3282,none,0,FALSE,SUB,HPF,3282_none,SUB_right
3282_none_Su3_left,0,Su3,left,3282,none,0,FALSE,Su3,MB,3282_none,Su3_left
3282_none_TEa_left,10.04413693,TEa,left,3282,none,10.04413693,FALSE,TEa,Isocortex,3282_none,TEa_left
3282_none_TEa_right,8.608979018,TEa,right,3282,none,8.608979018,FALSE,TEa,Isocortex,3282_none,TEa_right
3282_none_TH_left,6.9308658,TH,left,3282,none,6.9308658,FALSE,TH,TH,3282_none,TH_left
3282_none_TH_right,0,TH,right,3282,none,0,FALSE,TH,TH,3282_none,TH_right
3282_none_TRN_left,0,TRN,left,3282,none,0,FALSE,TRN,P,3282_none,TRN_left
3282_none_TRN_right,1.763025794,TRN,right,3282,none,1.763025794,FALSE,TRN,P,3282_none,TRN_right
3282_none_TU_left,0,TU,left,3282,none,0,FALSE,TU,HY,3282_none,TU_left
3282_none_TU_right,2.828452709,TU,right,3282,none,2.828452709,FALSE,TU,HY,3282_none,TU_right
3282_none_V3_left,0,V3,left,3282,none,0,TRUE,V3,VS,3282_none,V3_left
3282_none_V3_right,0,V3,right,3282,none,0,TRUE,V3,VS,3282_none,V3_right
3282_none_VAL_left,0,VAL,left,3282,none,0,FALSE,VAL,TH,3282_none,VAL_left
3282_none_VAL_right,31.24390296,VAL,right,3282,none,31.24390296,FALSE,VAL,TH,3282_none,VAL_right
3282_none_VISC_left,0,VISC,left,3282,none,0,FALSE,VISC,Isocortex,3282_none,VISC_left
3282_none_VISC_right,21.42278173,VISC,right,3282,none,21.42278173,FALSE,VISC,Isocortex,3282_none,VISC_right
3282_none_VISa_left,21.15047928,VISa,left,3282,none,21.15047928,FALSE,VISa,Isocortex,3282_none,VISa_left
3282_none_VISa_right,24.28197233,VISa,right,3282,none,24.28197233,FALSE,VISa,Isocortex,3282_none,VISa_right
3282_none_VISam_left,11.05321478,VISam,left,3282,none,11.05321478,FALSE,VISam,Isocortex,3282_none,VISam_left
3282_none_VISam_right,18.71588502,VISam,right,3282,none,18.71588502,FALSE,VISam,Isocortex,3282_none,VISam_right
3282_none_VISl_left,9.895409834,VISl,left,3282,none,9.895409834,FALSE,VISl,Isocortex,3282_none,VISl_left
3282_none_VISl_right,38.39520678,VISl,right,3282,none,38.39520678,FALSE,VISl,Isocortex,3282_none,VISl_right
3282_none_VISp_left,38.68560761,VISp,left,3282,none,38.68560761,FALSE,VISp,Isocortex,3282_none,VISp_left
3282_none_VISp_right,35.09881326,VISp,right,3282,none,35.09881326,FALSE,VISp,Isocortex,3282_none,VISp_right
3282_none_VISpl_left,19.37188023,VISpl,left,3282,none,19.37188023,FALSE,VISpl,Isocortex,3282_none,VISpl_left
3282_none_VISpl_right,10.29215152,VISpl,right,3282,none,10.29215152,FALSE,VISpl,Isocortex,3282_none,VISpl_right
3282_none_VISpor_left,26.50284942,VISpor,left,3282,none,26.50284942,FALSE,VISpor,Isocortex,3282_none,VISpor_left
3282_none_VISpor_right,18.51290232,VISpor,right,3282,none,18.51290232,FALSE,VISpor,Isocortex,3282_none,VISpor_right
3282_none_VISrl_left,25.13395584,VISrl,left,3282,none,25.13395584,FALSE,VISrl,Isocortex,3282_none,VISrl_left
3282_none_VISrl_right,20.88565385,VISrl,right,3282,none,20.88565385,FALSE,VISrl,Isocortex,3282_none,VISrl_right
3282_none_VL_left,1.765457025,VL,left,3282,none,1.765457025,TRUE,VL,VS,3282_none,VL_left
3282_none_VL_right,0.826950308,VL,right,3282,none,0.826950308,TRUE,VL,VS,3282_none,VL_right
3282_none_VMH_right,6.7220306,VMH,right,3282,none,6.7220306,FALSE,VMH,HY,3282_none,VMH_right
3282_none_VM_left,9.109431495,VM,left,3282,none,9.109431495,FALSE,VM,TH,3282_none,VM_left
3282_none_VM_right,17.276306,VM,right,3282,none,17.276306,FALSE,VM,TH,3282_none,VM_right
3282_none_VPL_left,42.16345492,VPL,left,3282,none,42.16345492,FALSE,VPL,TH,3282_none,VPL_left
3282_none_VPL_right,62.84127526,VPL,right,3282,none,62.84127526,FALSE,VPL,TH,3282_none,VPL_right
3282_none_VPM_left,51.26698583,VPM,left,3282,none,51.26698583,FALSE,VPM,TH,3282_none,VPM_left
3282_none_VPM_right,49.27159863,VPM,right,3282,none,49.27159863,FALSE,VPM,TH,3282_none,VPM_right
3282_none_VP_left,35.14939083,VP,left,3282,none,35.14939083,FALSE,VP,TH,3282_none,VP_left
3282_none_VP_right,0,VP,right,3282,none,0,FALSE,VP,TH,3282_none,VP_right
3282_none_Xi_right,20.71964091,Xi,right,3282,none,20.71964091,FALSE,Xi,TH,3282_none,Xi_right
3282_none_ZI_left,1.802532863,ZI,left,3282,none,1.802532863,FALSE,ZI,HY,3282_none,ZI_left
3282_none_ZI_right,0,ZI,right,3282,none,0,FALSE,ZI,HY,3282_none,ZI_right
3282_none_alv_left,6.378702203,alv,left,3282,none,6.378702203,TRUE,alv,fiber tracts,3282_none,alv_left
3282_none_alv_right,8.28031507,alv,right,3282,none,8.28031507,TRUE,alv,fiber tracts,3282_none,alv_right
3282_none_amc_left,0,amc,left,3282,none,0,TRUE,amc,fiber tracts,3282_none,amc_left
3282_none_amc_right,19.29464827,amc,right,3282,none,19.29464827,TRUE,amc,fiber tracts,3282_none,amc_right
3282_none_ar_left,0,ar,left,3282,none,0,TRUE,ar,fiber tracts,3282_none,ar_left
3282_none_ar_right,9.038398094,ar,right,3282,none,9.038398094,TRUE,ar,fiber tracts,3282_none,ar_right
3282_none_bic_left,0,bic,left,3282,none,0,TRUE,bic,fiber tracts,3282_none,bic_left
3282_none_bic_right,0,bic,right,3282,none,0,TRUE,bic,fiber tracts,3282_none,bic_right
3282_none_cc_left,10.18046822,cc,left,3282,none,10.18046822,TRUE,cc,fiber tracts,3282_none,cc_left
3282_none_cc_right,13.95987727,cc,right,3282,none,13.95987727,TRUE,cc,fiber tracts,3282_none,cc_right
3282_none_ccg_left,8.233194912,ccg,left,3282,none,8.233194912,TRUE,ccg,fiber tracts,3282_none,ccg_left
3282_none_ccg_right,6.023006567,ccg,right,3282,none,6.023006567,TRUE,ccg,fiber tracts,3282_none,ccg_right
3282_none_chpl_left,0,chpl,left,3282,none,0,TRUE,chpl,VS,3282_none,chpl_left
3282_none_chpl_right,0,chpl,right,3282,none,0,TRUE,chpl,VS,3282_none,chpl_right
3282_none_cing_left,13.10815061,cing,left,3282,none,13.10815061,TRUE,cing,fiber tracts,3282_none,cing_left
3282_none_cing_right,0,cing,right,3282,none,0,TRUE,cing,fiber tracts,3282_none,cing_right
3282_none_cst_right,19.80045742,cst,right,3282,none,19.80045742,TRUE,cst,fiber tracts,3282_none,cst_right
3282_none_dhc_left,27.51593375,dhc,left,3282,none,27.51593375,TRUE,dhc,fiber tracts,3282_none,dhc_left
3282_none_dhc_right,0,dhc,right,3282,none,0,TRUE,dhc,fiber tracts,3282_none,dhc_right
3282_none_dscp_right,0,dscp,right,3282,none,0,TRUE,dscp,fiber tracts,3282_none,dscp_right
3282_none_ec_left,4.190572998,ec,left,3282,none,4.190572998,TRUE,ec,fiber tracts,3282_none,ec_left
3282_none_ec_right,12.19686337,ec,right,3282,none,12.19686337,TRUE,ec,fiber tracts,3282_none,ec_right
3282_none_em_left,16.06653875,em,left,3282,none,16.06653875,TRUE,em,fiber tracts,3282_none,em_left
3282_none_em_right,15.07782867,em,right,3282,none,15.07782867,TRUE,em,fiber tracts,3282_none,em_right
3282_none_fi_left,0,fi,left,3282,none,0,TRUE,fi,fiber tracts,3282_none,fi_left
3282_none_fi_right,5.730228509,fi,right,3282,none,5.730228509,TRUE,fi,fiber tracts,3282_none,fi_right
3282_none_fiber tracts_left,7.880630621,fiber tracts,left,3282,none,7.880630621,TRUE,fiber tracts,fiber tracts,3282_none,fiber tracts_left
3282_none_fiber tracts_right,13.22243968,fiber tracts,right,3282,none,13.22243968,TRUE,fiber tracts,fiber tracts,3282_none,fiber tracts_right
3282_none_fr_left,0,fr,left,3282,none,0,TRUE,fr,fiber tracts,3282_none,fr_left
3282_none_fr_right,0,fr,right,3282,none,0,TRUE,fr,fiber tracts,3282_none,fr_right
3282_none_fx_left,0,fx,left,3282,none,0,TRUE,fx,fiber tracts,3282_none,fx_left
3282_none_fx_right,0,fx,right,3282,none,0,TRUE,fx,fiber tracts,3282_none,fx_right
3282_none_hbc_left,0,hbc,left,3282,none,0,TRUE,hbc,fiber tracts,3282_none,hbc_left
3282_none_hbc_right,0,hbc,right,3282,none,0,TRUE,hbc,fiber tracts,3282_none,hbc_right
3282_none_int_left,0,int,left,3282,none,0,TRUE,int,fiber tracts,3282_none,int_left
3282_none_int_right,2.012503631,int,right,3282,none,2.012503631,TRUE,int,fiber tracts,3282_none,int_right
3282_none_ll_left,2.848306553,ll,left,3282,none,2.848306553,TRUE,ll,fiber tracts,3282_none,ll_left
3282_none_ll_right,5.001601485,ll,right,3282,none,5.001601485,TRUE,ll,fiber tracts,3282_none,ll_right
3282_none_lotg_left,0,lotg,left,3282,none,0,TRUE,In,fiber tracts,3282_none,lotg_left
3282_none_lotg_right,0,lotg,right,3282,none,0,TRUE,In,fiber tracts,3282_none,lotg_right
3282_none_mcp_left,0,mcp,left,3282,none,0,TRUE,mcp,fiber tracts,3282_none,mcp_left
3282_none_mcp_right,0,mcp,right,3282,none,0,TRUE,mcp,fiber tracts,3282_none,mcp_right
3282_none_ml_right,0,ml,right,3282,none,0,TRUE,ml,fiber tracts,3282_none,ml_right
3282_none_mlf_right,0,mlf,right,3282,none,0,TRUE,mlf,fiber tracts,3282_none,mlf_right
3282_none_moV_left,14.90737066,moV,left,3282,none,14.90737066,TRUE,moV,fiber tracts,3282_none,moV_left
3282_none_moV_right,0,moV,right,3282,none,0,TRUE,moV,fiber tracts,3282_none,moV_right
3282_none_mtg_right,0,mtg,right,3282,none,0,TRUE,mtg,fiber tracts,3282_none,mtg_right
3282_none_mtt_left,0,mtt,left,3282,none,0,TRUE,mtt,fiber tracts,3282_none,mtt_left
3282_none_mtt_right,0,mtt,right,3282,none,0,TRUE,mtt,fiber tracts,3282_none,mtt_right
3282_none_nst_left,0,nst,left,3282,none,0,TRUE,nst,fiber tracts,3282_none,nst_left
3282_none_nst_right,0,nst,right,3282,none,0,TRUE,nst,fiber tracts,3282_none,nst_right
3282_none_opt_left,14.49947013,opt,left,3282,none,14.49947013,TRUE,opt,fiber tracts,3282_none,opt_left
3282_none_opt_right,0,opt,right,3282,none,0,TRUE,opt,fiber tracts,3282_none,opt_right
3282_none_or_left,5.817641772,or,left,3282,none,5.817641772,TRUE,or,fiber tracts,3282_none,or_left
3282_none_or_right,7.996504956,or,right,3282,none,7.996504956,TRUE,or,fiber tracts,3282_none,or_right
3282_none_rust_left,0,rust,left,3282,none,0,TRUE,rust,fiber tracts,3282_none,rust_left
3282_none_rust_right,0,rust,right,3282,none,0,TRUE,rust,fiber tracts,3282_none,rust_right
3282_none_sV_left,0,sV,left,3282,none,0,TRUE,sV,fiber tracts,3282_none,sV_left
3282_none_sV_right,0,sV,right,3282,none,0,TRUE,sV,fiber tracts,3282_none,sV_right
3282_none_scp_left,0,scp,left,3282,none,0,TRUE,scp,fiber tracts,3282_none,scp_left
3282_none_scp_right,0,scp,right,3282,none,0,TRUE,scp,fiber tracts,3282_none,scp_right
3282_none_scwm_left,17.4367472,scwm,left,3282,none,17.4367472,TRUE,scwm,fiber tracts,3282_none,scwm_left
3282_none_scwm_right,13.05333716,scwm,right,3282,none,13.05333716,TRUE,scwm,fiber tracts,3282_none,scwm_right
3282_none_st_left,5.047092015,st,left,3282,none,5.047092015,TRUE,st,fiber tracts,3282_none,st_left
3282_none_st_right,7.000420455,st,right,3282,none,7.000420455,TRUE,st,fiber tracts,3282_none,st_right
3282_none_stc_left,0,stc,left,3282,none,0,TRUE,stc,fiber tracts,3282_none,stc_left
3282_none_stc_right,0,stc,right,3282,none,0,TRUE,stc,fiber tracts,3282_none,stc_right
3282_none_sup_left,0,sup,left,3282,none,0,TRUE,sup,fiber tracts,3282_none,sup_left
3282_none_sup_right,0,sup,right,3282,none,0,TRUE,sup,fiber tracts,3282_none,sup_right
3282_none_tspc_left,0,tspc,left,3282,none,0,TRUE,tspc,fiber tracts,3282_none,tspc_left
3282_none_tspc_right,0,tspc,right,3282,none,0,TRUE,tspc,fiber tracts,3282_none,tspc_right
3286_none_ACAd_left,15.37713497,ACAd,left,3286,none,15.37713497,FALSE,ACA,Isocortex,3286_none,ACAd_left
3286_none_ACAd_right,12.80904488,ACAd,right,3286,none,12.80904488,FALSE,ACA,Isocortex,3286_none,ACAd_right
3286_none_ACAv_left,14.33223699,ACAv,left,3286,none,14.33223699,FALSE,ACA,Isocortex,3286_none,ACAv_left
3286_none_ACAv_right,11.73173131,ACAv,right,3286,none,11.73173131,FALSE,ACA,Isocortex,3286_none,ACAv_right
3286_none_ACB_left,1.979410806,ACB,left,3286,none,1.979410806,FALSE,ACB,STR,3286_none,ACB_left
3286_none_ACB_right,4.916339823,ACB,right,3286,none,4.916339823,FALSE,ACB,STR,3286_none,ACB_right
3286_none_AHN_left,0,AHN,left,3286,none,0,FALSE,AHN,HY,3286_none,AHN_left
3286_none_AHN_right,0,AHN,right,3286,none,0,FALSE,AHN,HY,3286_none,AHN_right
3286_none_AId_left,4.844423571,AId,left,3286,none,4.844423571,FALSE,AI,Isocortex,3286_none,AId_left
3286_none_AId_right,33.49148815,AId,right,3286,none,33.49148815,FALSE,AI,Isocortex,3286_none,AId_right
3286_none_AIp_left,13.65001797,AIp,left,3286,none,13.65001797,FALSE,AI,Isocortex,3286_none,AIp_left
3286_none_AIp_right,7.842155046,AIp,right,3286,none,7.842155046,FALSE,AI,Isocortex,3286_none,AIp_right
3286_none_AIv_left,17.45614516,AIv,left,3286,none,17.45614516,FALSE,AI,Isocortex,3286_none,AIv_left
3286_none_AIv_right,44.15332074,AIv,right,3286,none,44.15332074,FALSE,AI,Isocortex,3286_none,AIv_right
3286_none_APr_left,12.39353662,APr,left,3286,none,12.39353662,FALSE,APr,HPF,3286_none,APr_left
3286_none_APr_right,9.322232336,APr,right,3286,none,9.322232336,FALSE,APr,HPF,3286_none,APr_right
3286_none_AQ_left,0,AQ,left,3286,none,0,TRUE,AQ,VS,3286_none,AQ_left
3286_none_AQ_right,0,AQ,right,3286,none,0,TRUE,AQ,VS,3286_none,AQ_right
3286_none_ARH_left,0,ARH,left,3286,none,0,FALSE,ARH,HY,3286_none,ARH_left
3286_none_ARH_right,0,ARH,right,3286,none,0,FALSE,ARH,HY,3286_none,ARH_right
3286_none_AT_left,0,AT,left,3286,none,0,FALSE,AT,MB,3286_none,AT_left
3286_none_AT_right,0,AT,right,3286,none,0,FALSE,AT,MB,3286_none,AT_right
3286_none_AUDd_left,23.68961207,AUDd,left,3286,none,23.68961207,FALSE,AUDd,Isocortex,3286_none,AUDd_left
3286_none_AUDd_right,22.30569606,AUDd,right,3286,none,22.30569606,FALSE,AUDd,Isocortex,3286_none,AUDd_right
3286_none_AUDp_right,25.39720023,AUDp,right,3286,none,25.39720023,FALSE,AUDp,Isocortex,3286_none,AUDp_right
3286_none_AUDv_left,20.43131028,AUDv,left,3286,none,20.43131028,FALSE,AUDv,Isocortex,3286_none,AUDv_left
3286_none_AUDv_right,16.12324413,AUDv,right,3286,none,16.12324413,FALSE,AUDv,Isocortex,3286_none,AUDv_right
3286_none_BA_left,51.21668242,BA,left,3286,none,51.21668242,FALSE,BA,STR,3286_none,BA_left
3286_none_BA_right,45.72918073,BA,right,3286,none,45.72918073,FALSE,BA,STR,3286_none,BA_right
3286_none_BLA_left,21.08753081,BLA,left,3286,none,21.08753081,FALSE,BLA,CTXsp,3286_none,BLA_left
3286_none_BLA_right,27.9599053,BLA,right,3286,none,27.9599053,FALSE,BLA,CTXsp,3286_none,BLA_right
3286_none_BMA_left,10.37588615,BMA,left,3286,none,10.37588615,FALSE,BMA,CTXsp,3286_none,BMA_left
3286_none_BMA_right,28.49386464,BMA,right,3286,none,28.49386464,FALSE,BMA,CTXsp,3286_none,BMA_right
3286_none_CA1_left,18.2757928,CA1,left,3286,none,18.2757928,FALSE,CA1,HPF,3286_none,CA1_left
3286_none_CA1_right,18.40318405,CA1,right,3286,none,18.40318405,FALSE,CA1,HPF,3286_none,CA1_right
3286_none_CA2_left,44.38696967,CA2,left,3286,none,44.38696967,FALSE,CA2,HPF,3286_none,CA2_left
3286_none_CA2_right,29.90961722,CA2,right,3286,none,29.90961722,FALSE,CA2,HPF,3286_none,CA2_right
3286_none_CA3_left,16.61557368,CA3,left,3286,none,16.61557368,FALSE,CA3,HPF,3286_none,CA3_left
3286_none_CA3_right,38.62499178,CA3,right,3286,none,38.62499178,FALSE,CA3,HPF,3286_none,CA3_right
3286_none_CB_left,0,CB,left,3286,none,0,FALSE,CB,CB,3286_none,CB_left
3286_none_CB_right,0,CB,right,3286,none,0,FALSE,CB,CB,3286_none,CB_right
3286_none_CEA_left,40.50997382,CEA,left,3286,none,40.50997382,FALSE,CEA,STR,3286_none,CEA_left
3286_none_CEA_right,32.77237664,CEA,right,3286,none,32.77237664,FALSE,CEA,STR,3286_none,CEA_right
3286_none_CLA_left,0,CLA,left,3286,none,0,FALSE,CLA,CTXsp,3286_none,CLA_left
3286_none_CLA_right,3.44843628,CLA,right,3286,none,3.44843628,FALSE,CLA,CTXsp,3286_none,CLA_right
3286_none_CL_left,12.52717866,CL,left,3286,none,12.52717866,FALSE,CL,TH,3286_none,CL_left
3286_none_CL_right,11.66250878,CL,right,3286,none,11.66250878,FALSE,CL,TH,3286_none,CL_right
3286_none_CM_left,0,CM,left,3286,none,0,FALSE,CM,TH,3286_none,CM_left
3286_none_CM_right,0,CM,right,3286,none,0,FALSE,CM,TH,3286_none,CM_right
3286_none_COA_left,14.9205976,COA,left,3286,none,14.9205976,FALSE,COA,OLF,3286_none,COA_left
3286_none_COA_right,11.15232491,COA,right,3286,none,11.15232491,FALSE,COA,OLF,3286_none,COA_right
3286_none_COAp_left,0,COAp,left,3286,none,0,FALSE,COA,OLF,3286_none,COAp_left
3286_none_COAp_right,20.27193637,COAp,right,3286,none,20.27193637,FALSE,COA,OLF,3286_none,COAp_right
3286_none_CP_left,2.685181235,CP,left,3286,none,2.685181235,FALSE,CP,STR,3286_none,CP_left
3286_none_CP_right,3.6538798,CP,right,3286,none,3.6538798,FALSE,CP,STR,3286_none,CP_right
3286_none_CS_left,0,CS,left,3286,none,0,FALSE,CS,P,3286_none,CS_left
3286_none_CS_right,4.157852787,CS,right,3286,none,4.157852787,FALSE,CS,P,3286_none,CS_right
3286_none_CTXsp_left,0,CTXsp,left,3286,none,0,FALSE,CTXsp,CTXsp,3286_none,CTXsp_left
3286_none_CTXsp_right,0,CTXsp,right,3286,none,0,FALSE,CTXsp,CTXsp,3286_none,CTXsp_right
3286_none_CUN_left,0,CUN,left,3286,none,0,FALSE,CUN,MB,3286_none,CUN_left
3286_none_CUN_right,0,CUN,right,3286,none,0,FALSE,CUN,MB,3286_none,CUN_right
3286_none_DG_left,6.86105114,DG,left,3286,none,6.86105114,FALSE,DG,HPF,3286_none,DG_left
3286_none_DG_right,0.620940313,DG,right,3286,none,0.620940313,FALSE,DG,HPF,3286_none,DG_right
3286_none_DMH_left,0,DMH,left,3286,none,0,FALSE,DMH,HY,3286_none,DMH_left
3286_none_DMH_right,0,DMH,right,3286,none,0,FALSE,DMH,HY,3286_none,DMH_right
3286_none_DR_left,0,DR,left,3286,none,0,FALSE,DR,MB,3286_none,DR_left
3286_none_DR_right,0,DR,right,3286,none,0,FALSE,DR,MB,3286_none,DR_right
3286_none_ECT_left,6.932895136,ECT,left,3286,none,6.932895136,FALSE,ECT,Isocortex,3286_none,ECT_left
3286_none_ECT_right,5.813620019,ECT,right,3286,none,5.813620019,FALSE,ECT,Isocortex,3286_none,ECT_right
3286_none_ENTl_left,3.149657142,ENTl,left,3286,none,3.149657142,FALSE,ENT,HPF,3286_none,ENTl_left
3286_none_ENTl_right,5.513349956,ENTl,right,3286,none,5.513349956,FALSE,ENT,HPF,3286_none,ENTl_right
3286_none_ENTm_left,1.201597184,ENTm,left,3286,none,1.201597184,FALSE,ENT,HPF,3286_none,ENTm_left
3286_none_ENTm_right,3.402952675,ENTm,right,3286,none,3.402952675,FALSE,ENT,HPF,3286_none,ENTm_right
3286_none_EP_left,18.81813088,EP,left,3286,none,18.81813088,FALSE,EP,CTXsp,3286_none,EP_left
3286_none_EP_right,16.1636803,EP,right,3286,none,16.1636803,FALSE,EP,CTXsp,3286_none,EP_right
3286_none_Eth_left,10.94390768,Eth,left,3286,none,10.94390768,FALSE,Eth,TH,3286_none,Eth_left
3286_none_Eth_right,8.46083619,Eth,right,3286,none,8.46083619,FALSE,Eth,TH,3286_none,Eth_right
3286_none_FC_left,0,FC,left,3286,none,0,FALSE,FC,HPF,3286_none,FC_left
3286_none_FC_right,20.54774503,FC,right,3286,none,20.54774503,FALSE,FC,HPF,3286_none,FC_right
3286_none_GU_left,11.90032935,GU,left,3286,none,11.90032935,FALSE,GU,Isocortex,3286_none,GU_left
3286_none_GU_right,15.42782925,GU,right,3286,none,15.42782925,FALSE,GU,Isocortex,3286_none,GU_right
3286_none_HATA_left,18.17665926,HATA,left,3286,none,18.17665926,FALSE,HATA,HPF,3286_none,HATA_left
3286_none_HPF_left,1.201053591,HPF,left,3286,none,1.201053591,FALSE,HPF,HPF,3286_none,HPF_left
3286_none_HPF_right,134.2452676,HPF,right,3286,none,134.2452676,FALSE,HPF,HPF,3286_none,HPF_right
3286_none_HY_left,2.020293399,HY,left,3286,none,2.020293399,FALSE,HY,HY,3286_none,HY_left
3286_none_HY_right,0.693867627,HY,right,3286,none,0.693867627,FALSE,HY,HY,3286_none,HY_right
3286_none_IA_left,8.61267081,IA,left,3286,none,8.61267081,FALSE,IA,STR,3286_none,IA_left
3286_none_IA_right,10.94390768,IA,right,3286,none,10.94390768,FALSE,IA,STR,3286_none,IA_right
3286_none_IC_left,7.246772198,IC,left,3286,none,7.246772198,FALSE,IC,MB,3286_none,IC_left
3286_none_IC_right,5.442318146,IC,right,3286,none,5.442318146,FALSE,IC,MB,3286_none,IC_right
3286_none_IG_left,0,IG,left,3286,none,0,FALSE,IG,HPF,3286_none,IG_left
3286_none_IG_right,0,IG,right,3286,none,0,FALSE,IG,HPF,3286_none,IG_right
3286_none_IMD_left,4.59744067,IMD,left,3286,none,4.59744067,FALSE,IMD,TH,3286_none,IMD_left
3286_none_IMD_right,0,IMD,right,3286,none,0,FALSE,IMD,TH,3286_none,IMD_right
3286_none_IV_left,0,IV,left,3286,none,0,FALSE,IV,MB,3286_none,IV_left
3286_none_IV_right,0,IV,right,3286,none,0,FALSE,IV,MB,3286_none,IV_right
3286_none_In_left,0,In,left,3286,none,0,TRUE,In,fiber tracts,3286_none,In_left
3286_none_In_right,0,In,right,3286,none,0,TRUE,In,fiber tracts,3286_none,In_right
3286_none_LA_left,10.802999,LA,left,3286,none,10.802999,FALSE,LA,CTXsp,3286_none,LA_left
3286_none_LA_right,40.94316777,LA,right,3286,none,40.94316777,FALSE,LA,CTXsp,3286_none,LA_right
3286_none_LGd_left,21.13906709,LGd,left,3286,none,21.13906709,FALSE,LGd,TH,3286_none,LGd_left
3286_none_LGd_right,36.82960911,LGd,right,3286,none,36.82960911,FALSE,LGd,TH,3286_none,LGd_right
3286_none_LGv_left,45.76543212,LGv,left,3286,none,45.76543212,FALSE,LGv,TH,3286_none,LGv_left
3286_none_LGv_right,26.24519604,LGv,right,3286,none,26.24519604,FALSE,LGv,TH,3286_none,LGv_right
3286_none_LHA_left,2.38023524,LHA,left,3286,none,2.38023524,FALSE,LHA,HY,3286_none,LHA_left
3286_none_LHA_right,1.229352267,LHA,right,3286,none,1.229352267,FALSE,LHA,HY,3286_none,LHA_right
3286_none_LH_left,0,LH,left,3286,none,0,FALSE,LH,TH,3286_none,LH_left
3286_none_LH_right,0,LH,right,3286,none,0,FALSE,LH,TH,3286_none,LH_right
3286_none_LP_left,21.29146412,LP,left,3286,none,21.29146412,FALSE,LP,TH,3286_none,LP_left
3286_none_LP_right,12.40542864,LP,right,3286,none,12.40542864,FALSE,LP,TH,3286_none,LP_right
3286_none_LS_left,11.63186265,LS,left,3286,none,11.63186265,FALSE,LS,STR,3286_none,LS_left
3286_none_LS_right,12.86235836,LS,right,3286,none,12.86235836,FALSE,LS,STR,3286_none,LS_right
3286_none_MB_left,1.184065742,MB,left,3286,none,1.184065742,FALSE,MB,MB,3286_none,MB_left
3286_none_MB_right,6.346133567,MB,right,3286,none,6.346133567,FALSE,MB,MB,3286_none,MB_right
3286_none_MD_left,9.439240175,MD,left,3286,none,9.439240175,FALSE,MD,TH,3286_none,MD_left
3286_none_MD_right,19.37009686,MD,right,3286,none,19.37009686,FALSE,MD,TH,3286_none,MD_right
3286_none_MEA_left,22.64941103,MEA,left,3286,none,22.64941103,FALSE,MEA,STR,3286_none,MEA_left
3286_none_MEA_right,25.52872384,MEA,right,3286,none,25.52872384,FALSE,MEA,STR,3286_none,MEA_right
3286_none_MEZ_left,0,MEZ,left,3286,none,0,FALSE,MEZ,HY,3286_none,MEZ_left
3286_none_MEZ_right,0,MEZ,right,3286,none,0,FALSE,MEZ,HY,3286_none,MEZ_right
3286_none_ME_left,0,ME,left,3286,none,0,FALSE,ME,HY,3286_none,ME_left
3286_none_ME_right,0,ME,right,3286,none,0,FALSE,ME,HY,3286_none,ME_right
3286_none_MH_left,0,MH,left,3286,none,0,FALSE,MH,TH,3286_none,MH_left
3286_none_MH_right,0,MH,right,3286,none,0,FALSE,MH,TH,3286_none,MH_right
3286_none_MOp_left,21.60940906,MOp,left,3286,none,21.60940906,FALSE,MOp,Isocortex,3286_none,MOp_left
3286_none_MOp_right,21.02370232,MOp,right,3286,none,21.02370232,FALSE,MOp,Isocortex,3286_none,MOp_right
3286_none_MOs_left,16.05933613,MOs,left,3286,none,16.05933613,FALSE,MOs,Isocortex,3286_none,MOs_left
3286_none_MOs_right,9.702094705,MOs,right,3286,none,9.702094705,FALSE,MOs,Isocortex,3286_none,MOs_right
3286_none_MRN_left,1.427712097,MRN,left,3286,none,1.427712097,FALSE,MRN,MB,3286_none,MRN_left
3286_none_MRN_right,2.324760055,MRN,right,3286,none,2.324760055,FALSE,MRN,MB,3286_none,MRN_right
3286_none_MS_left,0,MS,left,3286,none,0,FALSE,MS,PAL,3286_none,MS_left
3286_none_MS_right,0,MS,right,3286,none,0,FALSE,MS,PAL,3286_none,MS_right
3286_none_NDB_left,2.760235322,NDB,left,3286,none,2.760235322,FALSE,NDB,PAL,3286_none,NDB_left
3286_none_NDB_right,4.937248761,NDB,right,3286,none,4.937248761,FALSE,NDB,PAL,3286_none,NDB_right
3286_none_NLL_left,1.15016149,NLL,left,3286,none,1.15016149,FALSE,NLL,P,3286_none,NLL_left
3286_none_NLL_right,1.014848374,NLL,right,3286,none,1.014848374,FALSE,NLL,P,3286_none,NLL_right
3286_none_OLF_left,0,OLF,left,3286,none,0,FALSE,OLF,OLF,3286_none,OLF_left
3286_none_OLF_right,1.671512782,OLF,right,3286,none,1.671512782,FALSE,OLF,OLF,3286_none,OLF_right
3286_none_OT_left,0,OT,left,3286,none,0,FALSE,OT,STR,3286_none,OT_left
3286_none_OT_right,0,OT,right,3286,none,0,FALSE,OT,STR,3286_none,OT_right
3286_none_PAA_left,20.9593191,PAA,left,3286,none,20.9593191,FALSE,PAA,OLF,3286_none,PAA_left
3286_none_PAA_right,19.77670009,PAA,right,3286,none,19.77670009,FALSE,PAA,OLF,3286_none,PAA_right
3286_none_PAG_left,1.031799407,PAG,left,3286,none,1.031799407,FALSE,PAG,MB,3286_none,PAG_left
3286_none_PAG_right,1.613142502,PAG,right,3286,none,1.613142502,FALSE,PAG,MB,3286_none,PAG_right
3286_none_PAL_left,0,PAL,left,3286,none,0,FALSE,PAL,PAL,3286_none,PAL_left
3286_none_PAL_right,1.477404301,PAL,right,3286,none,1.477404301,FALSE,PAL,PAL,3286_none,PAL_right
3286_none_PALd_left,4.962856823,PALd,left,3286,none,4.962856823,FALSE,PAL,PAL,3286_none,PALd_left
3286_none_PALd_right,0,PALd,right,3286,none,0,FALSE,PAL,PAL,3286_none,PALd_right
3286_none_PAR_left,12.03456713,PAR,left,3286,none,12.03456713,FALSE,PAR,HPF,3286_none,PAR_left
3286_none_PAR_right,14.65970548,PAR,right,3286,none,14.65970548,FALSE,PAR,HPF,3286_none,PAR_right
3286_none_PBG_left,0,PBG,left,3286,none,0,FALSE,PBG,MB,3286_none,PBG_left
3286_none_PBG_right,0,PBG,right,3286,none,0,FALSE,PBG,MB,3286_none,PBG_right
3286_none_PC5_left,0,PC5,left,3286,none,0,FALSE,PC5,P,3286_none,PC5_left
3286_none_PC5_right,0,PC5,right,3286,none,0,FALSE,PC5,P,3286_none,PC5_right
3286_none_PCN_left,21.098362,PCN,left,3286,none,21.098362,FALSE,PCN,TH,3286_none,PCN_left
3286_none_PCN_right,5.44237571,PCN,right,3286,none,5.44237571,FALSE,PCN,TH,3286_none,PCN_right
3286_none_PERI_left,0,PERI,left,3286,none,0,FALSE,PERI,Isocortex,3286_none,PERI_left
3286_none_PERI_right,6.065298233,PERI,right,3286,none,6.065298233,FALSE,PERI,Isocortex,3286_none,PERI_right
3286_none_PG_left,2.168036035,PG,left,3286,none,2.168036035,FALSE,PG,P,3286_none,PG_left
3286_none_PG_right,2.35079196,PG,right,3286,none,2.35079196,FALSE,PG,P,3286_none,PG_right
3286_none_PH_left,0,PH,left,3286,none,0,FALSE,PH,HY,3286_none,PH_left
3286_none_PH_right,8.755126144,PH,right,3286,none,8.755126144,FALSE,PH,HY,3286_none,PH_right
3286_none_PIR_left,16.00256748,PIR,left,3286,none,16.00256748,FALSE,PIR,OLF,3286_none,PIR_left
3286_none_PIR_right,12.32978838,PIR,right,3286,none,12.32978838,FALSE,PIR,OLF,3286_none,PIR_right
3286_none_POST_left,20.66787652,POST,left,3286,none,20.66787652,FALSE,POST,HPF,3286_none,POST_left
3286_none_PO_left,50.3016921,PO,left,3286,none,50.3016921,FALSE,PO,TH,3286_none,PO_left
3286_none_PO_right,47.47563829,PO,right,3286,none,47.47563829,FALSE,PO,TH,3286_none,PO_right
3286_none_PPN_left,1.062518704,PPN,left,3286,none,1.062518704,FALSE,PPN,MB,3286_none,PPN_left
3286_none_PPN_right,2.011646084,PPN,right,3286,none,2.011646084,FALSE,PPN,MB,3286_none,PPN_right
3286_none_PRE_left,30.88778511,PRE,left,3286,none,30.88778511,FALSE,PRE,HPF,3286_none,PRE_left
3286_none_PRE_right,20.98748286,PRE,right,3286,none,20.98748286,FALSE,PRE,HPF,3286_none,PRE_right
3286_none_PRNr_left,1.776427432,PRNr,left,3286,none,1.776427432,FALSE,PRNr,P,3286_none,PRNr_left
3286_none_PRNr_right,2.954693817,PRNr,right,3286,none,2.954693817,FALSE,PRNr,P,3286_none,PRNr_right
3286_none_PR_left,0,PR,left,3286,none,0,FALSE,PR,TH,3286_none,PR_left
3286_none_PR_right,0,PR,right,3286,none,0,FALSE,PR,TH,3286_none,PR_right
3286_none_PST_left,0,PST,left,3286,none,0,FALSE,PST,HY,3286_none,PST_left
3286_none_PST_right,0,PST,right,3286,none,0,FALSE,PST,HY,3286_none,PST_right
3286_none_PSV_right,0,PSV,right,3286,none,0,FALSE,PSV,P,3286_none,PSV_right
3286_none_PVT_left,0,PVT,left,3286,none,0,FALSE,PVT,TH,3286_none,PVT_left
3286_none_PVT_right,0,PVT,right,3286,none,0,FALSE,PVT,TH,3286_none,PVT_right
3286_none_PVZ_left,0,PVZ,left,3286,none,0,FALSE,PVZ,HY,3286_none,PVZ_left
3286_none_PVZ_right,0,PVZ,right,3286,none,0,FALSE,PVZ,HY,3286_none,PVZ_right
3286_none_P_left,0,P,left,3286,none,0,FALSE,P,P,3286_none,P_left
3286_none_P_right,2.541659018,P,right,3286,none,2.541659018,FALSE,P,P,3286_none,P_right
3286_none_Pa4_left,0,Pa4,left,3286,none,0,FALSE,Pa4,MB,3286_none,Pa4_left
3286_none_Pa4_right,0,Pa4,right,3286,none,0,FALSE,Pa4,MB,3286_none,Pa4_right
3286_none_PeF_left,0,PeF,left,3286,none,0,FALSE,PeF,HY,3286_none,PeF_left
3286_none_PeF_right,0,PeF,right,3286,none,0,FALSE,PeF,HY,3286_none,PeF_right
3286_none_RE_left,0,RE,left,3286,none,0,FALSE,RE,TH,3286_none,RE_left
3286_none_RE_right,0,RE,right,3286,none,0,FALSE,RE,TH,3286_none,RE_right
3286_none_RH_left,0,RH,left,3286,none,0,FALSE,RH,TH,3286_none,RH_left
3286_none_RH_right,0,RH,right,3286,none,0,FALSE,RH,TH,3286_none,RH_right
3286_none_RSPagl_left,22.27437712,RSPagl,left,3286,none,22.27437712,FALSE,RSP,Isocortex,3286_none,RSPagl_left
3286_none_RSPagl_right,19.15505408,RSPagl,right,3286,none,19.15505408,FALSE,RSP,Isocortex,3286_none,RSPagl_right
3286_none_RSPd_left,32.81303567,RSPd,left,3286,none,32.81303567,FALSE,RSP,Isocortex,3286_none,RSPd_left
3286_none_RSPd_right,26.76659581,RSPd,right,3286,none,26.76659581,FALSE,RSP,Isocortex,3286_none,RSPd_right
3286_none_RSPv_left,31.29188126,RSPv,left,3286,none,31.29188126,FALSE,RSP,Isocortex,3286_none,RSPv_left
3286_none_RSPv_right,25.90767154,RSPv,right,3286,none,25.90767154,FALSE,RSP,Isocortex,3286_none,RSPv_right
3286_none_RT_left,25.32781554,RT,left,3286,none,25.32781554,FALSE,RT,TH,3286_none,RT_left
3286_none_RT_right,19.4752045,RT,right,3286,none,19.4752045,FALSE,RT,TH,3286_none,RT_right
3286_none_SAG_left,0,SAG,left,3286,none,0,FALSE,SAG,MB,3286_none,SAG_left
3286_none_SAG_right,0,SAG,right,3286,none,0,FALSE,SAG,MB,3286_none,SAG_right
3286_none_SCm_left,0.726438356,SCm,left,3286,none,0.726438356,FALSE,MBmot,MB,3286_none,SCm_left
3286_none_SCm_right,2.245979315,SCm,right,3286,none,2.245979315,FALSE,MBmot,MB,3286_none,SCm_right
3286_none_SCs_left,2.225292178,SCs,left,3286,none,2.225292178,FALSE,MBsen,MB,3286_none,SCs_left
3286_none_SCs_right,3.022831608,SCs,right,3286,none,3.022831608,FALSE,MBsen,MB,3286_none,SCs_right
3286_none_SEZ_left,0,SEZ,left,3286,none,0,TRUE,SEZ,VS,3286_none,SEZ_left
3286_none_SEZ_right,0,SEZ,right,3286,none,0,TRUE,SEZ,VS,3286_none,SEZ_right
3286_none_SH_left,19.88448972,SH,left,3286,none,19.88448972,FALSE,SH,STR,3286_none,SH_left
3286_none_SH_right,24.90131435,SH,right,3286,none,24.90131435,FALSE,SH,STR,3286_none,SH_right
3286_none_SI_left,0.821849548,SI,left,3286,none,0.821849548,FALSE,SI,PAL,3286_none,SI_left
3286_none_SI_right,2.489611957,SI,right,3286,none,2.489611957,FALSE,SI,PAL,3286_none,SI_right
3286_none_SMT_left,0,SMT,left,3286,none,0,FALSE,SMT,TH,3286_none,SMT_left
3286_none_SMT_right,0,SMT,right,3286,none,0,FALSE,SMT,TH,3286_none,SMT_right
3286_none_SOC_left,0,SOC,left,3286,none,0,FALSE,SOC,P,3286_none,SOC_left
3286_none_SOC_right,0,SOC,right,3286,none,0,FALSE,SOC,P,3286_none,SOC_right
3286_none_SSp-bfd_left,35.33195468,SSp-bfd,left,3286,none,35.33195468,FALSE,SSp,Isocortex,3286_none,SSp-bfd_left
3286_none_SSp-bfd_right,32.09658269,SSp-bfd,right,3286,none,32.09658269,FALSE,SSp,Isocortex,3286_none,SSp-bfd_right
3286_none_SSp-m_left,19.95026896,SSp-m,left,3286,none,19.95026896,FALSE,SSp,Isocortex,3286_none,SSp-m_left
3286_none_SSp-m_right,26.20072876,SSp-m,right,3286,none,26.20072876,FALSE,SSp,Isocortex,3286_none,SSp-m_right
3286_none_SSp-ul_left,8.966102235,SSp-ul,left,3286,none,8.966102235,FALSE,SSp,Isocortex,3286_none,SSp-ul_left
3286_none_SSp-ul_right,23.5138361,SSp-ul,right,3286,none,23.5138361,FALSE,SSp,Isocortex,3286_none,SSp-ul_right
3286_none_SSs_left,18.63766089,SSs,left,3286,none,18.63766089,FALSE,SSs,Isocortex,3286_none,SSs_left
3286_none_SSs_right,24.96313165,SSs,right,3286,none,24.96313165,FALSE,SSs,Isocortex,3286_none,SSs_right
3286_none_STN_left,0,STN,left,3286,none,0,FALSE,STN,HY,3286_none,STN_left
3286_none_STN_right,9.727917938,STN,right,3286,none,9.727917938,FALSE,STN,HY,3286_none,STN_right
3286_none_STR_left,19.97353985,STR,left,3286,none,19.97353985,FALSE,STR,STR,3286_none,STR_left
3286_none_STR_right,12.2041357,STR,right,3286,none,12.2041357,FALSE,STR,STR,3286_none,STR_right
3286_none_SUB_left,0,SUB,left,3286,none,0,FALSE,SUB,HPF,3286_none,SUB_left
3286_none_SUB_right,0,SUB,right,3286,none,0,FALSE,SUB,HPF,3286_none,SUB_right
3286_none_TEa_left,14.6006811,TEa,left,3286,none,14.6006811,FALSE,TEa,Isocortex,3286_none,TEa_left
3286_none_TEa_right,7.976531465,TEa,right,3286,none,7.976531465,FALSE,TEa,Isocortex,3286_none,TEa_right
3286_none_TH_left,0,TH,left,3286,none,0,FALSE,TH,TH,3286_none,TH_left
3286_none_TH_right,11.16642786,TH,right,3286,none,11.16642786,FALSE,TH,TH,3286_none,TH_right
3286_none_TRN_left,6.687310093,TRN,left,3286,none,6.687310093,FALSE,TRN,P,3286_none,TRN_left
3286_none_TRN_right,1.396286583,TRN,right,3286,none,1.396286583,FALSE,TRN,P,3286_none,TRN_right
3286_none_TU_left,0,TU,left,3286,none,0,FALSE,TU,HY,3286_none,TU_left
3286_none_TU_right,8.176384304,TU,right,3286,none,8.176384304,FALSE,TU,HY,3286_none,TU_right
3286_none_V3_left,0,V3,left,3286,none,0,TRUE,V3,VS,3286_none,V3_left
3286_none_V3_right,0,V3,right,3286,none,0,TRUE,V3,VS,3286_none,V3_right
3286_none_VAL_left,9.35369606,VAL,left,3286,none,9.35369606,FALSE,VAL,TH,3286_none,VAL_left
3286_none_VAL_right,21.99189608,VAL,right,3286,none,21.99189608,FALSE,VAL,TH,3286_none,VAL_right
3286_none_VISC_left,5.305558178,VISC,left,3286,none,5.305558178,FALSE,VISC,Isocortex,3286_none,VISC_left
3286_none_VISC_right,0.800260663,VISC,right,3286,none,0.800260663,FALSE,VISC,Isocortex,3286_none,VISC_right
3286_none_VISa_left,31.79944931,VISa,left,3286,none,31.79944931,FALSE,VISa,Isocortex,3286_none,VISa_left
3286_none_VISa_right,13.6565218,VISa,right,3286,none,13.6565218,FALSE,VISa,Isocortex,3286_none,VISa_right
3286_none_VISam_left,28.5533082,VISam,left,3286,none,28.5533082,FALSE,VISam,Isocortex,3286_none,VISam_left
3286_none_VISam_right,12.16775654,VISam,right,3286,none,12.16775654,FALSE,VISam,Isocortex,3286_none,VISam_right
3286_none_VISl_left,51.29889131,VISl,left,3286,none,51.29889131,FALSE,VISl,Isocortex,3286_none,VISl_left
3286_none_VISl_right,36.41531701,VISl,right,3286,none,36.41531701,FALSE,VISl,Isocortex,3286_none,VISl_right
3286_none_VISp_left,31.29364207,VISp,left,3286,none,31.29364207,FALSE,VISp,Isocortex,3286_none,VISp_left
3286_none_VISp_right,24.37056629,VISp,right,3286,none,24.37056629,FALSE,VISp,Isocortex,3286_none,VISp_right
3286_none_VISpl_left,16.88188407,VISpl,left,3286,none,16.88188407,FALSE,VISpl,Isocortex,3286_none,VISpl_left
3286_none_VISpl_right,22.43337064,VISpl,right,3286,none,22.43337064,FALSE,VISpl,Isocortex,3286_none,VISpl_right
3286_none_VISpor_left,12.75674452,VISpor,left,3286,none,12.75674452,FALSE,VISpor,Isocortex,3286_none,VISpor_left
3286_none_VISpor_right,7.359472826,VISpor,right,3286,none,7.359472826,FALSE,VISpor,Isocortex,3286_none,VISpor_right
3286_none_VISrl_left,14.42427253,VISrl,left,3286,none,14.42427253,FALSE,VISrl,Isocortex,3286_none,VISrl_left
3286_none_VISrl_right,19.12417583,VISrl,right,3286,none,19.12417583,FALSE,VISrl,Isocortex,3286_none,VISrl_right
3286_none_VL_left,3.283150521,VL,left,3286,none,3.283150521,TRUE,VL,VS,3286_none,VL_left
3286_none_VL_right,0,VL,right,3286,none,0,TRUE,VL,VS,3286_none,VL_right
3286_none_VMH_left,6.086517376,VMH,left,3286,none,6.086517376,FALSE,VMH,HY,3286_none,VMH_left
3286_none_VMH_right,6.52850509,VMH,right,3286,none,6.52850509,FALSE,VMH,HY,3286_none,VMH_right
3286_none_VM_left,10.76986299,VM,left,3286,none,10.76986299,FALSE,VM,TH,3286_none,VM_left
3286_none_VM_right,1.331798289,VM,right,3286,none,1.331798289,FALSE,VM,TH,3286_none,VM_right
3286_none_VPL_left,11.00697328,VPL,left,3286,none,11.00697328,FALSE,VPL,TH,3286_none,VPL_left
3286_none_VPL_right,42.25929797,VPL,right,3286,none,42.25929797,FALSE,VPL,TH,3286_none,VPL_right
3286_none_VPM_left,47.43852656,VPM,left,3286,none,47.43852656,FALSE,VPM,TH,3286_none,VPM_left
3286_none_VPM_right,32.66127974,VPM,right,3286,none,32.66127974,FALSE,VPM,TH,3286_none,VPM_right
3286_none_VP_left,0,VP,left,3286,none,0,FALSE,VP,TH,3286_none,VP_left
3286_none_VP_right,0,VP,right,3286,none,0,FALSE,VP,TH,3286_none,VP_right
3286_none_Xi_left,0,Xi,left,3286,none,0,FALSE,Xi,TH,3286_none,Xi_left
3286_none_Xi_right,0,Xi,right,3286,none,0,FALSE,Xi,TH,3286_none,Xi_right
3286_none_ZI_left,6.23901315,ZI,left,3286,none,6.23901315,FALSE,ZI,HY,3286_none,ZI_left
3286_none_ZI_right,3.715274932,ZI,right,3286,none,3.715274932,FALSE,ZI,HY,3286_none,ZI_right
3286_none_alv_left,7.403231667,alv,left,3286,none,7.403231667,TRUE,alv,fiber tracts,3286_none,alv_left
3286_none_alv_right,4.208315597,alv,right,3286,none,4.208315597,TRUE,alv,fiber tracts,3286_none,alv_right
3286_none_amc_left,36.16193608,amc,left,3286,none,36.16193608,TRUE,amc,fiber tracts,3286_none,amc_left
3286_none_amc_right,10.5983106,amc,right,3286,none,10.5983106,TRUE,amc,fiber tracts,3286_none,amc_right
3286_none_ar_left,3.679359369,ar,left,3286,none,3.679359369,TRUE,ar,fiber tracts,3286_none,ar_left
3286_none_ar_right,2.758464402,ar,right,3286,none,2.758464402,TRUE,ar,fiber tracts,3286_none,ar_right
3286_none_bic_left,0,bic,left,3286,none,0,TRUE,bic,fiber tracts,3286_none,bic_left
3286_none_bic_right,0,bic,right,3286,none,0,TRUE,bic,fiber tracts,3286_none,bic_right
3286_none_cc_left,4.935860784,cc,left,3286,none,4.935860784,TRUE,cc,fiber tracts,3286_none,cc_left
3286_none_cc_right,27.93782471,cc,right,3286,none,27.93782471,TRUE,cc,fiber tracts,3286_none,cc_right
3286_none_ccg_left,3.088305364,ccg,left,3286,none,3.088305364,TRUE,ccg,fiber tracts,3286_none,ccg_left
3286_none_ccg_right,1.246701576,ccg,right,3286,none,1.246701576,TRUE,ccg,fiber tracts,3286_none,ccg_right
3286_none_chpl_left,0,chpl,left,3286,none,0,TRUE,chpl,VS,3286_none,chpl_left
3286_none_chpl_right,0,chpl,right,3286,none,0,TRUE,chpl,VS,3286_none,chpl_right
3286_none_cing_left,6.874040376,cing,left,3286,none,6.874040376,TRUE,cing,fiber tracts,3286_none,cing_left
3286_none_cing_right,0,cing,right,3286,none,0,TRUE,cing,fiber tracts,3286_none,cing_right
3286_none_cst_left,35.92563242,cst,left,3286,none,35.92563242,TRUE,cst,fiber tracts,3286_none,cst_left
3286_none_cst_right,0,cst,right,3286,none,0,TRUE,cst,fiber tracts,3286_none,cst_right
3286_none_dhc_left,31.59250056,dhc,left,3286,none,31.59250056,TRUE,dhc,fiber tracts,3286_none,dhc_left
3286_none_dhc_right,3.67459674,dhc,right,3286,none,3.67459674,TRUE,dhc,fiber tracts,3286_none,dhc_right
3286_none_dscp_left,0,dscp,left,3286,none,0,TRUE,dscp,fiber tracts,3286_none,dscp_left
3286_none_dscp_right,0,dscp,right,3286,none,0,TRUE,dscp,fiber tracts,3286_none,dscp_right
3286_none_ec_left,5.163279522,ec,left,3286,none,5.163279522,TRUE,ec,fiber tracts,3286_none,ec_left
3286_none_ec_right,7.458070418,ec,right,3286,none,7.458070418,TRUE,ec,fiber tracts,3286_none,ec_right
3286_none_em_left,0,em,left,3286,none,0,TRUE,em,fiber tracts,3286_none,em_left
3286_none_em_right,13.33767772,em,right,3286,none,13.33767772,TRUE,em,fiber tracts,3286_none,em_right
3286_none_fi_left,2.420287276,fi,left,3286,none,2.420287276,TRUE,fi,fiber tracts,3286_none,fi_left
3286_none_fi_right,2.844179397,fi,right,3286,none,2.844179397,TRUE,fi,fiber tracts,3286_none,fi_right
3286_none_fiber tracts_left,4.779301456,fiber tracts,left,3286,none,4.779301456,TRUE,fiber tracts,fiber tracts,3286_none,fiber tracts_left
3286_none_fiber tracts_right,7.916738041,fiber tracts,right,3286,none,7.916738041,TRUE,fiber tracts,fiber tracts,3286_none,fiber tracts_right
3286_none_fr_left,0,fr,left,3286,none,0,TRUE,fr,fiber tracts,3286_none,fr_left
3286_none_fr_right,0,fr,right,3286,none,0,TRUE,fr,fiber tracts,3286_none,fr_right
3286_none_fx_left,0,fx,left,3286,none,0,TRUE,fx,fiber tracts,3286_none,fx_left
3286_none_fx_right,0,fx,right,3286,none,0,TRUE,fx,fiber tracts,3286_none,fx_right
3286_none_hbc_left,0,hbc,left,3286,none,0,TRUE,hbc,fiber tracts,3286_none,hbc_left
3286_none_hbc_right,0,hbc,right,3286,none,0,TRUE,hbc,fiber tracts,3286_none,hbc_right
3286_none_int_left,5.108046785,int,left,3286,none,5.108046785,TRUE,int,fiber tracts,3286_none,int_left
3286_none_int_right,1.175413458,int,right,3286,none,1.175413458,TRUE,int,fiber tracts,3286_none,int_right
3286_none_ll_left,1.321790091,ll,left,3286,none,1.321790091,TRUE,ll,fiber tracts,3286_none,ll_left
3286_none_ll_right,2.429338708,ll,right,3286,none,2.429338708,TRUE,ll,fiber tracts,3286_none,ll_right
3286_none_lotg_left,0,lotg,left,3286,none,0,TRUE,In,fiber tracts,3286_none,lotg_left
3286_none_lotg_right,7.077243365,lotg,right,3286,none,7.077243365,TRUE,In,fiber tracts,3286_none,lotg_right
3286_none_mcp_left,1.273958597,mcp,left,3286,none,1.273958597,TRUE,mcp,fiber tracts,3286_none,mcp_left
3286_none_mcp_right,8.605803006,mcp,right,3286,none,8.605803006,TRUE,mcp,fiber tracts,3286_none,mcp_right
3286_none_ml_left,0,ml,left,3286,none,0,TRUE,ml,fiber tracts,3286_none,ml_left
3286_none_ml_right,0,ml,right,3286,none,0,TRUE,ml,fiber tracts,3286_none,ml_right
3286_none_mlf_left,0,mlf,left,3286,none,0,TRUE,mlf,fiber tracts,3286_none,mlf_left
3286_none_mlf_right,0,mlf,right,3286,none,0,TRUE,mlf,fiber tracts,3286_none,mlf_right
3286_none_moV_left,0,moV,left,3286,none,0,TRUE,moV,fiber tracts,3286_none,moV_left
3286_none_moV_right,0,moV,right,3286,none,0,TRUE,moV,fiber tracts,3286_none,moV_right
3286_none_mtg_left,0,mtg,left,3286,none,0,TRUE,mtg,fiber tracts,3286_none,mtg_left
3286_none_mtg_right,0,mtg,right,3286,none,0,TRUE,mtg,fiber tracts,3286_none,mtg_right
3286_none_mtt_left,0,mtt,left,3286,none,0,TRUE,mtt,fiber tracts,3286_none,mtt_left
3286_none_mtt_right,12.00390994,mtt,right,3286,none,12.00390994,TRUE,mtt,fiber tracts,3286_none,mtt_right
3286_none_nst_left,0,nst,left,3286,none,0,TRUE,nst,fiber tracts,3286_none,nst_left
3286_none_nst_right,0,nst,right,3286,none,0,TRUE,nst,fiber tracts,3286_none,nst_right
3286_none_opt_left,0,opt,left,3286,none,0,TRUE,opt,fiber tracts,3286_none,opt_left
3286_none_opt_right,0,opt,right,3286,none,0,TRUE,opt,fiber tracts,3286_none,opt_right
3286_none_or_left,9.390213015,or,left,3286,none,9.390213015,TRUE,or,fiber tracts,3286_none,or_left
3286_none_or_right,3.072174417,or,right,3286,none,3.072174417,TRUE,or,fiber tracts,3286_none,or_right
3286_none_rust_left,0,rust,left,3286,none,0,TRUE,rust,fiber tracts,3286_none,rust_left
3286_none_rust_right,7.75579774,rust,right,3286,none,7.75579774,TRUE,rust,fiber tracts,3286_none,rust_right
3286_none_sV_left,0,sV,left,3286,none,0,TRUE,sV,fiber tracts,3286_none,sV_left
3286_none_sV_right,0,sV,right,3286,none,0,TRUE,sV,fiber tracts,3286_none,sV_right
3286_none_scp_left,0,scp,left,3286,none,0,TRUE,scp,fiber tracts,3286_none,scp_left
3286_none_scp_right,0,scp,right,3286,none,0,TRUE,scp,fiber tracts,3286_none,scp_right
3286_none_sctv_left,0,sctv,left,3286,none,0,TRUE,sctv,fiber tracts,3286_none,sctv_left
3286_none_sctv_right,0,sctv,right,3286,none,0,TRUE,sctv,fiber tracts,3286_none,sctv_right
3286_none_scwm_left,5.4563227,scwm,left,3286,none,5.4563227,TRUE,scwm,fiber tracts,3286_none,scwm_left
3286_none_scwm_right,2.990440838,scwm,right,3286,none,2.990440838,TRUE,scwm,fiber tracts,3286_none,scwm_right
3286_none_st_left,26.49577649,st,left,3286,none,26.49577649,TRUE,st,fiber tracts,3286_none,st_left
3286_none_st_right,22.34780307,st,right,3286,none,22.34780307,TRUE,st,fiber tracts,3286_none,st_right
3286_none_stc_left,0,stc,left,3286,none,0,TRUE,stc,fiber tracts,3286_none,stc_left
3286_none_stc_right,0,stc,right,3286,none,0,TRUE,stc,fiber tracts,3286_none,stc_right
3286_none_sup_left,0,sup,left,3286,none,0,TRUE,sup,fiber tracts,3286_none,sup_left
3286_none_sup_right,0,sup,right,3286,none,0,TRUE,sup,fiber tracts,3286_none,sup_right
3286_none_tspc_left,0,tspc,left,3286,none,0,TRUE,tspc,fiber tracts,3286_none,tspc_left
3286_none_tspc_right,0,tspc,right,3286,none,0,TRUE,tspc,fiber tracts,3286_none,tspc_right
3311_none_ACAd_left,16.80767526,ACAd,left,3311,none,16.80767526,FALSE,ACA,Isocortex,3311_none,ACAd_left
3311_none_ACAd_right,11.17210232,ACAd,right,3311,none,11.17210232,FALSE,ACA,Isocortex,3311_none,ACAd_right
3311_none_ACAv_left,29.58456071,ACAv,left,3311,none,29.58456071,FALSE,ACA,Isocortex,3311_none,ACAv_left
3311_none_ACAv_right,36.91621215,ACAv,right,3311,none,36.91621215,FALSE,ACA,Isocortex,3311_none,ACAv_right
3311_none_ACB_left,4.167452009,ACB,left,3311,none,4.167452009,FALSE,ACB,STR,3311_none,ACB_left
3311_none_ACB_right,2.029739833,ACB,right,3311,none,2.029739833,FALSE,ACB,STR,3311_none,ACB_right
3311_none_AId_left,21.59195226,AId,left,3311,none,21.59195226,FALSE,AI,Isocortex,3311_none,AId_left
3311_none_AId_right,19.85485217,AId,right,3311,none,19.85485217,FALSE,AI,Isocortex,3311_none,AId_right
3311_none_AIp_left,3.44717925,AIp,left,3311,none,3.44717925,FALSE,AI,Isocortex,3311_none,AIp_left
3311_none_AIp_right,24.56025609,AIp,right,3311,none,24.56025609,FALSE,AI,Isocortex,3311_none,AIp_right
3311_none_AIv_left,55.08310092,AIv,left,3311,none,55.08310092,FALSE,AI,Isocortex,3311_none,AIv_left
3311_none_AIv_right,49.48268302,AIv,right,3311,none,49.48268302,FALSE,AI,Isocortex,3311_none,AIv_right
3311_none_APr_left,3.041062403,APr,left,3311,none,3.041062403,FALSE,APr,HPF,3311_none,APr_left
3311_none_APr_right,7.438274256,APr,right,3311,none,7.438274256,FALSE,APr,HPF,3311_none,APr_right
3311_none_AQ_left,0,AQ,left,3311,none,0,TRUE,AQ,VS,3311_none,AQ_left
3311_none_AQ_right,0,AQ,right,3311,none,0,TRUE,AQ,VS,3311_none,AQ_right
3311_none_ARH_left,0,ARH,left,3311,none,0,FALSE,ARH,HY,3311_none,ARH_left
3311_none_ARH_right,0,ARH,right,3311,none,0,FALSE,ARH,HY,3311_none,ARH_right
3311_none_AT_left,0,AT,left,3311,none,0,FALSE,AT,MB,3311_none,AT_left
3311_none_AT_right,0,AT,right,3311,none,0,FALSE,AT,MB,3311_none,AT_right
3311_none_AUDd_left,24.36596192,AUDd,left,3311,none,24.36596192,FALSE,AUDd,Isocortex,3311_none,AUDd_left
3311_none_AUDd_right,23.44033186,AUDd,right,3311,none,23.44033186,FALSE,AUDd,Isocortex,3311_none,AUDd_right
3311_none_AUDp_left,25.64762522,AUDp,left,3311,none,25.64762522,FALSE,AUDp,Isocortex,3311_none,AUDp_left
3311_none_AUDp_right,0,AUDp,right,3311,none,0,FALSE,AUDp,Isocortex,3311_none,AUDp_right
3311_none_AUDv_left,16.97980091,AUDv,left,3311,none,16.97980091,FALSE,AUDv,Isocortex,3311_none,AUDv_left
3311_none_AUDv_right,31.59306414,AUDv,right,3311,none,31.59306414,FALSE,AUDv,Isocortex,3311_none,AUDv_right
3311_none_BLA_left,24.81158774,BLA,left,3311,none,24.81158774,FALSE,BLA,CTXsp,3311_none,BLA_left
3311_none_BLA_right,18.87856603,BLA,right,3311,none,18.87856603,FALSE,BLA,CTXsp,3311_none,BLA_right
3311_none_BMA_left,20.55357614,BMA,left,3311,none,20.55357614,FALSE,BMA,CTXsp,3311_none,BMA_left
3311_none_BMA_right,19.2139228,BMA,right,3311,none,19.2139228,FALSE,BMA,CTXsp,3311_none,BMA_right
3311_none_CA1_left,15.441908,CA1,left,3311,none,15.441908,FALSE,CA1,HPF,3311_none,CA1_left
3311_none_CA1_right,17.48507443,CA1,right,3311,none,17.48507443,FALSE,CA1,HPF,3311_none,CA1_right
3311_none_CA2_left,15.27365576,CA2,left,3311,none,15.27365576,FALSE,CA2,HPF,3311_none,CA2_left
3311_none_CA2_right,9.73968128,CA2,right,3311,none,9.73968128,FALSE,CA2,HPF,3311_none,CA2_right
3311_none_CA3_left,22.08731267,CA3,left,3311,none,22.08731267,FALSE,CA3,HPF,3311_none,CA3_left
3311_none_CA3_right,18.53332546,CA3,right,3311,none,18.53332546,FALSE,CA3,HPF,3311_none,CA3_right
3311_none_CB_left,0,CB,left,3311,none,0,FALSE,CB,CB,3311_none,CB_left
3311_none_CB_right,0,CB,right,3311,none,0,FALSE,CB,CB,3311_none,CB_right
3311_none_CEA_left,24.86272341,CEA,left,3311,none,24.86272341,FALSE,CEA,STR,3311_none,CEA_left
3311_none_CEA_right,48.55688671,CEA,right,3311,none,48.55688671,FALSE,CEA,STR,3311_none,CEA_right
3311_none_CLA_left,9.484884879,CLA,left,3311,none,9.484884879,FALSE,CLA,CTXsp,3311_none,CLA_left
3311_none_CLA_right,10.20708424,CLA,right,3311,none,10.20708424,FALSE,CLA,CTXsp,3311_none,CLA_right
3311_none_CL_left,6.053583075,CL,left,3311,none,6.053583075,FALSE,CL,TH,3311_none,CL_left
3311_none_CL_right,15.87495929,CL,right,3311,none,15.87495929,FALSE,CL,TH,3311_none,CL_right
3311_none_CM_left,12.861374,CM,left,3311,none,12.861374,FALSE,CM,TH,3311_none,CM_left
3311_none_CM_right,11.46499625,CM,right,3311,none,11.46499625,FALSE,CM,TH,3311_none,CM_right
3311_none_COA_left,17.03438844,COA,left,3311,none,17.03438844,FALSE,COA,OLF,3311_none,COA_left
3311_none_COA_right,9.17548636,COA,right,3311,none,9.17548636,FALSE,COA,OLF,3311_none,COA_right
3311_none_COAp_left,25.88404484,COAp,left,3311,none,25.88404484,FALSE,COA,OLF,3311_none,COAp_left
3311_none_COAp_right,28.56048888,COAp,right,3311,none,28.56048888,FALSE,COA,OLF,3311_none,COAp_right
3311_none_CP_left,4.635903924,CP,left,3311,none,4.635903924,FALSE,CP,STR,3311_none,CP_left
3311_none_CP_right,3.729424079,CP,right,3311,none,3.729424079,FALSE,CP,STR,3311_none,CP_right
3311_none_CS_left,0,CS,left,3311,none,0,FALSE,CS,P,3311_none,CS_left
3311_none_CS_right,4.807268951,CS,right,3311,none,4.807268951,FALSE,CS,P,3311_none,CS_right
3311_none_CTXsp_left,51.95545917,CTXsp,left,3311,none,51.95545917,FALSE,CTXsp,CTXsp,3311_none,CTXsp_left
3311_none_CTXsp_right,18.13685563,CTXsp,right,3311,none,18.13685563,FALSE,CTXsp,CTXsp,3311_none,CTXsp_right
3311_none_DG_left,7.474113508,DG,left,3311,none,7.474113508,FALSE,DG,HPF,3311_none,DG_left
3311_none_DG_right,4.247743945,DG,right,3311,none,4.247743945,FALSE,DG,HPF,3311_none,DG_right
3311_none_DMH_left,2.002369605,DMH,left,3311,none,2.002369605,FALSE,DMH,HY,3311_none,DMH_left
3311_none_DMH_right,0,DMH,right,3311,none,0,FALSE,DMH,HY,3311_none,DMH_right
3311_none_DR_left,0,DR,left,3311,none,0,FALSE,DR,MB,3311_none,DR_left
3311_none_DR_right,0,DR,right,3311,none,0,FALSE,DR,MB,3311_none,DR_right
3311_none_ECT_left,10.39292136,ECT,left,3311,none,10.39292136,FALSE,ECT,Isocortex,3311_none,ECT_left
3311_none_ECT_right,10.66702745,ECT,right,3311,none,10.66702745,FALSE,ECT,Isocortex,3311_none,ECT_right
3311_none_ENTl_left,10.69243557,ENTl,left,3311,none,10.69243557,FALSE,ENT,HPF,3311_none,ENTl_left
3311_none_ENTl_right,4.202504041,ENTl,right,3311,none,4.202504041,FALSE,ENT,HPF,3311_none,ENTl_right
3311_none_ENTm_left,3.507877371,ENTm,left,3311,none,3.507877371,FALSE,ENT,HPF,3311_none,ENTm_left
3311_none_ENTm_right,13.0956475,ENTm,right,3311,none,13.0956475,FALSE,ENT,HPF,3311_none,ENTm_right
3311_none_EP_left,16.31500953,EP,left,3311,none,16.31500953,FALSE,EP,CTXsp,3311_none,EP_left
3311_none_EP_right,17.03663662,EP,right,3311,none,17.03663662,FALSE,EP,CTXsp,3311_none,EP_right
3311_none_Eth_left,10.44986638,Eth,left,3311,none,10.44986638,FALSE,Eth,TH,3311_none,Eth_left
3311_none_Eth_right,63.39529685,Eth,right,3311,none,63.39529685,FALSE,Eth,TH,3311_none,Eth_right
3311_none_FC_left,0,FC,left,3311,none,0,FALSE,FC,HPF,3311_none,FC_left
3311_none_FC_right,0,FC,right,3311,none,0,FALSE,FC,HPF,3311_none,FC_right
3311_none_GU_left,10.98474476,GU,left,3311,none,10.98474476,FALSE,GU,Isocortex,3311_none,GU_left
3311_none_GU_right,28.23329813,GU,right,3311,none,28.23329813,FALSE,GU,Isocortex,3311_none,GU_right
3311_none_HATA_right,0,HATA,right,3311,none,0,FALSE,HATA,HPF,3311_none,HATA_right
3311_none_HPF_left,0,HPF,left,3311,none,0,FALSE,HPF,HPF,3311_none,HPF_left
3311_none_HPF_right,1.99703327,HPF,right,3311,none,1.99703327,FALSE,HPF,HPF,3311_none,HPF_right
3311_none_HY_left,1.074445481,HY,left,3311,none,1.074445481,FALSE,HY,HY,3311_none,HY_left
3311_none_HY_right,0,HY,right,3311,none,0,FALSE,HY,HY,3311_none,HY_right
3311_none_IA_left,21.58233966,IA,left,3311,none,21.58233966,FALSE,IA,STR,3311_none,IA_left
3311_none_IA_right,11.66496712,IA,right,3311,none,11.66496712,FALSE,IA,STR,3311_none,IA_right
3311_none_IC_left,2.794072563,IC,left,3311,none,2.794072563,FALSE,IC,MB,3311_none,IC_left
3311_none_IC_right,0,IC,right,3311,none,0,FALSE,IC,MB,3311_none,IC_right
3311_none_IG_left,0,IG,left,3311,none,0,FALSE,IG,HPF,3311_none,IG_left
3311_none_IG_right,0,IG,right,3311,none,0,FALSE,IG,HPF,3311_none,IG_right
3311_none_IMD_left,0,IMD,left,3311,none,0,FALSE,IMD,TH,3311_none,IMD_left
3311_none_IMD_right,6.68791448,IMD,right,3311,none,6.68791448,FALSE,IMD,TH,3311_none,IMD_right
3311_none_IV_left,0,IV,left,3311,none,0,FALSE,IV,MB,3311_none,IV_left
3311_none_IV_right,0,IV,right,3311,none,0,FALSE,IV,MB,3311_none,IV_right
3311_none_In_left,0,In,left,3311,none,0,TRUE,In,fiber tracts,3311_none,In_left
3311_none_In_right,0,In,right,3311,none,0,TRUE,In,fiber tracts,3311_none,In_right
3311_none_LA_left,39.1703517,LA,left,3311,none,39.1703517,FALSE,LA,CTXsp,3311_none,LA_left
3311_none_LA_right,27.75552019,LA,right,3311,none,27.75552019,FALSE,LA,CTXsp,3311_none,LA_right
3311_none_LGd_left,37.67040934,LGd,left,3311,none,37.67040934,FALSE,LGd,TH,3311_none,LGd_left
3311_none_LGd_right,19.1974689,LGd,right,3311,none,19.1974689,FALSE,LGd,TH,3311_none,LGd_right
3311_none_LGv_left,0,LGv,left,3311,none,0,FALSE,LGv,TH,3311_none,LGv_left
3311_none_LGv_right,30.51128624,LGv,right,3311,none,30.51128624,FALSE,LGv,TH,3311_none,LGv_right
3311_none_LHA_left,1.366740016,LHA,left,3311,none,1.366740016,FALSE,LHA,HY,3311_none,LHA_left
3311_none_LHA_right,0,LHA,right,3311,none,0,FALSE,LHA,HY,3311_none,LHA_right
3311_none_LH_left,2.411507625,LH,left,3311,none,2.411507625,FALSE,LH,TH,3311_none,LH_left
3311_none_LH_right,2.773149788,LH,right,3311,none,2.773149788,FALSE,LH,TH,3311_none,LH_right
3311_none_LP_left,8.250209036,LP,left,3311,none,8.250209036,FALSE,LP,TH,3311_none,LP_left
3311_none_LP_right,13.8411957,LP,right,3311,none,13.8411957,FALSE,LP,TH,3311_none,LP_right
3311_none_LS_left,9.59349043,LS,left,3311,none,9.59349043,FALSE,LS,STR,3311_none,LS_left
3311_none_LS_right,18.80858998,LS,right,3311,none,18.80858998,FALSE,LS,STR,3311_none,LS_right
3311_none_MB_left,1.382127545,MB,left,3311,none,1.382127545,FALSE,MB,MB,3311_none,MB_left
3311_none_MB_right,0,MB,right,3311,none,0,FALSE,MB,MB,3311_none,MB_right
3311_none_MD_left,14.96215548,MD,left,3311,none,14.96215548,FALSE,MD,TH,3311_none,MD_left
3311_none_MD_right,15.25528681,MD,right,3311,none,15.25528681,FALSE,MD,TH,3311_none,MD_right
3311_none_MEA_left,10.0373719,MEA,left,3311,none,10.0373719,FALSE,MEA,STR,3311_none,MEA_left
3311_none_MEA_right,11.42273958,MEA,right,3311,none,11.42273958,FALSE,MEA,STR,3311_none,MEA_right
3311_none_ME_left,0,ME,left,3311,none,0,FALSE,ME,HY,3311_none,ME_left
3311_none_ME_right,0,ME,right,3311,none,0,FALSE,ME,HY,3311_none,ME_right
3311_none_MH_left,0,MH,left,3311,none,0,FALSE,MH,TH,3311_none,MH_left
3311_none_MH_right,0,MH,right,3311,none,0,FALSE,MH,TH,3311_none,MH_right
3311_none_MOp_left,13.81833038,MOp,left,3311,none,13.81833038,FALSE,MOp,Isocortex,3311_none,MOp_left
3311_none_MOp_right,17.79210658,MOp,right,3311,none,17.79210658,FALSE,MOp,Isocortex,3311_none,MOp_right
3311_none_MOs_left,13.04274807,MOs,left,3311,none,13.04274807,FALSE,MOs,Isocortex,3311_none,MOs_left
3311_none_MOs_right,14.80568795,MOs,right,3311,none,14.80568795,FALSE,MOs,Isocortex,3311_none,MOs_right
3311_none_MRN_left,0,MRN,left,3311,none,0,FALSE,MRN,MB,3311_none,MRN_left
3311_none_MRN_right,0,MRN,right,3311,none,0,FALSE,MRN,MB,3311_none,MRN_right
3311_none_MS_left,0,MS,left,3311,none,0,FALSE,MS,PAL,3311_none,MS_left
3311_none_MS_right,0,MS,right,3311,none,0,FALSE,MS,PAL,3311_none,MS_right
3311_none_NDB_left,5.182462872,NDB,left,3311,none,5.182462872,FALSE,NDB,PAL,3311_none,NDB_left
3311_none_NDB_right,0,NDB,right,3311,none,0,FALSE,NDB,PAL,3311_none,NDB_right
3311_none_NLL_left,0,NLL,left,3311,none,0,FALSE,NLL,P,3311_none,NLL_left
3311_none_NLL_right,4.775985205,NLL,right,3311,none,4.775985205,FALSE,NLL,P,3311_none,NLL_right
3311_none_OLF_left,0,OLF,left,3311,none,0,FALSE,OLF,OLF,3311_none,OLF_left
3311_none_OLF_right,2.864381189,OLF,right,3311,none,2.864381189,FALSE,OLF,OLF,3311_none,OLF_right
3311_none_OT_left,0,OT,left,3311,none,0,FALSE,OT,STR,3311_none,OT_left
3311_none_OT_right,0,OT,right,3311,none,0,FALSE,OT,STR,3311_none,OT_right
3311_none_PAA_left,20.45639166,PAA,left,3311,none,20.45639166,FALSE,PAA,OLF,3311_none,PAA_left
3311_none_PAA_right,24.9007086,PAA,right,3311,none,24.9007086,FALSE,PAA,OLF,3311_none,PAA_right
3311_none_PAG_left,0,PAG,left,3311,none,0,FALSE,PAG,MB,3311_none,PAG_left
3311_none_PAG_right,1.140201543,PAG,right,3311,none,1.140201543,FALSE,PAG,MB,3311_none,PAG_right
3311_none_PAL_left,0,PAL,left,3311,none,0,FALSE,PAL,PAL,3311_none,PAL_left
3311_none_PAL_right,1.532079667,PAL,right,3311,none,1.532079667,FALSE,PAL,PAL,3311_none,PAL_right
3311_none_PALd_left,0,PALd,left,3311,none,0,FALSE,PAL,PAL,3311_none,PALd_left
3311_none_PALd_right,2.877645287,PALd,right,3311,none,2.877645287,FALSE,PAL,PAL,3311_none,PALd_right
3311_none_PAR_left,28.86462144,PAR,left,3311,none,28.86462144,FALSE,PAR,HPF,3311_none,PAR_left
3311_none_PAR_right,12.32968341,PAR,right,3311,none,12.32968341,FALSE,PAR,HPF,3311_none,PAR_right
3311_none_PBG_left,0,PBG,left,3311,none,0,FALSE,PBG,MB,3311_none,PBG_left
3311_none_PBG_right,0,PBG,right,3311,none,0,FALSE,PBG,MB,3311_none,PBG_right
3311_none_PCN_left,25.38306351,PCN,left,3311,none,25.38306351,FALSE,PCN,TH,3311_none,PCN_left
3311_none_PCN_right,14.83028252,PCN,right,3311,none,14.83028252,FALSE,PCN,TH,3311_none,PCN_right
3311_none_PERI_left,23.06476549,PERI,left,3311,none,23.06476549,FALSE,PERI,Isocortex,3311_none,PERI_left
3311_none_PERI_right,3.429699732,PERI,right,3311,none,3.429699732,FALSE,PERI,Isocortex,3311_none,PERI_right
3311_none_PG_left,9.231568888,PG,left,3311,none,9.231568888,FALSE,PG,P,3311_none,PG_left
3311_none_PG_right,3.829094226,PG,right,3311,none,3.829094226,FALSE,PG,P,3311_none,PG_right
3311_none_PH_left,0,PH,left,3311,none,0,FALSE,PH,HY,3311_none,PH_left
3311_none_PH_right,0,PH,right,3311,none,0,FALSE,PH,HY,3311_none,PH_right
3311_none_PIR_left,20.79354418,PIR,left,3311,none,20.79354418,FALSE,PIR,OLF,3311_none,PIR_left
3311_none_PIR_right,23.57630518,PIR,right,3311,none,23.57630518,FALSE,PIR,OLF,3311_none,PIR_right
3311_none_POST_right,17.22792785,POST,right,3311,none,17.22792785,FALSE,POST,HPF,3311_none,POST_right
3311_none_PO_left,35.17954885,PO,left,3311,none,35.17954885,FALSE,PO,TH,3311_none,PO_left
3311_none_PO_right,45.216339,PO,right,3311,none,45.216339,FALSE,PO,TH,3311_none,PO_right
3311_none_PPN_left,0,PPN,left,3311,none,0,FALSE,PPN,MB,3311_none,PPN_left
3311_none_PPN_right,0,PPN,right,3311,none,0,FALSE,PPN,MB,3311_none,PPN_right
3311_none_PRE_right,12.03130699,PRE,right,3311,none,12.03130699,FALSE,PRE,HPF,3311_none,PRE_right
3311_none_PRNr_left,1.113108786,PRNr,left,3311,none,1.113108786,FALSE,PRNr,P,3311_none,PRNr_left
3311_none_PRNr_right,2.701508196,PRNr,right,3311,none,2.701508196,FALSE,PRNr,P,3311_none,PRNr_right
3311_none_PR_left,0,PR,left,3311,none,0,FALSE,PR,TH,3311_none,PR_left
3311_none_PR_right,0,PR,right,3311,none,0,FALSE,PR,TH,3311_none,PR_right
3311_none_PST_left,0,PST,left,3311,none,0,FALSE,PST,HY,3311_none,PST_left
3311_none_PST_right,0,PST,right,3311,none,0,FALSE,PST,HY,3311_none,PST_right
3311_none_PVT_left,4.399943736,PVT,left,3311,none,4.399943736,FALSE,PVT,TH,3311_none,PVT_left
3311_none_PVT_right,4.012748687,PVT,right,3311,none,4.012748687,FALSE,PVT,TH,3311_none,PVT_right
3311_none_PVZ_left,0,PVZ,left,3311,none,0,FALSE,PVZ,HY,3311_none,PVZ_left
3311_none_PVZ_right,0,PVZ,right,3311,none,0,FALSE,PVZ,HY,3311_none,PVZ_right
3311_none_P_left,1.87540816,P,left,3311,none,1.87540816,FALSE,P,P,3311_none,P_left
3311_none_P_right,0,P,right,3311,none,0,FALSE,P,P,3311_none,P_right
3311_none_Pa4_left,0,Pa4,left,3311,none,0,FALSE,Pa4,MB,3311_none,Pa4_left
3311_none_Pa4_right,0,Pa4,right,3311,none,0,FALSE,Pa4,MB,3311_none,Pa4_right
3311_none_PeF_left,0,PeF,left,3311,none,0,FALSE,PeF,HY,3311_none,PeF_left
3311_none_PeF_right,0,PeF,right,3311,none,0,FALSE,PeF,HY,3311_none,PeF_right
3311_none_RE_left,0,RE,left,3311,none,0,FALSE,RE,TH,3311_none,RE_left
3311_none_RE_right,0,RE,right,3311,none,0,FALSE,RE,TH,3311_none,RE_right
3311_none_RH_left,0,RH,left,3311,none,0,FALSE,RH,TH,3311_none,RH_left
3311_none_RH_right,0,RH,right,3311,none,0,FALSE,RH,TH,3311_none,RH_right
3311_none_RSPagl_left,41.83765806,RSPagl,left,3311,none,41.83765806,FALSE,RSP,Isocortex,3311_none,RSPagl_left
3311_none_RSPagl_right,19.68007966,RSPagl,right,3311,none,19.68007966,FALSE,RSP,Isocortex,3311_none,RSPagl_right
3311_none_RSPd_left,24.98230796,RSPd,left,3311,none,24.98230796,FALSE,RSP,Isocortex,3311_none,RSPd_left
3311_none_RSPd_right,33.23770975,RSPd,right,3311,none,33.23770975,FALSE,RSP,Isocortex,3311_none,RSPd_right
3311_none_RSPv_left,55.52624326,RSPv,left,3311,none,55.52624326,FALSE,RSP,Isocortex,3311_none,RSPv_left
3311_none_RSPv_right,18.74992873,RSPv,right,3311,none,18.74992873,FALSE,RSP,Isocortex,3311_none,RSPv_right
3311_none_RT_left,38.9614146,RT,left,3311,none,38.9614146,FALSE,RT,TH,3311_none,RT_left
3311_none_RT_right,27.90627634,RT,right,3311,none,27.90627634,FALSE,RT,TH,3311_none,RT_right
3311_none_SAG_left,0,SAG,left,3311,none,0,FALSE,SAG,MB,3311_none,SAG_left
3311_none_SAG_right,0,SAG,right,3311,none,0,FALSE,SAG,MB,3311_none,SAG_right
3311_none_SCm_left,0,SCm,left,3311,none,0,FALSE,MBmot,MB,3311_none,SCm_left
3311_none_SCm_right,0,SCm,right,3311,none,0,FALSE,MBmot,MB,3311_none,SCm_right
3311_none_SCs_left,0,SCs,left,3311,none,0,FALSE,MBsen,MB,3311_none,SCs_left
3311_none_SCs_right,1.339251326,SCs,right,3311,none,1.339251326,FALSE,MBsen,MB,3311_none,SCs_right
3311_none_SEZ_left,0,SEZ,left,3311,none,0,TRUE,SEZ,VS,3311_none,SEZ_left
3311_none_SEZ_right,0,SEZ,right,3311,none,0,TRUE,SEZ,VS,3311_none,SEZ_right
3311_none_SH_left,127.2655439,SH,left,3311,none,127.2655439,FALSE,SH,STR,3311_none,SH_left
3311_none_SH_right,43.7129477,SH,right,3311,none,43.7129477,FALSE,SH,STR,3311_none,SH_right
3311_none_SI_left,0,SI,left,3311,none,0,FALSE,SI,PAL,3311_none,SI_left
3311_none_SI_right,0,SI,right,3311,none,0,FALSE,SI,PAL,3311_none,SI_right
3311_none_SMT_left,0,SMT,left,3311,none,0,FALSE,SMT,TH,3311_none,SMT_left
3311_none_SMT_right,0,SMT,right,3311,none,0,FALSE,SMT,TH,3311_none,SMT_right
3311_none_SSp-bfd_left,35.83864323,SSp-bfd,left,3311,none,35.83864323,FALSE,SSp,Isocortex,3311_none,SSp-bfd_left
3311_none_SSp-bfd_right,42.35001512,SSp-bfd,right,3311,none,42.35001512,FALSE,SSp,Isocortex,3311_none,SSp-bfd_right
3311_none_SSp-m_left,26.19180798,SSp-m,left,3311,none,26.19180798,FALSE,SSp,Isocortex,3311_none,SSp-m_left
3311_none_SSp-m_right,27.82897729,SSp-m,right,3311,none,27.82897729,FALSE,SSp,Isocortex,3311_none,SSp-m_right
3311_none_SSp-ul_left,31.33477802,SSp-ul,left,3311,none,31.33477802,FALSE,SSp,Isocortex,3311_none,SSp-ul_left
3311_none_SSp-ul_right,15.27302319,SSp-ul,right,3311,none,15.27302319,FALSE,SSp,Isocortex,3311_none,SSp-ul_right
3311_none_SSs_left,44.39653031,SSs,left,3311,none,44.39653031,FALSE,SSs,Isocortex,3311_none,SSs_left
3311_none_SSs_right,34.98237885,SSs,right,3311,none,34.98237885,FALSE,SSs,Isocortex,3311_none,SSs_right
3311_none_STN_left,0,STN,left,3311,none,0,FALSE,STN,HY,3311_none,STN_left
3311_none_STN_right,0,STN,right,3311,none,0,FALSE,STN,HY,3311_none,STN_right
3311_none_STR_left,18.93559497,STR,left,3311,none,18.93559497,FALSE,STR,STR,3311_none,STR_left
3311_none_STR_right,29.31575846,STR,right,3311,none,29.31575846,FALSE,STR,STR,3311_none,STR_right
3311_none_SUB_right,2.04621671,SUB,right,3311,none,2.04621671,FALSE,SUB,HPF,3311_none,SUB_right
3311_none_TEa_left,8.101378752,TEa,left,3311,none,8.101378752,FALSE,TEa,Isocortex,3311_none,TEa_left
3311_none_TEa_right,10.16170593,TEa,right,3311,none,10.16170593,FALSE,TEa,Isocortex,3311_none,TEa_right
3311_none_TH_left,0,TH,left,3311,none,0,FALSE,TH,TH,3311_none,TH_left
3311_none_TH_right,3.236087651,TH,right,3311,none,3.236087651,FALSE,TH,TH,3311_none,TH_right
3311_none_TRN_left,0,TRN,left,3311,none,0,FALSE,TRN,P,3311_none,TRN_left
3311_none_TRN_right,5.659972184,TRN,right,3311,none,5.659972184,FALSE,TRN,P,3311_none,TRN_right
3311_none_TU_left,2.399969311,TU,left,3311,none,2.399969311,FALSE,TU,HY,3311_none,TU_left
3311_none_TU_right,6.122576109,TU,right,3311,none,6.122576109,FALSE,TU,HY,3311_none,TU_right
3311_none_V3_left,0,V3,left,3311,none,0,TRUE,V3,VS,3311_none,V3_left
3311_none_V3_right,0,V3,right,3311,none,0,TRUE,V3,VS,3311_none,V3_right
3311_none_VAL_left,0,VAL,left,3311,none,0,FALSE,VAL,TH,3311_none,VAL_left
3311_none_VAL_right,23.3597088,VAL,right,3311,none,23.3597088,FALSE,VAL,TH,3311_none,VAL_right
3311_none_VISC_left,0,VISC,left,3311,none,0,FALSE,VISC,Isocortex,3311_none,VISC_left
3311_none_VISC_right,9.546034848,VISC,right,3311,none,9.546034848,FALSE,VISC,Isocortex,3311_none,VISC_right
3311_none_VISa_left,17.78233345,VISa,left,3311,none,17.78233345,FALSE,VISa,Isocortex,3311_none,VISa_left
3311_none_VISa_right,21.17109958,VISa,right,3311,none,21.17109958,FALSE,VISa,Isocortex,3311_none,VISa_right
3311_none_VISam_left,7.388508778,VISam,left,3311,none,7.388508778,FALSE,VISam,Isocortex,3311_none,VISam_left
3311_none_VISam_right,21.75781221,VISam,right,3311,none,21.75781221,FALSE,VISam,Isocortex,3311_none,VISam_right
3311_none_VISl_left,100.0785991,VISl,left,3311,none,100.0785991,FALSE,VISl,Isocortex,3311_none,VISl_left
3311_none_VISl_right,32.21993099,VISl,right,3311,none,32.21993099,FALSE,VISl,Isocortex,3311_none,VISl_right
3311_none_VISli_right,27.69470666,VISli,right,3311,none,27.69470666,FALSE,VISli,Isocortex,3311_none,VISli_right
3311_none_VISp_left,24.51547159,VISp,left,3311,none,24.51547159,FALSE,VISp,Isocortex,3311_none,VISp_left
3311_none_VISp_right,36.50029866,VISp,right,3311,none,36.50029866,FALSE,VISp,Isocortex,3311_none,VISp_right
3311_none_VISpl_left,15.47983045,VISpl,left,3311,none,15.47983045,FALSE,VISpl,Isocortex,3311_none,VISpl_left
3311_none_VISpl_right,30.4611994,VISpl,right,3311,none,30.4611994,FALSE,VISpl,Isocortex,3311_none,VISpl_right
3311_none_VISpor_left,27.98160135,VISpor,left,3311,none,27.98160135,FALSE,VISpor,Isocortex,3311_none,VISpor_left
3311_none_VISpor_right,26.68278997,VISpor,right,3311,none,26.68278997,FALSE,VISpor,Isocortex,3311_none,VISpor_right
3311_none_VISrl_left,23.75591715,VISrl,left,3311,none,23.75591715,FALSE,VISrl,Isocortex,3311_none,VISrl_left
3311_none_VISrl_right,30.95002044,VISrl,right,3311,none,30.95002044,FALSE,VISrl,Isocortex,3311_none,VISrl_right
3311_none_VL_left,2.279813599,VL,left,3311,none,2.279813599,TRUE,VL,VS,3311_none,VL_left
3311_none_VL_right,0,VL,right,3311,none,0,TRUE,VL,VS,3311_none,VL_right
3311_none_VMH_left,4.690335232,VMH,left,3311,none,4.690335232,FALSE,VMH,HY,3311_none,VMH_left
3311_none_VMH_right,0,VMH,right,3311,none,0,FALSE,VMH,HY,3311_none,VMH_right
3311_none_VM_left,5.656469659,VM,left,3311,none,5.656469659,FALSE,VM,TH,3311_none,VM_left
3311_none_VM_right,8.15989828,VM,right,3311,none,8.15989828,FALSE,VM,TH,3311_none,VM_right
3311_none_VPL_left,28.51135353,VPL,left,3311,none,28.51135353,FALSE,VPL,TH,3311_none,VPL_left
3311_none_VPL_right,20.78333701,VPL,right,3311,none,20.78333701,FALSE,VPL,TH,3311_none,VPL_right
3311_none_VPM_left,58.82119846,VPM,left,3311,none,58.82119846,FALSE,VPM,TH,3311_none,VPM_left
3311_none_VPM_right,43.37494726,VPM,right,3311,none,43.37494726,FALSE,VPM,TH,3311_none,VPM_right
3311_none_VP_left,8.025497375,VP,left,3311,none,8.025497375,FALSE,VP,TH,3311_none,VP_left
3311_none_VP_right,0,VP,right,3311,none,0,FALSE,VP,TH,3311_none,VP_right
3311_none_Xi_left,0,Xi,left,3311,none,0,FALSE,Xi,TH,3311_none,Xi_left
3311_none_Xi_right,0,Xi,right,3311,none,0,FALSE,Xi,TH,3311_none,Xi_right
3311_none_ZI_left,7.68114216,ZI,left,3311,none,7.68114216,FALSE,ZI,HY,3311_none,ZI_left
3311_none_ZI_right,1.892805985,ZI,right,3311,none,1.892805985,FALSE,ZI,HY,3311_none,ZI_right
3311_none_alv_left,16.7313486,alv,left,3311,none,16.7313486,TRUE,alv,fiber tracts,3311_none,alv_left
3311_none_alv_right,4.936025586,alv,right,3311,none,4.936025586,TRUE,alv,fiber tracts,3311_none,alv_right
3311_none_amc_left,62.72804405,amc,left,3311,none,62.72804405,TRUE,amc,fiber tracts,3311_none,amc_left
3311_none_amc_right,35.45670086,amc,right,3311,none,35.45670086,TRUE,amc,fiber tracts,3311_none,amc_right
3311_none_ar_left,0,ar,left,3311,none,0,TRUE,ar,fiber tracts,3311_none,ar_left
3311_none_ar_right,2.571988664,ar,right,3311,none,2.571988664,TRUE,ar,fiber tracts,3311_none,ar_right
3311_none_bic_left,0,bic,left,3311,none,0,TRUE,bic,fiber tracts,3311_none,bic_left
3311_none_bic_right,0,bic,right,3311,none,0,TRUE,bic,fiber tracts,3311_none,bic_right
3311_none_cc_left,32.56247421,cc,left,3311,none,32.56247421,TRUE,cc,fiber tracts,3311_none,cc_left
3311_none_cc_right,3.856967273,cc,right,3311,none,3.856967273,TRUE,cc,fiber tracts,3311_none,cc_right
3311_none_ccg_left,3.29638622,ccg,left,3311,none,3.29638622,TRUE,ccg,fiber tracts,3311_none,ccg_left
3311_none_ccg_right,7.24349998,ccg,right,3311,none,7.24349998,TRUE,ccg,fiber tracts,3311_none,ccg_right
3311_none_chpl_left,0,chpl,left,3311,none,0,TRUE,chpl,VS,3311_none,chpl_left
3311_none_chpl_right,0,chpl,right,3311,none,0,TRUE,chpl,VS,3311_none,chpl_right
3311_none_cing_left,11.67468558,cing,left,3311,none,11.67468558,TRUE,cing,fiber tracts,3311_none,cing_left
3311_none_cing_right,12.43069093,cing,right,3311,none,12.43069093,TRUE,cing,fiber tracts,3311_none,cing_right
3311_none_cst_left,0,cst,left,3311,none,0,TRUE,cst,fiber tracts,3311_none,cst_left
3311_none_cst_right,0,cst,right,3311,none,0,TRUE,cst,fiber tracts,3311_none,cst_right
3311_none_dhc_left,17.82697638,dhc,left,3311,none,17.82697638,TRUE,dhc,fiber tracts,3311_none,dhc_left
3311_none_dhc_right,28.79317611,dhc,right,3311,none,28.79317611,TRUE,dhc,fiber tracts,3311_none,dhc_right
3311_none_dscp_left,0,dscp,left,3311,none,0,TRUE,dscp,fiber tracts,3311_none,dscp_left
3311_none_dscp_right,0,dscp,right,3311,none,0,TRUE,dscp,fiber tracts,3311_none,dscp_right
3311_none_ec_left,7.436611417,ec,left,3311,none,7.436611417,TRUE,ec,fiber tracts,3311_none,ec_left
3311_none_ec_right,0,ec,right,3311,none,0,TRUE,ec,fiber tracts,3311_none,ec_right
3311_none_em_left,54.36968695,em,left,3311,none,54.36968695,TRUE,em,fiber tracts,3311_none,em_left
3311_none_em_right,19.466424,em,right,3311,none,19.466424,TRUE,em,fiber tracts,3311_none,em_right
3311_none_fi_left,1.93292326,fi,left,3311,none,1.93292326,TRUE,fi,fiber tracts,3311_none,fi_left
3311_none_fi_right,0,fi,right,3311,none,0,TRUE,fi,fiber tracts,3311_none,fi_right
3311_none_fiber tracts_left,13.578653,fiber tracts,left,3311,none,13.578653,TRUE,fiber tracts,fiber tracts,3311_none,fiber tracts_left
3311_none_fiber tracts_right,7.835223795,fiber tracts,right,3311,none,7.835223795,TRUE,fiber tracts,fiber tracts,3311_none,fiber tracts_right
3311_none_fr_left,0,fr,left,3311,none,0,TRUE,fr,fiber tracts,3311_none,fr_left
3311_none_fr_right,12.56693195,fr,right,3311,none,12.56693195,TRUE,fr,fiber tracts,3311_none,fr_right
3311_none_fx_left,0,fx,left,3311,none,0,TRUE,fx,fiber tracts,3311_none,fx_left
3311_none_fx_right,0,fx,right,3311,none,0,TRUE,fx,fiber tracts,3311_none,fx_right
3311_none_hbc_left,0,hbc,left,3311,none,0,TRUE,hbc,fiber tracts,3311_none,hbc_left
3311_none_hbc_right,0,hbc,right,3311,none,0,TRUE,hbc,fiber tracts,3311_none,hbc_right
3311_none_int_left,5.567194364,int,left,3311,none,5.567194364,TRUE,int,fiber tracts,3311_none,int_left
3311_none_int_right,0,int,right,3311,none,0,TRUE,int,fiber tracts,3311_none,int_right
3311_none_ll_left,0,ll,left,3311,none,0,TRUE,ll,fiber tracts,3311_none,ll_left
3311_none_ll_right,0,ll,right,3311,none,0,TRUE,ll,fiber tracts,3311_none,ll_right
3311_none_lotg_left,0,lotg,left,3311,none,0,TRUE,In,fiber tracts,3311_none,lotg_left
3311_none_lotg_right,0,lotg,right,3311,none,0,TRUE,In,fiber tracts,3311_none,lotg_right
3311_none_mcp_left,0,mcp,left,3311,none,0,TRUE,mcp,fiber tracts,3311_none,mcp_left
3311_none_mcp_right,0,mcp,right,3311,none,0,TRUE,mcp,fiber tracts,3311_none,mcp_right
3311_none_ml_left,0,ml,left,3311,none,0,TRUE,ml,fiber tracts,3311_none,ml_left
3311_none_ml_right,0,ml,right,3311,none,0,TRUE,ml,fiber tracts,3311_none,ml_right
3311_none_mlf_left,0,mlf,left,3311,none,0,TRUE,mlf,fiber tracts,3311_none,mlf_left
3311_none_mlf_right,0,mlf,right,3311,none,0,TRUE,mlf,fiber tracts,3311_none,mlf_right
3311_none_moV_left,0,moV,left,3311,none,0,TRUE,moV,fiber tracts,3311_none,moV_left
3311_none_moV_right,0,moV,right,3311,none,0,TRUE,moV,fiber tracts,3311_none,moV_right
3311_none_mtg_left,0,mtg,left,3311,none,0,TRUE,mtg,fiber tracts,3311_none,mtg_left
3311_none_mtg_right,0,mtg,right,3311,none,0,TRUE,mtg,fiber tracts,3311_none,mtg_right
3311_none_mtt_left,0,mtt,left,3311,none,0,TRUE,mtt,fiber tracts,3311_none,mtt_left
3311_none_mtt_right,0,mtt,right,3311,none,0,TRUE,mtt,fiber tracts,3311_none,mtt_right
3311_none_nst_left,0,nst,left,3311,none,0,TRUE,nst,fiber tracts,3311_none,nst_left
3311_none_nst_right,0,nst,right,3311,none,0,TRUE,nst,fiber tracts,3311_none,nst_right
3311_none_opt_left,0,opt,left,3311,none,0,TRUE,opt,fiber tracts,3311_none,opt_left
3311_none_opt_right,0,opt,right,3311,none,0,TRUE,opt,fiber tracts,3311_none,opt_right
3311_none_or_left,18.09371521,or,left,3311,none,18.09371521,TRUE,or,fiber tracts,3311_none,or_left
3311_none_or_right,6.552462754,or,right,3311,none,6.552462754,TRUE,or,fiber tracts,3311_none,or_right
3311_none_rust_left,0,rust,left,3311,none,0,TRUE,rust,fiber tracts,3311_none,rust_left
3311_none_rust_right,0,rust,right,3311,none,0,TRUE,rust,fiber tracts,3311_none,rust_right
3311_none_sV_left,0,sV,left,3311,none,0,TRUE,sV,fiber tracts,3311_none,sV_left
3311_none_sV_right,0,sV,right,3311,none,0,TRUE,sV,fiber tracts,3311_none,sV_right
3311_none_scp_left,0,scp,left,3311,none,0,TRUE,scp,fiber tracts,3311_none,scp_left
3311_none_scp_right,0,scp,right,3311,none,0,TRUE,scp,fiber tracts,3311_none,scp_right
3311_none_scwm_left,11.86985846,scwm,left,3311,none,11.86985846,TRUE,scwm,fiber tracts,3311_none,scwm_left
3311_none_scwm_right,0,scwm,right,3311,none,0,TRUE,scwm,fiber tracts,3311_none,scwm_right
3311_none_st_left,10.56157047,st,left,3311,none,10.56157047,TRUE,st,fiber tracts,3311_none,st_left
3311_none_st_right,30.35328035,st,right,3311,none,30.35328035,TRUE,st,fiber tracts,3311_none,st_right
3311_none_stc_left,0,stc,left,3311,none,0,TRUE,stc,fiber tracts,3311_none,stc_left
3311_none_stc_right,0,stc,right,3311,none,0,TRUE,stc,fiber tracts,3311_none,stc_right
3311_none_sup_left,0,sup,left,3311,none,0,TRUE,sup,fiber tracts,3311_none,sup_left
3311_none_sup_right,0,sup,right,3311,none,0,TRUE,sup,fiber tracts,3311_none,sup_right
3311_none_tspc_left,0,tspc,left,3311,none,0,TRUE,tspc,fiber tracts,3311_none,tspc_left
3311_none_tspc_right,0,tspc,right,3311,none,0,TRUE,tspc,fiber tracts,3311_none,tspc_right
3361_none_ACAd_left,39.47637481,ACAd,left,3361,none,39.47637481,FALSE,ACA,Isocortex,3361_none,ACAd_left
3361_none_ACAd_right,21.51769768,ACAd,right,3361,none,21.51769768,FALSE,ACA,Isocortex,3361_none,ACAd_right
3361_none_ACAv_left,21.59964275,ACAv,left,3361,none,21.59964275,FALSE,ACA,Isocortex,3361_none,ACAv_left
3361_none_ACAv_right,33.1073005,ACAv,right,3361,none,33.1073005,FALSE,ACA,Isocortex,3361_none,ACAv_right
3361_none_ACB_left,0,ACB,left,3361,none,0,FALSE,ACB,STR,3361_none,ACB_left
3361_none_ACB_right,5.27369077,ACB,right,3361,none,5.27369077,FALSE,ACB,STR,3361_none,ACB_right
3361_none_AId_left,5.488534978,AId,left,3361,none,5.488534978,FALSE,AI,Isocortex,3361_none,AId_left
3361_none_AId_right,9.61457324,AId,right,3361,none,9.61457324,FALSE,AI,Isocortex,3361_none,AId_right
3361_none_AIp_left,39.91602872,AIp,left,3361,none,39.91602872,FALSE,AI,Isocortex,3361_none,AIp_left
3361_none_AIp_right,32.57800441,AIp,right,3361,none,32.57800441,FALSE,AI,Isocortex,3361_none,AIp_right
3361_none_AIv_left,70.35189556,AIv,left,3361,none,70.35189556,FALSE,AI,Isocortex,3361_none,AIv_left
3361_none_AIv_right,21.23765646,AIv,right,3361,none,21.23765646,FALSE,AI,Isocortex,3361_none,AIv_right
3361_none_APr_left,38.64094868,APr,left,3361,none,38.64094868,FALSE,APr,HPF,3361_none,APr_left
3361_none_APr_right,21.86717283,APr,right,3361,none,21.86717283,FALSE,APr,HPF,3361_none,APr_right
3361_none_AQ_left,0,AQ,left,3361,none,0,TRUE,AQ,VS,3361_none,AQ_left
3361_none_AQ_right,0,AQ,right,3361,none,0,TRUE,AQ,VS,3361_none,AQ_right
3361_none_ARH_left,6.45347285,ARH,left,3361,none,6.45347285,FALSE,ARH,HY,3361_none,ARH_left
3361_none_ARH_right,0,ARH,right,3361,none,0,FALSE,ARH,HY,3361_none,ARH_right
3361_none_AT_left,0,AT,left,3361,none,0,FALSE,AT,MB,3361_none,AT_left
3361_none_AT_right,0,AT,right,3361,none,0,FALSE,AT,MB,3361_none,AT_right
3361_none_AUDd_left,39.13900746,AUDd,left,3361,none,39.13900746,FALSE,AUDd,Isocortex,3361_none,AUDd_left
3361_none_AUDp_left,43.7452574,AUDp,left,3361,none,43.7452574,FALSE,AUDp,Isocortex,3361_none,AUDp_left
3361_none_AUDv_left,28.77028056,AUDv,left,3361,none,28.77028056,FALSE,AUDv,Isocortex,3361_none,AUDv_left
3361_none_AVPV_left,0,AVPV,left,3361,none,0,FALSE,AVPV,HY,3361_none,AVPV_left
3361_none_AVPV_right,0,AVPV,right,3361,none,0,FALSE,AVPV,HY,3361_none,AVPV_right
3361_none_BLA_left,27.92093609,BLA,left,3361,none,27.92093609,FALSE,BLA,CTXsp,3361_none,BLA_left
3361_none_BLA_right,31.25402866,BLA,right,3361,none,31.25402866,FALSE,BLA,CTXsp,3361_none,BLA_right
3361_none_BMA_left,26.90035851,BMA,left,3361,none,26.90035851,FALSE,BMA,CTXsp,3361_none,BMA_left
3361_none_BMA_right,25.73433124,BMA,right,3361,none,25.73433124,FALSE,BMA,CTXsp,3361_none,BMA_right
3361_none_CA1_left,24.87517913,CA1,left,3361,none,24.87517913,FALSE,CA1,HPF,3361_none,CA1_left
3361_none_CA1_right,30.84086376,CA1,right,3361,none,30.84086376,FALSE,CA1,HPF,3361_none,CA1_right
3361_none_CA2_left,0,CA2,left,3361,none,0,FALSE,CA2,HPF,3361_none,CA2_left
3361_none_CA2_right,14.39050268,CA2,right,3361,none,14.39050268,FALSE,CA2,HPF,3361_none,CA2_right
3361_none_CA3_left,23.40975495,CA3,left,3361,none,23.40975495,FALSE,CA3,HPF,3361_none,CA3_left
3361_none_CA3_right,21.48635273,CA3,right,3361,none,21.48635273,FALSE,CA3,HPF,3361_none,CA3_right
3361_none_CB_left,0,CB,left,3361,none,0,FALSE,CB,CB,3361_none,CB_left
3361_none_CB_right,0,CB,right,3361,none,0,FALSE,CB,CB,3361_none,CB_right
3361_none_CEA_left,39.36350806,CEA,left,3361,none,39.36350806,FALSE,CEA,STR,3361_none,CEA_left
3361_none_CEA_right,42.94730277,CEA,right,3361,none,42.94730277,FALSE,CEA,STR,3361_none,CEA_right
3361_none_CLA_left,14.83184584,CLA,left,3361,none,14.83184584,FALSE,CLA,CTXsp,3361_none,CLA_left
3361_none_CLA_right,29.48058248,CLA,right,3361,none,29.48058248,FALSE,CLA,CTXsp,3361_none,CLA_right
3361_none_CL_left,20.78981346,CL,left,3361,none,20.78981346,FALSE,CL,TH,3361_none,CL_left
3361_none_CL_right,16.18401874,CL,right,3361,none,16.18401874,FALSE,CL,TH,3361_none,CL_right
3361_none_CM_left,0,CM,left,3361,none,0,FALSE,CM,TH,3361_none,CM_left
3361_none_CM_right,18.68617512,CM,right,3361,none,18.68617512,FALSE,CM,TH,3361_none,CM_right
3361_none_COA_left,27.82576602,COA,left,3361,none,27.82576602,FALSE,COA,OLF,3361_none,COA_left
3361_none_COA_right,17.40548248,COA,right,3361,none,17.40548248,FALSE,COA,OLF,3361_none,COA_right
3361_none_COAp_left,95.30456262,COAp,left,3361,none,95.30456262,FALSE,COA,OLF,3361_none,COAp_left
3361_none_CP_left,2.285590941,CP,left,3361,none,2.285590941,FALSE,CP,STR,3361_none,CP_left
3361_none_CP_right,3.95986116,CP,right,3361,none,3.95986116,FALSE,CP,STR,3361_none,CP_right
3361_none_CS_left,6.324351111,CS,left,3361,none,6.324351111,FALSE,CS,P,3361_none,CS_left
3361_none_CS_right,2.2706243,CS,right,3361,none,2.2706243,FALSE,CS,P,3361_none,CS_right
3361_none_CTXsp_left,26.86307634,CTXsp,left,3361,none,26.86307634,FALSE,CTXsp,CTXsp,3361_none,CTXsp_left
3361_none_CTXsp_right,104.2611606,CTXsp,right,3361,none,104.2611606,FALSE,CTXsp,CTXsp,3361_none,CTXsp_right
3361_none_DG_left,8.39214298,DG,left,3361,none,8.39214298,FALSE,DG,HPF,3361_none,DG_left
3361_none_DG_right,6.193317206,DG,right,3361,none,6.193317206,FALSE,DG,HPF,3361_none,DG_right
3361_none_DMH_left,0,DMH,left,3361,none,0,FALSE,DMH,HY,3361_none,DMH_left
3361_none_DMH_right,5.00789493,DMH,right,3361,none,5.00789493,FALSE,DMH,HY,3361_none,DMH_right
3361_none_DR_left,0,DR,left,3361,none,0,FALSE,DR,MB,3361_none,DR_left
3361_none_DR_right,0,DR,right,3361,none,0,FALSE,DR,MB,3361_none,DR_right
3361_none_ECT_left,20.26068044,ECT,left,3361,none,20.26068044,FALSE,ECT,Isocortex,3361_none,ECT_left
3361_none_ECT_right,154.9701085,ECT,right,3361,none,154.9701085,FALSE,ECT,Isocortex,3361_none,ECT_right
3361_none_ENTl_left,13.48157164,ENTl,left,3361,none,13.48157164,FALSE,ENT,HPF,3361_none,ENTl_left
3361_none_ENTl_right,13.40526488,ENTl,right,3361,none,13.40526488,FALSE,ENT,HPF,3361_none,ENTl_right
3361_none_ENTm_left,13.51997,ENTm,left,3361,none,13.51997,FALSE,ENT,HPF,3361_none,ENTm_left
3361_none_ENTm_right,18.18658719,ENTm,right,3361,none,18.18658719,FALSE,ENT,HPF,3361_none,ENTm_right
3361_none_EP_left,44.94446437,EP,left,3361,none,44.94446437,FALSE,EP,CTXsp,3361_none,EP_left
3361_none_EP_right,40.71893576,EP,right,3361,none,40.71893576,FALSE,EP,CTXsp,3361_none,EP_right
3361_none_Eth_left,0,Eth,left,3361,none,0,FALSE,Eth,TH,3361_none,Eth_left
3361_none_Eth_right,0,Eth,right,3361,none,0,FALSE,Eth,TH,3361_none,Eth_right
3361_none_FC_left,0,FC,left,3361,none,0,FALSE,FC,HPF,3361_none,FC_left
3361_none_FC_right,18.8509767,FC,right,3361,none,18.8509767,FALSE,FC,HPF,3361_none,FC_right
3361_none_GU_left,15.84723104,GU,left,3361,none,15.84723104,FALSE,GU,Isocortex,3361_none,GU_left
3361_none_GU_right,29.14822618,GU,right,3361,none,29.14822618,FALSE,GU,Isocortex,3361_none,GU_right
3361_none_HPF_left,0,HPF,left,3361,none,0,FALSE,HPF,HPF,3361_none,HPF_left
3361_none_HPF_right,4.340687631,HPF,right,3361,none,4.340687631,FALSE,HPF,HPF,3361_none,HPF_right
3361_none_HY_left,1.597635745,HY,left,3361,none,1.597635745,FALSE,HY,HY,3361_none,HY_left
3361_none_HY_right,0.744186459,HY,right,3361,none,0.744186459,FALSE,HY,HY,3361_none,HY_right
3361_none_IA_left,163.2429207,IA,left,3361,none,163.2429207,FALSE,IA,STR,3361_none,IA_left
3361_none_IA_right,0,IA,right,3361,none,0,FALSE,IA,STR,3361_none,IA_right
3361_none_IC_left,0,IC,left,3361,none,0,FALSE,IC,MB,3361_none,IC_left
3361_none_IC_right,7.523967767,IC,right,3361,none,7.523967767,FALSE,IC,MB,3361_none,IC_right
3361_none_IG_left,0,IG,left,3361,none,0,FALSE,IG,HPF,3361_none,IG_left
3361_none_IG_right,0,IG,right,3361,none,0,FALSE,IG,HPF,3361_none,IG_right
3361_none_IIn_left,0,IIn,left,3361,none,0,TRUE,IIn,fiber tracts,3361_none,IIn_left
3361_none_IIn_right,0,IIn,right,3361,none,0,TRUE,IIn,fiber tracts,3361_none,IIn_right
3361_none_IMD_left,21.40126039,IMD,left,3361,none,21.40126039,FALSE,IMD,TH,3361_none,IMD_left
3361_none_IMD_right,22.37741809,IMD,right,3361,none,22.37741809,FALSE,IMD,TH,3361_none,IMD_right
3361_none_IV_left,0,IV,left,3361,none,0,FALSE,IV,MB,3361_none,IV_left
3361_none_IV_right,0,IV,right,3361,none,0,FALSE,IV,MB,3361_none,IV_right
3361_none_In_left,0,In,left,3361,none,0,TRUE,In,fiber tracts,3361_none,In_left
3361_none_In_right,20.40963402,In,right,3361,none,20.40963402,TRUE,In,fiber tracts,3361_none,In_right
3361_none_LA_left,42.6987891,LA,left,3361,none,42.6987891,FALSE,LA,CTXsp,3361_none,LA_left
3361_none_LA_right,26.94820418,LA,right,3361,none,26.94820418,FALSE,LA,CTXsp,3361_none,LA_right
3361_none_LD_left,37.43830337,LD,left,3361,none,37.43830337,FALSE,LD,TH,3361_none,LD_left
3361_none_LD_right,37.15619193,LD,right,3361,none,37.15619193,FALSE,LD,TH,3361_none,LD_right
3361_none_LGd_left,16.87004776,LGd,left,3361,none,16.87004776,FALSE,LGd,TH,3361_none,LGd_left
3361_none_LGd_right,0,LGd,right,3361,none,0,FALSE,LGd,TH,3361_none,LGd_right
3361_none_LGv_left,13.91081925,LGv,left,3361,none,13.91081925,FALSE,LGv,TH,3361_none,LGv_left
3361_none_LGv_right,55.76747275,LGv,right,3361,none,55.76747275,FALSE,LGv,TH,3361_none,LGv_right
3361_none_LHA_left,1.694145782,LHA,left,3361,none,1.694145782,FALSE,LHA,HY,3361_none,LHA_left
3361_none_LHA_right,0,LHA,right,3361,none,0,FALSE,LHA,HY,3361_none,LHA_right
3361_none_LH_left,0,LH,left,3361,none,0,FALSE,LH,TH,3361_none,LH_left
3361_none_LH_right,0,LH,right,3361,none,0,FALSE,LH,TH,3361_none,LH_right
3361_none_LPO_left,0,LPO,left,3361,none,0,FALSE,LPO,HY,3361_none,LPO_left
3361_none_LPO_right,0,LPO,right,3361,none,0,FALSE,LPO,HY,3361_none,LPO_right
3361_none_LP_left,22.50969644,LP,left,3361,none,22.50969644,FALSE,LP,TH,3361_none,LP_left
3361_none_LP_right,33.35750716,LP,right,3361,none,33.35750716,FALSE,LP,TH,3361_none,LP_right
3361_none_LS_left,19.04360284,LS,left,3361,none,19.04360284,FALSE,LS,STR,3361_none,LS_left
3361_none_LS_right,15.84495007,LS,right,3361,none,15.84495007,FALSE,LS,STR,3361_none,LS_right
3361_none_MB_left,3.724660857,MB,left,3361,none,3.724660857,FALSE,MB,MB,3361_none,MB_left
3361_none_MB_right,1.512573287,MB,right,3361,none,1.512573287,FALSE,MB,MB,3361_none,MB_right
3361_none_MD_left,15.10344779,MD,left,3361,none,15.10344779,FALSE,MD,TH,3361_none,MD_left
3361_none_MD_right,22.60713232,MD,right,3361,none,22.60713232,FALSE,MD,TH,3361_none,MD_right
3361_none_MEA_left,23.21190613,MEA,left,3361,none,23.21190613,FALSE,MEA,STR,3361_none,MEA_left
3361_none_MEA_right,29.87439846,MEA,right,3361,none,29.87439846,FALSE,MEA,STR,3361_none,MEA_right
3361_none_ME_left,0,ME,left,3361,none,0,FALSE,ME,HY,3361_none,ME_left
3361_none_ME_right,0,ME,right,3361,none,0,FALSE,ME,HY,3361_none,ME_right
3361_none_MH_left,0,MH,left,3361,none,0,FALSE,MH,TH,3361_none,MH_left
3361_none_MH_right,0,MH,right,3361,none,0,FALSE,MH,TH,3361_none,MH_right
3361_none_MOp_left,27.42117829,MOp,left,3361,none,27.42117829,FALSE,MOp,Isocortex,3361_none,MOp_left
3361_none_MOp_right,26.25564264,MOp,right,3361,none,26.25564264,FALSE,MOp,Isocortex,3361_none,MOp_right
3361_none_MOs_left,23.60645954,MOs,left,3361,none,23.60645954,FALSE,MOs,Isocortex,3361_none,MOs_left
3361_none_MOs_right,62.23066393,MOs,right,3361,none,62.23066393,FALSE,MOs,Isocortex,3361_none,MOs_right
3361_none_MRN_left,1.385655269,MRN,left,3361,none,1.385655269,FALSE,MRN,MB,3361_none,MRN_left
3361_none_MRN_right,2.540357154,MRN,right,3361,none,2.540357154,FALSE,MRN,MB,3361_none,MRN_right
3361_none_MS_left,0,MS,left,3361,none,0,FALSE,MS,PAL,3361_none,MS_left
3361_none_MS_right,7.439025485,MS,right,3361,none,7.439025485,FALSE,MS,PAL,3361_none,MS_right
3361_none_NDB_left,0,NDB,left,3361,none,0,FALSE,NDB,PAL,3361_none,NDB_left
3361_none_NDB_right,0,NDB,right,3361,none,0,FALSE,NDB,PAL,3361_none,NDB_right
3361_none_NLL_left,1.037227935,NLL,left,3361,none,1.037227935,FALSE,NLL,P,3361_none,NLL_left
3361_none_NLL_right,2.089610174,NLL,right,3361,none,2.089610174,FALSE,NLL,P,3361_none,NLL_right
3361_none_OLF_left,9.25553171,OLF,left,3361,none,9.25553171,FALSE,OLF,OLF,3361_none,OLF_left
3361_none_OLF_right,26.77876284,OLF,right,3361,none,26.77876284,FALSE,OLF,OLF,3361_none,OLF_right
3361_none_OT_left,0,OT,left,3361,none,0,FALSE,OT,STR,3361_none,OT_left
3361_none_OT_right,1.657131978,OT,right,3361,none,1.657131978,FALSE,OT,STR,3361_none,OT_right
3361_none_PAA_left,36.37447892,PAA,left,3361,none,36.37447892,FALSE,PAA,OLF,3361_none,PAA_left
3361_none_PAA_right,15.92932497,PAA,right,3361,none,15.92932497,FALSE,PAA,OLF,3361_none,PAA_right
3361_none_PAG_left,1.407220054,PAG,left,3361,none,1.407220054,FALSE,PAG,MB,3361_none,PAG_left
3361_none_PAG_right,0,PAG,right,3361,none,0,FALSE,PAG,MB,3361_none,PAG_right
3361_none_PAL_left,0,PAL,left,3361,none,0,FALSE,PAL,PAL,3361_none,PAL_left
3361_none_PAL_right,2.701129952,PAL,right,3361,none,2.701129952,FALSE,PAL,PAL,3361_none,PAL_right
3361_none_PALd_left,9.84131872,PALd,left,3361,none,9.84131872,FALSE,PAL,PAL,3361_none,PALd_left
3361_none_PALd_right,6.418644932,PALd,right,3361,none,6.418644932,FALSE,PAL,PAL,3361_none,PALd_right
3361_none_PAR_left,27.33753819,PAR,left,3361,none,27.33753819,FALSE,PAR,HPF,3361_none,PAR_left
3361_none_PAR_right,26.09846961,PAR,right,3361,none,26.09846961,FALSE,PAR,HPF,3361_none,PAR_right
3361_none_PBG_left,0,PBG,left,3361,none,0,FALSE,PBG,MB,3361_none,PBG_left
3361_none_PBG_right,0,PBG,right,3361,none,0,FALSE,PBG,MB,3361_none,PBG_right
3361_none_PCN_left,34.22923502,PCN,left,3361,none,34.22923502,FALSE,PCN,TH,3361_none,PCN_left
3361_none_PCN_right,6.554836295,PCN,right,3361,none,6.554836295,FALSE,PCN,TH,3361_none,PCN_right
3361_none_PERI_left,33.36540166,PERI,left,3361,none,33.36540166,FALSE,PERI,Isocortex,3361_none,PERI_left
3361_none_PERI_right,36.73365533,PERI,right,3361,none,36.73365533,FALSE,PERI,Isocortex,3361_none,PERI_right
3361_none_PG_left,2.283169186,PG,left,3361,none,2.283169186,FALSE,PG,P,3361_none,PG_left
3361_none_PG_right,2.119249347,PG,right,3361,none,2.119249347,FALSE,PG,P,3361_none,PG_right
3361_none_PH_left,0,PH,left,3361,none,0,FALSE,PH,HY,3361_none,PH_left
3361_none_PIR_left,28.40818916,PIR,left,3361,none,28.40818916,FALSE,PIR,OLF,3361_none,PIR_left
3361_none_PIR_right,32.17405809,PIR,right,3361,none,32.17405809,FALSE,PIR,OLF,3361_none,PIR_right
3361_none_POST_left,21.20618853,POST,left,3361,none,21.20618853,FALSE,POST,HPF,3361_none,POST_left
3361_none_POST_right,22.59826691,POST,right,3361,none,22.59826691,FALSE,POST,HPF,3361_none,POST_right
3361_none_PO_left,56.31462705,PO,left,3361,none,56.31462705,FALSE,PO,TH,3361_none,PO_left
3361_none_PO_right,52.01287322,PO,right,3361,none,52.01287322,FALSE,PO,TH,3361_none,PO_right
3361_none_PPN_left,1.20299053,PPN,left,3361,none,1.20299053,FALSE,PPN,MB,3361_none,PPN_left
3361_none_PPN_right,0,PPN,right,3361,none,0,FALSE,PPN,MB,3361_none,PPN_right
3361_none_PRE_left,35.85950303,PRE,left,3361,none,35.85950303,FALSE,PRE,HPF,3361_none,PRE_left
3361_none_PRE_right,14.93043869,PRE,right,3361,none,14.93043869,FALSE,PRE,HPF,3361_none,PRE_right
3361_none_PRNr_left,0,PRNr,left,3361,none,0,FALSE,PRNr,P,3361_none,PRNr_left
3361_none_PRNr_right,1.152372307,PRNr,right,3361,none,1.152372307,FALSE,PRNr,P,3361_none,PRNr_right
3361_none_PR_left,0,PR,left,3361,none,0,FALSE,PR,TH,3361_none,PR_left
3361_none_PR_right,0,PR,right,3361,none,0,FALSE,PR,TH,3361_none,PR_right
3361_none_PST_left,0,PST,left,3361,none,0,FALSE,PST,HY,3361_none,PST_left
3361_none_PVT_left,14.5578341,PVT,left,3361,none,14.5578341,FALSE,PVT,TH,3361_none,PVT_left
3361_none_PVT_right,0,PVT,right,3361,none,0,FALSE,PVT,TH,3361_none,PVT_right
3361_none_PVZ_left,0,PVZ,left,3361,none,0,FALSE,PVZ,HY,3361_none,PVZ_left
3361_none_PVZ_right,9.560138185,PVZ,right,3361,none,9.560138185,FALSE,PVZ,HY,3361_none,PVZ_right
3361_none_P_left,0.859852951,P,left,3361,none,0.859852951,FALSE,P,P,3361_none,P_left
3361_none_P_right,3.522017927,P,right,3361,none,3.522017927,FALSE,P,P,3361_none,P_right
3361_none_Pa4_left,0,Pa4,left,3361,none,0,FALSE,Pa4,MB,3361_none,Pa4_left
3361_none_Pa4_right,0,Pa4,right,3361,none,0,FALSE,Pa4,MB,3361_none,Pa4_right
3361_none_PeF_left,0,PeF,left,3361,none,0,FALSE,PeF,HY,3361_none,PeF_left
3361_none_PeF_right,0,PeF,right,3361,none,0,FALSE,PeF,HY,3361_none,PeF_right
3361_none_RE_left,0,RE,left,3361,none,0,FALSE,RE,TH,3361_none,RE_left
3361_none_RE_right,0,RE,right,3361,none,0,FALSE,RE,TH,3361_none,RE_right
3361_none_RH_left,0,RH,left,3361,none,0,FALSE,RH,TH,3361_none,RH_left
3361_none_RH_right,15.03841962,RH,right,3361,none,15.03841962,FALSE,RH,TH,3361_none,RH_right
3361_none_RSPagl_left,30.99216511,RSPagl,left,3361,none,30.99216511,FALSE,RSP,Isocortex,3361_none,RSPagl_left
3361_none_RSPagl_right,37.74872111,RSPagl,right,3361,none,37.74872111,FALSE,RSP,Isocortex,3361_none,RSPagl_right
3361_none_RSPd_left,45.31069846,RSPd,left,3361,none,45.31069846,FALSE,RSP,Isocortex,3361_none,RSPd_left
3361_none_RSPd_right,29.10558685,RSPd,right,3361,none,29.10558685,FALSE,RSP,Isocortex,3361_none,RSPd_right
3361_none_RSPv_left,32.71576622,RSPv,left,3361,none,32.71576622,FALSE,RSP,Isocortex,3361_none,RSPv_left
3361_none_RSPv_right,28.20997265,RSPv,right,3361,none,28.20997265,FALSE,RSP,Isocortex,3361_none,RSPv_right
3361_none_RT_left,15.41602936,RT,left,3361,none,15.41602936,FALSE,RT,TH,3361_none,RT_left
3361_none_RT_right,38.62376254,RT,right,3361,none,38.62376254,FALSE,RT,TH,3361_none,RT_right
3361_none_SAG_left,0,SAG,left,3361,none,0,FALSE,SAG,MB,3361_none,SAG_left
3361_none_SAG_right,0,SAG,right,3361,none,0,FALSE,SAG,MB,3361_none,SAG_right
3361_none_SCm_left,0.514879947,SCm,left,3361,none,0.514879947,FALSE,MBmot,MB,3361_none,SCm_left
3361_none_SCm_right,0.765725359,SCm,right,3361,none,0.765725359,FALSE,MBmot,MB,3361_none,SCm_right
3361_none_SCs_left,5.450336795,SCs,left,3361,none,5.450336795,FALSE,MBsen,MB,3361_none,SCs_left
3361_none_SCs_right,0.718701952,SCs,right,3361,none,0.718701952,FALSE,MBsen,MB,3361_none,SCs_right
3361_none_SEZ_left,0,SEZ,left,3361,none,0,TRUE,SEZ,VS,3361_none,SEZ_left
3361_none_SEZ_right,0,SEZ,right,3361,none,0,TRUE,SEZ,VS,3361_none,SEZ_right
3361_none_SH_left,45.05522983,SH,left,3361,none,45.05522983,FALSE,SH,STR,3361_none,SH_left
3361_none_SH_right,68.22649088,SH,right,3361,none,68.22649088,FALSE,SH,STR,3361_none,SH_right
3361_none_SI_left,0,SI,left,3361,none,0,FALSE,SI,PAL,3361_none,SI_left
3361_none_SI_right,0,SI,right,3361,none,0,FALSE,SI,PAL,3361_none,SI_right
3361_none_SMT_left,14.81625719,SMT,left,3361,none,14.81625719,FALSE,SMT,TH,3361_none,SMT_left
3361_none_SMT_right,12.9069457,SMT,right,3361,none,12.9069457,FALSE,SMT,TH,3361_none,SMT_right
3361_none_SSp-bfd_left,47.29820178,SSp-bfd,left,3361,none,47.29820178,FALSE,SSp,Isocortex,3361_none,SSp-bfd_left
3361_none_SSp-bfd_right,47.53997114,SSp-bfd,right,3361,none,47.53997114,FALSE,SSp,Isocortex,3361_none,SSp-bfd_right
3361_none_SSp-m_left,42.50831682,SSp-m,left,3361,none,42.50831682,FALSE,SSp,Isocortex,3361_none,SSp-m_left
3361_none_SSp-m_right,35.88923402,SSp-m,right,3361,none,35.88923402,FALSE,SSp,Isocortex,3361_none,SSp-m_right
3361_none_SSp-tr_left,1338.419346,SSp-tr,left,3361,none,1000,FALSE,SSp,Isocortex,3361_none,SSp-tr_left
3361_none_SSp-tr_right,26.65028285,SSp-tr,right,3361,none,26.65028285,FALSE,SSp,Isocortex,3361_none,SSp-tr_right
3361_none_SSp-ul_left,36.7923582,SSp-ul,left,3361,none,36.7923582,FALSE,SSp,Isocortex,3361_none,SSp-ul_left
3361_none_SSp-ul_right,46.54130937,SSp-ul,right,3361,none,46.54130937,FALSE,SSp,Isocortex,3361_none,SSp-ul_right
3361_none_SSp-un_right,0,SSp-un,right,3361,none,0,FALSE,SSp,Isocortex,3361_none,SSp-un_right
3361_none_SSs_left,34.98388328,SSs,left,3361,none,34.98388328,FALSE,SSs,Isocortex,3361_none,SSs_left
3361_none_SSs_right,41.87179225,SSs,right,3361,none,41.87179225,FALSE,SSs,Isocortex,3361_none,SSs_right
3361_none_STN_left,0,STN,left,3361,none,0,FALSE,STN,HY,3361_none,STN_left
3361_none_STR_left,31.09966259,STR,left,3361,none,31.09966259,FALSE,STR,STR,3361_none,STR_left
3361_none_STR_right,12.18780652,STR,right,3361,none,12.18780652,FALSE,STR,STR,3361_none,STR_right
3361_none_SUB_right,5.2222446,SUB,right,3361,none,5.2222446,FALSE,SUB,HPF,3361_none,SUB_right
3361_none_TEa_left,32.39283021,TEa,left,3361,none,32.39283021,FALSE,TEa,Isocortex,3361_none,TEa_left
3361_none_TH_left,12.58265058,TH,left,3361,none,12.58265058,FALSE,TH,TH,3361_none,TH_left
3361_none_TH_right,12.77524217,TH,right,3361,none,12.77524217,FALSE,TH,TH,3361_none,TH_right
3361_none_TRN_left,5.522320125,TRN,left,3361,none,5.522320125,FALSE,TRN,P,3361_none,TRN_left
3361_none_TRN_right,7.80987679,TRN,right,3361,none,7.80987679,FALSE,TRN,P,3361_none,TRN_right
3361_none_TU_left,0,TU,left,3361,none,0,FALSE,TU,HY,3361_none,TU_left
3361_none_TU_right,5.874020185,TU,right,3361,none,5.874020185,FALSE,TU,HY,3361_none,TU_right
3361_none_V3_left,0,V3,left,3361,none,0,TRUE,V3,VS,3361_none,V3_left
3361_none_V3_right,0,V3,right,3361,none,0,TRUE,V3,VS,3361_none,V3_right
3361_none_VAL_left,33.46048364,VAL,left,3361,none,33.46048364,FALSE,VAL,TH,3361_none,VAL_left
3361_none_VAL_right,35.21159854,VAL,right,3361,none,35.21159854,FALSE,VAL,TH,3361_none,VAL_right
3361_none_VISC_left,9.769484273,VISC,left,3361,none,9.769484273,FALSE,VISC,Isocortex,3361_none,VISC_left
3361_none_VISC_right,10.10269648,VISC,right,3361,none,10.10269648,FALSE,VISC,Isocortex,3361_none,VISC_right
3361_none_VISa_left,59.21034899,VISa,left,3361,none,59.21034899,FALSE,VISa,Isocortex,3361_none,VISa_left
3361_none_VISa_right,31.44010723,VISa,right,3361,none,31.44010723,FALSE,VISa,Isocortex,3361_none,VISa_right
3361_none_VISam_left,35.18795741,VISam,left,3361,none,35.18795741,FALSE,VISam,Isocortex,3361_none,VISam_left
3361_none_VISam_right,0,VISam,right,3361,none,0,FALSE,VISam,Isocortex,3361_none,VISam_right
3361_none_VISl_left,45.58095456,VISl,left,3361,none,45.58095456,FALSE,VISl,Isocortex,3361_none,VISl_left
3361_none_VISl_right,22.98657642,VISl,right,3361,none,22.98657642,FALSE,VISl,Isocortex,3361_none,VISl_right
3361_none_VISli_left,0,VISli,left,3361,none,0,FALSE,VISli,Isocortex,3361_none,VISli_left
3361_none_VISli_right,19.50302829,VISli,right,3361,none,19.50302829,FALSE,VISli,Isocortex,3361_none,VISli_right
3361_none_VISp_left,53.87073583,VISp,left,3361,none,53.87073583,FALSE,VISp,Isocortex,3361_none,VISp_left
3361_none_VISp_right,52.91309478,VISp,right,3361,none,52.91309478,FALSE,VISp,Isocortex,3361_none,VISp_right
3361_none_VISpl_left,42.63783025,VISpl,left,3361,none,42.63783025,FALSE,VISpl,Isocortex,3361_none,VISpl_left
3361_none_VISpl_right,21.42547684,VISpl,right,3361,none,21.42547684,FALSE,VISpl,Isocortex,3361_none,VISpl_right
3361_none_VISpor_left,33.93399108,VISpor,left,3361,none,33.93399108,FALSE,VISpor,Isocortex,3361_none,VISpor_left
3361_none_VISpor_right,33.27822789,VISpor,right,3361,none,33.27822789,FALSE,VISpor,Isocortex,3361_none,VISpor_right
3361_none_VISrl_left,45.53921752,VISrl,left,3361,none,45.53921752,FALSE,VISrl,Isocortex,3361_none,VISrl_left
3361_none_VL_left,0,VL,left,3361,none,0,TRUE,VL,VS,3361_none,VL_left
3361_none_VL_right,0,VL,right,3361,none,0,TRUE,VL,VS,3361_none,VL_right
3361_none_VMH_left,4.415697222,VMH,left,3361,none,4.415697222,FALSE,VMH,HY,3361_none,VMH_left
3361_none_VMH_right,16.59055492,VMH,right,3361,none,16.59055492,FALSE,VMH,HY,3361_none,VMH_right
3361_none_VM_left,7.740732882,VM,left,3361,none,7.740732882,FALSE,VM,TH,3361_none,VM_left
3361_none_VM_right,14.3454244,VM,right,3361,none,14.3454244,FALSE,VM,TH,3361_none,VM_right
3361_none_VPL_left,16.76652747,VPL,left,3361,none,16.76652747,FALSE,VPL,TH,3361_none,VPL_left
3361_none_VPL_right,22.65118913,VPL,right,3361,none,22.65118913,FALSE,VPL,TH,3361_none,VPL_right
3361_none_VPM_left,28.54051518,VPM,left,3361,none,28.54051518,FALSE,VPM,TH,3361_none,VPM_left
3361_none_VPM_right,36.7926083,VPM,right,3361,none,36.7926083,FALSE,VPM,TH,3361_none,VPM_right
3361_none_Xi_left,0,Xi,left,3361,none,0,FALSE,Xi,TH,3361_none,Xi_left
3361_none_Xi_right,0,Xi,right,3361,none,0,FALSE,Xi,TH,3361_none,Xi_right
3361_none_ZI_left,4.955595986,ZI,left,3361,none,4.955595986,FALSE,ZI,HY,3361_none,ZI_left
3361_none_ZI_right,3.354434451,ZI,right,3361,none,3.354434451,FALSE,ZI,HY,3361_none,ZI_right
3361_none_alv_left,29.01355348,alv,left,3361,none,29.01355348,TRUE,alv,fiber tracts,3361_none,alv_left
3361_none_alv_right,14.25659206,alv,right,3361,none,14.25659206,TRUE,alv,fiber tracts,3361_none,alv_right
3361_none_amc_left,81.43634812,amc,left,3361,none,81.43634812,TRUE,amc,fiber tracts,3361_none,amc_left
3361_none_amc_right,47.90292866,amc,right,3361,none,47.90292866,TRUE,amc,fiber tracts,3361_none,amc_right
3361_none_ar_left,8.57516255,ar,left,3361,none,8.57516255,TRUE,ar,fiber tracts,3361_none,ar_left
3361_none_bic_left,9.67819449,bic,left,3361,none,9.67819449,TRUE,bic,fiber tracts,3361_none,bic_left
3361_none_bic_right,0,bic,right,3361,none,0,TRUE,bic,fiber tracts,3361_none,bic_right
3361_none_cc_left,26.48513425,cc,left,3361,none,26.48513425,TRUE,cc,fiber tracts,3361_none,cc_left
3361_none_cc_right,2.693596954,cc,right,3361,none,2.693596954,TRUE,cc,fiber tracts,3361_none,cc_right
3361_none_ccg_left,8.402277202,ccg,left,3361,none,8.402277202,TRUE,ccg,fiber tracts,3361_none,ccg_left
3361_none_ccg_right,9.874268149,ccg,right,3361,none,9.874268149,TRUE,ccg,fiber tracts,3361_none,ccg_right
3361_none_chpl_left,0,chpl,left,3361,none,0,TRUE,chpl,VS,3361_none,chpl_left
3361_none_chpl_right,0,chpl,right,3361,none,0,TRUE,chpl,VS,3361_none,chpl_right
3361_none_cing_left,31.18394234,cing,left,3361,none,31.18394234,TRUE,cing,fiber tracts,3361_none,cing_left
3361_none_cing_right,14.80400215,cing,right,3361,none,14.80400215,TRUE,cing,fiber tracts,3361_none,cing_right
3361_none_cst_left,15.30568973,cst,left,3361,none,15.30568973,TRUE,cst,fiber tracts,3361_none,cst_left
3361_none_cst_right,0,cst,right,3361,none,0,TRUE,cst,fiber tracts,3361_none,cst_right
3361_none_dhc_left,15.69935199,dhc,left,3361,none,15.69935199,TRUE,dhc,fiber tracts,3361_none,dhc_left
3361_none_dhc_right,9.413336335,dhc,right,3361,none,9.413336335,TRUE,dhc,fiber tracts,3361_none,dhc_right
3361_none_dscp_left,0,dscp,left,3361,none,0,TRUE,dscp,fiber tracts,3361_none,dscp_left
3361_none_dscp_right,0,dscp,right,3361,none,0,TRUE,dscp,fiber tracts,3361_none,dscp_right
3361_none_ec_left,22.0014139,ec,left,3361,none,22.0014139,TRUE,ec,fiber tracts,3361_none,ec_left
3361_none_ec_right,12.45041252,ec,right,3361,none,12.45041252,TRUE,ec,fiber tracts,3361_none,ec_right
3361_none_em_left,0,em,left,3361,none,0,TRUE,em,fiber tracts,3361_none,em_left
3361_none_em_right,93.07828044,em,right,3361,none,93.07828044,TRUE,em,fiber tracts,3361_none,em_right
3361_none_fi_left,9.072273425,fi,left,3361,none,9.072273425,TRUE,fi,fiber tracts,3361_none,fi_left
3361_none_fi_right,2.813424119,fi,right,3361,none,2.813424119,TRUE,fi,fiber tracts,3361_none,fi_right
3361_none_fiber tracts_left,19.91695455,fiber tracts,left,3361,none,19.91695455,TRUE,fiber tracts,fiber tracts,3361_none,fiber tracts_left
3361_none_fiber tracts_right,4.402695216,fiber tracts,right,3361,none,4.402695216,TRUE,fiber tracts,fiber tracts,3361_none,fiber tracts_right
3361_none_fr_left,0,fr,left,3361,none,0,TRUE,fr,fiber tracts,3361_none,fr_left
3361_none_fr_right,0,fr,right,3361,none,0,TRUE,fr,fiber tracts,3361_none,fr_right
3361_none_fx_left,0,fx,left,3361,none,0,TRUE,fx,fiber tracts,3361_none,fx_left
3361_none_fx_right,0,fx,right,3361,none,0,TRUE,fx,fiber tracts,3361_none,fx_right
3361_none_hbc_left,0,hbc,left,3361,none,0,TRUE,hbc,fiber tracts,3361_none,hbc_left
3361_none_hbc_right,0,hbc,right,3361,none,0,TRUE,hbc,fiber tracts,3361_none,hbc_right
3361_none_int_left,0,int,left,3361,none,0,TRUE,int,fiber tracts,3361_none,int_left
3361_none_int_right,1.25072301,int,right,3361,none,1.25072301,TRUE,int,fiber tracts,3361_none,int_right
3361_none_ll_left,0,ll,left,3361,none,0,TRUE,ll,fiber tracts,3361_none,ll_left
3361_none_ll_right,2.923964311,ll,right,3361,none,2.923964311,TRUE,ll,fiber tracts,3361_none,ll_right
3361_none_lotg_left,0,lotg,left,3361,none,0,TRUE,In,fiber tracts,3361_none,lotg_left
3361_none_lotg_right,0,lotg,right,3361,none,0,TRUE,In,fiber tracts,3361_none,lotg_right
3361_none_mcp_left,8.744564315,mcp,left,3361,none,8.744564315,TRUE,mcp,fiber tracts,3361_none,mcp_left
3361_none_mcp_right,0,mcp,right,3361,none,0,TRUE,mcp,fiber tracts,3361_none,mcp_right
3361_none_ml_left,12.91417571,ml,left,3361,none,12.91417571,TRUE,ml,fiber tracts,3361_none,ml_left
3361_none_ml_right,0,ml,right,3361,none,0,TRUE,ml,fiber tracts,3361_none,ml_right
3361_none_mlf_left,0,mlf,left,3361,none,0,TRUE,mlf,fiber tracts,3361_none,mlf_left
3361_none_mlf_right,0,mlf,right,3361,none,0,TRUE,mlf,fiber tracts,3361_none,mlf_right
3361_none_moV_left,0,moV,left,3361,none,0,TRUE,moV,fiber tracts,3361_none,moV_left
3361_none_moV_right,0,moV,right,3361,none,0,TRUE,moV,fiber tracts,3361_none,moV_right
3361_none_mtg_left,0,mtg,left,3361,none,0,TRUE,mtg,fiber tracts,3361_none,mtg_left
3361_none_mtg_right,0,mtg,right,3361,none,0,TRUE,mtg,fiber tracts,3361_none,mtg_right
3361_none_mtt_left,0,mtt,left,3361,none,0,TRUE,mtt,fiber tracts,3361_none,mtt_left
3361_none_mtt_right,16.05094529,mtt,right,3361,none,16.05094529,TRUE,mtt,fiber tracts,3361_none,mtt_right
3361_none_nst_left,0,nst,left,3361,none,0,TRUE,nst,fiber tracts,3361_none,nst_left
3361_none_nst_right,0,nst,right,3361,none,0,TRUE,nst,fiber tracts,3361_none,nst_right
3361_none_opt_left,0,opt,left,3361,none,0,TRUE,opt,fiber tracts,3361_none,opt_left
3361_none_opt_right,4.064849782,opt,right,3361,none,4.064849782,TRUE,opt,fiber tracts,3361_none,opt_right
3361_none_or_left,15.24444929,or,left,3361,none,15.24444929,TRUE,or,fiber tracts,3361_none,or_left
3361_none_or_right,14.10320639,or,right,3361,none,14.10320639,TRUE,or,fiber tracts,3361_none,or_right
3361_none_rust_left,0,rust,left,3361,none,0,TRUE,rust,fiber tracts,3361_none,rust_left
3361_none_rust_right,0,rust,right,3361,none,0,TRUE,rust,fiber tracts,3361_none,rust_right
3361_none_sV_left,0,sV,left,3361,none,0,TRUE,sV,fiber tracts,3361_none,sV_left
3361_none_sV_right,1.593069143,sV,right,3361,none,1.593069143,TRUE,sV,fiber tracts,3361_none,sV_right
3361_none_scp_left,0,scp,left,3361,none,0,TRUE,scp,fiber tracts,3361_none,scp_left
3361_none_scp_right,0,scp,right,3361,none,0,TRUE,scp,fiber tracts,3361_none,scp_right
3361_none_scwm_left,13.24839929,scwm,left,3361,none,13.24839929,TRUE,scwm,fiber tracts,3361_none,scwm_left
3361_none_scwm_right,19.37672756,scwm,right,3361,none,19.37672756,TRUE,scwm,fiber tracts,3361_none,scwm_right
3361_none_sm_left,0,sm,left,3361,none,0,TRUE,sm,fiber tracts,3361_none,sm_left
3361_none_sm_right,0,sm,right,3361,none,0,TRUE,sm,fiber tracts,3361_none,sm_right
3361_none_st_left,9.00700527,st,left,3361,none,9.00700527,TRUE,st,fiber tracts,3361_none,st_left
3361_none_st_right,0,st,right,3361,none,0,TRUE,st,fiber tracts,3361_none,st_right
3361_none_stc_left,0,stc,left,3361,none,0,TRUE,stc,fiber tracts,3361_none,stc_left
3361_none_stc_right,0,stc,right,3361,none,0,TRUE,stc,fiber tracts,3361_none,stc_right
3361_none_sup_left,0,sup,left,3361,none,0,TRUE,sup,fiber tracts,3361_none,sup_left
3361_none_sup_right,0,sup,right,3361,none,0,TRUE,sup,fiber tracts,3361_none,sup_right
3361_none_tspc_left,0,tspc,left,3361,none,0,TRUE,tspc,fiber tracts,3361_none,tspc_left
3361_none_tspc_right,0,tspc,right,3361,none,0,TRUE,tspc,fiber tracts,3361_none,tspc_right
3489_none_ACAd_left,15.49208852,ACAd,left,3489,none,15.49208852,FALSE,ACA,Isocortex,3489_none,ACAd_left
3489_none_ACAd_right,23.43140465,ACAd,right,3489,none,23.43140465,FALSE,ACA,Isocortex,3489_none,ACAd_right
3489_none_ACAv_left,42.94784082,ACAv,left,3489,none,42.94784082,FALSE,ACA,Isocortex,3489_none,ACAv_left
3489_none_ACAv_right,21.19234983,ACAv,right,3489,none,21.19234983,FALSE,ACA,Isocortex,3489_none,ACAv_right
3489_none_ACB_left,12.58408362,ACB,left,3489,none,12.58408362,FALSE,ACB,STR,3489_none,ACB_left
3489_none_ACB_right,5.482659313,ACB,right,3489,none,5.482659313,FALSE,ACB,STR,3489_none,ACB_right
3489_none_AId_left,30.88912089,AId,left,3489,none,30.88912089,FALSE,AI,Isocortex,3489_none,AId_left
3489_none_AId_right,24.30576473,AId,right,3489,none,24.30576473,FALSE,AI,Isocortex,3489_none,AId_right
3489_none_AIp_left,32.66521401,AIp,left,3489,none,32.66521401,FALSE,AI,Isocortex,3489_none,AIp_left
3489_none_AIp_right,16.54814667,AIp,right,3489,none,16.54814667,FALSE,AI,Isocortex,3489_none,AIp_right
3489_none_AIv_left,22.66723533,AIv,left,3489,none,22.66723533,FALSE,AI,Isocortex,3489_none,AIv_left
3489_none_AIv_right,38.80572506,AIv,right,3489,none,38.80572506,FALSE,AI,Isocortex,3489_none,AIv_right
3489_none_APN_right,0,APN,right,3489,none,0,FALSE,APN,MB,3489_none,APN_right
3489_none_APr_left,17.44032565,APr,left,3489,none,17.44032565,FALSE,APr,HPF,3489_none,APr_left
3489_none_APr_right,20.40981337,APr,right,3489,none,20.40981337,FALSE,APr,HPF,3489_none,APr_right
3489_none_AQ_left,0,AQ,left,3489,none,0,TRUE,AQ,VS,3489_none,AQ_left
3489_none_AQ_right,0,AQ,right,3489,none,0,TRUE,AQ,VS,3489_none,AQ_right
3489_none_ARH_left,7.374280305,ARH,left,3489,none,7.374280305,FALSE,ARH,HY,3489_none,ARH_left
3489_none_ARH_right,4.135576118,ARH,right,3489,none,4.135576118,FALSE,ARH,HY,3489_none,ARH_right
3489_none_AT_left,0,AT,left,3489,none,0,FALSE,AT,MB,3489_none,AT_left
3489_none_AT_right,0,AT,right,3489,none,0,FALSE,AT,MB,3489_none,AT_right
3489_none_AUDd_left,38.09398362,AUDd,left,3489,none,38.09398362,FALSE,AUDd,Isocortex,3489_none,AUDd_left
3489_none_AUDd_right,31.98961073,AUDd,right,3489,none,31.98961073,FALSE,AUDd,Isocortex,3489_none,AUDd_right
3489_none_AUDp_left,29.66342775,AUDp,left,3489,none,29.66342775,FALSE,AUDp,Isocortex,3489_none,AUDp_left
3489_none_AUDp_right,34.43389778,AUDp,right,3489,none,34.43389778,FALSE,AUDp,Isocortex,3489_none,AUDp_right
3489_none_AUDv_left,17.54809053,AUDv,left,3489,none,17.54809053,FALSE,AUDv,Isocortex,3489_none,AUDv_left
3489_none_AUDv_right,24.89640147,AUDv,right,3489,none,24.89640147,FALSE,AUDv,Isocortex,3489_none,AUDv_right
3489_none_AVPV_left,0,AVPV,left,3489,none,0,FALSE,AVPV,HY,3489_none,AVPV_left
3489_none_AVPV_right,0,AVPV,right,3489,none,0,FALSE,AVPV,HY,3489_none,AVPV_right
3489_none_BLA_left,17.89137683,BLA,left,3489,none,17.89137683,FALSE,BLA,CTXsp,3489_none,BLA_left
3489_none_BLA_right,27.48711729,BLA,right,3489,none,27.48711729,FALSE,BLA,CTXsp,3489_none,BLA_right
3489_none_BMA_left,12.01971858,BMA,left,3489,none,12.01971858,FALSE,BMA,CTXsp,3489_none,BMA_left
3489_none_BMA_right,38.18254596,BMA,right,3489,none,38.18254596,FALSE,BMA,CTXsp,3489_none,BMA_right
3489_none_BST_left,31.98961171,BST,left,3489,none,31.98961171,FALSE,BST,PAL,3489_none,BST_left
3489_none_BST_right,4.034725801,BST,right,3489,none,4.034725801,FALSE,BST,PAL,3489_none,BST_right
3489_none_CA1_left,25.59156272,CA1,left,3489,none,25.59156272,FALSE,CA1,HPF,3489_none,CA1_left
3489_none_CA1_right,20.65730399,CA1,right,3489,none,20.65730399,FALSE,CA1,HPF,3489_none,CA1_right
3489_none_CA2_left,32.49904966,CA2,left,3489,none,32.49904966,FALSE,CA2,HPF,3489_none,CA2_left
3489_none_CA2_right,15.05078522,CA2,right,3489,none,15.05078522,FALSE,CA2,HPF,3489_none,CA2_right
3489_none_CA3_left,27.22872551,CA3,left,3489,none,27.22872551,FALSE,CA3,HPF,3489_none,CA3_left
3489_none_CA3_right,22.70861232,CA3,right,3489,none,22.70861232,FALSE,CA3,HPF,3489_none,CA3_right
3489_none_CB_left,27.39450506,CB,left,3489,none,27.39450506,FALSE,CB,CB,3489_none,CB_left
3489_none_CB_right,0,CB,right,3489,none,0,FALSE,CB,CB,3489_none,CB_right
3489_none_CEA_left,28.31526434,CEA,left,3489,none,28.31526434,FALSE,CEA,STR,3489_none,CEA_left
3489_none_CEA_right,22.60840652,CEA,right,3489,none,22.60840652,FALSE,CEA,STR,3489_none,CEA_right
3489_none_CLA_left,12.0838748,CLA,left,3489,none,12.0838748,FALSE,CLA,CTXsp,3489_none,CLA_left
3489_none_CLA_right,42.18919805,CLA,right,3489,none,42.18919805,FALSE,CLA,CTXsp,3489_none,CLA_right
3489_none_CLI_left,0,CLI,left,3489,none,0,FALSE,CLI,MB,3489_none,CLI_left
3489_none_CLI_right,0,CLI,right,3489,none,0,FALSE,CLI,MB,3489_none,CLI_right
3489_none_CL_left,12.4182855,CL,left,3489,none,12.4182855,FALSE,CL,TH,3489_none,CL_left
3489_none_CL_right,16.76396528,CL,right,3489,none,16.76396528,FALSE,CL,TH,3489_none,CL_right
3489_none_CM_left,0,CM,left,3489,none,0,FALSE,CM,TH,3489_none,CM_left
3489_none_CM_right,0,CM,right,3489,none,0,FALSE,CM,TH,3489_none,CM_right
3489_none_COA_left,20.22477903,COA,left,3489,none,20.22477903,FALSE,COA,OLF,3489_none,COA_left
3489_none_COA_right,12.2944821,COA,right,3489,none,12.2944821,FALSE,COA,OLF,3489_none,COA_right
3489_none_COAp_left,10.84031987,COAp,left,3489,none,10.84031987,FALSE,COA,OLF,3489_none,COAp_left
3489_none_COAp_right,26.40690555,COAp,right,3489,none,26.40690555,FALSE,COA,OLF,3489_none,COAp_right
3489_none_CP_left,6.084194746,CP,left,3489,none,6.084194746,FALSE,CP,STR,3489_none,CP_left
3489_none_CP_right,4.253105111,CP,right,3489,none,4.253105111,FALSE,CP,STR,3489_none,CP_right
3489_none_CS_left,4.105438072,CS,left,3489,none,4.105438072,FALSE,CS,P,3489_none,CS_left
3489_none_CS_right,0,CS,right,3489,none,0,FALSE,CS,P,3489_none,CS_right
3489_none_CTXsp_left,22.15263744,CTXsp,left,3489,none,22.15263744,FALSE,CTXsp,CTXsp,3489_none,CTXsp_left
3489_none_CTXsp_right,13.16334291,CTXsp,right,3489,none,13.16334291,FALSE,CTXsp,CTXsp,3489_none,CTXsp_right
3489_none_DG_left,16.60970274,DG,left,3489,none,16.60970274,FALSE,DG,HPF,3489_none,DG_left
3489_none_DG_right,11.7483244,DG,right,3489,none,11.7483244,FALSE,DG,HPF,3489_none,DG_right
3489_none_DMH_left,2.94688307,DMH,left,3489,none,2.94688307,FALSE,DMH,HY,3489_none,DMH_left
3489_none_DMH_right,1.407398561,DMH,right,3489,none,1.407398561,FALSE,DMH,HY,3489_none,DMH_right
3489_none_DR_left,0,DR,left,3489,none,0,FALSE,DR,MB,3489_none,DR_left
3489_none_DR_right,0,DR,right,3489,none,0,FALSE,DR,MB,3489_none,DR_right
3489_none_ECT_left,17.55335551,ECT,left,3489,none,17.55335551,FALSE,ECT,Isocortex,3489_none,ECT_left
3489_none_ECT_right,25.99306475,ECT,right,3489,none,25.99306475,FALSE,ECT,Isocortex,3489_none,ECT_right
3489_none_ENTl_left,21.59757913,ENTl,left,3489,none,21.59757913,FALSE,ENT,HPF,3489_none,ENTl_left
3489_none_ENTl_right,28.46085701,ENTl,right,3489,none,28.46085701,FALSE,ENT,HPF,3489_none,ENTl_right
3489_none_ENTm_left,36.35722427,ENTm,left,3489,none,36.35722427,FALSE,ENT,HPF,3489_none,ENTm_left
3489_none_ENTm_right,33.17107735,ENTm,right,3489,none,33.17107735,FALSE,ENT,HPF,3489_none,ENTm_right
3489_none_EP_left,22.50228359,EP,left,3489,none,22.50228359,FALSE,EP,CTXsp,3489_none,EP_left
3489_none_EP_right,44.86766983,EP,right,3489,none,44.86766983,FALSE,EP,CTXsp,3489_none,EP_right
3489_none_Eth_left,6.36774034,Eth,left,3489,none,6.36774034,FALSE,Eth,TH,3489_none,Eth_left
3489_none_Eth_right,13.9020896,Eth,right,3489,none,13.9020896,FALSE,Eth,TH,3489_none,Eth_right
3489_none_FC_left,0,FC,left,3489,none,0,FALSE,FC,HPF,3489_none,FC_left
3489_none_FC_right,17.18088432,FC,right,3489,none,17.18088432,FALSE,FC,HPF,3489_none,FC_right
3489_none_GU_left,41.25401996,GU,left,3489,none,41.25401996,FALSE,GU,Isocortex,3489_none,GU_left
3489_none_GU_right,27.42144642,GU,right,3489,none,27.42144642,FALSE,GU,Isocortex,3489_none,GU_right
3489_none_HATA_left,7.909996145,HATA,left,3489,none,7.909996145,FALSE,HATA,HPF,3489_none,HATA_left
3489_none_HATA_right,18.08279397,HATA,right,3489,none,18.08279397,FALSE,HATA,HPF,3489_none,HATA_right
3489_none_HPF_left,3.771213845,HPF,left,3489,none,3.771213845,FALSE,HPF,HPF,3489_none,HPF_left
3489_none_HPF_right,6.493880678,HPF,right,3489,none,6.493880678,FALSE,HPF,HPF,3489_none,HPF_right
3489_none_HY_left,3.251189764,HY,left,3489,none,3.251189764,FALSE,HY,HY,3489_none,HY_left
3489_none_HY_right,5.102050612,HY,right,3489,none,5.102050612,FALSE,HY,HY,3489_none,HY_right
3489_none_IA_left,53.04980588,IA,left,3489,none,53.04980588,FALSE,IA,STR,3489_none,IA_left
3489_none_IA_right,46.21227177,IA,right,3489,none,46.21227177,FALSE,IA,STR,3489_none,IA_right
3489_none_IC_left,7.400644841,IC,left,3489,none,7.400644841,FALSE,IC,MB,3489_none,IC_left
3489_none_IC_right,8.49003256,IC,right,3489,none,8.49003256,FALSE,IC,MB,3489_none,IC_right
3489_none_IGL_right,0,IGL,right,3489,none,0,FALSE,IGL,TH,3489_none,IGL_right
3489_none_IG_left,19.96169404,IG,left,3489,none,19.96169404,FALSE,IG,HPF,3489_none,IG_left
3489_none_IG_right,94.15085266,IG,right,3489,none,94.15085266,FALSE,IG,HPF,3489_none,IG_right
3489_none_III_left,0,III,left,3489,none,0,FALSE,III,MB,3489_none,III_left
3489_none_III_right,0,III,right,3489,none,0,FALSE,III,MB,3489_none,III_right
3489_none_IIn_left,0,IIn,left,3489,none,0,TRUE,IIn,fiber tracts,3489_none,IIn_left
3489_none_IIn_right,0,IIn,right,3489,none,0,TRUE,IIn,fiber tracts,3489_none,IIn_right
3489_none_IMD_left,8.018322255,IMD,left,3489,none,8.018322255,FALSE,IMD,TH,3489_none,IMD_left
3489_none_IMD_right,6.42026502,IMD,right,3489,none,6.42026502,FALSE,IMD,TH,3489_none,IMD_right
3489_none_In_left,22.74261458,In,left,3489,none,22.74261458,TRUE,In,fiber tracts,3489_none,In_left
3489_none_In_right,0,In,right,3489,none,0,TRUE,In,fiber tracts,3489_none,In_right
3489_none_LA_left,17.67720024,LA,left,3489,none,17.67720024,FALSE,LA,CTXsp,3489_none,LA_left
3489_none_LA_right,37.29203055,LA,right,3489,none,37.29203055,FALSE,LA,CTXsp,3489_none,LA_right
3489_none_LGd_left,15.84133796,LGd,left,3489,none,15.84133796,FALSE,LGd,TH,3489_none,LGd_left
3489_none_LGd_right,30.98317537,LGd,right,3489,none,30.98317537,FALSE,LGd,TH,3489_none,LGd_right
3489_none_LGv_left,31.93383994,LGv,left,3489,none,31.93383994,FALSE,LGv,TH,3489_none,LGv_left
3489_none_LGv_right,39.84691125,LGv,right,3489,none,39.84691125,FALSE,LGv,TH,3489_none,LGv_right
3489_none_LHA_left,2.947661519,LHA,left,3489,none,2.947661519,FALSE,LHA,HY,3489_none,LHA_left
3489_none_LHA_right,2.893814202,LHA,right,3489,none,2.893814202,FALSE,LHA,HY,3489_none,LHA_right
3489_none_LH_left,0,LH,left,3489,none,0,FALSE,LH,TH,3489_none,LH_left
3489_none_LH_right,0,LH,right,3489,none,0,FALSE,LH,TH,3489_none,LH_right
3489_none_LPO_left,0,LPO,left,3489,none,0,FALSE,LPO,HY,3489_none,LPO_left
3489_none_LPO_right,0,LPO,right,3489,none,0,FALSE,LPO,HY,3489_none,LPO_right
3489_none_LP_left,12.55298453,LP,left,3489,none,12.55298453,FALSE,LP,TH,3489_none,LP_left
3489_none_LP_right,19.24632973,LP,right,3489,none,19.24632973,FALSE,LP,TH,3489_none,LP_right
3489_none_LS_left,15.87029929,LS,left,3489,none,15.87029929,FALSE,LS,STR,3489_none,LS_left
3489_none_LS_right,15.70943001,LS,right,3489,none,15.70943001,FALSE,LS,STR,3489_none,LS_right
3489_none_MB_left,1.718294082,MB,left,3489,none,1.718294082,FALSE,MB,MB,3489_none,MB_left
3489_none_MB_right,0.516074151,MB,right,3489,none,0.516074151,FALSE,MB,MB,3489_none,MB_right
3489_none_MBmot_left,0,MBmot,left,3489,none,0,FALSE,MB,MB,3489_none,MBmot_left
3489_none_MBmot_right,0,MBmot,right,3489,none,0,FALSE,MB,MB,3489_none,MBmot_right
3489_none_MD_left,10.63759685,MD,left,3489,none,10.63759685,FALSE,MD,TH,3489_none,MD_left
3489_none_MD_right,3.464184656,MD,right,3489,none,3.464184656,FALSE,MD,TH,3489_none,MD_right
3489_none_MEA_left,13.07049905,MEA,left,3489,none,13.07049905,FALSE,MEA,STR,3489_none,MEA_left
3489_none_MEA_right,24.08091804,MEA,right,3489,none,24.08091804,FALSE,MEA,STR,3489_none,MEA_right
3489_none_ME_left,0,ME,left,3489,none,0,FALSE,ME,HY,3489_none,ME_left
3489_none_ME_right,0,ME,right,3489,none,0,FALSE,ME,HY,3489_none,ME_right
3489_none_MH_left,0,MH,left,3489,none,0,FALSE,MH,TH,3489_none,MH_left
3489_none_MH_right,0,MH,right,3489,none,0,FALSE,MH,TH,3489_none,MH_right
3489_none_MOp_left,21.18612534,MOp,left,3489,none,21.18612534,FALSE,MOp,Isocortex,3489_none,MOp_left
3489_none_MOp_right,31.7012589,MOp,right,3489,none,31.7012589,FALSE,MOp,Isocortex,3489_none,MOp_right
3489_none_MOs_left,19.03921694,MOs,left,3489,none,19.03921694,FALSE,MOs,Isocortex,3489_none,MOs_left
3489_none_MOs_right,70.87619557,MOs,right,3489,none,70.87619557,FALSE,MOs,Isocortex,3489_none,MOs_right
3489_none_MPO_right,0,MPO,right,3489,none,0,FALSE,MPO,HY,3489_none,MPO_right
3489_none_MRN_left,1.092502943,MRN,left,3489,none,1.092502943,FALSE,MRN,MB,3489_none,MRN_left
3489_none_MRN_right,1.313937743,MRN,right,3489,none,1.313937743,FALSE,MRN,MB,3489_none,MRN_right
3489_none_MS_left,10.54124809,MS,left,3489,none,10.54124809,FALSE,MS,PAL,3489_none,MS_left
3489_none_MS_right,4.331926586,MS,right,3489,none,4.331926586,FALSE,MS,PAL,3489_none,MS_right
3489_none_NDB_left,6.889820081,NDB,left,3489,none,6.889820081,FALSE,NDB,PAL,3489_none,NDB_left
3489_none_NDB_right,1.827404059,NDB,right,3489,none,1.827404059,FALSE,NDB,PAL,3489_none,NDB_right
3489_none_NLL_left,1.155561237,NLL,left,3489,none,1.155561237,FALSE,NLL,P,3489_none,NLL_left
3489_none_NLL_right,8.384595915,NLL,right,3489,none,8.384595915,FALSE,NLL,P,3489_none,NLL_right
3489_none_OLF_left,22.9522812,OLF,left,3489,none,22.9522812,FALSE,OLF,OLF,3489_none,OLF_left
3489_none_OLF_right,3.090291578,OLF,right,3489,none,3.090291578,FALSE,OLF,OLF,3489_none,OLF_right
3489_none_OT_left,2.446433653,OT,left,3489,none,2.446433653,FALSE,OT,STR,3489_none,OT_left
3489_none_OT_right,0.688192593,OT,right,3489,none,0.688192593,FALSE,OT,STR,3489_none,OT_right
3489_none_PAA_left,18.69014582,PAA,left,3489,none,18.69014582,FALSE,PAA,OLF,3489_none,PAA_left
3489_none_PAA_right,28.82094401,PAA,right,3489,none,28.82094401,FALSE,PAA,OLF,3489_none,PAA_right
3489_none_PAG_left,1.490153303,PAG,left,3489,none,1.490153303,FALSE,PAG,MB,3489_none,PAG_left
3489_none_PAG_right,0,PAG,right,3489,none,0,FALSE,PAG,MB,3489_none,PAG_right
3489_none_PAL_left,5.33160195,PAL,left,3489,none,5.33160195,FALSE,PAL,PAL,3489_none,PAL_left
3489_none_PAL_right,0,PAL,right,3489,none,0,FALSE,PAL,PAL,3489_none,PAL_right
3489_none_PALd_left,0,PALd,left,3489,none,0,FALSE,PAL,PAL,3489_none,PALd_left
3489_none_PAR_left,25.20966723,PAR,left,3489,none,25.20966723,FALSE,PAR,HPF,3489_none,PAR_left
3489_none_PAR_right,26.53526781,PAR,right,3489,none,26.53526781,FALSE,PAR,HPF,3489_none,PAR_right
3489_none_PBG_left,0,PBG,left,3489,none,0,FALSE,PBG,MB,3489_none,PBG_left
3489_none_PBG_right,0,PBG,right,3489,none,0,FALSE,PBG,MB,3489_none,PBG_right
3489_none_PCN_left,3.959073342,PCN,left,3489,none,3.959073342,FALSE,PCN,TH,3489_none,PCN_left
3489_none_PCN_right,8.166698375,PCN,right,3489,none,8.166698375,FALSE,PCN,TH,3489_none,PCN_right
3489_none_PERI_left,31.2325128,PERI,left,3489,none,31.2325128,FALSE,PERI,Isocortex,3489_none,PERI_left
3489_none_PERI_right,40.58001155,PERI,right,3489,none,40.58001155,FALSE,PERI,Isocortex,3489_none,PERI_right
3489_none_PF_left,0,PF,left,3489,none,0,FALSE,PF,TH,3489_none,PF_left
3489_none_PF_right,0,PF,right,3489,none,0,FALSE,PF,TH,3489_none,PF_right
3489_none_PG_left,7.999692998,PG,left,3489,none,7.999692998,FALSE,PG,P,3489_none,PG_left
3489_none_PG_right,8.239184639,PG,right,3489,none,8.239184639,FALSE,PG,P,3489_none,PG_right
3489_none_PH_left,0,PH,left,3489,none,0,FALSE,PH,HY,3489_none,PH_left
3489_none_PH_right,5.65581906,PH,right,3489,none,5.65581906,FALSE,PH,HY,3489_none,PH_right
3489_none_PIR_left,24.71917677,PIR,left,3489,none,24.71917677,FALSE,PIR,OLF,3489_none,PIR_left
3489_none_PIR_right,22.59027473,PIR,right,3489,none,22.59027473,FALSE,PIR,OLF,3489_none,PIR_right
3489_none_POST_left,22.06083861,POST,left,3489,none,22.06083861,FALSE,POST,HPF,3489_none,POST_left
3489_none_POST_right,37.99862739,POST,right,3489,none,37.99862739,FALSE,POST,HPF,3489_none,POST_right
3489_none_PO_left,41.55978616,PO,left,3489,none,41.55978616,FALSE,PO,TH,3489_none,PO_left
3489_none_PO_right,28.55037627,PO,right,3489,none,28.55037627,FALSE,PO,TH,3489_none,PO_right
3489_none_PPN_left,0,PPN,left,3489,none,0,FALSE,PPN,MB,3489_none,PPN_left
3489_none_PPN_right,2.290510457,PPN,right,3489,none,2.290510457,FALSE,PPN,MB,3489_none,PPN_right
3489_none_PRC_left,0,PRC,left,3489,none,0,FALSE,PRC,MB,3489_none,PRC_left
3489_none_PRC_right,0,PRC,right,3489,none,0,FALSE,PRC,MB,3489_none,PRC_right
3489_none_PRE_left,29.97044242,PRE,left,3489,none,29.97044242,FALSE,PRE,HPF,3489_none,PRE_left
3489_none_PRE_right,25.49367546,PRE,right,3489,none,25.49367546,FALSE,PRE,HPF,3489_none,PRE_right
3489_none_PRNr_left,6.011622428,PRNr,left,3489,none,6.011622428,FALSE,PRNr,P,3489_none,PRNr_left
3489_none_PRNr_right,1.904747725,PRNr,right,3489,none,1.904747725,FALSE,PRNr,P,3489_none,PRNr_right
3489_none_PR_left,0,PR,left,3489,none,0,FALSE,PR,TH,3489_none,PR_left
3489_none_PR_right,0,PR,right,3489,none,0,FALSE,PR,TH,3489_none,PR_right
3489_none_PST_left,24.61045591,PST,left,3489,none,24.61045591,FALSE,PST,HY,3489_none,PST_left
3489_none_PST_right,0,PST,right,3489,none,0,FALSE,PST,HY,3489_none,PST_right
3489_none_PVT_left,0,PVT,left,3489,none,0,FALSE,PVT,TH,3489_none,PVT_left
3489_none_PVT_right,3.842138687,PVT,right,3489,none,3.842138687,FALSE,PVT,TH,3489_none,PVT_right
3489_none_PVZ_left,0,PVZ,left,3489,none,0,FALSE,PVZ,HY,3489_none,PVZ_left
3489_none_PVZ_right,0,PVZ,right,3489,none,0,FALSE,PVZ,HY,3489_none,PVZ_right
3489_none_P_left,2.016278586,P,left,3489,none,2.016278586,FALSE,P,P,3489_none,P_left
3489_none_P_right,1.141437711,P,right,3489,none,1.141437711,FALSE,P,P,3489_none,P_right
3489_none_Pa4_left,0,Pa4,left,3489,none,0,FALSE,Pa4,MB,3489_none,Pa4_left
3489_none_Pa4_right,0,Pa4,right,3489,none,0,FALSE,Pa4,MB,3489_none,Pa4_right
3489_none_PeF_left,0,PeF,left,3489,none,0,FALSE,PeF,HY,3489_none,PeF_left
3489_none_RE_left,7.464210555,RE,left,3489,none,7.464210555,FALSE,RE,TH,3489_none,RE_left
3489_none_RE_right,9.273716145,RE,right,3489,none,9.273716145,FALSE,RE,TH,3489_none,RE_right
3489_none_RSPagl_left,28.89831743,RSPagl,left,3489,none,28.89831743,FALSE,RSP,Isocortex,3489_none,RSPagl_left
3489_none_RSPagl_right,34.84816954,RSPagl,right,3489,none,34.84816954,FALSE,RSP,Isocortex,3489_none,RSPagl_right
3489_none_RSPd_left,34.18873192,RSPd,left,3489,none,34.18873192,FALSE,RSP,Isocortex,3489_none,RSPd_left
3489_none_RSPd_right,26.18799481,RSPd,right,3489,none,26.18799481,FALSE,RSP,Isocortex,3489_none,RSPd_right
3489_none_RSPv_left,39.83846284,RSPv,left,3489,none,39.83846284,FALSE,RSP,Isocortex,3489_none,RSPv_left
3489_none_RSPv_right,48.96503537,RSPv,right,3489,none,48.96503537,FALSE,RSP,Isocortex,3489_none,RSPv_right
3489_none_RT_left,32.57489919,RT,left,3489,none,32.57489919,FALSE,RT,TH,3489_none,RT_left
3489_none_RT_right,17.469104,RT,right,3489,none,17.469104,FALSE,RT,TH,3489_none,RT_right
3489_none_SAG_left,0,SAG,left,3489,none,0,FALSE,SAG,MB,3489_none,SAG_left
3489_none_SAG_right,0,SAG,right,3489,none,0,FALSE,SAG,MB,3489_none,SAG_right
3489_none_SCm_left,3.585755393,SCm,left,3489,none,3.585755393,FALSE,MBmot,MB,3489_none,SCm_left
3489_none_SCm_right,5.180446931,SCm,right,3489,none,5.180446931,FALSE,MBmot,MB,3489_none,SCm_right
3489_none_SCs_left,2.173998563,SCs,left,3489,none,2.173998563,FALSE,MBsen,MB,3489_none,SCs_left
3489_none_SCs_right,5.700569004,SCs,right,3489,none,5.700569004,FALSE,MBsen,MB,3489_none,SCs_right
3489_none_SEZ_left,0,SEZ,left,3489,none,0,TRUE,SEZ,VS,3489_none,SEZ_left
3489_none_SEZ_right,0,SEZ,right,3489,none,0,TRUE,SEZ,VS,3489_none,SEZ_right
3489_none_SI_left,3.096866666,SI,left,3489,none,3.096866666,FALSE,SI,PAL,3489_none,SI_left
3489_none_SI_right,0.825128874,SI,right,3489,none,0.825128874,FALSE,SI,PAL,3489_none,SI_right
3489_none_SSp-bfd_left,35.6586693,SSp-bfd,left,3489,none,35.6586693,FALSE,SSp,Isocortex,3489_none,SSp-bfd_left
3489_none_SSp-bfd_right,52.55125822,SSp-bfd,right,3489,none,52.55125822,FALSE,SSp,Isocortex,3489_none,SSp-bfd_right
3489_none_SSp-ll_left,0,SSp-ll,left,3489,none,0,FALSE,SSp,Isocortex,3489_none,SSp-ll_left
3489_none_SSp-ll_right,41.29155554,SSp-ll,right,3489,none,41.29155554,FALSE,SSp,Isocortex,3489_none,SSp-ll_right
3489_none_SSp-m_left,34.52936527,SSp-m,left,3489,none,34.52936527,FALSE,SSp,Isocortex,3489_none,SSp-m_left
3489_none_SSp-m_right,40.70947644,SSp-m,right,3489,none,40.70947644,FALSE,SSp,Isocortex,3489_none,SSp-m_right
3489_none_SSp-n_right,49.26400203,SSp-n,right,3489,none,49.26400203,FALSE,SSp,Isocortex,3489_none,SSp-n_right
3489_none_SSp-ul_left,23.89963853,SSp-ul,left,3489,none,23.89963853,FALSE,SSp,Isocortex,3489_none,SSp-ul_left
3489_none_SSp-ul_right,26.67188148,SSp-ul,right,3489,none,26.67188148,FALSE,SSp,Isocortex,3489_none,SSp-ul_right
3489_none_SSp-un_left,0,SSp-un,left,3489,none,0,FALSE,SSp,Isocortex,3489_none,SSp-un_left
3489_none_SSp-un_right,18.05955358,SSp-un,right,3489,none,18.05955358,FALSE,SSp,Isocortex,3489_none,SSp-un_right
3489_none_SSs_left,28.52683015,SSs,left,3489,none,28.52683015,FALSE,SSs,Isocortex,3489_none,SSs_left
3489_none_SSs_right,39.69514292,SSs,right,3489,none,39.69514292,FALSE,SSs,Isocortex,3489_none,SSs_right
3489_none_STN_left,0,STN,left,3489,none,0,FALSE,STN,HY,3489_none,STN_left
3489_none_STN_right,0,STN,right,3489,none,0,FALSE,STN,HY,3489_none,STN_right
3489_none_STR_left,20.13813158,STR,left,3489,none,20.13813158,FALSE,STR,STR,3489_none,STR_left
3489_none_STR_right,27.49987991,STR,right,3489,none,27.49987991,FALSE,STR,STR,3489_none,STR_right
3489_none_SUB_left,12.82078797,SUB,left,3489,none,12.82078797,FALSE,SUB,HPF,3489_none,SUB_left
3489_none_SUB_right,55.65702433,SUB,right,3489,none,55.65702433,FALSE,SUB,HPF,3489_none,SUB_right
3489_none_Su3_left,0,Su3,left,3489,none,0,FALSE,Su3,MB,3489_none,Su3_left
3489_none_Su3_right,0,Su3,right,3489,none,0,FALSE,Su3,MB,3489_none,Su3_right
3489_none_TEa_left,35.37659292,TEa,left,3489,none,35.37659292,FALSE,TEa,Isocortex,3489_none,TEa_left
3489_none_TEa_right,14.64688479,TEa,right,3489,none,14.64688479,FALSE,TEa,Isocortex,3489_none,TEa_right
3489_none_TH_left,6.751501987,TH,left,3489,none,6.751501987,FALSE,TH,TH,3489_none,TH_left
3489_none_TH_right,21.85387275,TH,right,3489,none,21.85387275,FALSE,TH,TH,3489_none,TH_right
3489_none_TRN_left,3.817391109,TRN,left,3489,none,3.817391109,FALSE,TRN,P,3489_none,TRN_left
3489_none_TRN_right,7.770173958,TRN,right,3489,none,7.770173958,FALSE,TRN,P,3489_none,TRN_right
3489_none_TU_left,1.908987146,TU,left,3489,none,1.908987146,FALSE,TU,HY,3489_none,TU_left
3489_none_TU_right,1.862267542,TU,right,3489,none,1.862267542,FALSE,TU,HY,3489_none,TU_right
3489_none_V3_left,2.342086475,V3,left,3489,none,2.342086475,TRUE,V3,VS,3489_none,V3_left
3489_none_V3_right,6.16173086,V3,right,3489,none,6.16173086,TRUE,V3,VS,3489_none,V3_right
3489_none_VISC_left,5.368993557,VISC,left,3489,none,5.368993557,FALSE,VISC,Isocortex,3489_none,VISC_left
3489_none_VISC_right,0,VISC,right,3489,none,0,FALSE,VISC,Isocortex,3489_none,VISC_right
3489_none_VISa_left,36.87274873,VISa,left,3489,none,36.87274873,FALSE,VISa,Isocortex,3489_none,VISa_left
3489_none_VISa_right,32.35491417,VISa,right,3489,none,32.35491417,FALSE,VISa,Isocortex,3489_none,VISa_right
3489_none_VISam_left,19.9037077,VISam,left,3489,none,19.9037077,FALSE,VISam,Isocortex,3489_none,VISam_left
3489_none_VISam_right,20.61928977,VISam,right,3489,none,20.61928977,FALSE,VISam,Isocortex,3489_none,VISam_right
3489_none_VISl_left,40.07441968,VISl,left,3489,none,40.07441968,FALSE,VISl,Isocortex,3489_none,VISl_left
3489_none_VISl_right,49.73609932,VISl,right,3489,none,49.73609932,FALSE,VISl,Isocortex,3489_none,VISl_right
3489_none_VISli_left,247.164959,VISli,left,3489,none,247.164959,FALSE,VISli,Isocortex,3489_none,VISli_left
3489_none_VISli_right,126.7002651,VISli,right,3489,none,126.7002651,FALSE,VISli,Isocortex,3489_none,VISli_right
3489_none_VISp_left,48.26315829,VISp,left,3489,none,48.26315829,FALSE,VISp,Isocortex,3489_none,VISp_left
3489_none_VISp_right,42.47331189,VISp,right,3489,none,42.47331189,FALSE,VISp,Isocortex,3489_none,VISp_right
3489_none_VISpl_left,46.69027909,VISpl,left,3489,none,46.69027909,FALSE,VISpl,Isocortex,3489_none,VISpl_left
3489_none_VISpl_right,27.4904242,VISpl,right,3489,none,27.4904242,FALSE,VISpl,Isocortex,3489_none,VISpl_right
3489_none_VISpm_right,43.3410577,VISpm,right,3489,none,43.3410577,FALSE,VISpm,Isocortex,3489_none,VISpm_right
3489_none_VISpor_left,36.88978137,VISpor,left,3489,none,36.88978137,FALSE,VISpor,Isocortex,3489_none,VISpor_left
3489_none_VISpor_right,39.65630346,VISpor,right,3489,none,39.65630346,FALSE,VISpor,Isocortex,3489_none,VISpor_right
3489_none_VISrl_left,30.70946403,VISrl,left,3489,none,30.70946403,FALSE,VISrl,Isocortex,3489_none,VISrl_left
3489_none_VISrl_right,35.47897091,VISrl,right,3489,none,35.47897091,FALSE,VISrl,Isocortex,3489_none,VISrl_right
3489_none_VL_left,0.908130031,VL,left,3489,none,0.908130031,TRUE,VL,VS,3489_none,VL_left
3489_none_VL_right,0.670286451,VL,right,3489,none,0.670286451,TRUE,VL,VS,3489_none,VL_right
3489_none_VMH_left,15.18290783,VMH,left,3489,none,15.18290783,FALSE,VMH,HY,3489_none,VMH_left
3489_none_VMH_right,6.878428081,VMH,right,3489,none,6.878428081,FALSE,VMH,HY,3489_none,VMH_right
3489_none_VM_left,20.24322687,VM,left,3489,none,20.24322687,FALSE,VM,TH,3489_none,VM_left
3489_none_VM_right,12.38504187,VM,right,3489,none,12.38504187,FALSE,VM,TH,3489_none,VM_right
3489_none_VPL_left,28.82972805,VPL,left,3489,none,28.82972805,FALSE,VPL,TH,3489_none,VPL_left
3489_none_VPL_right,37.99484483,VPL,right,3489,none,37.99484483,FALSE,VPL,TH,3489_none,VPL_right
3489_none_VPM_left,35.64509104,VPM,left,3489,none,35.64509104,FALSE,VPM,TH,3489_none,VPM_left
3489_none_VPM_right,29.08524238,VPM,right,3489,none,29.08524238,FALSE,VPM,TH,3489_none,VPM_right
3489_none_VP_left,0,VP,left,3489,none,0,FALSE,VP,TH,3489_none,VP_left
3489_none_VP_right,10.99191281,VP,right,3489,none,10.99191281,FALSE,VP,TH,3489_none,VP_right
3489_none_Xi_left,0,Xi,left,3489,none,0,FALSE,Xi,TH,3489_none,Xi_left
3489_none_Xi_right,0,Xi,right,3489,none,0,FALSE,Xi,TH,3489_none,Xi_right
3489_none_ZI_left,6.416383778,ZI,left,3489,none,6.416383778,FALSE,ZI,HY,3489_none,ZI_left
3489_none_ZI_right,8.12476016,ZI,right,3489,none,8.12476016,FALSE,ZI,HY,3489_none,ZI_right
3489_none_alv_left,12.33829626,alv,left,3489,none,12.33829626,TRUE,alv,fiber tracts,3489_none,alv_left
3489_none_alv_right,20.3068004,alv,right,3489,none,20.3068004,TRUE,alv,fiber tracts,3489_none,alv_right
3489_none_amc_left,8.75564297,amc,left,3489,none,8.75564297,TRUE,amc,fiber tracts,3489_none,amc_left
3489_none_amc_right,43.46411211,amc,right,3489,none,43.46411211,TRUE,amc,fiber tracts,3489_none,amc_right
3489_none_ar_left,4.156084414,ar,left,3489,none,4.156084414,TRUE,ar,fiber tracts,3489_none,ar_left
3489_none_ar_right,10.81457089,ar,right,3489,none,10.81457089,TRUE,ar,fiber tracts,3489_none,ar_right
3489_none_bic_left,12.47327649,bic,left,3489,none,12.47327649,TRUE,bic,fiber tracts,3489_none,bic_left
3489_none_bic_right,0,bic,right,3489,none,0,TRUE,bic,fiber tracts,3489_none,bic_right
3489_none_cc_left,27.81239371,cc,left,3489,none,27.81239371,TRUE,cc,fiber tracts,3489_none,cc_left
3489_none_cc_right,40.73069806,cc,right,3489,none,40.73069806,TRUE,cc,fiber tracts,3489_none,cc_right
3489_none_ccg_left,4.170671252,ccg,left,3489,none,4.170671252,TRUE,ccg,fiber tracts,3489_none,ccg_left
3489_none_ccg_right,3.680004045,ccg,right,3489,none,3.680004045,TRUE,ccg,fiber tracts,3489_none,ccg_right
3489_none_chpl_left,0,chpl,left,3489,none,0,TRUE,chpl,VS,3489_none,chpl_left
3489_none_chpl_right,5.87475399,chpl,right,3489,none,5.87475399,TRUE,chpl,VS,3489_none,chpl_right
3489_none_cing_left,23.49595496,cing,left,3489,none,23.49595496,TRUE,cing,fiber tracts,3489_none,cing_left
3489_none_cing_right,19.99437928,cing,right,3489,none,19.99437928,TRUE,cing,fiber tracts,3489_none,cing_right
3489_none_cst_left,16.3761639,cst,left,3489,none,16.3761639,TRUE,cst,fiber tracts,3489_none,cst_left
3489_none_cst_right,15.87991651,cst,right,3489,none,15.87991651,TRUE,cst,fiber tracts,3489_none,cst_right
3489_none_dhc_left,20.12789534,dhc,left,3489,none,20.12789534,TRUE,dhc,fiber tracts,3489_none,dhc_left
3489_none_dhc_right,23.37797004,dhc,right,3489,none,23.37797004,TRUE,dhc,fiber tracts,3489_none,dhc_right
3489_none_dscp_left,0,dscp,left,3489,none,0,TRUE,dscp,fiber tracts,3489_none,dscp_left
3489_none_dscp_right,0,dscp,right,3489,none,0,TRUE,dscp,fiber tracts,3489_none,dscp_right
3489_none_ec_left,4.961245242,ec,left,3489,none,4.961245242,TRUE,ec,fiber tracts,3489_none,ec_left
3489_none_ec_right,19.19895589,ec,right,3489,none,19.19895589,TRUE,ec,fiber tracts,3489_none,ec_right
3489_none_em_left,17.51128594,em,left,3489,none,17.51128594,TRUE,em,fiber tracts,3489_none,em_left
3489_none_em_right,0,em,right,3489,none,0,TRUE,em,fiber tracts,3489_none,em_right
3489_none_fi_left,5.425672338,fi,left,3489,none,5.425672338,TRUE,fi,fiber tracts,3489_none,fi_left
3489_none_fi_right,6.15261398,fi,right,3489,none,6.15261398,TRUE,fi,fiber tracts,3489_none,fi_right
3489_none_fiber tracts_left,7.881111241,fiber tracts,left,3489,none,7.881111241,TRUE,fiber tracts,fiber tracts,3489_none,fiber tracts_left
3489_none_fiber tracts_right,12.10859679,fiber tracts,right,3489,none,12.10859679,TRUE,fiber tracts,fiber tracts,3489_none,fiber tracts_right
3489_none_fr_left,0,fr,left,3489,none,0,TRUE,fr,fiber tracts,3489_none,fr_left
3489_none_fr_right,0,fr,right,3489,none,0,TRUE,fr,fiber tracts,3489_none,fr_right
3489_none_fx_left,0,fx,left,3489,none,0,TRUE,fx,fiber tracts,3489_none,fx_left
3489_none_fx_right,0,fx,right,3489,none,0,TRUE,fx,fiber tracts,3489_none,fx_right
3489_none_hbc_left,0,hbc,left,3489,none,0,TRUE,hbc,fiber tracts,3489_none,hbc_left
3489_none_hbc_right,0,hbc,right,3489,none,0,TRUE,hbc,fiber tracts,3489_none,hbc_right
3489_none_int_left,4.460291007,int,left,3489,none,4.460291007,TRUE,int,fiber tracts,3489_none,int_left
3489_none_int_right,2.067302386,int,right,3489,none,2.067302386,TRUE,int,fiber tracts,3489_none,int_right
3489_none_ll_left,2.257788879,ll,left,3489,none,2.257788879,TRUE,ll,fiber tracts,3489_none,ll_left
3489_none_ll_right,2.511721124,ll,right,3489,none,2.511721124,TRUE,ll,fiber tracts,3489_none,ll_right
3489_none_lotg_left,15.54986348,lotg,left,3489,none,15.54986348,TRUE,In,fiber tracts,3489_none,lotg_left
3489_none_lotg_right,27.47236323,lotg,right,3489,none,27.47236323,TRUE,In,fiber tracts,3489_none,lotg_right
3489_none_mcp_left,0,mcp,left,3489,none,0,TRUE,mcp,fiber tracts,3489_none,mcp_left
3489_none_mcp_right,0,mcp,right,3489,none,0,TRUE,mcp,fiber tracts,3489_none,mcp_right
3489_none_ml_left,0,ml,left,3489,none,0,TRUE,ml,fiber tracts,3489_none,ml_left
3489_none_ml_right,0,ml,right,3489,none,0,TRUE,ml,fiber tracts,3489_none,ml_right
3489_none_mlf_left,0,mlf,left,3489,none,0,TRUE,mlf,fiber tracts,3489_none,mlf_left
3489_none_mlf_right,0,mlf,right,3489,none,0,TRUE,mlf,fiber tracts,3489_none,mlf_right
3489_none_moV_left,0,moV,left,3489,none,0,TRUE,moV,fiber tracts,3489_none,moV_left
3489_none_moV_right,0,moV,right,3489,none,0,TRUE,moV,fiber tracts,3489_none,moV_right
3489_none_mtg_left,0,mtg,left,3489,none,0,TRUE,mtg,fiber tracts,3489_none,mtg_left
3489_none_mtg_right,0,mtg,right,3489,none,0,TRUE,mtg,fiber tracts,3489_none,mtg_right
3489_none_mtt_left,12.64703985,mtt,left,3489,none,12.64703985,TRUE,mtt,fiber tracts,3489_none,mtt_left
3489_none_mtt_right,0,mtt,right,3489,none,0,TRUE,mtt,fiber tracts,3489_none,mtt_right
3489_none_nst_left,0,nst,left,3489,none,0,TRUE,nst,fiber tracts,3489_none,nst_left
3489_none_nst_right,21.10569881,nst,right,3489,none,21.10569881,TRUE,nst,fiber tracts,3489_none,nst_right
3489_none_opt_left,0,opt,left,3489,none,0,TRUE,opt,fiber tracts,3489_none,opt_left
3489_none_opt_right,8.661300925,opt,right,3489,none,8.661300925,TRUE,opt,fiber tracts,3489_none,opt_right
3489_none_or_left,4.079578111,or,left,3489,none,4.079578111,TRUE,or,fiber tracts,3489_none,or_left
3489_none_or_right,7.844943258,or,right,3489,none,7.844943258,TRUE,or,fiber tracts,3489_none,or_right
3489_none_rust_left,5.604676415,rust,left,3489,none,5.604676415,TRUE,rust,fiber tracts,3489_none,rust_left
3489_none_rust_right,0,rust,right,3489,none,0,TRUE,rust,fiber tracts,3489_none,rust_right
3489_none_sV_left,1.67039665,sV,left,3489,none,1.67039665,TRUE,sV,fiber tracts,3489_none,sV_left
3489_none_sV_right,1.453032447,sV,right,3489,none,1.453032447,TRUE,sV,fiber tracts,3489_none,sV_right
3489_none_scp_left,0,scp,left,3489,none,0,TRUE,scp,fiber tracts,3489_none,scp_left
3489_none_scp_right,0,scp,right,3489,none,0,TRUE,scp,fiber tracts,3489_none,scp_right
3489_none_scwm_left,8.063570538,scwm,left,3489,none,8.063570538,TRUE,scwm,fiber tracts,3489_none,scwm_left
3489_none_scwm_right,0,scwm,right,3489,none,0,TRUE,scwm,fiber tracts,3489_none,scwm_right
3489_none_st_left,8.315861815,st,left,3489,none,8.315861815,TRUE,st,fiber tracts,3489_none,st_left
3489_none_st_right,14.53453137,st,right,3489,none,14.53453137,TRUE,st,fiber tracts,3489_none,st_right
3489_none_stc_left,0,stc,left,3489,none,0,TRUE,stc,fiber tracts,3489_none,stc_left
3489_none_sup_left,0,sup,left,3489,none,0,TRUE,sup,fiber tracts,3489_none,sup_left
3489_none_sup_right,0,sup,right,3489,none,0,TRUE,sup,fiber tracts,3489_none,sup_right
3489_none_tspc_left,5.675657125,tspc,left,3489,none,5.675657125,TRUE,tspc,fiber tracts,3489_none,tspc_left
3489_none_tspc_right,0,tspc,right,3489,none,0,TRUE,tspc,fiber tracts,3489_none,tspc_right
