uniqueID,preLimVal,region,hemi,mouse,treatment,postLimVal,removeRegion,parent,major,x,y
1152_mPFF_ACAd_left,0.430860871,ACAd,left,1152,mPFF,0.430860871,FALSE,ACA,Isocortex,1152_mPFF,ACAd_left
1152_mPFF_ACAd_right,0.487054024,ACAd,right,1152,mPFF,0.487054024,FALSE,ACA,Isocortex,1152_mPFF,ACAd_right
1152_mPFF_ACAv_left,0.495711111,ACAv,left,1152,mPFF,0.495711111,FALSE,ACA,Isocortex,1152_mPFF,ACAv_left
1152_mPFF_ACAv_right,0.562618623,ACAv,right,1152,mPFF,0.562618623,FALSE,ACA,Isocortex,1152_mPFF,ACAv_right
1152_mPFF_ACB_left,-0.268526716,ACB,left,1152,mPFF,0,FALSE,ACB,STR,1152_mPFF,ACB_left
1152_mPFF_ACB_right,-0.242049538,ACB,right,1152,mPFF,0,FALSE,ACB,STR,1152_mPFF,ACB_right
1152_mPFF_AId_left,-0.134439173,AId,left,1152,mPFF,0,FALSE,AI,Isocortex,1152_mPFF,AId_left
1152_mPFF_AId_right,0.515908026,AId,right,1152,mPFF,0.515908026,FALSE,AI,Isocortex,1152_mPFF,AId_right
1152_mPFF_AIp_left,-2.582129882,AIp,left,1152,mPFF,0,FALSE,AI,Isocortex,1152_mPFF,AIp_left
1152_mPFF_AIp_right,0.444164733,AIp,right,1152,mPFF,0.444164733,FALSE,AI,Isocortex,1152_mPFF,AIp_right
1152_mPFF_AIv_left,0.003089111,AIv,left,1152,mPFF,0.003089111,FALSE,AI,Isocortex,1152_mPFF,AIv_left
1152_mPFF_AIv_right,0.458384037,AIv,right,1152,mPFF,0.458384037,FALSE,AI,Isocortex,1152_mPFF,AIv_right
1152_mPFF_APr_left,0.262970258,APr,left,1152,mPFF,0.262970258,FALSE,APr,HPF,1152_mPFF,APr_left
1152_mPFF_APr_right,0.633476167,APr,right,1152,mPFF,0.633476167,FALSE,APr,HPF,1152_mPFF,APr_right
1152_mPFF_AQ_left,-2.933570198,AQ,left,1152,mPFF,0,TRUE,AQ,VS,1152_mPFF,AQ_left
1152_mPFF_AQ_right,-1.748101454,AQ,right,1152,mPFF,0,TRUE,AQ,VS,1152_mPFF,AQ_right
1152_mPFF_ARH_left,-1.506797463,ARH,left,1152,mPFF,0,FALSE,ARH,HY,1152_mPFF,ARH_left
1152_mPFF_ARH_right,-1.384065229,ARH,right,1152,mPFF,0,FALSE,ARH,HY,1152_mPFF,ARH_right
1152_mPFF_AT_left,-0.962612713,AT,left,1152,mPFF,0,FALSE,AT,MB,1152_mPFF,AT_left
1152_mPFF_AT_right,0.591953888,AT,right,1152,mPFF,0.591953888,FALSE,AT,MB,1152_mPFF,AT_right
1152_mPFF_AUDd_left,-1.275295001,AUDd,left,1152,mPFF,0,FALSE,AUDd,Isocortex,1152_mPFF,AUDd_left
1152_mPFF_AUDd_right,0.576237033,AUDd,right,1152,mPFF,0.576237033,FALSE,AUDd,Isocortex,1152_mPFF,AUDd_right
1152_mPFF_AUDp_right,0.6539211,AUDp,right,1152,mPFF,0.6539211,FALSE,AUDp,Isocortex,1152_mPFF,AUDp_right
1152_mPFF_AUDv_left,-3.305214234,AUDv,left,1152,mPFF,0,FALSE,AUDv,Isocortex,1152_mPFF,AUDv_left
1152_mPFF_AUDv_right,0.429198654,AUDv,right,1152,mPFF,0.429198654,FALSE,AUDv,Isocortex,1152_mPFF,AUDv_right
1152_mPFF_AVPV_left,-0.20971491,AVPV,left,1152,mPFF,0,FALSE,AVPV,HY,1152_mPFF,AVPV_left
1152_mPFF_AVPV_right,-0.253676472,AVPV,right,1152,mPFF,0,FALSE,AVPV,HY,1152_mPFF,AVPV_right
1152_mPFF_BLA_left,-1.086479673,BLA,left,1152,mPFF,0,FALSE,BLA,CTXsp,1152_mPFF,BLA_left
1152_mPFF_BLA_right,0.199715143,BLA,right,1152,mPFF,0.199715143,FALSE,BLA,CTXsp,1152_mPFF,BLA_right
1152_mPFF_BMA_left,-0.812475208,BMA,left,1152,mPFF,0,FALSE,BMA,CTXsp,1152_mPFF,BMA_left
1152_mPFF_BMA_right,0.329327793,BMA,right,1152,mPFF,0.329327793,FALSE,BMA,CTXsp,1152_mPFF,BMA_right
1152_mPFF_CA1_left,0.660400857,CA1,left,1152,mPFF,0.660400857,FALSE,CA1,HPF,1152_mPFF,CA1_left
1152_mPFF_CA1_right,0.74887361,CA1,right,1152,mPFF,0.74887361,FALSE,CA1,HPF,1152_mPFF,CA1_right
1152_mPFF_CA2_left,0.362761985,CA2,left,1152,mPFF,0.362761985,FALSE,CA2,HPF,1152_mPFF,CA2_left
1152_mPFF_CA2_right,0.860477185,CA2,right,1152,mPFF,0.860477185,FALSE,CA2,HPF,1152_mPFF,CA2_right
1152_mPFF_CA3_left,0.161506553,CA3,left,1152,mPFF,0.161506553,FALSE,CA3,HPF,1152_mPFF,CA3_left
1152_mPFF_CA3_right,0.253893164,CA3,right,1152,mPFF,0.253893164,FALSE,CA3,HPF,1152_mPFF,CA3_right
1152_mPFF_CB_left,-1.499280051,CB,left,1152,mPFF,0,FALSE,CB,CB,1152_mPFF,CB_left
1152_mPFF_CB_right,-0.148045526,CB,right,1152,mPFF,0,FALSE,CB,CB,1152_mPFF,CB_right
1152_mPFF_CEA_left,-0.118233462,CEA,left,1152,mPFF,0,FALSE,CEA,STR,1152_mPFF,CEA_left
1152_mPFF_CEA_right,0.648960393,CEA,right,1152,mPFF,0.648960393,FALSE,CEA,STR,1152_mPFF,CEA_right
1152_mPFF_CLA_left,-0.256063693,CLA,left,1152,mPFF,0,FALSE,CLA,CTXsp,1152_mPFF,CLA_left
1152_mPFF_CLA_right,0.258445174,CLA,right,1152,mPFF,0.258445174,FALSE,CLA,CTXsp,1152_mPFF,CLA_right
1152_mPFF_CL_left,0.426496392,CL,left,1152,mPFF,0.426496392,FALSE,CL,TH,1152_mPFF,CL_left
1152_mPFF_CL_right,0.587254038,CL,right,1152,mPFF,0.587254038,FALSE,CL,TH,1152_mPFF,CL_right
1152_mPFF_CM_left,-0.010551766,CM,left,1152,mPFF,0,FALSE,CM,TH,1152_mPFF,CM_left
1152_mPFF_CM_right,-0.285221186,CM,right,1152,mPFF,0,FALSE,CM,TH,1152_mPFF,CM_right
1152_mPFF_COA_left,-0.348432683,COA,left,1152,mPFF,0,FALSE,COA,OLF,1152_mPFF,COA_left
1152_mPFF_COA_right,0.179912442,COA,right,1152,mPFF,0.179912442,FALSE,COA,OLF,1152_mPFF,COA_right
1152_mPFF_COAp_right,0.079073895,COAp,right,1152,mPFF,0.079073895,FALSE,COA,OLF,1152_mPFF,COAp_right
1152_mPFF_CP_left,0.01403594,CP,left,1152,mPFF,0.01403594,FALSE,CP,STR,1152_mPFF,CP_left
1152_mPFF_CP_right,0.142006298,CP,right,1152,mPFF,0.142006298,FALSE,CP,STR,1152_mPFF,CP_right
1152_mPFF_CS_left,0.040231679,CS,left,1152,mPFF,0.040231679,FALSE,CS,P,1152_mPFF,CS_left
1152_mPFF_CS_right,0.409262668,CS,right,1152,mPFF,0.409262668,FALSE,CS,P,1152_mPFF,CS_right
1152_mPFF_CTXsp_left,-0.613490396,CTXsp,left,1152,mPFF,0,FALSE,CTXsp,CTXsp,1152_mPFF,CTXsp_left
1152_mPFF_CTXsp_right,0.306079297,CTXsp,right,1152,mPFF,0.306079297,FALSE,CTXsp,CTXsp,1152_mPFF,CTXsp_right
1152_mPFF_DG_left,0.266892786,DG,left,1152,mPFF,0.266892786,FALSE,DG,HPF,1152_mPFF,DG_left
1152_mPFF_DG_right,0.260095577,DG,right,1152,mPFF,0.260095577,FALSE,DG,HPF,1152_mPFF,DG_right
1152_mPFF_DMH_left,0.00960938,DMH,left,1152,mPFF,0.00960938,FALSE,DMH,HY,1152_mPFF,DMH_left
1152_mPFF_DMH_right,0.092688797,DMH,right,1152,mPFF,0.092688797,FALSE,DMH,HY,1152_mPFF,DMH_right
1152_mPFF_DR_left,0.177404599,DR,left,1152,mPFF,0.177404599,FALSE,DR,MB,1152_mPFF,DR_left
1152_mPFF_DR_right,0.409154969,DR,right,1152,mPFF,0.409154969,FALSE,DR,MB,1152_mPFF,DR_right
1152_mPFF_ECT_right,0.261293535,ECT,right,1152,mPFF,0.261293535,FALSE,ECT,Isocortex,1152_mPFF,ECT_right
1152_mPFF_ENTl_left,-0.252282729,ENTl,left,1152,mPFF,0,FALSE,ENT,HPF,1152_mPFF,ENTl_left
1152_mPFF_ENTl_right,0.480698287,ENTl,right,1152,mPFF,0.480698287,FALSE,ENT,HPF,1152_mPFF,ENTl_right
1152_mPFF_ENTm_left,0.123321065,ENTm,left,1152,mPFF,0.123321065,FALSE,ENT,HPF,1152_mPFF,ENTm_left
1152_mPFF_ENTm_right,0.689697449,ENTm,right,1152,mPFF,0.689697449,FALSE,ENT,HPF,1152_mPFF,ENTm_right
1152_mPFF_EP_left,-0.658796718,EP,left,1152,mPFF,0,FALSE,EP,CTXsp,1152_mPFF,EP_left
1152_mPFF_EP_right,0.203030534,EP,right,1152,mPFF,0.203030534,FALSE,EP,CTXsp,1152_mPFF,EP_right
1152_mPFF_Eth_left,0.793898092,Eth,left,1152,mPFF,0.793898092,FALSE,Eth,TH,1152_mPFF,Eth_left
1152_mPFF_Eth_right,1.016884419,Eth,right,1152,mPFF,1,FALSE,Eth,TH,1152_mPFF,Eth_right
1152_mPFF_FC_left,0.772721358,FC,left,1152,mPFF,0.772721358,FALSE,FC,HPF,1152_mPFF,FC_left
1152_mPFF_FC_right,0.603612049,FC,right,1152,mPFF,0.603612049,FALSE,FC,HPF,1152_mPFF,FC_right
1152_mPFF_GU_left,-0.088455589,GU,left,1152,mPFF,0,FALSE,GU,Isocortex,1152_mPFF,GU_left
1152_mPFF_GU_right,0.453071302,GU,right,1152,mPFF,0.453071302,FALSE,GU,Isocortex,1152_mPFF,GU_right
1152_mPFF_HATA_left,0.023717226,HATA,left,1152,mPFF,0.023717226,FALSE,HATA,HPF,1152_mPFF,HATA_left
1152_mPFF_HATA_right,0.471663974,HATA,right,1152,mPFF,0.471663974,FALSE,HATA,HPF,1152_mPFF,HATA_right
1152_mPFF_HPF_left,-0.866113502,HPF,left,1152,mPFF,0,FALSE,HPF,HPF,1152_mPFF,HPF_left
1152_mPFF_HPF_right,-0.193758522,HPF,right,1152,mPFF,0,FALSE,HPF,HPF,1152_mPFF,HPF_right
1152_mPFF_HY_left,-0.048593146,HY,left,1152,mPFF,0,FALSE,HY,HY,1152_mPFF,HY_left
1152_mPFF_HY_right,0.05420181,HY,right,1152,mPFF,0.05420181,FALSE,HY,HY,1152_mPFF,HY_right
1152_mPFF_IA_right,0.350394095,IA,right,1152,mPFF,0.350394095,FALSE,IA,STR,1152_mPFF,IA_right
1152_mPFF_IC_left,0.374870142,IC,left,1152,mPFF,0.374870142,FALSE,IC,MB,1152_mPFF,IC_left
1152_mPFF_IC_right,0.608332176,IC,right,1152,mPFF,0.608332176,FALSE,IC,MB,1152_mPFF,IC_right
1152_mPFF_IG_left,0.519649028,IG,left,1152,mPFF,0.519649028,FALSE,IG,HPF,1152_mPFF,IG_left
1152_mPFF_IG_right,0.106091167,IG,right,1152,mPFF,0.106091167,FALSE,IG,HPF,1152_mPFF,IG_right
1152_mPFF_IIn_left,-0.772428154,IIn,left,1152,mPFF,0,TRUE,IIn,fiber tracts,1152_mPFF,IIn_left
1152_mPFF_IIn_right,-1.876892115,IIn,right,1152,mPFF,0,TRUE,IIn,fiber tracts,1152_mPFF,IIn_right
1152_mPFF_IMD_left,0.376783093,IMD,left,1152,mPFF,0.376783093,FALSE,IMD,TH,1152_mPFF,IMD_left
1152_mPFF_IMD_right,0.448984527,IMD,right,1152,mPFF,0.448984527,FALSE,IMD,TH,1152_mPFF,IMD_right
1152_mPFF_IV_left,-0.738524294,IV,left,1152,mPFF,0,FALSE,IV,MB,1152_mPFF,IV_left
1152_mPFF_IV_right,0.028396544,IV,right,1152,mPFF,0.028396544,FALSE,IV,MB,1152_mPFF,IV_right
1152_mPFF_In_left,-0.442936568,In,left,1152,mPFF,0,TRUE,In,fiber tracts,1152_mPFF,In_left
1152_mPFF_In_right,-0.555925051,In,right,1152,mPFF,0,TRUE,In,fiber tracts,1152_mPFF,In_right
1152_mPFF_LA_left,-1.116447593,LA,left,1152,mPFF,0,FALSE,LA,CTXsp,1152_mPFF,LA_left
1152_mPFF_LA_right,0.290014525,LA,right,1152,mPFF,0.290014525,FALSE,LA,CTXsp,1152_mPFF,LA_right
1152_mPFF_LD_left,0.764417073,LD,left,1152,mPFF,0.764417073,FALSE,LD,TH,1152_mPFF,LD_left
1152_mPFF_LGd_left,0.514760407,LGd,left,1152,mPFF,0.514760407,FALSE,LGd,TH,1152_mPFF,LGd_left
1152_mPFF_LGd_right,0.832594968,LGd,right,1152,mPFF,0.832594968,FALSE,LGd,TH,1152_mPFF,LGd_right
1152_mPFF_LGv_left,-0.008768344,LGv,left,1152,mPFF,0,FALSE,LGv,TH,1152_mPFF,LGv_left
1152_mPFF_LGv_right,-0.188911424,LGv,right,1152,mPFF,0,FALSE,LGv,TH,1152_mPFF,LGv_right
1152_mPFF_LHA_left,0.080041644,LHA,left,1152,mPFF,0.080041644,FALSE,LHA,HY,1152_mPFF,LHA_left
1152_mPFF_LHA_right,0.291801992,LHA,right,1152,mPFF,0.291801992,FALSE,LHA,HY,1152_mPFF,LHA_right
1152_mPFF_LH_left,0.10861064,LH,left,1152,mPFF,0.10861064,FALSE,LH,TH,1152_mPFF,LH_left
1152_mPFF_LH_right,0.140173169,LH,right,1152,mPFF,0.140173169,FALSE,LH,TH,1152_mPFF,LH_right
1152_mPFF_LPO_left,-0.535063671,LPO,left,1152,mPFF,0,FALSE,LPO,HY,1152_mPFF,LPO_left
1152_mPFF_LPO_right,-1.070287505,LPO,right,1152,mPFF,0,FALSE,LPO,HY,1152_mPFF,LPO_right
1152_mPFF_LP_left,0.6234838,LP,left,1152,mPFF,0.6234838,FALSE,LP,TH,1152_mPFF,LP_left
1152_mPFF_LP_right,0.73110835,LP,right,1152,mPFF,0.73110835,FALSE,LP,TH,1152_mPFF,LP_right
1152_mPFF_LS_left,0.365952547,LS,left,1152,mPFF,0.365952547,FALSE,LS,STR,1152_mPFF,LS_left
1152_mPFF_LS_right,0.341638622,LS,right,1152,mPFF,0.341638622,FALSE,LS,STR,1152_mPFF,LS_right
1152_mPFF_MB_left,0.263119158,MB,left,1152,mPFF,0.263119158,FALSE,MB,MB,1152_mPFF,MB_left
1152_mPFF_MB_right,0.38919014,MB,right,1152,mPFF,0.38919014,FALSE,MB,MB,1152_mPFF,MB_right
1152_mPFF_MD_left,0.465202908,MD,left,1152,mPFF,0.465202908,FALSE,MD,TH,1152_mPFF,MD_left
1152_mPFF_MD_right,0.615794648,MD,right,1152,mPFF,0.615794648,FALSE,MD,TH,1152_mPFF,MD_right
1152_mPFF_MEA_left,0.182143214,MEA,left,1152,mPFF,0.182143214,FALSE,MEA,STR,1152_mPFF,MEA_left
1152_mPFF_MEA_right,0.451284809,MEA,right,1152,mPFF,0.451284809,FALSE,MEA,STR,1152_mPFF,MEA_right
1152_mPFF_ME_left,-5,ME,left,1152,mPFF,0,FALSE,ME,HY,1152_mPFF,ME_left
1152_mPFF_ME_right,-5,ME,right,1152,mPFF,0,FALSE,ME,HY,1152_mPFF,ME_right
1152_mPFF_MH_left,-0.806401671,MH,left,1152,mPFF,0,FALSE,MH,TH,1152_mPFF,MH_left
1152_mPFF_MH_right,-0.408272945,MH,right,1152,mPFF,0,FALSE,MH,TH,1152_mPFF,MH_right
1152_mPFF_MOp_left,0.48436305,MOp,left,1152,mPFF,0.48436305,FALSE,MOp,Isocortex,1152_mPFF,MOp_left
1152_mPFF_MOp_right,0.604816829,MOp,right,1152,mPFF,0.604816829,FALSE,MOp,Isocortex,1152_mPFF,MOp_right
1152_mPFF_MOs_left,0.550952453,MOs,left,1152,mPFF,0.550952453,FALSE,MOs,Isocortex,1152_mPFF,MOs_left
1152_mPFF_MOs_right,0.670486661,MOs,right,1152,mPFF,0.670486661,FALSE,MOs,Isocortex,1152_mPFF,MOs_right
1152_mPFF_MRN_left,0.188935776,MRN,left,1152,mPFF,0.188935776,FALSE,MRN,MB,1152_mPFF,MRN_left
1152_mPFF_MRN_right,0.247646098,MRN,right,1152,mPFF,0.247646098,FALSE,MRN,MB,1152_mPFF,MRN_right
1152_mPFF_MS_left,-0.199024897,MS,left,1152,mPFF,0,FALSE,MS,PAL,1152_mPFF,MS_left
1152_mPFF_MS_right,-0.349408507,MS,right,1152,mPFF,0,FALSE,MS,PAL,1152_mPFF,MS_right
1152_mPFF_NDB_left,-0.406027224,NDB,left,1152,mPFF,0,FALSE,NDB,PAL,1152_mPFF,NDB_left
1152_mPFF_NDB_right,-0.419692357,NDB,right,1152,mPFF,0,FALSE,NDB,PAL,1152_mPFF,NDB_right
1152_mPFF_NLL_left,-0.246145445,NLL,left,1152,mPFF,0,FALSE,NLL,P,1152_mPFF,NLL_left
1152_mPFF_NLL_right,0.122099497,NLL,right,1152,mPFF,0.122099497,FALSE,NLL,P,1152_mPFF,NLL_right
1152_mPFF_OLF_left,-0.497915048,OLF,left,1152,mPFF,0,FALSE,OLF,OLF,1152_mPFF,OLF_left
1152_mPFF_OLF_right,0.141886772,OLF,right,1152,mPFF,0.141886772,FALSE,OLF,OLF,1152_mPFF,OLF_right
1152_mPFF_OT_left,-0.380988379,OT,left,1152,mPFF,0,FALSE,OT,STR,1152_mPFF,OT_left
1152_mPFF_OT_right,-0.141222501,OT,right,1152,mPFF,0,FALSE,OT,STR,1152_mPFF,OT_right
1152_mPFF_PAA_left,-0.587083208,PAA,left,1152,mPFF,0,FALSE,PAA,OLF,1152_mPFF,PAA_left
1152_mPFF_PAA_right,0.357209786,PAA,right,1152,mPFF,0.357209786,FALSE,PAA,OLF,1152_mPFF,PAA_right
1152_mPFF_PAG_left,0.087299002,PAG,left,1152,mPFF,0.087299002,FALSE,PAG,MB,1152_mPFF,PAG_left
1152_mPFF_PAG_right,0.2633631,PAG,right,1152,mPFF,0.2633631,FALSE,PAG,MB,1152_mPFF,PAG_right
1152_mPFF_PAL_left,-0.215160139,PAL,left,1152,mPFF,0,FALSE,PAL,PAL,1152_mPFF,PAL_left
1152_mPFF_PAL_right,0.048694494,PAL,right,1152,mPFF,0.048694494,FALSE,PAL,PAL,1152_mPFF,PAL_right
1152_mPFF_PALd_left,-0.440077519,PALd,left,1152,mPFF,0,FALSE,PAL,PAL,1152_mPFF,PALd_left
1152_mPFF_PALd_right,0.606131183,PALd,right,1152,mPFF,0.606131183,FALSE,PAL,PAL,1152_mPFF,PALd_right
1152_mPFF_PAR_left,-0.11880997,PAR,left,1152,mPFF,0,FALSE,PAR,HPF,1152_mPFF,PAR_left
1152_mPFF_PAR_right,0.487712582,PAR,right,1152,mPFF,0.487712582,FALSE,PAR,HPF,1152_mPFF,PAR_right
1152_mPFF_PBG_left,-0.431883781,PBG,left,1152,mPFF,0,FALSE,PBG,MB,1152_mPFF,PBG_left
1152_mPFF_PBG_right,0.240175371,PBG,right,1152,mPFF,0.240175371,FALSE,PBG,MB,1152_mPFF,PBG_right
1152_mPFF_PCN_left,0.315268604,PCN,left,1152,mPFF,0.315268604,FALSE,PCN,TH,1152_mPFF,PCN_left
1152_mPFF_PCN_right,0.566348393,PCN,right,1152,mPFF,0.566348393,FALSE,PCN,TH,1152_mPFF,PCN_right
1152_mPFF_PERI_left,0.700302962,PERI,left,1152,mPFF,0.700302962,FALSE,PERI,Isocortex,1152_mPFF,PERI_left
1152_mPFF_PERI_right,0.337559954,PERI,right,1152,mPFF,0.337559954,FALSE,PERI,Isocortex,1152_mPFF,PERI_right
1152_mPFF_PG_left,-0.216636174,PG,left,1152,mPFF,0,FALSE,PG,P,1152_mPFF,PG_left
1152_mPFF_PG_right,0.002826894,PG,right,1152,mPFF,0.002826894,FALSE,PG,P,1152_mPFF,PG_right
1152_mPFF_PIR_left,-0.232233483,PIR,left,1152,mPFF,0,FALSE,PIR,OLF,1152_mPFF,PIR_left
1152_mPFF_PIR_right,0.303973505,PIR,right,1152,mPFF,0.303973505,FALSE,PIR,OLF,1152_mPFF,PIR_right
1152_mPFF_POST_left,0.442550538,POST,left,1152,mPFF,0.442550538,FALSE,POST,HPF,1152_mPFF,POST_left
1152_mPFF_POST_right,0.607612669,POST,right,1152,mPFF,0.607612669,FALSE,POST,HPF,1152_mPFF,POST_right
1152_mPFF_PO_left,0.555717007,PO,left,1152,mPFF,0.555717007,FALSE,PO,TH,1152_mPFF,PO_left
1152_mPFF_PO_right,0.654920125,PO,right,1152,mPFF,0.654920125,FALSE,PO,TH,1152_mPFF,PO_right
1152_mPFF_PPN_left,0.127802022,PPN,left,1152,mPFF,0.127802022,FALSE,PPN,MB,1152_mPFF,PPN_left
1152_mPFF_PPN_right,0.193339861,PPN,right,1152,mPFF,0.193339861,FALSE,PPN,MB,1152_mPFF,PPN_right
1152_mPFF_PRE_left,0.008575081,PRE,left,1152,mPFF,0.008575081,FALSE,PRE,HPF,1152_mPFF,PRE_left
1152_mPFF_PRE_right,0.499470826,PRE,right,1152,mPFF,0.499470826,FALSE,PRE,HPF,1152_mPFF,PRE_right
1152_mPFF_PRNr_left,0.079286691,PRNr,left,1152,mPFF,0.079286691,FALSE,PRNr,P,1152_mPFF,PRNr_left
1152_mPFF_PRNr_right,0.252564726,PRNr,right,1152,mPFF,0.252564726,FALSE,PRNr,P,1152_mPFF,PRNr_right
1152_mPFF_PR_left,0.269735726,PR,left,1152,mPFF,0.269735726,FALSE,PR,TH,1152_mPFF,PR_left
1152_mPFF_PR_right,-0.068417418,PR,right,1152,mPFF,0,FALSE,PR,TH,1152_mPFF,PR_right
1152_mPFF_PST_right,0.392602943,PST,right,1152,mPFF,0.392602943,FALSE,PST,HY,1152_mPFF,PST_right
1152_mPFF_PVT_left,-0.428462755,PVT,left,1152,mPFF,0,FALSE,PVT,TH,1152_mPFF,PVT_left
1152_mPFF_PVT_right,0.03234387,PVT,right,1152,mPFF,0.03234387,FALSE,PVT,TH,1152_mPFF,PVT_right
1152_mPFF_PVZ_left,-0.622962105,PVZ,left,1152,mPFF,0,FALSE,PVZ,HY,1152_mPFF,PVZ_left
1152_mPFF_PVZ_right,-0.348070015,PVZ,right,1152,mPFF,0,FALSE,PVZ,HY,1152_mPFF,PVZ_right
1152_mPFF_P_left,0.173598121,P,left,1152,mPFF,0.173598121,FALSE,P,P,1152_mPFF,P_left
1152_mPFF_P_right,-0.153233056,P,right,1152,mPFF,0,FALSE,P,P,1152_mPFF,P_right
1152_mPFF_Pa4_left,-0.219749455,Pa4,left,1152,mPFF,0,FALSE,Pa4,MB,1152_mPFF,Pa4_left
1152_mPFF_Pa4_right,0.844152229,Pa4,right,1152,mPFF,0.844152229,FALSE,Pa4,MB,1152_mPFF,Pa4_right
1152_mPFF_PeF_left,0.282704803,PeF,left,1152,mPFF,0.282704803,FALSE,PeF,HY,1152_mPFF,PeF_left
1152_mPFF_PeF_right,-1.675379,PeF,right,1152,mPFF,0,FALSE,PeF,HY,1152_mPFF,PeF_right
1152_mPFF_RE_left,0.071901325,RE,left,1152,mPFF,0.071901325,FALSE,RE,TH,1152_mPFF,RE_left
1152_mPFF_RE_right,0.003067968,RE,right,1152,mPFF,0.003067968,FALSE,RE,TH,1152_mPFF,RE_right
1152_mPFF_RH_left,0.117834113,RH,left,1152,mPFF,0.117834113,FALSE,RH,TH,1152_mPFF,RH_left
1152_mPFF_RH_right,0.799342342,RH,right,1152,mPFF,0.799342342,FALSE,RH,TH,1152_mPFF,RH_right
1152_mPFF_RSPagl_left,0.604610784,RSPagl,left,1152,mPFF,0.604610784,FALSE,RSP,Isocortex,1152_mPFF,RSPagl_left
1152_mPFF_RSPagl_right,0.714259244,RSPagl,right,1152,mPFF,0.714259244,FALSE,RSP,Isocortex,1152_mPFF,RSPagl_right
1152_mPFF_RSPd_left,0.630279621,RSPd,left,1152,mPFF,0.630279621,FALSE,RSP,Isocortex,1152_mPFF,RSPd_left
1152_mPFF_RSPd_right,0.708433192,RSPd,right,1152,mPFF,0.708433192,FALSE,RSP,Isocortex,1152_mPFF,RSPd_right
1152_mPFF_RSPv_left,0.710608367,RSPv,left,1152,mPFF,0.710608367,FALSE,RSP,Isocortex,1152_mPFF,RSPv_left
1152_mPFF_RSPv_right,0.800992818,RSPv,right,1152,mPFF,0.800992818,FALSE,RSP,Isocortex,1152_mPFF,RSPv_right
1152_mPFF_RT_left,0.302664992,RT,left,1152,mPFF,0.302664992,FALSE,RT,TH,1152_mPFF,RT_left
1152_mPFF_RT_right,0.716795309,RT,right,1152,mPFF,0.716795309,FALSE,RT,TH,1152_mPFF,RT_right
1152_mPFF_SAG_left,0.315669821,SAG,left,1152,mPFF,0.315669821,FALSE,SAG,MB,1152_mPFF,SAG_left
1152_mPFF_SAG_right,-0.582829541,SAG,right,1152,mPFF,0,FALSE,SAG,MB,1152_mPFF,SAG_right
1152_mPFF_SCm_left,0.390126313,SCm,left,1152,mPFF,0.390126313,FALSE,MBmot,MB,1152_mPFF,SCm_left
1152_mPFF_SCm_right,0.508555484,SCm,right,1152,mPFF,0.508555484,FALSE,MBmot,MB,1152_mPFF,SCm_right
1152_mPFF_SCs_left,0.457667157,SCs,left,1152,mPFF,0.457667157,FALSE,MBsen,MB,1152_mPFF,SCs_left
1152_mPFF_SCs_right,0.4177801,SCs,right,1152,mPFF,0.4177801,FALSE,MBsen,MB,1152_mPFF,SCs_right
1152_mPFF_SEZ_left,-0.858957994,SEZ,left,1152,mPFF,0,TRUE,SEZ,VS,1152_mPFF,SEZ_left
1152_mPFF_SEZ_right,-0.629684231,SEZ,right,1152,mPFF,0,TRUE,SEZ,VS,1152_mPFF,SEZ_right
1152_mPFF_SH_left,0.928384362,SH,left,1152,mPFF,0.928384362,FALSE,SH,STR,1152_mPFF,SH_left
1152_mPFF_SH_right,0.748410273,SH,right,1152,mPFF,0.748410273,FALSE,SH,STR,1152_mPFF,SH_right
1152_mPFF_SI_left,-0.500341816,SI,left,1152,mPFF,0,FALSE,SI,PAL,1152_mPFF,SI_left
1152_mPFF_SI_right,-0.368431454,SI,right,1152,mPFF,0,FALSE,SI,PAL,1152_mPFF,SI_right
1152_mPFF_SMT_left,0.380419085,SMT,left,1152,mPFF,0.380419085,FALSE,SMT,TH,1152_mPFF,SMT_left
1152_mPFF_SMT_right,0.540225767,SMT,right,1152,mPFF,0.540225767,FALSE,SMT,TH,1152_mPFF,SMT_right
1152_mPFF_SSp-bfd_left,0.363988321,SSp-bfd,left,1152,mPFF,0.363988321,FALSE,SSp,Isocortex,1152_mPFF,SSp-bfd_left
1152_mPFF_SSp-bfd_right,0.728195986,SSp-bfd,right,1152,mPFF,0.728195986,FALSE,SSp,Isocortex,1152_mPFF,SSp-bfd_right
1152_mPFF_SSp-m_left,0.343488616,SSp-m,left,1152,mPFF,0.343488616,FALSE,SSp,Isocortex,1152_mPFF,SSp-m_left
1152_mPFF_SSp-m_right,0.580652432,SSp-m,right,1152,mPFF,0.580652432,FALSE,SSp,Isocortex,1152_mPFF,SSp-m_right
1152_mPFF_SSp-tr_left,0.244321196,SSp-tr,left,1152,mPFF,0.244321196,FALSE,SSp,Isocortex,1152_mPFF,SSp-tr_left
1152_mPFF_SSp-ul_left,0.760155183,SSp-ul,left,1152,mPFF,0.760155183,FALSE,SSp,Isocortex,1152_mPFF,SSp-ul_left
1152_mPFF_SSp-ul_right,0.68941342,SSp-ul,right,1152,mPFF,0.68941342,FALSE,SSp,Isocortex,1152_mPFF,SSp-ul_right
1152_mPFF_SSp-un_right,0.714799598,SSp-un,right,1152,mPFF,0.714799598,FALSE,SSp,Isocortex,1152_mPFF,SSp-un_right
1152_mPFF_SSs_left,-0.42065553,SSs,left,1152,mPFF,0,FALSE,SSs,Isocortex,1152_mPFF,SSs_left
1152_mPFF_SSs_right,0.630234195,SSs,right,1152,mPFF,0.630234195,FALSE,SSs,Isocortex,1152_mPFF,SSs_right
1152_mPFF_STN_right,-0.020667855,STN,right,1152,mPFF,0,FALSE,STN,HY,1152_mPFF,STN_right
1152_mPFF_STR_left,0.161060476,STR,left,1152,mPFF,0.161060476,FALSE,STR,STR,1152_mPFF,STR_left
1152_mPFF_STR_right,0.357707342,STR,right,1152,mPFF,0.357707342,FALSE,STR,STR,1152_mPFF,STR_right
1152_mPFF_SUB_left,-0.865211655,SUB,left,1152,mPFF,0,FALSE,SUB,HPF,1152_mPFF,SUB_left
1152_mPFF_SUB_right,0.090787418,SUB,right,1152,mPFF,0.090787418,FALSE,SUB,HPF,1152_mPFF,SUB_right
1152_mPFF_TEa_right,0.385286261,TEa,right,1152,mPFF,0.385286261,FALSE,TEa,Isocortex,1152_mPFF,TEa_right
1152_mPFF_TH_left,0.246310239,TH,left,1152,mPFF,0.246310239,FALSE,TH,TH,1152_mPFF,TH_left
1152_mPFF_TH_right,0.445029104,TH,right,1152,mPFF,0.445029104,FALSE,TH,TH,1152_mPFF,TH_right
1152_mPFF_TRN_left,0.031050181,TRN,left,1152,mPFF,0.031050181,FALSE,TRN,P,1152_mPFF,TRN_left
1152_mPFF_TRN_right,-0.304112839,TRN,right,1152,mPFF,0,FALSE,TRN,P,1152_mPFF,TRN_right
1152_mPFF_TU_left,0.161219523,TU,left,1152,mPFF,0.161219523,FALSE,TU,HY,1152_mPFF,TU_left
1152_mPFF_TU_right,0.03930291,TU,right,1152,mPFF,0.03930291,FALSE,TU,HY,1152_mPFF,TU_right
1152_mPFF_V3_left,-2.214784071,V3,left,1152,mPFF,0,TRUE,V3,VS,1152_mPFF,V3_left
1152_mPFF_V3_right,-5,V3,right,1152,mPFF,0,TRUE,V3,VS,1152_mPFF,V3_right
1152_mPFF_VAL_left,0.580362694,VAL,left,1152,mPFF,0.580362694,FALSE,VAL,TH,1152_mPFF,VAL_left
1152_mPFF_VAL_right,0.712679318,VAL,right,1152,mPFF,0.712679318,FALSE,VAL,TH,1152_mPFF,VAL_right
1152_mPFF_VISC_left,-2.99016374,VISC,left,1152,mPFF,0,FALSE,VISC,Isocortex,1152_mPFF,VISC_left
1152_mPFF_VISC_right,-0.085144181,VISC,right,1152,mPFF,0,FALSE,VISC,Isocortex,1152_mPFF,VISC_right
1152_mPFF_VISa_left,0.535843268,VISa,left,1152,mPFF,0.535843268,FALSE,VISa,Isocortex,1152_mPFF,VISa_left
1152_mPFF_VISa_right,0.768430976,VISa,right,1152,mPFF,0.768430976,FALSE,VISa,Isocortex,1152_mPFF,VISa_right
1152_mPFF_VISam_left,0.516585122,VISam,left,1152,mPFF,0.516585122,FALSE,VISam,Isocortex,1152_mPFF,VISam_left
1152_mPFF_VISam_right,0.796991567,VISam,right,1152,mPFF,0.796991567,FALSE,VISam,Isocortex,1152_mPFF,VISam_right
1152_mPFF_VISl_left,0.656122475,VISl,left,1152,mPFF,0.656122475,FALSE,VISl,Isocortex,1152_mPFF,VISl_left
1152_mPFF_VISl_right,0.992831006,VISl,right,1152,mPFF,0.992831006,FALSE,VISl,Isocortex,1152_mPFF,VISl_right
1152_mPFF_VISp_left,0.79263647,VISp,left,1152,mPFF,0.79263647,FALSE,VISp,Isocortex,1152_mPFF,VISp_left
1152_mPFF_VISp_right,1.054143229,VISp,right,1152,mPFF,1,FALSE,VISp,Isocortex,1152_mPFF,VISp_right
1152_mPFF_VISpl_left,0.064434662,VISpl,left,1152,mPFF,0.064434662,FALSE,VISpl,Isocortex,1152_mPFF,VISpl_left
1152_mPFF_VISpl_right,0.586706378,VISpl,right,1152,mPFF,0.586706378,FALSE,VISpl,Isocortex,1152_mPFF,VISpl_right
1152_mPFF_VISpor_left,0.38429184,VISpor,left,1152,mPFF,0.38429184,FALSE,VISpor,Isocortex,1152_mPFF,VISpor_left
1152_mPFF_VISpor_right,0.875999788,VISpor,right,1152,mPFF,0.875999788,FALSE,VISpor,Isocortex,1152_mPFF,VISpor_right
1152_mPFF_VISrl_left,0.4669849,VISrl,left,1152,mPFF,0.4669849,FALSE,VISrl,Isocortex,1152_mPFF,VISrl_left
1152_mPFF_VISrl_right,0.793963093,VISrl,right,1152,mPFF,0.793963093,FALSE,VISrl,Isocortex,1152_mPFF,VISrl_right
1152_mPFF_VL_left,-0.577744665,VL,left,1152,mPFF,0,TRUE,VL,VS,1152_mPFF,VL_left
1152_mPFF_VL_right,-0.429091434,VL,right,1152,mPFF,0,TRUE,VL,VS,1152_mPFF,VL_right
1152_mPFF_VMH_left,-0.057143176,VMH,left,1152,mPFF,0,FALSE,VMH,HY,1152_mPFF,VMH_left
1152_mPFF_VMH_right,0.094135083,VMH,right,1152,mPFF,0.094135083,FALSE,VMH,HY,1152_mPFF,VMH_right
1152_mPFF_VM_left,0.328995637,VM,left,1152,mPFF,0.328995637,FALSE,VM,TH,1152_mPFF,VM_left
1152_mPFF_VM_right,0.447229656,VM,right,1152,mPFF,0.447229656,FALSE,VM,TH,1152_mPFF,VM_right
1152_mPFF_VPL_left,0.45685336,VPL,left,1152,mPFF,0.45685336,FALSE,VPL,TH,1152_mPFF,VPL_left
1152_mPFF_VPL_right,0.379042894,VPL,right,1152,mPFF,0.379042894,FALSE,VPL,TH,1152_mPFF,VPL_right
1152_mPFF_VPM_left,0.427802178,VPM,left,1152,mPFF,0.427802178,FALSE,VPM,TH,1152_mPFF,VPM_left
1152_mPFF_VPM_right,0.550314867,VPM,right,1152,mPFF,0.550314867,FALSE,VPM,TH,1152_mPFF,VPM_right
1152_mPFF_Xi_left,-0.262159966,Xi,left,1152,mPFF,0,FALSE,Xi,TH,1152_mPFF,Xi_left
1152_mPFF_Xi_right,0.339571663,Xi,right,1152,mPFF,0.339571663,FALSE,Xi,TH,1152_mPFF,Xi_right
1152_mPFF_ZI_left,0.434196161,ZI,left,1152,mPFF,0.434196161,FALSE,ZI,HY,1152_mPFF,ZI_left
1152_mPFF_ZI_right,0.388066134,ZI,right,1152,mPFF,0.388066134,FALSE,ZI,HY,1152_mPFF,ZI_right
1152_mPFF_alv_left,-0.349005194,alv,left,1152,mPFF,0,TRUE,alv,fiber tracts,1152_mPFF,alv_left
1152_mPFF_alv_right,0.172766049,alv,right,1152,mPFF,0.172766049,TRUE,alv,fiber tracts,1152_mPFF,alv_right
1152_mPFF_amc_left,-0.772469017,amc,left,1152,mPFF,0,TRUE,amc,fiber tracts,1152_mPFF,amc_left
1152_mPFF_amc_right,0.227507671,amc,right,1152,mPFF,0.227507671,TRUE,amc,fiber tracts,1152_mPFF,amc_right
1152_mPFF_ar_left,-1.579093221,ar,left,1152,mPFF,0,TRUE,ar,fiber tracts,1152_mPFF,ar_left
1152_mPFF_ar_right,0.301797963,ar,right,1152,mPFF,0.301797963,TRUE,ar,fiber tracts,1152_mPFF,ar_right
1152_mPFF_bic_left,-0.085262535,bic,left,1152,mPFF,0,TRUE,bic,fiber tracts,1152_mPFF,bic_left
1152_mPFF_bic_right,0.142936129,bic,right,1152,mPFF,0.142936129,TRUE,bic,fiber tracts,1152_mPFF,bic_right
1152_mPFF_cc_left,0.005148068,cc,left,1152,mPFF,0.005148068,TRUE,cc,fiber tracts,1152_mPFF,cc_left
1152_mPFF_cc_right,0.038112908,cc,right,1152,mPFF,0.038112908,TRUE,cc,fiber tracts,1152_mPFF,cc_right
1152_mPFF_ccg_left,-0.047963494,ccg,left,1152,mPFF,0,TRUE,ccg,fiber tracts,1152_mPFF,ccg_left
1152_mPFF_ccg_right,-0.088956273,ccg,right,1152,mPFF,0,TRUE,ccg,fiber tracts,1152_mPFF,ccg_right
1152_mPFF_chpl_left,-2.007580999,chpl,left,1152,mPFF,0,TRUE,chpl,VS,1152_mPFF,chpl_left
1152_mPFF_chpl_right,-2.752303788,chpl,right,1152,mPFF,0,TRUE,chpl,VS,1152_mPFF,chpl_right
1152_mPFF_cing_left,0.394293135,cing,left,1152,mPFF,0.394293135,TRUE,cing,fiber tracts,1152_mPFF,cing_left
1152_mPFF_cing_right,0.134472352,cing,right,1152,mPFF,0.134472352,TRUE,cing,fiber tracts,1152_mPFF,cing_right
1152_mPFF_cst_left,0.538422119,cst,left,1152,mPFF,0.538422119,TRUE,cst,fiber tracts,1152_mPFF,cst_left
1152_mPFF_cst_right,0.618015155,cst,right,1152,mPFF,0.618015155,TRUE,cst,fiber tracts,1152_mPFF,cst_right
1152_mPFF_dhc_left,0.259621263,dhc,left,1152,mPFF,0.259621263,TRUE,dhc,fiber tracts,1152_mPFF,dhc_left
1152_mPFF_dhc_right,0.982468696,dhc,right,1152,mPFF,0.982468696,TRUE,dhc,fiber tracts,1152_mPFF,dhc_right
1152_mPFF_dscp_left,-0.816275918,dscp,left,1152,mPFF,0,TRUE,dscp,fiber tracts,1152_mPFF,dscp_left
1152_mPFF_dscp_right,-0.830815318,dscp,right,1152,mPFF,0,TRUE,dscp,fiber tracts,1152_mPFF,dscp_right
1152_mPFF_ec_left,-0.360596531,ec,left,1152,mPFF,0,TRUE,ec,fiber tracts,1152_mPFF,ec_left
1152_mPFF_ec_right,0.109019181,ec,right,1152,mPFF,0.109019181,TRUE,ec,fiber tracts,1152_mPFF,ec_right
1152_mPFF_em_left,-0.904131976,em,left,1152,mPFF,0,TRUE,em,fiber tracts,1152_mPFF,em_left
1152_mPFF_em_right,0.716917465,em,right,1152,mPFF,0.716917465,TRUE,em,fiber tracts,1152_mPFF,em_right
1152_mPFF_fi_left,-0.798588745,fi,left,1152,mPFF,0,TRUE,fi,fiber tracts,1152_mPFF,fi_left
1152_mPFF_fi_right,0.233247224,fi,right,1152,mPFF,0.233247224,TRUE,fi,fiber tracts,1152_mPFF,fi_right
1152_mPFF_fiber tracts_left,-0.437189692,fiber tracts,left,1152,mPFF,0,TRUE,fiber tracts,fiber tracts,1152_mPFF,fiber tracts_left
1152_mPFF_fiber tracts_right,0.197742271,fiber tracts,right,1152,mPFF,0.197742271,TRUE,fiber tracts,fiber tracts,1152_mPFF,fiber tracts_right
1152_mPFF_fr_left,-0.011977733,fr,left,1152,mPFF,0,TRUE,fr,fiber tracts,1152_mPFF,fr_left
1152_mPFF_fr_right,-0.234829619,fr,right,1152,mPFF,0,TRUE,fr,fiber tracts,1152_mPFF,fr_right
1152_mPFF_fx_left,-0.181152041,fx,left,1152,mPFF,0,TRUE,fx,fiber tracts,1152_mPFF,fx_left
1152_mPFF_fx_right,0.424955404,fx,right,1152,mPFF,0.424955404,TRUE,fx,fiber tracts,1152_mPFF,fx_right
1152_mPFF_hbc_left,0.713385097,hbc,left,1152,mPFF,0.713385097,TRUE,hbc,fiber tracts,1152_mPFF,hbc_left
1152_mPFF_hbc_right,0.164882737,hbc,right,1152,mPFF,0.164882737,TRUE,hbc,fiber tracts,1152_mPFF,hbc_right
1152_mPFF_int_left,-0.410206806,int,left,1152,mPFF,0,TRUE,int,fiber tracts,1152_mPFF,int_left
1152_mPFF_int_right,0.295072352,int,right,1152,mPFF,0.295072352,TRUE,int,fiber tracts,1152_mPFF,int_right
1152_mPFF_ll_left,-0.174540238,ll,left,1152,mPFF,0,TRUE,ll,fiber tracts,1152_mPFF,ll_left
1152_mPFF_ll_right,-0.339848602,ll,right,1152,mPFF,0,TRUE,ll,fiber tracts,1152_mPFF,ll_right
1152_mPFF_lotg_left,-0.723049779,lotg,left,1152,mPFF,0,TRUE,In,fiber tracts,1152_mPFF,lotg_left
1152_mPFF_lotg_right,-0.588331038,lotg,right,1152,mPFF,0,TRUE,In,fiber tracts,1152_mPFF,lotg_right
1152_mPFF_mcp_left,-0.417592247,mcp,left,1152,mPFF,0,TRUE,mcp,fiber tracts,1152_mPFF,mcp_left
1152_mPFF_mcp_right,-0.392026241,mcp,right,1152,mPFF,0,TRUE,mcp,fiber tracts,1152_mPFF,mcp_right
1152_mPFF_ml_left,-0.559556079,ml,left,1152,mPFF,0,TRUE,ml,fiber tracts,1152_mPFF,ml_left
1152_mPFF_ml_right,-0.033251009,ml,right,1152,mPFF,0,TRUE,ml,fiber tracts,1152_mPFF,ml_right
1152_mPFF_mlf_left,-0.042837082,mlf,left,1152,mPFF,0,TRUE,mlf,fiber tracts,1152_mPFF,mlf_left
1152_mPFF_mlf_right,-0.33213714,mlf,right,1152,mPFF,0,TRUE,mlf,fiber tracts,1152_mPFF,mlf_right
1152_mPFF_moV_left,-0.761423748,moV,left,1152,mPFF,0,TRUE,moV,fiber tracts,1152_mPFF,moV_left
1152_mPFF_moV_right,-0.735427615,moV,right,1152,mPFF,0,TRUE,moV,fiber tracts,1152_mPFF,moV_right
1152_mPFF_mtg_left,-0.552158627,mtg,left,1152,mPFF,0,TRUE,mtg,fiber tracts,1152_mPFF,mtg_left
1152_mPFF_mtg_right,-0.217584661,mtg,right,1152,mPFF,0,TRUE,mtg,fiber tracts,1152_mPFF,mtg_right
1152_mPFF_mtt_left,-0.512707613,mtt,left,1152,mPFF,0,TRUE,mtt,fiber tracts,1152_mPFF,mtt_left
1152_mPFF_mtt_right,0.821508079,mtt,right,1152,mPFF,0.821508079,TRUE,mtt,fiber tracts,1152_mPFF,mtt_right
1152_mPFF_nst_left,0.415416458,nst,left,1152,mPFF,0.415416458,TRUE,nst,fiber tracts,1152_mPFF,nst_left
1152_mPFF_nst_right,0.106752567,nst,right,1152,mPFF,0.106752567,TRUE,nst,fiber tracts,1152_mPFF,nst_right
1152_mPFF_opt_left,-1.237877129,opt,left,1152,mPFF,0,TRUE,opt,fiber tracts,1152_mPFF,opt_left
1152_mPFF_opt_right,0.082415184,opt,right,1152,mPFF,0.082415184,TRUE,opt,fiber tracts,1152_mPFF,opt_right
1152_mPFF_or_left,-0.081087809,or,left,1152,mPFF,0,TRUE,or,fiber tracts,1152_mPFF,or_left
1152_mPFF_or_right,0.322052633,or,right,1152,mPFF,0.322052633,TRUE,or,fiber tracts,1152_mPFF,or_right
1152_mPFF_rust_left,0.36309795,rust,left,1152,mPFF,0.36309795,TRUE,rust,fiber tracts,1152_mPFF,rust_left
1152_mPFF_rust_right,-0.188871593,rust,right,1152,mPFF,0,TRUE,rust,fiber tracts,1152_mPFF,rust_right
1152_mPFF_sV_left,-2.923151472,sV,left,1152,mPFF,0,TRUE,sV,fiber tracts,1152_mPFF,sV_left
1152_mPFF_sV_right,-1.522893611,sV,right,1152,mPFF,0,TRUE,sV,fiber tracts,1152_mPFF,sV_right
1152_mPFF_scp_left,-0.727381325,scp,left,1152,mPFF,0,TRUE,scp,fiber tracts,1152_mPFF,scp_left
1152_mPFF_scp_right,0.285840837,scp,right,1152,mPFF,0.285840837,TRUE,scp,fiber tracts,1152_mPFF,scp_right
1152_mPFF_scwm_left,-0.065150004,scwm,left,1152,mPFF,0,TRUE,scwm,fiber tracts,1152_mPFF,scwm_left
1152_mPFF_scwm_right,0.030045093,scwm,right,1152,mPFF,0.030045093,TRUE,scwm,fiber tracts,1152_mPFF,scwm_right
1152_mPFF_st_left,-0.297597722,st,left,1152,mPFF,0,TRUE,st,fiber tracts,1152_mPFF,st_left
1152_mPFF_st_right,0.384336189,st,right,1152,mPFF,0.384336189,TRUE,st,fiber tracts,1152_mPFF,st_right
1152_mPFF_stc_left,-0.869372567,stc,left,1152,mPFF,0,TRUE,stc,fiber tracts,1152_mPFF,stc_left
1152_mPFF_stc_right,0.687533174,stc,right,1152,mPFF,0.687533174,TRUE,stc,fiber tracts,1152_mPFF,stc_right
1152_mPFF_sup_left,-1.953947541,sup,left,1152,mPFF,0,TRUE,sup,fiber tracts,1152_mPFF,sup_left
1152_mPFF_sup_right,-0.055443745,sup,right,1152,mPFF,0,TRUE,sup,fiber tracts,1152_mPFF,sup_right
1152_mPFF_tspc_left,-0.014034164,tspc,left,1152,mPFF,0,TRUE,tspc,fiber tracts,1152_mPFF,tspc_left
1152_mPFF_tspc_right,0.19612754,tspc,right,1152,mPFF,0.19612754,TRUE,tspc,fiber tracts,1152_mPFF,tspc_right
1153_mPFF_ACAd_left,0.487353507,ACAd,left,1153,mPFF,0.487353507,FALSE,ACA,Isocortex,1153_mPFF,ACAd_left
1153_mPFF_ACAd_right,0.449947441,ACAd,right,1153,mPFF,0.449947441,FALSE,ACA,Isocortex,1153_mPFF,ACAd_right
1153_mPFF_ACAv_left,0.50033411,ACAv,left,1153,mPFF,0.50033411,FALSE,ACA,Isocortex,1153_mPFF,ACAv_left
1153_mPFF_ACAv_right,0.449961458,ACAv,right,1153,mPFF,0.449961458,FALSE,ACA,Isocortex,1153_mPFF,ACAv_right
1153_mPFF_ACB_left,0.177987594,ACB,left,1153,mPFF,0.177987594,FALSE,ACB,STR,1153_mPFF,ACB_left
1153_mPFF_ACB_right,0.079368579,ACB,right,1153,mPFF,0.079368579,FALSE,ACB,STR,1153_mPFF,ACB_right
1153_mPFF_AId_left,0.646715142,AId,left,1153,mPFF,0.646715142,FALSE,AI,Isocortex,1153_mPFF,AId_left
1153_mPFF_AId_right,0.601914033,AId,right,1153,mPFF,0.601914033,FALSE,AI,Isocortex,1153_mPFF,AId_right
1153_mPFF_AIp_left,0.438910019,AIp,left,1153,mPFF,0.438910019,FALSE,AI,Isocortex,1153_mPFF,AIp_left
1153_mPFF_AIp_right,0.163773864,AIp,right,1153,mPFF,0.163773864,FALSE,AI,Isocortex,1153_mPFF,AIp_right
1153_mPFF_AIv_left,0.594012839,AIv,left,1153,mPFF,0.594012839,FALSE,AI,Isocortex,1153_mPFF,AIv_left
1153_mPFF_AIv_right,0.655808653,AIv,right,1153,mPFF,0.655808653,FALSE,AI,Isocortex,1153_mPFF,AIv_right
1153_mPFF_APr_left,0.680334669,APr,left,1153,mPFF,0.680334669,FALSE,APr,HPF,1153_mPFF,APr_left
1153_mPFF_APr_right,0.731580787,APr,right,1153,mPFF,0.731580787,FALSE,APr,HPF,1153_mPFF,APr_right
1153_mPFF_AQ_left,-1.201569333,AQ,left,1153,mPFF,0,TRUE,AQ,VS,1153_mPFF,AQ_left
1153_mPFF_AQ_right,-0.858946558,AQ,right,1153,mPFF,0,TRUE,AQ,VS,1153_mPFF,AQ_right
1153_mPFF_ARH_left,-0.022101744,ARH,left,1153,mPFF,0,FALSE,ARH,HY,1153_mPFF,ARH_left
1153_mPFF_ARH_right,0.160900716,ARH,right,1153,mPFF,0.160900716,FALSE,ARH,HY,1153_mPFF,ARH_right
1153_mPFF_AT_left,-1.414680691,AT,left,1153,mPFF,0,FALSE,AT,MB,1153_mPFF,AT_left
1153_mPFF_AT_right,-1.248653334,AT,right,1153,mPFF,0,FALSE,AT,MB,1153_mPFF,AT_right
1153_mPFF_AUDd_left,0.755639295,AUDd,left,1153,mPFF,0.755639295,FALSE,AUDd,Isocortex,1153_mPFF,AUDd_left
1153_mPFF_AUDd_right,0.568885461,AUDd,right,1153,mPFF,0.568885461,FALSE,AUDd,Isocortex,1153_mPFF,AUDd_right
1153_mPFF_AUDp_left,0.906881962,AUDp,left,1153,mPFF,0.906881962,FALSE,AUDp,Isocortex,1153_mPFF,AUDp_left
1153_mPFF_AUDp_right,0.608095591,AUDp,right,1153,mPFF,0.608095591,FALSE,AUDp,Isocortex,1153_mPFF,AUDp_right
1153_mPFF_AUDv_left,0.566629781,AUDv,left,1153,mPFF,0.566629781,FALSE,AUDv,Isocortex,1153_mPFF,AUDv_left
1153_mPFF_AUDv_right,0.517609758,AUDv,right,1153,mPFF,0.517609758,FALSE,AUDv,Isocortex,1153_mPFF,AUDv_right
1153_mPFF_BLA_left,0.287336945,BLA,left,1153,mPFF,0.287336945,FALSE,BLA,CTXsp,1153_mPFF,BLA_left
1153_mPFF_BLA_right,0.110252673,BLA,right,1153,mPFF,0.110252673,FALSE,BLA,CTXsp,1153_mPFF,BLA_right
1153_mPFF_BMA_left,0.349978453,BMA,left,1153,mPFF,0.349978453,FALSE,BMA,CTXsp,1153_mPFF,BMA_left
1153_mPFF_BMA_right,0.397047036,BMA,right,1153,mPFF,0.397047036,FALSE,BMA,CTXsp,1153_mPFF,BMA_right
1153_mPFF_CA1_left,0.693918587,CA1,left,1153,mPFF,0.693918587,FALSE,CA1,HPF,1153_mPFF,CA1_left
1153_mPFF_CA1_right,0.665476102,CA1,right,1153,mPFF,0.665476102,FALSE,CA1,HPF,1153_mPFF,CA1_right
1153_mPFF_CA2_left,0.428082059,CA2,left,1153,mPFF,0.428082059,FALSE,CA2,HPF,1153_mPFF,CA2_left
1153_mPFF_CA2_right,-0.388145266,CA2,right,1153,mPFF,0,FALSE,CA2,HPF,1153_mPFF,CA2_right
1153_mPFF_CA3_left,0.263550928,CA3,left,1153,mPFF,0.263550928,FALSE,CA3,HPF,1153_mPFF,CA3_left
1153_mPFF_CA3_right,0.214192294,CA3,right,1153,mPFF,0.214192294,FALSE,CA3,HPF,1153_mPFF,CA3_right
1153_mPFF_CB_left,-0.130710815,CB,left,1153,mPFF,0,FALSE,CB,CB,1153_mPFF,CB_left
1153_mPFF_CB_right,-1.98192586,CB,right,1153,mPFF,0,FALSE,CB,CB,1153_mPFF,CB_right
1153_mPFF_CEA_left,0.424622261,CEA,left,1153,mPFF,0.424622261,FALSE,CEA,STR,1153_mPFF,CEA_left
1153_mPFF_CEA_right,0.447225499,CEA,right,1153,mPFF,0.447225499,FALSE,CEA,STR,1153_mPFF,CEA_right
1153_mPFF_CLA_left,0.421354866,CLA,left,1153,mPFF,0.421354866,FALSE,CLA,CTXsp,1153_mPFF,CLA_left
1153_mPFF_CLA_right,0.218833623,CLA,right,1153,mPFF,0.218833623,FALSE,CLA,CTXsp,1153_mPFF,CLA_right
1153_mPFF_CLI_left,0.278713171,CLI,left,1153,mPFF,0.278713171,FALSE,CLI,MB,1153_mPFF,CLI_left
1153_mPFF_CLI_right,0.036353975,CLI,right,1153,mPFF,0.036353975,FALSE,CLI,MB,1153_mPFF,CLI_right
1153_mPFF_CL_left,0.484690114,CL,left,1153,mPFF,0.484690114,FALSE,CL,TH,1153_mPFF,CL_left
1153_mPFF_CL_right,0.448713489,CL,right,1153,mPFF,0.448713489,FALSE,CL,TH,1153_mPFF,CL_right
1153_mPFF_CM_left,-0.030004964,CM,left,1153,mPFF,0,FALSE,CM,TH,1153_mPFF,CM_left
1153_mPFF_CM_right,0.175087421,CM,right,1153,mPFF,0.175087421,FALSE,CM,TH,1153_mPFF,CM_right
1153_mPFF_COA_left,0.459029994,COA,left,1153,mPFF,0.459029994,FALSE,COA,OLF,1153_mPFF,COA_left
1153_mPFF_COA_right,0.508722629,COA,right,1153,mPFF,0.508722629,FALSE,COA,OLF,1153_mPFF,COA_right
1153_mPFF_COAp_left,0.49430556,COAp,left,1153,mPFF,0.49430556,FALSE,COA,OLF,1153_mPFF,COAp_left
1153_mPFF_COAp_right,0.686742046,COAp,right,1153,mPFF,0.686742046,FALSE,COA,OLF,1153_mPFF,COAp_right
1153_mPFF_CP_left,0.260125552,CP,left,1153,mPFF,0.260125552,FALSE,CP,STR,1153_mPFF,CP_left
1153_mPFF_CP_right,0.261770931,CP,right,1153,mPFF,0.261770931,FALSE,CP,STR,1153_mPFF,CP_right
1153_mPFF_CS_left,0.023607828,CS,left,1153,mPFF,0.023607828,FALSE,CS,P,1153_mPFF,CS_left
1153_mPFF_CS_right,0.177974067,CS,right,1153,mPFF,0.177974067,FALSE,CS,P,1153_mPFF,CS_right
1153_mPFF_CTXsp_left,0.282047638,CTXsp,left,1153,mPFF,0.282047638,FALSE,CTXsp,CTXsp,1153_mPFF,CTXsp_left
1153_mPFF_CTXsp_right,0.122982284,CTXsp,right,1153,mPFF,0.122982284,FALSE,CTXsp,CTXsp,1153_mPFF,CTXsp_right
1153_mPFF_DG_left,0.266830843,DG,left,1153,mPFF,0.266830843,FALSE,DG,HPF,1153_mPFF,DG_left
1153_mPFF_DG_right,0.225125794,DG,right,1153,mPFF,0.225125794,FALSE,DG,HPF,1153_mPFF,DG_right
1153_mPFF_DMH_left,-0.214492962,DMH,left,1153,mPFF,0,FALSE,DMH,HY,1153_mPFF,DMH_left
1153_mPFF_DMH_right,0.179599027,DMH,right,1153,mPFF,0.179599027,FALSE,DMH,HY,1153_mPFF,DMH_right
1153_mPFF_DR_left,0.490847196,DR,left,1153,mPFF,0.490847196,FALSE,DR,MB,1153_mPFF,DR_left
1153_mPFF_DR_right,0.941440213,DR,right,1153,mPFF,0.941440213,FALSE,DR,MB,1153_mPFF,DR_right
1153_mPFF_ECT_left,0.464337796,ECT,left,1153,mPFF,0.464337796,FALSE,ECT,Isocortex,1153_mPFF,ECT_left
1153_mPFF_ECT_right,0.376870802,ECT,right,1153,mPFF,0.376870802,FALSE,ECT,Isocortex,1153_mPFF,ECT_right
1153_mPFF_ENTl_left,0.475397083,ENTl,left,1153,mPFF,0.475397083,FALSE,ENT,HPF,1153_mPFF,ENTl_left
1153_mPFF_ENTl_right,0.46148202,ENTl,right,1153,mPFF,0.46148202,FALSE,ENT,HPF,1153_mPFF,ENTl_right
1153_mPFF_ENTm_left,0.571379114,ENTm,left,1153,mPFF,0.571379114,FALSE,ENT,HPF,1153_mPFF,ENTm_left
1153_mPFF_ENTm_right,0.885085021,ENTm,right,1153,mPFF,0.885085021,FALSE,ENT,HPF,1153_mPFF,ENTm_right
1153_mPFF_EP_left,0.426856733,EP,left,1153,mPFF,0.426856733,FALSE,EP,CTXsp,1153_mPFF,EP_left
1153_mPFF_EP_right,0.297216244,EP,right,1153,mPFF,0.297216244,FALSE,EP,CTXsp,1153_mPFF,EP_right
1153_mPFF_Eth_left,0.771488976,Eth,left,1153,mPFF,0.771488976,FALSE,Eth,TH,1153_mPFF,Eth_left
1153_mPFF_Eth_right,0.649367091,Eth,right,1153,mPFF,0.649367091,FALSE,Eth,TH,1153_mPFF,Eth_right
1153_mPFF_FC_left,0.252942113,FC,left,1153,mPFF,0.252942113,FALSE,FC,HPF,1153_mPFF,FC_left
1153_mPFF_FC_right,0.508707196,FC,right,1153,mPFF,0.508707196,FALSE,FC,HPF,1153_mPFF,FC_right
1153_mPFF_GU_left,0.677267107,GU,left,1153,mPFF,0.677267107,FALSE,GU,Isocortex,1153_mPFF,GU_left
1153_mPFF_GU_right,0.739535335,GU,right,1153,mPFF,0.739535335,FALSE,GU,Isocortex,1153_mPFF,GU_right
1153_mPFF_HATA_left,0.526504956,HATA,left,1153,mPFF,0.526504956,FALSE,HATA,HPF,1153_mPFF,HATA_left
1153_mPFF_HATA_right,0.810740949,HATA,right,1153,mPFF,0.810740949,FALSE,HATA,HPF,1153_mPFF,HATA_right
1153_mPFF_HPF_left,-0.041562265,HPF,left,1153,mPFF,0,FALSE,HPF,HPF,1153_mPFF,HPF_left
1153_mPFF_HPF_right,0.09716516,HPF,right,1153,mPFF,0.09716516,FALSE,HPF,HPF,1153_mPFF,HPF_right
1153_mPFF_HY_left,0.111868767,HY,left,1153,mPFF,0.111868767,FALSE,HY,HY,1153_mPFF,HY_left
1153_mPFF_HY_right,0.248488851,HY,right,1153,mPFF,0.248488851,FALSE,HY,HY,1153_mPFF,HY_right
1153_mPFF_IA_left,0.471674515,IA,left,1153,mPFF,0.471674515,FALSE,IA,STR,1153_mPFF,IA_left
1153_mPFF_IA_right,0.323079365,IA,right,1153,mPFF,0.323079365,FALSE,IA,STR,1153_mPFF,IA_right
1153_mPFF_IC_left,0.648622491,IC,left,1153,mPFF,0.648622491,FALSE,IC,MB,1153_mPFF,IC_left
1153_mPFF_IC_right,0.709199639,IC,right,1153,mPFF,0.709199639,FALSE,IC,MB,1153_mPFF,IC_right
1153_mPFF_IG_left,0.13927459,IG,left,1153,mPFF,0.13927459,FALSE,IG,HPF,1153_mPFF,IG_left
1153_mPFF_IG_right,0.819695511,IG,right,1153,mPFF,0.819695511,FALSE,IG,HPF,1153_mPFF,IG_right
1153_mPFF_IIn_left,-1.105245184,IIn,left,1153,mPFF,0,TRUE,IIn,fiber tracts,1153_mPFF,IIn_left
1153_mPFF_IIn_right,-5,IIn,right,1153,mPFF,0,TRUE,IIn,fiber tracts,1153_mPFF,IIn_right
1153_mPFF_IMD_left,0.351934607,IMD,left,1153,mPFF,0.351934607,FALSE,IMD,TH,1153_mPFF,IMD_left
1153_mPFF_IMD_right,0.205156049,IMD,right,1153,mPFF,0.205156049,FALSE,IMD,TH,1153_mPFF,IMD_right
1153_mPFF_In_left,0.211782844,In,left,1153,mPFF,0.211782844,TRUE,In,fiber tracts,1153_mPFF,In_left
1153_mPFF_In_right,0.225490221,In,right,1153,mPFF,0.225490221,TRUE,In,fiber tracts,1153_mPFF,In_right
1153_mPFF_LA_left,0.479200285,LA,left,1153,mPFF,0.479200285,FALSE,LA,CTXsp,1153_mPFF,LA_left
1153_mPFF_LA_right,0.432733258,LA,right,1153,mPFF,0.432733258,FALSE,LA,CTXsp,1153_mPFF,LA_right
1153_mPFF_LGd_left,0.508263288,LGd,left,1153,mPFF,0.508263288,FALSE,LGd,TH,1153_mPFF,LGd_left
1153_mPFF_LGd_right,0.587477307,LGd,right,1153,mPFF,0.587477307,FALSE,LGd,TH,1153_mPFF,LGd_right
1153_mPFF_LGv_left,0.399464928,LGv,left,1153,mPFF,0.399464928,FALSE,LGv,TH,1153_mPFF,LGv_left
1153_mPFF_LGv_right,0.528266003,LGv,right,1153,mPFF,0.528266003,FALSE,LGv,TH,1153_mPFF,LGv_right
1153_mPFF_LHA_left,0.027113539,LHA,left,1153,mPFF,0.027113539,FALSE,LHA,HY,1153_mPFF,LHA_left
1153_mPFF_LHA_right,0.0640491,LHA,right,1153,mPFF,0.0640491,FALSE,LHA,HY,1153_mPFF,LHA_right
1153_mPFF_LH_left,-0.030948511,LH,left,1153,mPFF,0,FALSE,LH,TH,1153_mPFF,LH_left
1153_mPFF_LH_right,-0.070802769,LH,right,1153,mPFF,0,FALSE,LH,TH,1153_mPFF,LH_right
1153_mPFF_LP_left,0.498353912,LP,left,1153,mPFF,0.498353912,FALSE,LP,TH,1153_mPFF,LP_left
1153_mPFF_LP_right,0.495388283,LP,right,1153,mPFF,0.495388283,FALSE,LP,TH,1153_mPFF,LP_right
1153_mPFF_LS_left,0.611957693,LS,left,1153,mPFF,0.611957693,FALSE,LS,STR,1153_mPFF,LS_left
1153_mPFF_LS_right,0.500984998,LS,right,1153,mPFF,0.500984998,FALSE,LS,STR,1153_mPFF,LS_right
1153_mPFF_MB_left,0.394082348,MB,left,1153,mPFF,0.394082348,FALSE,MB,MB,1153_mPFF,MB_left
1153_mPFF_MB_right,0.340276828,MB,right,1153,mPFF,0.340276828,FALSE,MB,MB,1153_mPFF,MB_right
1153_mPFF_MD_left,0.31023525,MD,left,1153,mPFF,0.31023525,FALSE,MD,TH,1153_mPFF,MD_left
1153_mPFF_MD_right,0.404325536,MD,right,1153,mPFF,0.404325536,FALSE,MD,TH,1153_mPFF,MD_right
1153_mPFF_MEA_left,0.458146586,MEA,left,1153,mPFF,0.458146586,FALSE,MEA,STR,1153_mPFF,MEA_left
1153_mPFF_MEA_right,0.553935221,MEA,right,1153,mPFF,0.553935221,FALSE,MEA,STR,1153_mPFF,MEA_right
1153_mPFF_ME_left,-2.313608359,ME,left,1153,mPFF,0,FALSE,ME,HY,1153_mPFF,ME_left
1153_mPFF_ME_right,-1.039500275,ME,right,1153,mPFF,0,FALSE,ME,HY,1153_mPFF,ME_right
1153_mPFF_MH_left,-0.569862081,MH,left,1153,mPFF,0,FALSE,MH,TH,1153_mPFF,MH_left
1153_mPFF_MH_right,-0.229875628,MH,right,1153,mPFF,0,FALSE,MH,TH,1153_mPFF,MH_right
1153_mPFF_MOp_left,0.688329025,MOp,left,1153,mPFF,0.688329025,FALSE,MOp,Isocortex,1153_mPFF,MOp_left
1153_mPFF_MOp_right,0.683837849,MOp,right,1153,mPFF,0.683837849,FALSE,MOp,Isocortex,1153_mPFF,MOp_right
1153_mPFF_MOs_left,0.720944371,MOs,left,1153,mPFF,0.720944371,FALSE,MOs,Isocortex,1153_mPFF,MOs_left
1153_mPFF_MOs_right,0.696804067,MOs,right,1153,mPFF,0.696804067,FALSE,MOs,Isocortex,1153_mPFF,MOs_right
1153_mPFF_MRN_left,0.283436853,MRN,left,1153,mPFF,0.283436853,FALSE,MRN,MB,1153_mPFF,MRN_left
1153_mPFF_MRN_right,0.340708537,MRN,right,1153,mPFF,0.340708537,FALSE,MRN,MB,1153_mPFF,MRN_right
1153_mPFF_MS_left,0.022378454,MS,left,1153,mPFF,0.022378454,FALSE,MS,PAL,1153_mPFF,MS_left
1153_mPFF_MS_right,0.166950095,MS,right,1153,mPFF,0.166950095,FALSE,MS,PAL,1153_mPFF,MS_right
1153_mPFF_NDB_left,-0.097541748,NDB,left,1153,mPFF,0,FALSE,NDB,PAL,1153_mPFF,NDB_left
1153_mPFF_NDB_right,-0.083845603,NDB,right,1153,mPFF,0,FALSE,NDB,PAL,1153_mPFF,NDB_right
1153_mPFF_NLL_left,-0.060259738,NLL,left,1153,mPFF,0,FALSE,NLL,P,1153_mPFF,NLL_left
1153_mPFF_NLL_right,0.101982789,NLL,right,1153,mPFF,0.101982789,FALSE,NLL,P,1153_mPFF,NLL_right
1153_mPFF_OLF_left,0.52318197,OLF,left,1153,mPFF,0.52318197,FALSE,OLF,OLF,1153_mPFF,OLF_left
1153_mPFF_OLF_right,0.390749712,OLF,right,1153,mPFF,0.390749712,FALSE,OLF,OLF,1153_mPFF,OLF_right
1153_mPFF_OT_left,0.487838494,OT,left,1153,mPFF,0.487838494,FALSE,OT,STR,1153_mPFF,OT_left
1153_mPFF_OT_right,0.472450624,OT,right,1153,mPFF,0.472450624,FALSE,OT,STR,1153_mPFF,OT_right
1153_mPFF_PAA_left,0.627699645,PAA,left,1153,mPFF,0.627699645,FALSE,PAA,OLF,1153_mPFF,PAA_left
1153_mPFF_PAA_right,0.582530467,PAA,right,1153,mPFF,0.582530467,FALSE,PAA,OLF,1153_mPFF,PAA_right
1153_mPFF_PAG_left,0.378869176,PAG,left,1153,mPFF,0.378869176,FALSE,PAG,MB,1153_mPFF,PAG_left
1153_mPFF_PAG_right,0.333183959,PAG,right,1153,mPFF,0.333183959,FALSE,PAG,MB,1153_mPFF,PAG_right
1153_mPFF_PAL_left,0.056906423,PAL,left,1153,mPFF,0.056906423,FALSE,PAL,PAL,1153_mPFF,PAL_left
1153_mPFF_PAL_right,0.121368312,PAL,right,1153,mPFF,0.121368312,FALSE,PAL,PAL,1153_mPFF,PAL_right
1153_mPFF_PALd_left,0.223445778,PALd,left,1153,mPFF,0.223445778,FALSE,PAL,PAL,1153_mPFF,PALd_left
1153_mPFF_PALd_right,0.527953939,PALd,right,1153,mPFF,0.527953939,FALSE,PAL,PAL,1153_mPFF,PALd_right
1153_mPFF_PAR_left,0.589566276,PAR,left,1153,mPFF,0.589566276,FALSE,PAR,HPF,1153_mPFF,PAR_left
1153_mPFF_PAR_right,0.506343801,PAR,right,1153,mPFF,0.506343801,FALSE,PAR,HPF,1153_mPFF,PAR_right
1153_mPFF_PBG_left,0.080557616,PBG,left,1153,mPFF,0.080557616,FALSE,PBG,MB,1153_mPFF,PBG_left
1153_mPFF_PBG_right,0.368787156,PBG,right,1153,mPFF,0.368787156,FALSE,PBG,MB,1153_mPFF,PBG_right
1153_mPFF_PCN_left,0.654570462,PCN,left,1153,mPFF,0.654570462,FALSE,PCN,TH,1153_mPFF,PCN_left
1153_mPFF_PCN_right,0.608192633,PCN,right,1153,mPFF,0.608192633,FALSE,PCN,TH,1153_mPFF,PCN_right
1153_mPFF_PERI_left,0.532768564,PERI,left,1153,mPFF,0.532768564,FALSE,PERI,Isocortex,1153_mPFF,PERI_left
1153_mPFF_PERI_right,0.43060128,PERI,right,1153,mPFF,0.43060128,FALSE,PERI,Isocortex,1153_mPFF,PERI_right
1153_mPFF_PG_left,0.389673464,PG,left,1153,mPFF,0.389673464,FALSE,PG,P,1153_mPFF,PG_left
1153_mPFF_PG_right,0.351322783,PG,right,1153,mPFF,0.351322783,FALSE,PG,P,1153_mPFF,PG_right
1153_mPFF_PH_left,-0.391452899,PH,left,1153,mPFF,0,FALSE,PH,HY,1153_mPFF,PH_left
1153_mPFF_PH_right,-0.169654132,PH,right,1153,mPFF,0,FALSE,PH,HY,1153_mPFF,PH_right
1153_mPFF_PIR_left,0.616943032,PIR,left,1153,mPFF,0.616943032,FALSE,PIR,OLF,1153_mPFF,PIR_left
1153_mPFF_PIR_right,0.447376763,PIR,right,1153,mPFF,0.447376763,FALSE,PIR,OLF,1153_mPFF,PIR_right
1153_mPFF_POST_left,0.816448371,POST,left,1153,mPFF,0.816448371,FALSE,POST,HPF,1153_mPFF,POST_left
1153_mPFF_POST_right,0.748120732,POST,right,1153,mPFF,0.748120732,FALSE,POST,HPF,1153_mPFF,POST_right
1153_mPFF_PO_left,0.636613999,PO,left,1153,mPFF,0.636613999,FALSE,PO,TH,1153_mPFF,PO_left
1153_mPFF_PO_right,0.712095066,PO,right,1153,mPFF,0.712095066,FALSE,PO,TH,1153_mPFF,PO_right
1153_mPFF_PPN_left,0.116719246,PPN,left,1153,mPFF,0.116719246,FALSE,PPN,MB,1153_mPFF,PPN_left
1153_mPFF_PPN_right,0.221661672,PPN,right,1153,mPFF,0.221661672,FALSE,PPN,MB,1153_mPFF,PPN_right
1153_mPFF_PRE_left,0.629785679,PRE,left,1153,mPFF,0.629785679,FALSE,PRE,HPF,1153_mPFF,PRE_left
1153_mPFF_PRE_right,0.628075992,PRE,right,1153,mPFF,0.628075992,FALSE,PRE,HPF,1153_mPFF,PRE_right
1153_mPFF_PRNr_left,0.121784488,PRNr,left,1153,mPFF,0.121784488,FALSE,PRNr,P,1153_mPFF,PRNr_left
1153_mPFF_PRNr_right,0.261191902,PRNr,right,1153,mPFF,0.261191902,FALSE,PRNr,P,1153_mPFF,PRNr_right
1153_mPFF_PR_left,-0.030528107,PR,left,1153,mPFF,0,FALSE,PR,TH,1153_mPFF,PR_left
1153_mPFF_PR_right,0.065661679,PR,right,1153,mPFF,0.065661679,FALSE,PR,TH,1153_mPFF,PR_right
1153_mPFF_PST_left,-1.061405007,PST,left,1153,mPFF,0,FALSE,PST,HY,1153_mPFF,PST_left
1153_mPFF_PST_right,0.211206671,PST,right,1153,mPFF,0.211206671,FALSE,PST,HY,1153_mPFF,PST_right
1153_mPFF_PVT_left,0.000866808,PVT,left,1153,mPFF,0.000866808,FALSE,PVT,TH,1153_mPFF,PVT_left
1153_mPFF_PVT_right,-0.129149475,PVT,right,1153,mPFF,0,FALSE,PVT,TH,1153_mPFF,PVT_right
1153_mPFF_PVZ_left,-1.035506323,PVZ,left,1153,mPFF,0,FALSE,PVZ,HY,1153_mPFF,PVZ_left
1153_mPFF_PVZ_right,-0.377449224,PVZ,right,1153,mPFF,0,FALSE,PVZ,HY,1153_mPFF,PVZ_right
1153_mPFF_P_left,0.047553694,P,left,1153,mPFF,0.047553694,FALSE,P,P,1153_mPFF,P_left
1153_mPFF_P_right,-0.052408302,P,right,1153,mPFF,0,FALSE,P,P,1153_mPFF,P_right
1153_mPFF_Pa4_left,-0.345646537,Pa4,left,1153,mPFF,0,FALSE,Pa4,MB,1153_mPFF,Pa4_left
1153_mPFF_Pa4_right,0.145421891,Pa4,right,1153,mPFF,0.145421891,FALSE,Pa4,MB,1153_mPFF,Pa4_right
1153_mPFF_PeF_left,-0.162648459,PeF,left,1153,mPFF,0,FALSE,PeF,HY,1153_mPFF,PeF_left
1153_mPFF_PeF_right,-0.142445335,PeF,right,1153,mPFF,0,FALSE,PeF,HY,1153_mPFF,PeF_right
1153_mPFF_RE_left,-0.385569765,RE,left,1153,mPFF,0,FALSE,RE,TH,1153_mPFF,RE_left
1153_mPFF_RE_right,0.209828106,RE,right,1153,mPFF,0.209828106,FALSE,RE,TH,1153_mPFF,RE_right
1153_mPFF_RH_left,0.043687565,RH,left,1153,mPFF,0.043687565,FALSE,RH,TH,1153_mPFF,RH_left
1153_mPFF_RH_right,0.106949443,RH,right,1153,mPFF,0.106949443,FALSE,RH,TH,1153_mPFF,RH_right
1153_mPFF_RSPagl_left,0.829558254,RSPagl,left,1153,mPFF,0.829558254,FALSE,RSP,Isocortex,1153_mPFF,RSPagl_left
1153_mPFF_RSPagl_right,0.795770051,RSPagl,right,1153,mPFF,0.795770051,FALSE,RSP,Isocortex,1153_mPFF,RSPagl_right
1153_mPFF_RSPd_left,0.92472559,RSPd,left,1153,mPFF,0.92472559,FALSE,RSP,Isocortex,1153_mPFF,RSPd_left
1153_mPFF_RSPd_right,0.93064293,RSPd,right,1153,mPFF,0.93064293,FALSE,RSP,Isocortex,1153_mPFF,RSPd_right
1153_mPFF_RSPv_left,0.741160718,RSPv,left,1153,mPFF,0.741160718,FALSE,RSP,Isocortex,1153_mPFF,RSPv_left
1153_mPFF_RSPv_right,0.771879186,RSPv,right,1153,mPFF,0.771879186,FALSE,RSP,Isocortex,1153_mPFF,RSPv_right
1153_mPFF_RT_left,0.580107657,RT,left,1153,mPFF,0.580107657,FALSE,RT,TH,1153_mPFF,RT_left
1153_mPFF_RT_right,0.648863353,RT,right,1153,mPFF,0.648863353,FALSE,RT,TH,1153_mPFF,RT_right
1153_mPFF_SAG_left,0.493109188,SAG,left,1153,mPFF,0.493109188,FALSE,SAG,MB,1153_mPFF,SAG_left
1153_mPFF_SAG_right,0.29752787,SAG,right,1153,mPFF,0.29752787,FALSE,SAG,MB,1153_mPFF,SAG_right
1153_mPFF_SCm_left,0.436550109,SCm,left,1153,mPFF,0.436550109,FALSE,MBmot,MB,1153_mPFF,SCm_left
1153_mPFF_SCm_right,0.523765458,SCm,right,1153,mPFF,0.523765458,FALSE,MBmot,MB,1153_mPFF,SCm_right
1153_mPFF_SCs_left,0.573927423,SCs,left,1153,mPFF,0.573927423,FALSE,MBsen,MB,1153_mPFF,SCs_left
1153_mPFF_SCs_right,0.534983257,SCs,right,1153,mPFF,0.534983257,FALSE,MBsen,MB,1153_mPFF,SCs_right
1153_mPFF_SEZ_left,0.185779796,SEZ,left,1153,mPFF,0.185779796,TRUE,SEZ,VS,1153_mPFF,SEZ_left
1153_mPFF_SEZ_right,0.147282295,SEZ,right,1153,mPFF,0.147282295,TRUE,SEZ,VS,1153_mPFF,SEZ_right
1153_mPFF_SH_left,0.358760898,SH,left,1153,mPFF,0.358760898,FALSE,SH,STR,1153_mPFF,SH_left
1153_mPFF_SH_right,0.491033951,SH,right,1153,mPFF,0.491033951,FALSE,SH,STR,1153_mPFF,SH_right
1153_mPFF_SI_left,0.381545728,SI,left,1153,mPFF,0.381545728,FALSE,SI,PAL,1153_mPFF,SI_left
1153_mPFF_SI_right,0.378464965,SI,right,1153,mPFF,0.378464965,FALSE,SI,PAL,1153_mPFF,SI_right
1153_mPFF_SMT_left,-0.074478701,SMT,left,1153,mPFF,0,FALSE,SMT,TH,1153_mPFF,SMT_left
1153_mPFF_SMT_right,0.182793692,SMT,right,1153,mPFF,0.182793692,FALSE,SMT,TH,1153_mPFF,SMT_right
1153_mPFF_SSp-bfd_left,0.883439411,SSp-bfd,left,1153,mPFF,0.883439411,FALSE,SSp,Isocortex,1153_mPFF,SSp-bfd_left
1153_mPFF_SSp-bfd_right,0.761479197,SSp-bfd,right,1153,mPFF,0.761479197,FALSE,SSp,Isocortex,1153_mPFF,SSp-bfd_right
1153_mPFF_SSp-m_left,0.812700587,SSp-m,left,1153,mPFF,0.812700587,FALSE,SSp,Isocortex,1153_mPFF,SSp-m_left
1153_mPFF_SSp-m_right,0.821489417,SSp-m,right,1153,mPFF,0.821489417,FALSE,SSp,Isocortex,1153_mPFF,SSp-m_right
1153_mPFF_SSp-ul_left,1.046380311,SSp-ul,left,1153,mPFF,1,FALSE,SSp,Isocortex,1153_mPFF,SSp-ul_left
1153_mPFF_SSp-ul_right,1.077444558,SSp-ul,right,1153,mPFF,1,FALSE,SSp,Isocortex,1153_mPFF,SSp-ul_right
1153_mPFF_SSs_left,0.842103043,SSs,left,1153,mPFF,0.842103043,FALSE,SSs,Isocortex,1153_mPFF,SSs_left
1153_mPFF_SSs_right,0.673105894,SSs,right,1153,mPFF,0.673105894,FALSE,SSs,Isocortex,1153_mPFF,SSs_right
1153_mPFF_STN_left,0.218309298,STN,left,1153,mPFF,0.218309298,FALSE,STN,HY,1153_mPFF,STN_left
1153_mPFF_STN_right,0.535475526,STN,right,1153,mPFF,0.535475526,FALSE,STN,HY,1153_mPFF,STN_right
1153_mPFF_STR_left,0.472783127,STR,left,1153,mPFF,0.472783127,FALSE,STR,STR,1153_mPFF,STR_left
1153_mPFF_STR_right,0.503440775,STR,right,1153,mPFF,0.503440775,FALSE,STR,STR,1153_mPFF,STR_right
1153_mPFF_SUB_left,0.067344831,SUB,left,1153,mPFF,0.067344831,FALSE,SUB,HPF,1153_mPFF,SUB_left
1153_mPFF_SUB_right,0.274664742,SUB,right,1153,mPFF,0.274664742,FALSE,SUB,HPF,1153_mPFF,SUB_right
1153_mPFF_Su3_right,-0.72689948,Su3,right,1153,mPFF,0,FALSE,Su3,MB,1153_mPFF,Su3_right
1153_mPFF_TEa_left,0.492507373,TEa,left,1153,mPFF,0.492507373,FALSE,TEa,Isocortex,1153_mPFF,TEa_left
1153_mPFF_TEa_right,0.465959287,TEa,right,1153,mPFF,0.465959287,FALSE,TEa,Isocortex,1153_mPFF,TEa_right
1153_mPFF_TH_left,0.125325527,TH,left,1153,mPFF,0.125325527,FALSE,TH,TH,1153_mPFF,TH_left
1153_mPFF_TH_right,0.094644004,TH,right,1153,mPFF,0.094644004,FALSE,TH,TH,1153_mPFF,TH_right
1153_mPFF_TRN_left,0.369051834,TRN,left,1153,mPFF,0.369051834,FALSE,TRN,P,1153_mPFF,TRN_left
1153_mPFF_TRN_right,0.112836566,TRN,right,1153,mPFF,0.112836566,FALSE,TRN,P,1153_mPFF,TRN_right
1153_mPFF_TU_left,0.231939709,TU,left,1153,mPFF,0.231939709,FALSE,TU,HY,1153_mPFF,TU_left
1153_mPFF_TU_right,0.323465044,TU,right,1153,mPFF,0.323465044,FALSE,TU,HY,1153_mPFF,TU_right
1153_mPFF_V3_left,-1.122277751,V3,left,1153,mPFF,0,TRUE,V3,VS,1153_mPFF,V3_left
1153_mPFF_V3_right,-0.375625637,V3,right,1153,mPFF,0,TRUE,V3,VS,1153_mPFF,V3_right
1153_mPFF_VAL_left,0.645561781,VAL,left,1153,mPFF,0.645561781,FALSE,VAL,TH,1153_mPFF,VAL_left
1153_mPFF_VAL_right,0.272556591,VAL,right,1153,mPFF,0.272556591,FALSE,VAL,TH,1153_mPFF,VAL_right
1153_mPFF_VISC_left,0.399140893,VISC,left,1153,mPFF,0.399140893,FALSE,VISC,Isocortex,1153_mPFF,VISC_left
1153_mPFF_VISC_right,-0.060371353,VISC,right,1153,mPFF,0,FALSE,VISC,Isocortex,1153_mPFF,VISC_right
1153_mPFF_VISa_left,0.927850168,VISa,left,1153,mPFF,0.927850168,FALSE,VISa,Isocortex,1153_mPFF,VISa_left
1153_mPFF_VISa_right,0.785590374,VISa,right,1153,mPFF,0.785590374,FALSE,VISa,Isocortex,1153_mPFF,VISa_right
1153_mPFF_VISam_left,0.988095823,VISam,left,1153,mPFF,0.988095823,FALSE,VISam,Isocortex,1153_mPFF,VISam_left
1153_mPFF_VISam_right,0.733616672,VISam,right,1153,mPFF,0.733616672,FALSE,VISam,Isocortex,1153_mPFF,VISam_right
1153_mPFF_VISl_left,1.06393929,VISl,left,1153,mPFF,1,FALSE,VISl,Isocortex,1153_mPFF,VISl_left
1153_mPFF_VISl_right,0.897098278,VISl,right,1153,mPFF,0.897098278,FALSE,VISl,Isocortex,1153_mPFF,VISl_right
1153_mPFF_VISli_right,0.895075049,VISli,right,1153,mPFF,0.895075049,FALSE,VISli,Isocortex,1153_mPFF,VISli_right
1153_mPFF_VISp_left,0.882358783,VISp,left,1153,mPFF,0.882358783,FALSE,VISp,Isocortex,1153_mPFF,VISp_left
1153_mPFF_VISp_right,0.881558165,VISp,right,1153,mPFF,0.881558165,FALSE,VISp,Isocortex,1153_mPFF,VISp_right
1153_mPFF_VISpl_left,0.633782382,VISpl,left,1153,mPFF,0.633782382,FALSE,VISpl,Isocortex,1153_mPFF,VISpl_left
1153_mPFF_VISpl_right,0.474618794,VISpl,right,1153,mPFF,0.474618794,FALSE,VISpl,Isocortex,1153_mPFF,VISpl_right
1153_mPFF_VISpor_left,0.790068046,VISpor,left,1153,mPFF,0.790068046,FALSE,VISpor,Isocortex,1153_mPFF,VISpor_left
1153_mPFF_VISpor_right,0.603130704,VISpor,right,1153,mPFF,0.603130704,FALSE,VISpor,Isocortex,1153_mPFF,VISpor_right
1153_mPFF_VISrl_left,1.098192543,VISrl,left,1153,mPFF,1,FALSE,VISrl,Isocortex,1153_mPFF,VISrl_left
1153_mPFF_VISrl_right,0.858385614,VISrl,right,1153,mPFF,0.858385614,FALSE,VISrl,Isocortex,1153_mPFF,VISrl_right
1153_mPFF_VL_left,-0.40231949,VL,left,1153,mPFF,0,TRUE,VL,VS,1153_mPFF,VL_left
1153_mPFF_VL_right,-0.446959414,VL,right,1153,mPFF,0,TRUE,VL,VS,1153_mPFF,VL_right
1153_mPFF_VMH_left,0.281024459,VMH,left,1153,mPFF,0.281024459,FALSE,VMH,HY,1153_mPFF,VMH_left
1153_mPFF_VMH_right,0.387672796,VMH,right,1153,mPFF,0.387672796,FALSE,VMH,HY,1153_mPFF,VMH_right
1153_mPFF_VM_left,0.403984976,VM,left,1153,mPFF,0.403984976,FALSE,VM,TH,1153_mPFF,VM_left
1153_mPFF_VM_right,0.127968286,VM,right,1153,mPFF,0.127968286,FALSE,VM,TH,1153_mPFF,VM_right
1153_mPFF_VPL_left,0.652924334,VPL,left,1153,mPFF,0.652924334,FALSE,VPL,TH,1153_mPFF,VPL_left
1153_mPFF_VPL_right,0.407135156,VPL,right,1153,mPFF,0.407135156,FALSE,VPL,TH,1153_mPFF,VPL_right
1153_mPFF_VPM_left,0.423262927,VPM,left,1153,mPFF,0.423262927,FALSE,VPM,TH,1153_mPFF,VPM_left
1153_mPFF_VPM_right,0.62184145,VPM,right,1153,mPFF,0.62184145,FALSE,VPM,TH,1153_mPFF,VPM_right
1153_mPFF_VP_left,0.407334695,VP,left,1153,mPFF,0.407334695,FALSE,VP,TH,1153_mPFF,VP_left
1153_mPFF_VP_right,-0.208171784,VP,right,1153,mPFF,0,FALSE,VP,TH,1153_mPFF,VP_right
1153_mPFF_Xi_left,-0.531311514,Xi,left,1153,mPFF,0,FALSE,Xi,TH,1153_mPFF,Xi_left
1153_mPFF_Xi_right,-0.03391087,Xi,right,1153,mPFF,0,FALSE,Xi,TH,1153_mPFF,Xi_right
1153_mPFF_ZI_left,0.411209406,ZI,left,1153,mPFF,0.411209406,FALSE,ZI,HY,1153_mPFF,ZI_left
1153_mPFF_ZI_right,0.333978966,ZI,right,1153,mPFF,0.333978966,FALSE,ZI,HY,1153_mPFF,ZI_right
1153_mPFF_alv_left,0.491898108,alv,left,1153,mPFF,0.491898108,TRUE,alv,fiber tracts,1153_mPFF,alv_left
1153_mPFF_alv_right,0.257498412,alv,right,1153,mPFF,0.257498412,TRUE,alv,fiber tracts,1153_mPFF,alv_right
1153_mPFF_amc_left,0.428267479,amc,left,1153,mPFF,0.428267479,TRUE,amc,fiber tracts,1153_mPFF,amc_left
1153_mPFF_amc_right,0.210566246,amc,right,1153,mPFF,0.210566246,TRUE,amc,fiber tracts,1153_mPFF,amc_right
1153_mPFF_ar_left,0.322692402,ar,left,1153,mPFF,0.322692402,TRUE,ar,fiber tracts,1153_mPFF,ar_left
1153_mPFF_ar_right,0.174228957,ar,right,1153,mPFF,0.174228957,TRUE,ar,fiber tracts,1153_mPFF,ar_right
1153_mPFF_bic_left,0.170937811,bic,left,1153,mPFF,0.170937811,TRUE,bic,fiber tracts,1153_mPFF,bic_left
1153_mPFF_bic_right,-0.112180809,bic,right,1153,mPFF,0,TRUE,bic,fiber tracts,1153_mPFF,bic_right
1153_mPFF_cc_left,0.286803481,cc,left,1153,mPFF,0.286803481,TRUE,cc,fiber tracts,1153_mPFF,cc_left
1153_mPFF_cc_right,0.061793705,cc,right,1153,mPFF,0.061793705,TRUE,cc,fiber tracts,1153_mPFF,cc_right
1153_mPFF_ccg_left,0.010861622,ccg,left,1153,mPFF,0.010861622,TRUE,ccg,fiber tracts,1153_mPFF,ccg_left
1153_mPFF_ccg_right,0.017212686,ccg,right,1153,mPFF,0.017212686,TRUE,ccg,fiber tracts,1153_mPFF,ccg_right
1153_mPFF_chpl_left,-0.403709821,chpl,left,1153,mPFF,0,TRUE,chpl,VS,1153_mPFF,chpl_left
1153_mPFF_chpl_right,-1.301894471,chpl,right,1153,mPFF,0,TRUE,chpl,VS,1153_mPFF,chpl_right
1153_mPFF_cing_left,0.325471219,cing,left,1153,mPFF,0.325471219,TRUE,cing,fiber tracts,1153_mPFF,cing_left
1153_mPFF_cing_right,0.19419907,cing,right,1153,mPFF,0.19419907,TRUE,cing,fiber tracts,1153_mPFF,cing_right
1153_mPFF_cst_left,0.448062393,cst,left,1153,mPFF,0.448062393,TRUE,cst,fiber tracts,1153_mPFF,cst_left
1153_mPFF_cst_right,0.27232081,cst,right,1153,mPFF,0.27232081,TRUE,cst,fiber tracts,1153_mPFF,cst_right
1153_mPFF_dhc_left,0.159394924,dhc,left,1153,mPFF,0.159394924,TRUE,dhc,fiber tracts,1153_mPFF,dhc_left
1153_mPFF_dhc_right,0.254171517,dhc,right,1153,mPFF,0.254171517,TRUE,dhc,fiber tracts,1153_mPFF,dhc_right
1153_mPFF_dscp_left,0.111786914,dscp,left,1153,mPFF,0.111786914,TRUE,dscp,fiber tracts,1153_mPFF,dscp_left
1153_mPFF_dscp_right,-0.295961199,dscp,right,1153,mPFF,0,TRUE,dscp,fiber tracts,1153_mPFF,dscp_right
1153_mPFF_ec_left,0.225142524,ec,left,1153,mPFF,0.225142524,TRUE,ec,fiber tracts,1153_mPFF,ec_left
1153_mPFF_ec_right,0.266640494,ec,right,1153,mPFF,0.266640494,TRUE,ec,fiber tracts,1153_mPFF,ec_right
1153_mPFF_em_left,0.474932553,em,left,1153,mPFF,0.474932553,TRUE,em,fiber tracts,1153_mPFF,em_left
1153_mPFF_em_right,0.658491422,em,right,1153,mPFF,0.658491422,TRUE,em,fiber tracts,1153_mPFF,em_right
1153_mPFF_fi_left,0.324189896,fi,left,1153,mPFF,0.324189896,TRUE,fi,fiber tracts,1153_mPFF,fi_left
1153_mPFF_fi_right,-0.140363464,fi,right,1153,mPFF,0,TRUE,fi,fiber tracts,1153_mPFF,fi_right
1153_mPFF_fiber tracts_left,0.35424672,fiber tracts,left,1153,mPFF,0.35424672,TRUE,fiber tracts,fiber tracts,1153_mPFF,fiber tracts_left
1153_mPFF_fiber tracts_right,0.210393281,fiber tracts,right,1153,mPFF,0.210393281,TRUE,fiber tracts,fiber tracts,1153_mPFF,fiber tracts_right
1153_mPFF_fr_left,0.114780073,fr,left,1153,mPFF,0.114780073,TRUE,fr,fiber tracts,1153_mPFF,fr_left
1153_mPFF_fr_right,-0.288710129,fr,right,1153,mPFF,0,TRUE,fr,fiber tracts,1153_mPFF,fr_right
1153_mPFF_fx_left,0.278359415,fx,left,1153,mPFF,0.278359415,TRUE,fx,fiber tracts,1153_mPFF,fx_left
1153_mPFF_fx_right,0.242145529,fx,right,1153,mPFF,0.242145529,TRUE,fx,fiber tracts,1153_mPFF,fx_right
1153_mPFF_hbc_left,-0.248670074,hbc,left,1153,mPFF,0,TRUE,hbc,fiber tracts,1153_mPFF,hbc_left
1153_mPFF_hbc_right,-0.09574891,hbc,right,1153,mPFF,0,TRUE,hbc,fiber tracts,1153_mPFF,hbc_right
1153_mPFF_int_left,0.197296355,int,left,1153,mPFF,0.197296355,TRUE,int,fiber tracts,1153_mPFF,int_left
1153_mPFF_int_right,0.081396684,int,right,1153,mPFF,0.081396684,TRUE,int,fiber tracts,1153_mPFF,int_right
1153_mPFF_ll_left,0.316513458,ll,left,1153,mPFF,0.316513458,TRUE,ll,fiber tracts,1153_mPFF,ll_left
1153_mPFF_ll_right,0.170280291,ll,right,1153,mPFF,0.170280291,TRUE,ll,fiber tracts,1153_mPFF,ll_right
1153_mPFF_lotg_left,0.176416211,lotg,left,1153,mPFF,0.176416211,TRUE,In,fiber tracts,1153_mPFF,lotg_left
1153_mPFF_lotg_right,-0.28321567,lotg,right,1153,mPFF,0,TRUE,In,fiber tracts,1153_mPFF,lotg_right
1153_mPFF_mcp_left,0.024655453,mcp,left,1153,mPFF,0.024655453,TRUE,mcp,fiber tracts,1153_mPFF,mcp_left
1153_mPFF_mcp_right,-0.412029243,mcp,right,1153,mPFF,0,TRUE,mcp,fiber tracts,1153_mPFF,mcp_right
1153_mPFF_ml_left,0.136694934,ml,left,1153,mPFF,0.136694934,TRUE,ml,fiber tracts,1153_mPFF,ml_left
1153_mPFF_ml_right,0.132485127,ml,right,1153,mPFF,0.132485127,TRUE,ml,fiber tracts,1153_mPFF,ml_right
1153_mPFF_mlf_left,-0.114395877,mlf,left,1153,mPFF,0,TRUE,mlf,fiber tracts,1153_mPFF,mlf_left
1153_mPFF_mlf_right,0.461905099,mlf,right,1153,mPFF,0.461905099,TRUE,mlf,fiber tracts,1153_mPFF,mlf_right
1153_mPFF_moV_left,0.033076833,moV,left,1153,mPFF,0.033076833,TRUE,moV,fiber tracts,1153_mPFF,moV_left
1153_mPFF_moV_right,-2.116979921,moV,right,1153,mPFF,0,TRUE,moV,fiber tracts,1153_mPFF,moV_right
1153_mPFF_mtg_left,-0.452672956,mtg,left,1153,mPFF,0,TRUE,mtg,fiber tracts,1153_mPFF,mtg_left
1153_mPFF_mtg_right,-0.60160767,mtg,right,1153,mPFF,0,TRUE,mtg,fiber tracts,1153_mPFF,mtg_right
1153_mPFF_mtt_left,0.324597225,mtt,left,1153,mPFF,0.324597225,TRUE,mtt,fiber tracts,1153_mPFF,mtt_left
1153_mPFF_mtt_right,0.4827056,mtt,right,1153,mPFF,0.4827056,TRUE,mtt,fiber tracts,1153_mPFF,mtt_right
1153_mPFF_nst_left,-0.227758833,nst,left,1153,mPFF,0,TRUE,nst,fiber tracts,1153_mPFF,nst_left
1153_mPFF_nst_right,0.320915359,nst,right,1153,mPFF,0.320915359,TRUE,nst,fiber tracts,1153_mPFF,nst_right
1153_mPFF_opt_left,-0.485671732,opt,left,1153,mPFF,0,TRUE,opt,fiber tracts,1153_mPFF,opt_left
1153_mPFF_opt_right,-8.43E-05,opt,right,1153,mPFF,0,TRUE,opt,fiber tracts,1153_mPFF,opt_right
1153_mPFF_or_left,0.261558654,or,left,1153,mPFF,0.261558654,TRUE,or,fiber tracts,1153_mPFF,or_left
1153_mPFF_or_right,0.088094267,or,right,1153,mPFF,0.088094267,TRUE,or,fiber tracts,1153_mPFF,or_right
1153_mPFF_rust_left,0.405905249,rust,left,1153,mPFF,0.405905249,TRUE,rust,fiber tracts,1153_mPFF,rust_left
1153_mPFF_rust_right,0.306570968,rust,right,1153,mPFF,0.306570968,TRUE,rust,fiber tracts,1153_mPFF,rust_right
1153_mPFF_sV_left,-1.572809212,sV,left,1153,mPFF,0,TRUE,sV,fiber tracts,1153_mPFF,sV_left
1153_mPFF_sV_right,-2.872912006,sV,right,1153,mPFF,0,TRUE,sV,fiber tracts,1153_mPFF,sV_right
1153_mPFF_scp_left,-1.002076498,scp,left,1153,mPFF,0,TRUE,scp,fiber tracts,1153_mPFF,scp_left
1153_mPFF_scp_right,-0.276538481,scp,right,1153,mPFF,0,TRUE,scp,fiber tracts,1153_mPFF,scp_right
1153_mPFF_scwm_left,0.279866895,scwm,left,1153,mPFF,0.279866895,TRUE,scwm,fiber tracts,1153_mPFF,scwm_left
1153_mPFF_scwm_right,0.230280822,scwm,right,1153,mPFF,0.230280822,TRUE,scwm,fiber tracts,1153_mPFF,scwm_right
1153_mPFF_st_left,0.159987419,st,left,1153,mPFF,0.159987419,TRUE,st,fiber tracts,1153_mPFF,st_left
1153_mPFF_st_right,0.339576984,st,right,1153,mPFF,0.339576984,TRUE,st,fiber tracts,1153_mPFF,st_right
1153_mPFF_stc_left,-0.651679698,stc,left,1153,mPFF,0,TRUE,stc,fiber tracts,1153_mPFF,stc_left
1153_mPFF_stc_right,0.924908565,stc,right,1153,mPFF,0.924908565,TRUE,stc,fiber tracts,1153_mPFF,stc_right
1153_mPFF_sup_left,0.085660426,sup,left,1153,mPFF,0.085660426,TRUE,sup,fiber tracts,1153_mPFF,sup_left
1153_mPFF_sup_right,-0.09040373,sup,right,1153,mPFF,0,TRUE,sup,fiber tracts,1153_mPFF,sup_right
1153_mPFF_tspc_left,0.20618953,tspc,left,1153,mPFF,0.20618953,TRUE,tspc,fiber tracts,1153_mPFF,tspc_left
1153_mPFF_tspc_right,-0.001867338,tspc,right,1153,mPFF,0,TRUE,tspc,fiber tracts,1153_mPFF,tspc_right
1159_mPFF_ACAd_left,0.577997962,ACAd,left,1159,mPFF,0.577997962,FALSE,ACA,Isocortex,1159_mPFF,ACAd_left
1159_mPFF_ACAd_right,0.613330961,ACAd,right,1159,mPFF,0.613330961,FALSE,ACA,Isocortex,1159_mPFF,ACAd_right
1159_mPFF_ACAv_left,0.562244929,ACAv,left,1159,mPFF,0.562244929,FALSE,ACA,Isocortex,1159_mPFF,ACAv_left
1159_mPFF_ACAv_right,0.604375045,ACAv,right,1159,mPFF,0.604375045,FALSE,ACA,Isocortex,1159_mPFF,ACAv_right
1159_mPFF_ACB_left,0.39160754,ACB,left,1159,mPFF,0.39160754,FALSE,ACB,STR,1159_mPFF,ACB_left
1159_mPFF_ACB_right,0.263301226,ACB,right,1159,mPFF,0.263301226,FALSE,ACB,STR,1159_mPFF,ACB_right
1159_mPFF_AId_left,0.745054505,AId,left,1159,mPFF,0.745054505,FALSE,AI,Isocortex,1159_mPFF,AId_left
1159_mPFF_AId_right,0.740031287,AId,right,1159,mPFF,0.740031287,FALSE,AI,Isocortex,1159_mPFF,AId_right
1159_mPFF_AIp_left,-1.382594408,AIp,left,1159,mPFF,0,FALSE,AI,Isocortex,1159_mPFF,AIp_left
1159_mPFF_AIp_right,0.579416127,AIp,right,1159,mPFF,0.579416127,FALSE,AI,Isocortex,1159_mPFF,AIp_right
1159_mPFF_AIv_left,0.756158558,AIv,left,1159,mPFF,0.756158558,FALSE,AI,Isocortex,1159_mPFF,AIv_left
1159_mPFF_AIv_right,0.770085355,AIv,right,1159,mPFF,0.770085355,FALSE,AI,Isocortex,1159_mPFF,AIv_right
1159_mPFF_APr_left,0.715508903,APr,left,1159,mPFF,0.715508903,FALSE,APr,HPF,1159_mPFF,APr_left
1159_mPFF_APr_right,0.77417661,APr,right,1159,mPFF,0.77417661,FALSE,APr,HPF,1159_mPFF,APr_right
1159_mPFF_AQ_left,-1.668868013,AQ,left,1159,mPFF,0,TRUE,AQ,VS,1159_mPFF,AQ_left
1159_mPFF_AQ_right,-1.708356425,AQ,right,1159,mPFF,0,TRUE,AQ,VS,1159_mPFF,AQ_right
1159_mPFF_ARH_left,-0.775289407,ARH,left,1159,mPFF,0,FALSE,ARH,HY,1159_mPFF,ARH_left
1159_mPFF_ARH_right,0.193850097,ARH,right,1159,mPFF,0.193850097,FALSE,ARH,HY,1159_mPFF,ARH_right
1159_mPFF_AT_left,-0.08469847,AT,left,1159,mPFF,0,FALSE,AT,MB,1159_mPFF,AT_left
1159_mPFF_AT_right,0.003904366,AT,right,1159,mPFF,0.003904366,FALSE,AT,MB,1159_mPFF,AT_right
1159_mPFF_AUDd_left,0.884401288,AUDd,left,1159,mPFF,0.884401288,FALSE,AUDd,Isocortex,1159_mPFF,AUDd_left
1159_mPFF_AUDd_right,0.82296116,AUDd,right,1159,mPFF,0.82296116,FALSE,AUDd,Isocortex,1159_mPFF,AUDd_right
1159_mPFF_AUDp_left,0.855848126,AUDp,left,1159,mPFF,0.855848126,FALSE,AUDp,Isocortex,1159_mPFF,AUDp_left
1159_mPFF_AUDv_left,0.663785068,AUDv,left,1159,mPFF,0.663785068,FALSE,AUDv,Isocortex,1159_mPFF,AUDv_left
1159_mPFF_AUDv_right,0.732044802,AUDv,right,1159,mPFF,0.732044802,FALSE,AUDv,Isocortex,1159_mPFF,AUDv_right
1159_mPFF_BLA_left,0.534754299,BLA,left,1159,mPFF,0.534754299,FALSE,BLA,CTXsp,1159_mPFF,BLA_left
1159_mPFF_BLA_right,0.503332018,BLA,right,1159,mPFF,0.503332018,FALSE,BLA,CTXsp,1159_mPFF,BLA_right
1159_mPFF_BMA_left,0.457044733,BMA,left,1159,mPFF,0.457044733,FALSE,BMA,CTXsp,1159_mPFF,BMA_left
1159_mPFF_BMA_right,0.4525486,BMA,right,1159,mPFF,0.4525486,FALSE,BMA,CTXsp,1159_mPFF,BMA_right
1159_mPFF_CA1_left,0.809412935,CA1,left,1159,mPFF,0.809412935,FALSE,CA1,HPF,1159_mPFF,CA1_left
1159_mPFF_CA1_right,0.761011479,CA1,right,1159,mPFF,0.761011479,FALSE,CA1,HPF,1159_mPFF,CA1_right
1159_mPFF_CA2_left,0.70553864,CA2,left,1159,mPFF,0.70553864,FALSE,CA2,HPF,1159_mPFF,CA2_left
1159_mPFF_CA2_right,0.730273483,CA2,right,1159,mPFF,0.730273483,FALSE,CA2,HPF,1159_mPFF,CA2_right
1159_mPFF_CA3_left,0.553278585,CA3,left,1159,mPFF,0.553278585,FALSE,CA3,HPF,1159_mPFF,CA3_left
1159_mPFF_CA3_right,0.340830688,CA3,right,1159,mPFF,0.340830688,FALSE,CA3,HPF,1159_mPFF,CA3_right
1159_mPFF_CB_left,-0.931054221,CB,left,1159,mPFF,0,FALSE,CB,CB,1159_mPFF,CB_left
1159_mPFF_CB_right,-0.852644419,CB,right,1159,mPFF,0,FALSE,CB,CB,1159_mPFF,CB_right
1159_mPFF_CEA_left,0.455170525,CEA,left,1159,mPFF,0.455170525,FALSE,CEA,STR,1159_mPFF,CEA_left
1159_mPFF_CEA_right,0.455503837,CEA,right,1159,mPFF,0.455503837,FALSE,CEA,STR,1159_mPFF,CEA_right
1159_mPFF_CLA_left,0.337531932,CLA,left,1159,mPFF,0.337531932,FALSE,CLA,CTXsp,1159_mPFF,CLA_left
1159_mPFF_CLA_right,0.533949733,CLA,right,1159,mPFF,0.533949733,FALSE,CLA,CTXsp,1159_mPFF,CLA_right
1159_mPFF_CLI_left,-0.943494549,CLI,left,1159,mPFF,0,FALSE,CLI,MB,1159_mPFF,CLI_left
1159_mPFF_CLI_right,-1.821766277,CLI,right,1159,mPFF,0,FALSE,CLI,MB,1159_mPFF,CLI_right
1159_mPFF_CL_left,0.518788589,CL,left,1159,mPFF,0.518788589,FALSE,CL,TH,1159_mPFF,CL_left
1159_mPFF_CL_right,0.494522732,CL,right,1159,mPFF,0.494522732,FALSE,CL,TH,1159_mPFF,CL_right
1159_mPFF_CM_left,0.413885874,CM,left,1159,mPFF,0.413885874,FALSE,CM,TH,1159_mPFF,CM_left
1159_mPFF_CM_right,0.833241808,CM,right,1159,mPFF,0.833241808,FALSE,CM,TH,1159_mPFF,CM_right
1159_mPFF_COA_left,0.656663183,COA,left,1159,mPFF,0.656663183,FALSE,COA,OLF,1159_mPFF,COA_left
1159_mPFF_COA_right,0.730857324,COA,right,1159,mPFF,0.730857324,FALSE,COA,OLF,1159_mPFF,COA_right
1159_mPFF_COAp_left,0.596647768,COAp,left,1159,mPFF,0.596647768,FALSE,COA,OLF,1159_mPFF,COAp_left
1159_mPFF_COAp_right,0.807429447,COAp,right,1159,mPFF,0.807429447,FALSE,COA,OLF,1159_mPFF,COAp_right
1159_mPFF_CP_left,0.342063734,CP,left,1159,mPFF,0.342063734,FALSE,CP,STR,1159_mPFF,CP_left
1159_mPFF_CP_right,0.354605516,CP,right,1159,mPFF,0.354605516,FALSE,CP,STR,1159_mPFF,CP_right
1159_mPFF_CS_left,0.143699039,CS,left,1159,mPFF,0.143699039,FALSE,CS,P,1159_mPFF,CS_left
1159_mPFF_CS_right,0.265899962,CS,right,1159,mPFF,0.265899962,FALSE,CS,P,1159_mPFF,CS_right
1159_mPFF_CTXsp_left,0.247033087,CTXsp,left,1159,mPFF,0.247033087,FALSE,CTXsp,CTXsp,1159_mPFF,CTXsp_left
1159_mPFF_CTXsp_right,0.407590634,CTXsp,right,1159,mPFF,0.407590634,FALSE,CTXsp,CTXsp,1159_mPFF,CTXsp_right
1159_mPFF_DG_left,0.345409945,DG,left,1159,mPFF,0.345409945,FALSE,DG,HPF,1159_mPFF,DG_left
1159_mPFF_DG_right,0.353378899,DG,right,1159,mPFF,0.353378899,FALSE,DG,HPF,1159_mPFF,DG_right
1159_mPFF_DMH_left,0.132720862,DMH,left,1159,mPFF,0.132720862,FALSE,DMH,HY,1159_mPFF,DMH_left
1159_mPFF_DMH_right,0.088213475,DMH,right,1159,mPFF,0.088213475,FALSE,DMH,HY,1159_mPFF,DMH_right
1159_mPFF_DR_left,0.380611844,DR,left,1159,mPFF,0.380611844,FALSE,DR,MB,1159_mPFF,DR_left
1159_mPFF_DR_right,0.184049848,DR,right,1159,mPFF,0.184049848,FALSE,DR,MB,1159_mPFF,DR_right
1159_mPFF_ECT_left,0.623393757,ECT,left,1159,mPFF,0.623393757,FALSE,ECT,Isocortex,1159_mPFF,ECT_left
1159_mPFF_ECT_right,0.757713958,ECT,right,1159,mPFF,0.757713958,FALSE,ECT,Isocortex,1159_mPFF,ECT_right
1159_mPFF_ENTl_left,0.713536071,ENTl,left,1159,mPFF,0.713536071,FALSE,ENT,HPF,1159_mPFF,ENTl_left
1159_mPFF_ENTl_right,0.613099093,ENTl,right,1159,mPFF,0.613099093,FALSE,ENT,HPF,1159_mPFF,ENTl_right
1159_mPFF_ENTm_left,0.748109591,ENTm,left,1159,mPFF,0.748109591,FALSE,ENT,HPF,1159_mPFF,ENTm_left
1159_mPFF_ENTm_right,0.722731339,ENTm,right,1159,mPFF,0.722731339,FALSE,ENT,HPF,1159_mPFF,ENTm_right
1159_mPFF_EP_left,0.453954645,EP,left,1159,mPFF,0.453954645,FALSE,EP,CTXsp,1159_mPFF,EP_left
1159_mPFF_EP_right,0.452865964,EP,right,1159,mPFF,0.452865964,FALSE,EP,CTXsp,1159_mPFF,EP_right
1159_mPFF_Eth_left,0.867916254,Eth,left,1159,mPFF,0.867916254,FALSE,Eth,TH,1159_mPFF,Eth_left
1159_mPFF_Eth_right,0.275290923,Eth,right,1159,mPFF,0.275290923,FALSE,Eth,TH,1159_mPFF,Eth_right
1159_mPFF_FC_left,0.186862751,FC,left,1159,mPFF,0.186862751,FALSE,FC,HPF,1159_mPFF,FC_left
1159_mPFF_FC_right,0.674150892,FC,right,1159,mPFF,0.674150892,FALSE,FC,HPF,1159_mPFF,FC_right
1159_mPFF_GU_left,0.755549788,GU,left,1159,mPFF,0.755549788,FALSE,GU,Isocortex,1159_mPFF,GU_left
1159_mPFF_GU_right,0.841731356,GU,right,1159,mPFF,0.841731356,FALSE,GU,Isocortex,1159_mPFF,GU_right
1159_mPFF_HATA_right,0.411027124,HATA,right,1159,mPFF,0.411027124,FALSE,HATA,HPF,1159_mPFF,HATA_right
1159_mPFF_HPF_left,0.117439181,HPF,left,1159,mPFF,0.117439181,FALSE,HPF,HPF,1159_mPFF,HPF_left
1159_mPFF_HPF_right,0.137367244,HPF,right,1159,mPFF,0.137367244,FALSE,HPF,HPF,1159_mPFF,HPF_right
1159_mPFF_HY_left,0.132249522,HY,left,1159,mPFF,0.132249522,FALSE,HY,HY,1159_mPFF,HY_left
1159_mPFF_HY_right,0.185396508,HY,right,1159,mPFF,0.185396508,FALSE,HY,HY,1159_mPFF,HY_right
1159_mPFF_IA_left,0.824351382,IA,left,1159,mPFF,0.824351382,FALSE,IA,STR,1159_mPFF,IA_left
1159_mPFF_IA_right,0.66733407,IA,right,1159,mPFF,0.66733407,FALSE,IA,STR,1159_mPFF,IA_right
1159_mPFF_IC_left,0.805512008,IC,left,1159,mPFF,0.805512008,FALSE,IC,MB,1159_mPFF,IC_left
1159_mPFF_IC_right,0.631921611,IC,right,1159,mPFF,0.631921611,FALSE,IC,MB,1159_mPFF,IC_right
1159_mPFF_IG_left,0.322450182,IG,left,1159,mPFF,0.322450182,FALSE,IG,HPF,1159_mPFF,IG_left
1159_mPFF_IG_right,0.713571,IG,right,1159,mPFF,0.713571,FALSE,IG,HPF,1159_mPFF,IG_right
1159_mPFF_IMD_left,0.188397914,IMD,left,1159,mPFF,0.188397914,FALSE,IMD,TH,1159_mPFF,IMD_left
1159_mPFF_IMD_right,0.450169041,IMD,right,1159,mPFF,0.450169041,FALSE,IMD,TH,1159_mPFF,IMD_right
1159_mPFF_In_left,0.290219583,In,left,1159,mPFF,0.290219583,TRUE,In,fiber tracts,1159_mPFF,In_left
1159_mPFF_In_right,-0.046259658,In,right,1159,mPFF,0,TRUE,In,fiber tracts,1159_mPFF,In_right
1159_mPFF_LA_left,0.669884685,LA,left,1159,mPFF,0.669884685,FALSE,LA,CTXsp,1159_mPFF,LA_left
1159_mPFF_LA_right,0.568602916,LA,right,1159,mPFF,0.568602916,FALSE,LA,CTXsp,1159_mPFF,LA_right
1159_mPFF_LGd_left,0.690296793,LGd,left,1159,mPFF,0.690296793,FALSE,LGd,TH,1159_mPFF,LGd_left
1159_mPFF_LGd_right,0.697466254,LGd,right,1159,mPFF,0.697466254,FALSE,LGd,TH,1159_mPFF,LGd_right
1159_mPFF_LGv_left,0.591364943,LGv,left,1159,mPFF,0.591364943,FALSE,LGv,TH,1159_mPFF,LGv_left
1159_mPFF_LGv_right,0.805990861,LGv,right,1159,mPFF,0.805990861,FALSE,LGv,TH,1159_mPFF,LGv_right
1159_mPFF_LHA_left,-0.045923164,LHA,left,1159,mPFF,0,FALSE,LHA,HY,1159_mPFF,LHA_left
1159_mPFF_LHA_right,0.019769306,LHA,right,1159,mPFF,0.019769306,FALSE,LHA,HY,1159_mPFF,LHA_right
1159_mPFF_LH_left,-0.261163124,LH,left,1159,mPFF,0,FALSE,LH,TH,1159_mPFF,LH_left
1159_mPFF_LH_right,0.17377462,LH,right,1159,mPFF,0.17377462,FALSE,LH,TH,1159_mPFF,LH_right
1159_mPFF_LP_left,0.692629016,LP,left,1159,mPFF,0.692629016,FALSE,LP,TH,1159_mPFF,LP_left
1159_mPFF_LP_right,0.673903842,LP,right,1159,mPFF,0.673903842,FALSE,LP,TH,1159_mPFF,LP_right
1159_mPFF_LS_left,0.620434129,LS,left,1159,mPFF,0.620434129,FALSE,LS,STR,1159_mPFF,LS_left
1159_mPFF_LS_right,0.655235389,LS,right,1159,mPFF,0.655235389,FALSE,LS,STR,1159_mPFF,LS_right
1159_mPFF_MB_left,0.237726523,MB,left,1159,mPFF,0.237726523,FALSE,MB,MB,1159_mPFF,MB_left
1159_mPFF_MB_right,0.333206724,MB,right,1159,mPFF,0.333206724,FALSE,MB,MB,1159_mPFF,MB_right
1159_mPFF_MD_left,0.483888257,MD,left,1159,mPFF,0.483888257,FALSE,MD,TH,1159_mPFF,MD_left
1159_mPFF_MD_right,0.569854052,MD,right,1159,mPFF,0.569854052,FALSE,MD,TH,1159_mPFF,MD_right
1159_mPFF_MEA_left,0.508524052,MEA,left,1159,mPFF,0.508524052,FALSE,MEA,STR,1159_mPFF,MEA_left
1159_mPFF_MEA_right,0.577167993,MEA,right,1159,mPFF,0.577167993,FALSE,MEA,STR,1159_mPFF,MEA_right
1159_mPFF_ME_left,-5,ME,left,1159,mPFF,0,FALSE,ME,HY,1159_mPFF,ME_left
1159_mPFF_ME_right,-5,ME,right,1159,mPFF,0,FALSE,ME,HY,1159_mPFF,ME_right
1159_mPFF_MH_left,-0.455016306,MH,left,1159,mPFF,0,FALSE,MH,TH,1159_mPFF,MH_left
1159_mPFF_MH_right,-0.064313311,MH,right,1159,mPFF,0,FALSE,MH,TH,1159_mPFF,MH_right
1159_mPFF_MOp_left,0.801246612,MOp,left,1159,mPFF,0.801246612,FALSE,MOp,Isocortex,1159_mPFF,MOp_left
1159_mPFF_MOp_right,0.775785335,MOp,right,1159,mPFF,0.775785335,FALSE,MOp,Isocortex,1159_mPFF,MOp_right
1159_mPFF_MOs_left,0.810068219,MOs,left,1159,mPFF,0.810068219,FALSE,MOs,Isocortex,1159_mPFF,MOs_left
1159_mPFF_MOs_right,0.755701595,MOs,right,1159,mPFF,0.755701595,FALSE,MOs,Isocortex,1159_mPFF,MOs_right
1159_mPFF_MRN_left,0.286131953,MRN,left,1159,mPFF,0.286131953,FALSE,MRN,MB,1159_mPFF,MRN_left
1159_mPFF_MRN_right,0.197279814,MRN,right,1159,mPFF,0.197279814,FALSE,MRN,MB,1159_mPFF,MRN_right
1159_mPFF_MS_left,-0.151683197,MS,left,1159,mPFF,0,FALSE,MS,PAL,1159_mPFF,MS_left
1159_mPFF_MS_right,0.174658948,MS,right,1159,mPFF,0.174658948,FALSE,MS,PAL,1159_mPFF,MS_right
1159_mPFF_NDB_left,0.218528289,NDB,left,1159,mPFF,0.218528289,FALSE,NDB,PAL,1159_mPFF,NDB_left
1159_mPFF_NDB_right,0.328815925,NDB,right,1159,mPFF,0.328815925,FALSE,NDB,PAL,1159_mPFF,NDB_right
1159_mPFF_NLL_left,0.032335167,NLL,left,1159,mPFF,0.032335167,FALSE,NLL,P,1159_mPFF,NLL_left
1159_mPFF_NLL_right,0.050663288,NLL,right,1159,mPFF,0.050663288,FALSE,NLL,P,1159_mPFF,NLL_right
1159_mPFF_OLF_left,0.613394012,OLF,left,1159,mPFF,0.613394012,FALSE,OLF,OLF,1159_mPFF,OLF_left
1159_mPFF_OLF_right,0.496889571,OLF,right,1159,mPFF,0.496889571,FALSE,OLF,OLF,1159_mPFF,OLF_right
1159_mPFF_OT_left,0.637671274,OT,left,1159,mPFF,0.637671274,FALSE,OT,STR,1159_mPFF,OT_left
1159_mPFF_OT_right,0.642757992,OT,right,1159,mPFF,0.642757992,FALSE,OT,STR,1159_mPFF,OT_right
1159_mPFF_PAA_left,0.661432704,PAA,left,1159,mPFF,0.661432704,FALSE,PAA,OLF,1159_mPFF,PAA_left
1159_mPFF_PAA_right,0.818082404,PAA,right,1159,mPFF,0.818082404,FALSE,PAA,OLF,1159_mPFF,PAA_right
1159_mPFF_PAG_left,0.240792088,PAG,left,1159,mPFF,0.240792088,FALSE,PAG,MB,1159_mPFF,PAG_left
1159_mPFF_PAG_right,0.297958212,PAG,right,1159,mPFF,0.297958212,FALSE,PAG,MB,1159_mPFF,PAG_right
1159_mPFF_PAL_left,0.504323349,PAL,left,1159,mPFF,0.504323349,FALSE,PAL,PAL,1159_mPFF,PAL_left
1159_mPFF_PAL_right,0.232264652,PAL,right,1159,mPFF,0.232264652,FALSE,PAL,PAL,1159_mPFF,PAL_right
1159_mPFF_PALd_right,0.175161707,PALd,right,1159,mPFF,0.175161707,FALSE,PAL,PAL,1159_mPFF,PALd_right
1159_mPFF_PAR_left,0.532232298,PAR,left,1159,mPFF,0.532232298,FALSE,PAR,HPF,1159_mPFF,PAR_left
1159_mPFF_PAR_right,0.662317885,PAR,right,1159,mPFF,0.662317885,FALSE,PAR,HPF,1159_mPFF,PAR_right
1159_mPFF_PBG_left,0.398433975,PBG,left,1159,mPFF,0.398433975,FALSE,PBG,MB,1159_mPFF,PBG_left
1159_mPFF_PBG_right,0.339141271,PBG,right,1159,mPFF,0.339141271,FALSE,PBG,MB,1159_mPFF,PBG_right
1159_mPFF_PCN_left,0.585005271,PCN,left,1159,mPFF,0.585005271,FALSE,PCN,TH,1159_mPFF,PCN_left
1159_mPFF_PCN_right,0.611230988,PCN,right,1159,mPFF,0.611230988,FALSE,PCN,TH,1159_mPFF,PCN_right
1159_mPFF_PERI_left,0.792006937,PERI,left,1159,mPFF,0.792006937,FALSE,PERI,Isocortex,1159_mPFF,PERI_left
1159_mPFF_PERI_right,1.049046675,PERI,right,1159,mPFF,1,FALSE,PERI,Isocortex,1159_mPFF,PERI_right
1159_mPFF_PG_left,0.37162625,PG,left,1159,mPFF,0.37162625,FALSE,PG,P,1159_mPFF,PG_left
1159_mPFF_PG_right,0.236395074,PG,right,1159,mPFF,0.236395074,FALSE,PG,P,1159_mPFF,PG_right
1159_mPFF_PH_left,-0.228928641,PH,left,1159,mPFF,0,FALSE,PH,HY,1159_mPFF,PH_left
1159_mPFF_PH_right,-0.093666888,PH,right,1159,mPFF,0,FALSE,PH,HY,1159_mPFF,PH_right
1159_mPFF_PIR_left,0.73159817,PIR,left,1159,mPFF,0.73159817,FALSE,PIR,OLF,1159_mPFF,PIR_left
1159_mPFF_PIR_right,0.623700067,PIR,right,1159,mPFF,0.623700067,FALSE,PIR,OLF,1159_mPFF,PIR_right
1159_mPFF_POST_left,0.725347335,POST,left,1159,mPFF,0.725347335,FALSE,POST,HPF,1159_mPFF,POST_left
1159_mPFF_POST_right,0.763957474,POST,right,1159,mPFF,0.763957474,FALSE,POST,HPF,1159_mPFF,POST_right
1159_mPFF_PO_left,0.781610252,PO,left,1159,mPFF,0.781610252,FALSE,PO,TH,1159_mPFF,PO_left
1159_mPFF_PO_right,0.755288196,PO,right,1159,mPFF,0.755288196,FALSE,PO,TH,1159_mPFF,PO_right
1159_mPFF_PPN_left,0.149892507,PPN,left,1159,mPFF,0.149892507,FALSE,PPN,MB,1159_mPFF,PPN_left
1159_mPFF_PPN_right,0.227956998,PPN,right,1159,mPFF,0.227956998,FALSE,PPN,MB,1159_mPFF,PPN_right
1159_mPFF_PRE_left,0.641076758,PRE,left,1159,mPFF,0.641076758,FALSE,PRE,HPF,1159_mPFF,PRE_left
1159_mPFF_PRE_right,0.631473953,PRE,right,1159,mPFF,0.631473953,FALSE,PRE,HPF,1159_mPFF,PRE_right
1159_mPFF_PRNr_left,0.2437181,PRNr,left,1159,mPFF,0.2437181,FALSE,PRNr,P,1159_mPFF,PRNr_left
1159_mPFF_PRNr_right,0.444729153,PRNr,right,1159,mPFF,0.444729153,FALSE,PRNr,P,1159_mPFF,PRNr_right
1159_mPFF_PR_left,-0.068111472,PR,left,1159,mPFF,0,FALSE,PR,TH,1159_mPFF,PR_left
1159_mPFF_PR_right,-0.333768236,PR,right,1159,mPFF,0,FALSE,PR,TH,1159_mPFF,PR_right
1159_mPFF_PST_left,0.236850432,PST,left,1159,mPFF,0.236850432,FALSE,PST,HY,1159_mPFF,PST_left
1159_mPFF_PST_right,0.646974775,PST,right,1159,mPFF,0.646974775,FALSE,PST,HY,1159_mPFF,PST_right
1159_mPFF_PVT_left,-0.415560647,PVT,left,1159,mPFF,0,FALSE,PVT,TH,1159_mPFF,PVT_left
1159_mPFF_PVT_right,-0.515103287,PVT,right,1159,mPFF,0,FALSE,PVT,TH,1159_mPFF,PVT_right
1159_mPFF_PVZ_left,-1.417272902,PVZ,left,1159,mPFF,0,FALSE,PVZ,HY,1159_mPFF,PVZ_left
1159_mPFF_PVZ_right,-0.189249523,PVZ,right,1159,mPFF,0,FALSE,PVZ,HY,1159_mPFF,PVZ_right
1159_mPFF_P_left,-0.076160532,P,left,1159,mPFF,0,FALSE,P,P,1159_mPFF,P_left
1159_mPFF_P_right,-0.078328592,P,right,1159,mPFF,0,FALSE,P,P,1159_mPFF,P_right
1159_mPFF_Pa4_left,0.033749793,Pa4,left,1159,mPFF,0.033749793,FALSE,Pa4,MB,1159_mPFF,Pa4_left
1159_mPFF_Pa4_right,-0.817619802,Pa4,right,1159,mPFF,0,FALSE,Pa4,MB,1159_mPFF,Pa4_right
1159_mPFF_PeF_right,-5,PeF,right,1159,mPFF,0,FALSE,PeF,HY,1159_mPFF,PeF_right
1159_mPFF_RE_left,-0.028840078,RE,left,1159,mPFF,0,FALSE,RE,TH,1159_mPFF,RE_left
1159_mPFF_RE_right,-0.42694504,RE,right,1159,mPFF,0,FALSE,RE,TH,1159_mPFF,RE_right
1159_mPFF_RH_right,0.588235844,RH,right,1159,mPFF,0.588235844,FALSE,RH,TH,1159_mPFF,RH_right
1159_mPFF_RSPagl_left,0.826301309,RSPagl,left,1159,mPFF,0.826301309,FALSE,RSP,Isocortex,1159_mPFF,RSPagl_left
1159_mPFF_RSPagl_right,0.639638283,RSPagl,right,1159,mPFF,0.639638283,FALSE,RSP,Isocortex,1159_mPFF,RSPagl_right
1159_mPFF_RSPd_left,0.730375346,RSPd,left,1159,mPFF,0.730375346,FALSE,RSP,Isocortex,1159_mPFF,RSPd_left
1159_mPFF_RSPd_right,0.803450583,RSPd,right,1159,mPFF,0.803450583,FALSE,RSP,Isocortex,1159_mPFF,RSPd_right
1159_mPFF_RSPv_left,0.787080931,RSPv,left,1159,mPFF,0.787080931,FALSE,RSP,Isocortex,1159_mPFF,RSPv_left
1159_mPFF_RSPv_right,0.800877407,RSPv,right,1159,mPFF,0.800877407,FALSE,RSP,Isocortex,1159_mPFF,RSPv_right
1159_mPFF_RT_left,0.567673886,RT,left,1159,mPFF,0.567673886,FALSE,RT,TH,1159_mPFF,RT_left
1159_mPFF_RT_right,0.676121607,RT,right,1159,mPFF,0.676121607,FALSE,RT,TH,1159_mPFF,RT_right
1159_mPFF_SAG_left,0.419234636,SAG,left,1159,mPFF,0.419234636,FALSE,SAG,MB,1159_mPFF,SAG_left
1159_mPFF_SAG_right,0.363458227,SAG,right,1159,mPFF,0.363458227,FALSE,SAG,MB,1159_mPFF,SAG_right
1159_mPFF_SCm_left,0.465996334,SCm,left,1159,mPFF,0.465996334,FALSE,MBmot,MB,1159_mPFF,SCm_left
1159_mPFF_SCm_right,0.506257713,SCm,right,1159,mPFF,0.506257713,FALSE,MBmot,MB,1159_mPFF,SCm_right
1159_mPFF_SCs_left,0.506806807,SCs,left,1159,mPFF,0.506806807,FALSE,MBsen,MB,1159_mPFF,SCs_left
1159_mPFF_SCs_right,0.550330032,SCs,right,1159,mPFF,0.550330032,FALSE,MBsen,MB,1159_mPFF,SCs_right
1159_mPFF_SEZ_left,0.311416106,SEZ,left,1159,mPFF,0.311416106,TRUE,SEZ,VS,1159_mPFF,SEZ_left
1159_mPFF_SEZ_right,-0.620726976,SEZ,right,1159,mPFF,0,TRUE,SEZ,VS,1159_mPFF,SEZ_right
1159_mPFF_SH_left,0.545467437,SH,left,1159,mPFF,0.545467437,FALSE,SH,STR,1159_mPFF,SH_left
1159_mPFF_SH_right,0.799535788,SH,right,1159,mPFF,0.799535788,FALSE,SH,STR,1159_mPFF,SH_right
1159_mPFF_SI_left,0.567229696,SI,left,1159,mPFF,0.567229696,FALSE,SI,PAL,1159_mPFF,SI_left
1159_mPFF_SI_right,0.489691266,SI,right,1159,mPFF,0.489691266,FALSE,SI,PAL,1159_mPFF,SI_right
1159_mPFF_SMT_right,0.065309339,SMT,right,1159,mPFF,0.065309339,FALSE,SMT,TH,1159_mPFF,SMT_right
1159_mPFF_SSp-bfd_left,1.008596684,SSp-bfd,left,1159,mPFF,1,FALSE,SSp,Isocortex,1159_mPFF,SSp-bfd_left
1159_mPFF_SSp-bfd_right,0.774239158,SSp-bfd,right,1159,mPFF,0.774239158,FALSE,SSp,Isocortex,1159_mPFF,SSp-bfd_right
1159_mPFF_SSp-m_left,0.816620955,SSp-m,left,1159,mPFF,0.816620955,FALSE,SSp,Isocortex,1159_mPFF,SSp-m_left
1159_mPFF_SSp-m_right,0.956778168,SSp-m,right,1159,mPFF,0.956778168,FALSE,SSp,Isocortex,1159_mPFF,SSp-m_right
1159_mPFF_SSp-ul_left,1.087011621,SSp-ul,left,1159,mPFF,1,FALSE,SSp,Isocortex,1159_mPFF,SSp-ul_left
1159_mPFF_SSp-ul_right,1.261985952,SSp-ul,right,1159,mPFF,1,FALSE,SSp,Isocortex,1159_mPFF,SSp-ul_right
1159_mPFF_SSs_left,0.936081022,SSs,left,1159,mPFF,0.936081022,FALSE,SSs,Isocortex,1159_mPFF,SSs_left
1159_mPFF_SSs_right,0.655845304,SSs,right,1159,mPFF,0.655845304,FALSE,SSs,Isocortex,1159_mPFF,SSs_right
1159_mPFF_STN_left,0.20327124,STN,left,1159,mPFF,0.20327124,FALSE,STN,HY,1159_mPFF,STN_left
1159_mPFF_STN_right,0.304687516,STN,right,1159,mPFF,0.304687516,FALSE,STN,HY,1159_mPFF,STN_right
1159_mPFF_STR_left,0.557919474,STR,left,1159,mPFF,0.557919474,FALSE,STR,STR,1159_mPFF,STR_left
1159_mPFF_STR_right,0.574651616,STR,right,1159,mPFF,0.574651616,FALSE,STR,STR,1159_mPFF,STR_right
1159_mPFF_SUB_left,0.153531609,SUB,left,1159,mPFF,0.153531609,FALSE,SUB,HPF,1159_mPFF,SUB_left
1159_mPFF_SUB_right,0.36771511,SUB,right,1159,mPFF,0.36771511,FALSE,SUB,HPF,1159_mPFF,SUB_right
1159_mPFF_Su3_left,0.4808612,Su3,left,1159,mPFF,0.4808612,FALSE,Su3,MB,1159_mPFF,Su3_left
1159_mPFF_Su3_right,-1.048263763,Su3,right,1159,mPFF,0,FALSE,Su3,MB,1159_mPFF,Su3_right
1159_mPFF_TEa_left,0.561599959,TEa,left,1159,mPFF,0.561599959,FALSE,TEa,Isocortex,1159_mPFF,TEa_left
1159_mPFF_TEa_right,0.632577017,TEa,right,1159,mPFF,0.632577017,FALSE,TEa,Isocortex,1159_mPFF,TEa_right
1159_mPFF_TH_left,0.603750879,TH,left,1159,mPFF,0.603750879,FALSE,TH,TH,1159_mPFF,TH_left
1159_mPFF_TH_right,0.651353686,TH,right,1159,mPFF,0.651353686,FALSE,TH,TH,1159_mPFF,TH_right
1159_mPFF_TRN_left,0.372518098,TRN,left,1159,mPFF,0.372518098,FALSE,TRN,P,1159_mPFF,TRN_left
1159_mPFF_TRN_right,0.393409501,TRN,right,1159,mPFF,0.393409501,FALSE,TRN,P,1159_mPFF,TRN_right
1159_mPFF_TU_left,0.417073296,TU,left,1159,mPFF,0.417073296,FALSE,TU,HY,1159_mPFF,TU_left
1159_mPFF_TU_right,0.181392818,TU,right,1159,mPFF,0.181392818,FALSE,TU,HY,1159_mPFF,TU_right
1159_mPFF_V3_left,-0.364595452,V3,left,1159,mPFF,0,TRUE,V3,VS,1159_mPFF,V3_left
1159_mPFF_V3_right,-0.272542781,V3,right,1159,mPFF,0,TRUE,V3,VS,1159_mPFF,V3_right
1159_mPFF_VAL_right,0.620636646,VAL,right,1159,mPFF,0.620636646,FALSE,VAL,TH,1159_mPFF,VAL_right
1159_mPFF_VISC_right,0.601433248,VISC,right,1159,mPFF,0.601433248,FALSE,VISC,Isocortex,1159_mPFF,VISC_right
1159_mPFF_VISa_left,0.871977064,VISa,left,1159,mPFF,0.871977064,FALSE,VISa,Isocortex,1159_mPFF,VISa_left
1159_mPFF_VISa_right,0.738092066,VISa,right,1159,mPFF,0.738092066,FALSE,VISa,Isocortex,1159_mPFF,VISa_right
1159_mPFF_VISam_left,0.866858543,VISam,left,1159,mPFF,0.866858543,FALSE,VISam,Isocortex,1159_mPFF,VISam_left
1159_mPFF_VISam_right,0.603485989,VISam,right,1159,mPFF,0.603485989,FALSE,VISam,Isocortex,1159_mPFF,VISam_right
1159_mPFF_VISl_left,1.020688338,VISl,left,1159,mPFF,1,FALSE,VISl,Isocortex,1159_mPFF,VISl_left
1159_mPFF_VISl_right,0.855300581,VISl,right,1159,mPFF,0.855300581,FALSE,VISl,Isocortex,1159_mPFF,VISl_right
1159_mPFF_VISli_left,1.137694733,VISli,left,1159,mPFF,1,FALSE,VISli,Isocortex,1159_mPFF,VISli_left
1159_mPFF_VISli_right,0.809331627,VISli,right,1159,mPFF,0.809331627,FALSE,VISli,Isocortex,1159_mPFF,VISli_right
1159_mPFF_VISp_left,0.908067555,VISp,left,1159,mPFF,0.908067555,FALSE,VISp,Isocortex,1159_mPFF,VISp_left
1159_mPFF_VISp_right,0.989189671,VISp,right,1159,mPFF,0.989189671,FALSE,VISp,Isocortex,1159_mPFF,VISp_right
1159_mPFF_VISpl_left,0.549491889,VISpl,left,1159,mPFF,0.549491889,FALSE,VISpl,Isocortex,1159_mPFF,VISpl_left
1159_mPFF_VISpl_right,0.229123622,VISpl,right,1159,mPFF,0.229123622,FALSE,VISpl,Isocortex,1159_mPFF,VISpl_right
1159_mPFF_VISpor_left,0.791527174,VISpor,left,1159,mPFF,0.791527174,FALSE,VISpor,Isocortex,1159_mPFF,VISpor_left
1159_mPFF_VISpor_right,0.731340588,VISpor,right,1159,mPFF,0.731340588,FALSE,VISpor,Isocortex,1159_mPFF,VISpor_right
1159_mPFF_VISrl_left,0.993250609,VISrl,left,1159,mPFF,0.993250609,FALSE,VISrl,Isocortex,1159_mPFF,VISrl_left
1159_mPFF_VISrl_right,0.844975026,VISrl,right,1159,mPFF,0.844975026,FALSE,VISrl,Isocortex,1159_mPFF,VISrl_right
1159_mPFF_VL_left,0.047473939,VL,left,1159,mPFF,0.047473939,TRUE,VL,VS,1159_mPFF,VL_left
1159_mPFF_VL_right,-0.530751124,VL,right,1159,mPFF,0,TRUE,VL,VS,1159_mPFF,VL_right
1159_mPFF_VMH_left,0.382686264,VMH,left,1159,mPFF,0.382686264,FALSE,VMH,HY,1159_mPFF,VMH_left
1159_mPFF_VMH_right,0.271050579,VMH,right,1159,mPFF,0.271050579,FALSE,VMH,HY,1159_mPFF,VMH_right
1159_mPFF_VM_left,0.223430248,VM,left,1159,mPFF,0.223430248,FALSE,VM,TH,1159_mPFF,VM_left
1159_mPFF_VM_right,0.229745438,VM,right,1159,mPFF,0.229745438,FALSE,VM,TH,1159_mPFF,VM_right
1159_mPFF_VPL_left,0.666161967,VPL,left,1159,mPFF,0.666161967,FALSE,VPL,TH,1159_mPFF,VPL_left
1159_mPFF_VPL_right,0.758689364,VPL,right,1159,mPFF,0.758689364,FALSE,VPL,TH,1159_mPFF,VPL_right
1159_mPFF_VPM_left,0.625599083,VPM,left,1159,mPFF,0.625599083,FALSE,VPM,TH,1159_mPFF,VPM_left
1159_mPFF_VPM_right,0.596097162,VPM,right,1159,mPFF,0.596097162,FALSE,VPM,TH,1159_mPFF,VPM_right
1159_mPFF_VP_left,0.373292975,VP,left,1159,mPFF,0.373292975,FALSE,VP,TH,1159_mPFF,VP_left
1159_mPFF_VP_right,0.720215114,VP,right,1159,mPFF,0.720215114,FALSE,VP,TH,1159_mPFF,VP_right
1159_mPFF_Xi_left,-0.521991478,Xi,left,1159,mPFF,0,FALSE,Xi,TH,1159_mPFF,Xi_left
1159_mPFF_Xi_right,-0.053798487,Xi,right,1159,mPFF,0,FALSE,Xi,TH,1159_mPFF,Xi_right
1159_mPFF_ZI_left,0.459312877,ZI,left,1159,mPFF,0.459312877,FALSE,ZI,HY,1159_mPFF,ZI_left
1159_mPFF_ZI_right,0.142592947,ZI,right,1159,mPFF,0.142592947,FALSE,ZI,HY,1159_mPFF,ZI_right
1159_mPFF_alv_left,0.581850286,alv,left,1159,mPFF,0.581850286,TRUE,alv,fiber tracts,1159_mPFF,alv_left
1159_mPFF_alv_right,0.379616656,alv,right,1159,mPFF,0.379616656,TRUE,alv,fiber tracts,1159_mPFF,alv_right
1159_mPFF_amc_left,0.641373416,amc,left,1159,mPFF,0.641373416,TRUE,amc,fiber tracts,1159_mPFF,amc_left
1159_mPFF_amc_right,0.548030968,amc,right,1159,mPFF,0.548030968,TRUE,amc,fiber tracts,1159_mPFF,amc_right
1159_mPFF_ar_left,0.489194699,ar,left,1159,mPFF,0.489194699,TRUE,ar,fiber tracts,1159_mPFF,ar_left
1159_mPFF_ar_right,0.345208174,ar,right,1159,mPFF,0.345208174,TRUE,ar,fiber tracts,1159_mPFF,ar_right
1159_mPFF_bic_left,0.484461262,bic,left,1159,mPFF,0.484461262,TRUE,bic,fiber tracts,1159_mPFF,bic_left
1159_mPFF_bic_right,0.528787472,bic,right,1159,mPFF,0.528787472,TRUE,bic,fiber tracts,1159_mPFF,bic_right
1159_mPFF_cc_left,0.122493936,cc,left,1159,mPFF,0.122493936,TRUE,cc,fiber tracts,1159_mPFF,cc_left
1159_mPFF_cc_right,0.196776461,cc,right,1159,mPFF,0.196776461,TRUE,cc,fiber tracts,1159_mPFF,cc_right
1159_mPFF_ccg_left,-0.020920549,ccg,left,1159,mPFF,0,TRUE,ccg,fiber tracts,1159_mPFF,ccg_left
1159_mPFF_ccg_right,0.145001321,ccg,right,1159,mPFF,0.145001321,TRUE,ccg,fiber tracts,1159_mPFF,ccg_right
1159_mPFF_chpl_left,-0.243235268,chpl,left,1159,mPFF,0,TRUE,chpl,VS,1159_mPFF,chpl_left
1159_mPFF_chpl_right,-0.517235976,chpl,right,1159,mPFF,0,TRUE,chpl,VS,1159_mPFF,chpl_right
1159_mPFF_cing_left,0.27824125,cing,left,1159,mPFF,0.27824125,TRUE,cing,fiber tracts,1159_mPFF,cing_left
1159_mPFF_cing_right,0.458627485,cing,right,1159,mPFF,0.458627485,TRUE,cing,fiber tracts,1159_mPFF,cing_right
1159_mPFF_cst_left,0.675572562,cst,left,1159,mPFF,0.675572562,TRUE,cst,fiber tracts,1159_mPFF,cst_left
1159_mPFF_cst_right,0.552152818,cst,right,1159,mPFF,0.552152818,TRUE,cst,fiber tracts,1159_mPFF,cst_right
1159_mPFF_dhc_left,0.579788454,dhc,left,1159,mPFF,0.579788454,TRUE,dhc,fiber tracts,1159_mPFF,dhc_left
1159_mPFF_dhc_right,0.358045463,dhc,right,1159,mPFF,0.358045463,TRUE,dhc,fiber tracts,1159_mPFF,dhc_right
1159_mPFF_dscp_left,0.047792462,dscp,left,1159,mPFF,0.047792462,TRUE,dscp,fiber tracts,1159_mPFF,dscp_left
1159_mPFF_dscp_right,-1.503901916,dscp,right,1159,mPFF,0,TRUE,dscp,fiber tracts,1159_mPFF,dscp_right
1159_mPFF_ec_left,0.31007199,ec,left,1159,mPFF,0.31007199,TRUE,ec,fiber tracts,1159_mPFF,ec_left
1159_mPFF_ec_right,0.418320534,ec,right,1159,mPFF,0.418320534,TRUE,ec,fiber tracts,1159_mPFF,ec_right
1159_mPFF_em_left,-0.502332743,em,left,1159,mPFF,0,TRUE,em,fiber tracts,1159_mPFF,em_left
1159_mPFF_em_right,0.517255869,em,right,1159,mPFF,0.517255869,TRUE,em,fiber tracts,1159_mPFF,em_right
1159_mPFF_fi_left,0.309197,fi,left,1159,mPFF,0.309197,TRUE,fi,fiber tracts,1159_mPFF,fi_left
1159_mPFF_fi_right,0.188369264,fi,right,1159,mPFF,0.188369264,TRUE,fi,fiber tracts,1159_mPFF,fi_right
1159_mPFF_fiber tracts_left,0.155881887,fiber tracts,left,1159,mPFF,0.155881887,TRUE,fiber tracts,fiber tracts,1159_mPFF,fiber tracts_left
1159_mPFF_fiber tracts_right,0.166339662,fiber tracts,right,1159,mPFF,0.166339662,TRUE,fiber tracts,fiber tracts,1159_mPFF,fiber tracts_right
1159_mPFF_fr_left,-0.143753268,fr,left,1159,mPFF,0,TRUE,fr,fiber tracts,1159_mPFF,fr_left
1159_mPFF_fr_right,-0.506078059,fr,right,1159,mPFF,0,TRUE,fr,fiber tracts,1159_mPFF,fr_right
1159_mPFF_fx_left,-0.340554622,fx,left,1159,mPFF,0,TRUE,fx,fiber tracts,1159_mPFF,fx_left
1159_mPFF_fx_right,-0.751355169,fx,right,1159,mPFF,0,TRUE,fx,fiber tracts,1159_mPFF,fx_right
1159_mPFF_hbc_left,0.077254485,hbc,left,1159,mPFF,0.077254485,TRUE,hbc,fiber tracts,1159_mPFF,hbc_left
1159_mPFF_hbc_right,0.29804758,hbc,right,1159,mPFF,0.29804758,TRUE,hbc,fiber tracts,1159_mPFF,hbc_right
1159_mPFF_int_left,-0.095366647,int,left,1159,mPFF,0,TRUE,int,fiber tracts,1159_mPFF,int_left
1159_mPFF_int_right,0.095191008,int,right,1159,mPFF,0.095191008,TRUE,int,fiber tracts,1159_mPFF,int_right
1159_mPFF_ll_left,0.099049073,ll,left,1159,mPFF,0.099049073,TRUE,ll,fiber tracts,1159_mPFF,ll_left
1159_mPFF_ll_right,0.143866648,ll,right,1159,mPFF,0.143866648,TRUE,ll,fiber tracts,1159_mPFF,ll_right
1159_mPFF_lotg_left,0.651434656,lotg,left,1159,mPFF,0.651434656,TRUE,In,fiber tracts,1159_mPFF,lotg_left
1159_mPFF_lotg_right,0.265271031,lotg,right,1159,mPFF,0.265271031,TRUE,In,fiber tracts,1159_mPFF,lotg_right
1159_mPFF_mcp_left,0.12993707,mcp,left,1159,mPFF,0.12993707,TRUE,mcp,fiber tracts,1159_mPFF,mcp_left
1159_mPFF_mcp_right,-0.26838338,mcp,right,1159,mPFF,0,TRUE,mcp,fiber tracts,1159_mPFF,mcp_right
1159_mPFF_ml_left,0.367050488,ml,left,1159,mPFF,0.367050488,TRUE,ml,fiber tracts,1159_mPFF,ml_left
1159_mPFF_ml_right,0.493059398,ml,right,1159,mPFF,0.493059398,TRUE,ml,fiber tracts,1159_mPFF,ml_right
1159_mPFF_mlf_left,-0.011397272,mlf,left,1159,mPFF,0,TRUE,mlf,fiber tracts,1159_mPFF,mlf_left
1159_mPFF_mlf_right,0.817360149,mlf,right,1159,mPFF,0.817360149,TRUE,mlf,fiber tracts,1159_mPFF,mlf_right
1159_mPFF_moV_left,0.274508304,moV,left,1159,mPFF,0.274508304,TRUE,moV,fiber tracts,1159_mPFF,moV_left
1159_mPFF_moV_right,-0.945428919,moV,right,1159,mPFF,0,TRUE,moV,fiber tracts,1159_mPFF,moV_right
1159_mPFF_mtg_left,0.025570628,mtg,left,1159,mPFF,0.025570628,TRUE,mtg,fiber tracts,1159_mPFF,mtg_left
1159_mPFF_mtg_right,-0.421989844,mtg,right,1159,mPFF,0,TRUE,mtg,fiber tracts,1159_mPFF,mtg_right
1159_mPFF_mtt_left,0.524641912,mtt,left,1159,mPFF,0.524641912,TRUE,mtt,fiber tracts,1159_mPFF,mtt_left
1159_mPFF_mtt_right,0.778353824,mtt,right,1159,mPFF,0.778353824,TRUE,mtt,fiber tracts,1159_mPFF,mtt_right
1159_mPFF_nst_left,0.174052956,nst,left,1159,mPFF,0.174052956,TRUE,nst,fiber tracts,1159_mPFF,nst_left
1159_mPFF_nst_right,0.31332692,nst,right,1159,mPFF,0.31332692,TRUE,nst,fiber tracts,1159_mPFF,nst_right
1159_mPFF_opt_left,-0.738669232,opt,left,1159,mPFF,0,TRUE,opt,fiber tracts,1159_mPFF,opt_left
1159_mPFF_opt_right,0.085584623,opt,right,1159,mPFF,0.085584623,TRUE,opt,fiber tracts,1159_mPFF,opt_right
1159_mPFF_or_left,0.377939255,or,left,1159,mPFF,0.377939255,TRUE,or,fiber tracts,1159_mPFF,or_left
1159_mPFF_or_right,0.356382341,or,right,1159,mPFF,0.356382341,TRUE,or,fiber tracts,1159_mPFF,or_right
1159_mPFF_rust_left,0.0192532,rust,left,1159,mPFF,0.0192532,TRUE,rust,fiber tracts,1159_mPFF,rust_left
1159_mPFF_rust_right,-0.118600581,rust,right,1159,mPFF,0,TRUE,rust,fiber tracts,1159_mPFF,rust_right
1159_mPFF_sV_left,-1.607149395,sV,left,1159,mPFF,0,TRUE,sV,fiber tracts,1159_mPFF,sV_left
1159_mPFF_sV_right,-1.049368784,sV,right,1159,mPFF,0,TRUE,sV,fiber tracts,1159_mPFF,sV_right
1159_mPFF_scp_left,-0.177244696,scp,left,1159,mPFF,0,TRUE,scp,fiber tracts,1159_mPFF,scp_left
1159_mPFF_scp_right,0.266290873,scp,right,1159,mPFF,0.266290873,TRUE,scp,fiber tracts,1159_mPFF,scp_right
1159_mPFF_scwm_left,-0.086001259,scwm,left,1159,mPFF,0,TRUE,scwm,fiber tracts,1159_mPFF,scwm_left
1159_mPFF_scwm_right,0.26215275,scwm,right,1159,mPFF,0.26215275,TRUE,scwm,fiber tracts,1159_mPFF,scwm_right
1159_mPFF_st_left,0.274238473,st,left,1159,mPFF,0.274238473,TRUE,st,fiber tracts,1159_mPFF,st_left
1159_mPFF_st_right,0.518218824,st,right,1159,mPFF,0.518218824,TRUE,st,fiber tracts,1159_mPFF,st_right
1159_mPFF_stc_right,-0.095946446,stc,right,1159,mPFF,0,TRUE,stc,fiber tracts,1159_mPFF,stc_right
1159_mPFF_sup_left,-0.580175408,sup,left,1159,mPFF,0,TRUE,sup,fiber tracts,1159_mPFF,sup_left
1159_mPFF_sup_right,-0.032865369,sup,right,1159,mPFF,0,TRUE,sup,fiber tracts,1159_mPFF,sup_right
1159_mPFF_tspc_left,-0.206436862,tspc,left,1159,mPFF,0,TRUE,tspc,fiber tracts,1159_mPFF,tspc_left
1159_mPFF_tspc_right,0.01222184,tspc,right,1159,mPFF,0.01222184,TRUE,tspc,fiber tracts,1159_mPFF,tspc_right
1160_mPFF_AIp_left,-1.359014442,AIp,left,1160,mPFF,0,FALSE,AI,Isocortex,1160_mPFF,AIp_left
1160_mPFF_AIp_right,0.532953721,AIp,right,1160,mPFF,0.532953721,FALSE,AI,Isocortex,1160_mPFF,AIp_right
1160_mPFF_APr_left,0.800444853,APr,left,1160,mPFF,0.800444853,FALSE,APr,HPF,1160_mPFF,APr_left
1160_mPFF_APr_right,0.666413893,APr,right,1160,mPFF,0.666413893,FALSE,APr,HPF,1160_mPFF,APr_right
1160_mPFF_AQ_left,-5,AQ,left,1160,mPFF,0,TRUE,AQ,VS,1160_mPFF,AQ_left
1160_mPFF_AQ_right,-2.49206128,AQ,right,1160,mPFF,0,TRUE,AQ,VS,1160_mPFF,AQ_right
1160_mPFF_ARH_left,-0.627893376,ARH,left,1160,mPFF,0,FALSE,ARH,HY,1160_mPFF,ARH_left
1160_mPFF_ARH_right,-1.198517757,ARH,right,1160,mPFF,0,FALSE,ARH,HY,1160_mPFF,ARH_right
1160_mPFF_AUDd_left,0.883346971,AUDd,left,1160,mPFF,0.883346971,FALSE,AUDd,Isocortex,1160_mPFF,AUDd_left
1160_mPFF_AUDd_right,0.665504467,AUDd,right,1160,mPFF,0.665504467,FALSE,AUDd,Isocortex,1160_mPFF,AUDd_right
1160_mPFF_AUDp_left,0.849679976,AUDp,left,1160,mPFF,0.849679976,FALSE,AUDp,Isocortex,1160_mPFF,AUDp_left
1160_mPFF_AUDv_left,0.791362095,AUDv,left,1160,mPFF,0.791362095,FALSE,AUDv,Isocortex,1160_mPFF,AUDv_left
1160_mPFF_AUDv_right,0.731938676,AUDv,right,1160,mPFF,0.731938676,FALSE,AUDv,Isocortex,1160_mPFF,AUDv_right
1160_mPFF_BLA_left,0.509039708,BLA,left,1160,mPFF,0.509039708,FALSE,BLA,CTXsp,1160_mPFF,BLA_left
1160_mPFF_BLA_right,0.429782412,BLA,right,1160,mPFF,0.429782412,FALSE,BLA,CTXsp,1160_mPFF,BLA_right
1160_mPFF_BMA_left,0.495724405,BMA,left,1160,mPFF,0.495724405,FALSE,BMA,CTXsp,1160_mPFF,BMA_left
1160_mPFF_BMA_right,0.277960159,BMA,right,1160,mPFF,0.277960159,FALSE,BMA,CTXsp,1160_mPFF,BMA_right
1160_mPFF_CA1_left,0.833826237,CA1,left,1160,mPFF,0.833826237,FALSE,CA1,HPF,1160_mPFF,CA1_left
1160_mPFF_CA1_right,0.732738717,CA1,right,1160,mPFF,0.732738717,FALSE,CA1,HPF,1160_mPFF,CA1_right
1160_mPFF_CA2_left,0.759715363,CA2,left,1160,mPFF,0.759715363,FALSE,CA2,HPF,1160_mPFF,CA2_left
1160_mPFF_CA2_right,0.75436786,CA2,right,1160,mPFF,0.75436786,FALSE,CA2,HPF,1160_mPFF,CA2_right
1160_mPFF_CA3_left,0.711762378,CA3,left,1160,mPFF,0.711762378,FALSE,CA3,HPF,1160_mPFF,CA3_left
1160_mPFF_CA3_right,0.548825409,CA3,right,1160,mPFF,0.548825409,FALSE,CA3,HPF,1160_mPFF,CA3_right
1160_mPFF_CB_left,-2.067689903,CB,left,1160,mPFF,0,FALSE,CB,CB,1160_mPFF,CB_left
1160_mPFF_CB_right,-1.483734235,CB,right,1160,mPFF,0,FALSE,CB,CB,1160_mPFF,CB_right
1160_mPFF_CEA_left,0.675063661,CEA,left,1160,mPFF,0.675063661,FALSE,CEA,STR,1160_mPFF,CEA_left
1160_mPFF_CEA_right,0.498686175,CEA,right,1160,mPFF,0.498686175,FALSE,CEA,STR,1160_mPFF,CEA_right
1160_mPFF_CLI_left,-1.45789521,CLI,left,1160,mPFF,0,FALSE,CLI,MB,1160_mPFF,CLI_left
1160_mPFF_CLI_right,-0.106174404,CLI,right,1160,mPFF,0,FALSE,CLI,MB,1160_mPFF,CLI_right
1160_mPFF_CL_left,0.25470759,CL,left,1160,mPFF,0.25470759,FALSE,CL,TH,1160_mPFF,CL_left
1160_mPFF_CL_right,0.509641538,CL,right,1160,mPFF,0.509641538,FALSE,CL,TH,1160_mPFF,CL_right
1160_mPFF_CM_left,0.25044325,CM,left,1160,mPFF,0.25044325,FALSE,CM,TH,1160_mPFF,CM_left
1160_mPFF_CM_right,0.303083393,CM,right,1160,mPFF,0.303083393,FALSE,CM,TH,1160_mPFF,CM_right
1160_mPFF_COA_left,0.554725469,COA,left,1160,mPFF,0.554725469,FALSE,COA,OLF,1160_mPFF,COA_left
1160_mPFF_COA_right,0.374215622,COA,right,1160,mPFF,0.374215622,FALSE,COA,OLF,1160_mPFF,COA_right
1160_mPFF_COAp_left,0.549035343,COAp,left,1160,mPFF,0.549035343,FALSE,COA,OLF,1160_mPFF,COAp_left
1160_mPFF_COAp_right,1.089283525,COAp,right,1160,mPFF,1,FALSE,COA,OLF,1160_mPFF,COAp_right
1160_mPFF_CP_left,0.668251925,CP,left,1160,mPFF,0.668251925,FALSE,CP,STR,1160_mPFF,CP_left
1160_mPFF_CP_right,0.558520857,CP,right,1160,mPFF,0.558520857,FALSE,CP,STR,1160_mPFF,CP_right
1160_mPFF_CS_left,0.092947307,CS,left,1160,mPFF,0.092947307,FALSE,CS,P,1160_mPFF,CS_left
1160_mPFF_CS_right,-0.243836608,CS,right,1160,mPFF,0,FALSE,CS,P,1160_mPFF,CS_right
1160_mPFF_CTXsp_left,0.224642049,CTXsp,left,1160,mPFF,0.224642049,FALSE,CTXsp,CTXsp,1160_mPFF,CTXsp_left
1160_mPFF_CTXsp_right,0.519369273,CTXsp,right,1160,mPFF,0.519369273,FALSE,CTXsp,CTXsp,1160_mPFF,CTXsp_right
1160_mPFF_DG_left,0.426089233,DG,left,1160,mPFF,0.426089233,FALSE,DG,HPF,1160_mPFF,DG_left
1160_mPFF_DG_right,0.316273289,DG,right,1160,mPFF,0.316273289,FALSE,DG,HPF,1160_mPFF,DG_right
1160_mPFF_DMH_left,-0.040255559,DMH,left,1160,mPFF,0,FALSE,DMH,HY,1160_mPFF,DMH_left
1160_mPFF_DMH_right,0.038727952,DMH,right,1160,mPFF,0.038727952,FALSE,DMH,HY,1160_mPFF,DMH_right
1160_mPFF_DR_left,0.466198252,DR,left,1160,mPFF,0.466198252,FALSE,DR,MB,1160_mPFF,DR_left
1160_mPFF_DR_right,1.102317226,DR,right,1160,mPFF,1,FALSE,DR,MB,1160_mPFF,DR_right
1160_mPFF_ECT_left,0.530280182,ECT,left,1160,mPFF,0.530280182,FALSE,ECT,Isocortex,1160_mPFF,ECT_left
1160_mPFF_ECT_right,1.178923153,ECT,right,1160,mPFF,1,FALSE,ECT,Isocortex,1160_mPFF,ECT_right
1160_mPFF_ENTl_left,0.626410886,ENTl,left,1160,mPFF,0.626410886,FALSE,ENT,HPF,1160_mPFF,ENTl_left
1160_mPFF_ENTl_right,0.951021058,ENTl,right,1160,mPFF,0.951021058,FALSE,ENT,HPF,1160_mPFF,ENTl_right
1160_mPFF_ENTm_left,0.680526665,ENTm,left,1160,mPFF,0.680526665,FALSE,ENT,HPF,1160_mPFF,ENTm_left
1160_mPFF_ENTm_right,1.117788376,ENTm,right,1160,mPFF,1,FALSE,ENT,HPF,1160_mPFF,ENTm_right
1160_mPFF_EP_left,0.364959778,EP,left,1160,mPFF,0.364959778,FALSE,EP,CTXsp,1160_mPFF,EP_left
1160_mPFF_EP_right,0.457435845,EP,right,1160,mPFF,0.457435845,FALSE,EP,CTXsp,1160_mPFF,EP_right
1160_mPFF_Eth_left,0.887443755,Eth,left,1160,mPFF,0.887443755,FALSE,Eth,TH,1160_mPFF,Eth_left
1160_mPFF_Eth_right,0.900547462,Eth,right,1160,mPFF,0.900547462,FALSE,Eth,TH,1160_mPFF,Eth_right
1160_mPFF_FC_left,0.72642712,FC,left,1160,mPFF,0.72642712,FALSE,FC,HPF,1160_mPFF,FC_left
1160_mPFF_FC_right,0.660692307,FC,right,1160,mPFF,0.660692307,FALSE,FC,HPF,1160_mPFF,FC_right
1160_mPFF_HATA_left,0.743778555,HATA,left,1160,mPFF,0.743778555,FALSE,HATA,HPF,1160_mPFF,HATA_left
1160_mPFF_HATA_right,0.961639264,HATA,right,1160,mPFF,0.961639264,FALSE,HATA,HPF,1160_mPFF,HATA_right
1160_mPFF_HPF_left,0.649438337,HPF,left,1160,mPFF,0.649438337,FALSE,HPF,HPF,1160_mPFF,HPF_left
1160_mPFF_HPF_right,0.618153886,HPF,right,1160,mPFF,0.618153886,FALSE,HPF,HPF,1160_mPFF,HPF_right
1160_mPFF_HY_left,0.099963199,HY,left,1160,mPFF,0.099963199,FALSE,HY,HY,1160_mPFF,HY_left
1160_mPFF_HY_right,0.063410204,HY,right,1160,mPFF,0.063410204,FALSE,HY,HY,1160_mPFF,HY_right
1160_mPFF_IA_left,0.682071047,IA,left,1160,mPFF,0.682071047,FALSE,IA,STR,1160_mPFF,IA_left
1160_mPFF_IA_right,0.946671029,IA,right,1160,mPFF,0.946671029,FALSE,IA,STR,1160_mPFF,IA_right
1160_mPFF_IC_left,0.713419728,IC,left,1160,mPFF,0.713419728,FALSE,IC,MB,1160_mPFF,IC_left
1160_mPFF_IC_right,0.529047635,IC,right,1160,mPFF,0.529047635,FALSE,IC,MB,1160_mPFF,IC_right
1160_mPFF_IMD_left,0.455324782,IMD,left,1160,mPFF,0.455324782,FALSE,IMD,TH,1160_mPFF,IMD_left
1160_mPFF_IMD_right,0.375808871,IMD,right,1160,mPFF,0.375808871,FALSE,IMD,TH,1160_mPFF,IMD_right
1160_mPFF_LA_left,0.793912049,LA,left,1160,mPFF,0.793912049,FALSE,LA,CTXsp,1160_mPFF,LA_left
1160_mPFF_LA_right,0.64729782,LA,right,1160,mPFF,0.64729782,FALSE,LA,CTXsp,1160_mPFF,LA_right
1160_mPFF_LGd_left,0.577716544,LGd,left,1160,mPFF,0.577716544,FALSE,LGd,TH,1160_mPFF,LGd_left
1160_mPFF_LGd_right,0.799035769,LGd,right,1160,mPFF,0.799035769,FALSE,LGd,TH,1160_mPFF,LGd_right
1160_mPFF_LGv_left,0.518939674,LGv,left,1160,mPFF,0.518939674,FALSE,LGv,TH,1160_mPFF,LGv_left
1160_mPFF_LGv_right,0.064796314,LGv,right,1160,mPFF,0.064796314,FALSE,LGv,TH,1160_mPFF,LGv_right
1160_mPFF_LHA_left,0.128483244,LHA,left,1160,mPFF,0.128483244,FALSE,LHA,HY,1160_mPFF,LHA_left
1160_mPFF_LHA_right,-0.090060718,LHA,right,1160,mPFF,0,FALSE,LHA,HY,1160_mPFF,LHA_right
1160_mPFF_LH_left,-0.391817189,LH,left,1160,mPFF,0,FALSE,LH,TH,1160_mPFF,LH_left
1160_mPFF_LH_right,-0.066354529,LH,right,1160,mPFF,0,FALSE,LH,TH,1160_mPFF,LH_right
1160_mPFF_LP_left,0.731012869,LP,left,1160,mPFF,0.731012869,FALSE,LP,TH,1160_mPFF,LP_left
1160_mPFF_LP_right,0.60870779,LP,right,1160,mPFF,0.60870779,FALSE,LP,TH,1160_mPFF,LP_right
1160_mPFF_MB_left,0.344908064,MB,left,1160,mPFF,0.344908064,FALSE,MB,MB,1160_mPFF,MB_left
1160_mPFF_MB_right,0.43930067,MB,right,1160,mPFF,0.43930067,FALSE,MB,MB,1160_mPFF,MB_right
1160_mPFF_MD_left,0.543030176,MD,left,1160,mPFF,0.543030176,FALSE,MD,TH,1160_mPFF,MD_left
1160_mPFF_MD_right,0.598283227,MD,right,1160,mPFF,0.598283227,FALSE,MD,TH,1160_mPFF,MD_right
1160_mPFF_MEA_left,0.607426775,MEA,left,1160,mPFF,0.607426775,FALSE,MEA,STR,1160_mPFF,MEA_left
1160_mPFF_MEA_right,0.533038925,MEA,right,1160,mPFF,0.533038925,FALSE,MEA,STR,1160_mPFF,MEA_right
1160_mPFF_ME_left,-5,ME,left,1160,mPFF,0,FALSE,ME,HY,1160_mPFF,ME_left
1160_mPFF_ME_right,-5,ME,right,1160,mPFF,0,FALSE,ME,HY,1160_mPFF,ME_right
1160_mPFF_MH_left,-0.071922699,MH,left,1160,mPFF,0,FALSE,MH,TH,1160_mPFF,MH_left
1160_mPFF_MH_right,-0.245147904,MH,right,1160,mPFF,0,FALSE,MH,TH,1160_mPFF,MH_right
1160_mPFF_MRN_left,0.452461444,MRN,left,1160,mPFF,0.452461444,FALSE,MRN,MB,1160_mPFF,MRN_left
1160_mPFF_MRN_right,0.299035548,MRN,right,1160,mPFF,0.299035548,FALSE,MRN,MB,1160_mPFF,MRN_right
1160_mPFF_NLL_left,0.18299525,NLL,left,1160,mPFF,0.18299525,FALSE,NLL,P,1160_mPFF,NLL_left
1160_mPFF_NLL_right,-0.681522851,NLL,right,1160,mPFF,0,FALSE,NLL,P,1160_mPFF,NLL_right
1160_mPFF_OLF_left,0.476060431,OLF,left,1160,mPFF,0.476060431,FALSE,OLF,OLF,1160_mPFF,OLF_left
1160_mPFF_OLF_right,0.775088535,OLF,right,1160,mPFF,0.775088535,FALSE,OLF,OLF,1160_mPFF,OLF_right
1160_mPFF_PAA_left,0.705614577,PAA,left,1160,mPFF,0.705614577,FALSE,PAA,OLF,1160_mPFF,PAA_left
1160_mPFF_PAA_right,0.565729499,PAA,right,1160,mPFF,0.565729499,FALSE,PAA,OLF,1160_mPFF,PAA_right
1160_mPFF_PAG_left,0.353749896,PAG,left,1160,mPFF,0.353749896,FALSE,PAG,MB,1160_mPFF,PAG_left
1160_mPFF_PAG_right,0.27924528,PAG,right,1160,mPFF,0.27924528,FALSE,PAG,MB,1160_mPFF,PAG_right
1160_mPFF_PAL_left,0.672184662,PAL,left,1160,mPFF,0.672184662,FALSE,PAL,PAL,1160_mPFF,PAL_left
1160_mPFF_PAL_right,0.364756562,PAL,right,1160,mPFF,0.364756562,FALSE,PAL,PAL,1160_mPFF,PAL_right
1160_mPFF_PALd_right,0.770147281,PALd,right,1160,mPFF,0.770147281,FALSE,PAL,PAL,1160_mPFF,PALd_right
1160_mPFF_PAR_left,0.763739383,PAR,left,1160,mPFF,0.763739383,FALSE,PAR,HPF,1160_mPFF,PAR_left
1160_mPFF_PA_right,-5,PA,right,1160,mPFF,0,FALSE,PA,CTXsp,1160_mPFF,PA_right
1160_mPFF_PBG_left,-0.687097688,PBG,left,1160,mPFF,0,FALSE,PBG,MB,1160_mPFF,PBG_left
1160_mPFF_PBG_right,-0.285385957,PBG,right,1160,mPFF,0,FALSE,PBG,MB,1160_mPFF,PBG_right
1160_mPFF_PCN_left,0.918908456,PCN,left,1160,mPFF,0.918908456,FALSE,PCN,TH,1160_mPFF,PCN_left
1160_mPFF_PCN_right,0.974786545,PCN,right,1160,mPFF,0.974786545,FALSE,PCN,TH,1160_mPFF,PCN_right
1160_mPFF_PERI_left,0.438441506,PERI,left,1160,mPFF,0.438441506,FALSE,PERI,Isocortex,1160_mPFF,PERI_left
1160_mPFF_PERI_right,1.034379686,PERI,right,1160,mPFF,1,FALSE,PERI,Isocortex,1160_mPFF,PERI_right
1160_mPFF_PG_left,0.597543843,PG,left,1160,mPFF,0.597543843,FALSE,PG,P,1160_mPFF,PG_left
1160_mPFF_PG_right,0.572034321,PG,right,1160,mPFF,0.572034321,FALSE,PG,P,1160_mPFF,PG_right
1160_mPFF_PH_left,0.209870228,PH,left,1160,mPFF,0.209870228,FALSE,PH,HY,1160_mPFF,PH_left
1160_mPFF_PH_right,0.374731226,PH,right,1160,mPFF,0.374731226,FALSE,PH,HY,1160_mPFF,PH_right
1160_mPFF_PIR_left,0.56042037,PIR,left,1160,mPFF,0.56042037,FALSE,PIR,OLF,1160_mPFF,PIR_left
1160_mPFF_PIR_right,0.497513052,PIR,right,1160,mPFF,0.497513052,FALSE,PIR,OLF,1160_mPFF,PIR_right
1160_mPFF_POST_left,0.147072734,POST,left,1160,mPFF,0.147072734,FALSE,POST,HPF,1160_mPFF,POST_left
1160_mPFF_POST_right,0.781404299,POST,right,1160,mPFF,0.781404299,FALSE,POST,HPF,1160_mPFF,POST_right
1160_mPFF_PO_left,0.887489798,PO,left,1160,mPFF,0.887489798,FALSE,PO,TH,1160_mPFF,PO_left
1160_mPFF_PO_right,0.800681015,PO,right,1160,mPFF,0.800681015,FALSE,PO,TH,1160_mPFF,PO_right
1160_mPFF_PPN_left,0.265622086,PPN,left,1160,mPFF,0.265622086,FALSE,PPN,MB,1160_mPFF,PPN_left
1160_mPFF_PPN_right,0.38107044,PPN,right,1160,mPFF,0.38107044,FALSE,PPN,MB,1160_mPFF,PPN_right
1160_mPFF_PRE_left,0.744109987,PRE,left,1160,mPFF,0.744109987,FALSE,PRE,HPF,1160_mPFF,PRE_left
1160_mPFF_PRE_right,0.498497478,PRE,right,1160,mPFF,0.498497478,FALSE,PRE,HPF,1160_mPFF,PRE_right
1160_mPFF_PRNr_left,0.535950883,PRNr,left,1160,mPFF,0.535950883,FALSE,PRNr,P,1160_mPFF,PRNr_left
1160_mPFF_PRNr_right,0.237239411,PRNr,right,1160,mPFF,0.237239411,FALSE,PRNr,P,1160_mPFF,PRNr_right
1160_mPFF_PR_left,-0.528345229,PR,left,1160,mPFF,0,FALSE,PR,TH,1160_mPFF,PR_left
1160_mPFF_PR_right,-0.604060574,PR,right,1160,mPFF,0,FALSE,PR,TH,1160_mPFF,PR_right
1160_mPFF_PSTN_left,-0.369373218,PSTN,left,1160,mPFF,0,FALSE,PSTN,HY,1160_mPFF,PSTN_left
1160_mPFF_PST_left,0.577890531,PST,left,1160,mPFF,0.577890531,FALSE,PST,HY,1160_mPFF,PST_left
1160_mPFF_PST_right,0.454419023,PST,right,1160,mPFF,0.454419023,FALSE,PST,HY,1160_mPFF,PST_right
1160_mPFF_PVT_left,-0.266669049,PVT,left,1160,mPFF,0,FALSE,PVT,TH,1160_mPFF,PVT_left
1160_mPFF_PVT_right,-0.198167189,PVT,right,1160,mPFF,0,FALSE,PVT,TH,1160_mPFF,PVT_right
1160_mPFF_PVZ_left,-1.267288053,PVZ,left,1160,mPFF,0,FALSE,PVZ,HY,1160_mPFF,PVZ_left
1160_mPFF_PVZ_right,-0.09553188,PVZ,right,1160,mPFF,0,FALSE,PVZ,HY,1160_mPFF,PVZ_right
1160_mPFF_P_left,0.370729141,P,left,1160,mPFF,0.370729141,FALSE,P,P,1160_mPFF,P_left
1160_mPFF_P_right,-0.02406015,P,right,1160,mPFF,0,FALSE,P,P,1160_mPFF,P_right
1160_mPFF_Pa4_left,0.893698084,Pa4,left,1160,mPFF,0.893698084,FALSE,Pa4,MB,1160_mPFF,Pa4_left
1160_mPFF_Pa4_right,-5,Pa4,right,1160,mPFF,0,FALSE,Pa4,MB,1160_mPFF,Pa4_right
1160_mPFF_PeF_right,-1.500948137,PeF,right,1160,mPFF,0,FALSE,PeF,HY,1160_mPFF,PeF_right
1160_mPFF_ProS_right,0.876994423,ProS,right,1160,mPFF,0.876994423,FALSE,ProS,HPF,1160_mPFF,ProS_right
1160_mPFF_RE_left,0.269265553,RE,left,1160,mPFF,0.269265553,FALSE,RE,TH,1160_mPFF,RE_left
1160_mPFF_RE_right,0.31559825,RE,right,1160,mPFF,0.31559825,FALSE,RE,TH,1160_mPFF,RE_right
1160_mPFF_RH_left,-0.400495377,RH,left,1160,mPFF,0,FALSE,RH,TH,1160_mPFF,RH_left
1160_mPFF_RH_right,0.176929346,RH,right,1160,mPFF,0.176929346,FALSE,RH,TH,1160_mPFF,RH_right
1160_mPFF_RSPagl_left,0.879556413,RSPagl,left,1160,mPFF,0.879556413,FALSE,RSP,Isocortex,1160_mPFF,RSPagl_left
1160_mPFF_RSPagl_right,0.732851992,RSPagl,right,1160,mPFF,0.732851992,FALSE,RSP,Isocortex,1160_mPFF,RSPagl_right
1160_mPFF_RSPd_left,0.906840644,RSPd,left,1160,mPFF,0.906840644,FALSE,RSP,Isocortex,1160_mPFF,RSPd_left
1160_mPFF_RSPd_right,0.694838574,RSPd,right,1160,mPFF,0.694838574,FALSE,RSP,Isocortex,1160_mPFF,RSPd_right
1160_mPFF_RSPv_left,0.875872884,RSPv,left,1160,mPFF,0.875872884,FALSE,RSP,Isocortex,1160_mPFF,RSPv_left
1160_mPFF_RSPv_right,0.901545004,RSPv,right,1160,mPFF,0.901545004,FALSE,RSP,Isocortex,1160_mPFF,RSPv_right
1160_mPFF_RT_left,0.718725606,RT,left,1160,mPFF,0.718725606,FALSE,RT,TH,1160_mPFF,RT_left
1160_mPFF_RT_right,0.8365333,RT,right,1160,mPFF,0.8365333,FALSE,RT,TH,1160_mPFF,RT_right
1160_mPFF_SAG_left,0.236673219,SAG,left,1160,mPFF,0.236673219,FALSE,SAG,MB,1160_mPFF,SAG_left
1160_mPFF_SAG_right,0.574855226,SAG,right,1160,mPFF,0.574855226,FALSE,SAG,MB,1160_mPFF,SAG_right
1160_mPFF_SCm_left,0.649627001,SCm,left,1160,mPFF,0.649627001,FALSE,MBmot,MB,1160_mPFF,SCm_left
1160_mPFF_SCm_right,0.422349215,SCm,right,1160,mPFF,0.422349215,FALSE,MBmot,MB,1160_mPFF,SCm_right
1160_mPFF_SCs_left,0.651165566,SCs,left,1160,mPFF,0.651165566,FALSE,MBsen,MB,1160_mPFF,SCs_left
1160_mPFF_SCs_right,0.67481802,SCs,right,1160,mPFF,0.67481802,FALSE,MBsen,MB,1160_mPFF,SCs_right
1160_mPFF_SI_right,0.48206329,SI,right,1160,mPFF,0.48206329,FALSE,SI,PAL,1160_mPFF,SI_right
1160_mPFF_SMT_left,-1.427183419,SMT,left,1160,mPFF,0,FALSE,SMT,TH,1160_mPFF,SMT_left
1160_mPFF_SMT_right,0.529532471,SMT,right,1160,mPFF,0.529532471,FALSE,SMT,TH,1160_mPFF,SMT_right
1160_mPFF_SSp-bfd_left,0.961644307,SSp-bfd,left,1160,mPFF,0.961644307,FALSE,SSp,Isocortex,1160_mPFF,SSp-bfd_left
1160_mPFF_SSp-bfd_right,0.825782227,SSp-bfd,right,1160,mPFF,0.825782227,FALSE,SSp,Isocortex,1160_mPFF,SSp-bfd_right
1160_mPFF_SSs_left,0.960092234,SSs,left,1160,mPFF,0.960092234,FALSE,SSs,Isocortex,1160_mPFF,SSs_left
1160_mPFF_SSs_right,0.662107233,SSs,right,1160,mPFF,0.662107233,FALSE,SSs,Isocortex,1160_mPFF,SSs_right
1160_mPFF_STN_left,0.016688595,STN,left,1160,mPFF,0.016688595,FALSE,STN,HY,1160_mPFF,STN_left
1160_mPFF_STN_right,0.519014477,STN,right,1160,mPFF,0.519014477,FALSE,STN,HY,1160_mPFF,STN_right
1160_mPFF_STR_left,0.611274914,STR,left,1160,mPFF,0.611274914,FALSE,STR,STR,1160_mPFF,STR_left
1160_mPFF_STR_right,0.721503166,STR,right,1160,mPFF,0.721503166,FALSE,STR,STR,1160_mPFF,STR_right
1160_mPFF_SUB_left,0.597241553,SUB,left,1160,mPFF,0.597241553,FALSE,SUB,HPF,1160_mPFF,SUB_left
1160_mPFF_SUB_right,0.747310171,SUB,right,1160,mPFF,0.747310171,FALSE,SUB,HPF,1160_mPFF,SUB_right
1160_mPFF_Su3_left,-0.189669251,Su3,left,1160,mPFF,0,FALSE,Su3,MB,1160_mPFF,Su3_left
1160_mPFF_Su3_right,-0.850218823,Su3,right,1160,mPFF,0,FALSE,Su3,MB,1160_mPFF,Su3_right
1160_mPFF_TEa_left,0.649285497,TEa,left,1160,mPFF,0.649285497,FALSE,TEa,Isocortex,1160_mPFF,TEa_left
1160_mPFF_TEa_right,0.779146292,TEa,right,1160,mPFF,0.779146292,FALSE,TEa,Isocortex,1160_mPFF,TEa_right
1160_mPFF_TH_left,0.298345798,TH,left,1160,mPFF,0.298345798,FALSE,TH,TH,1160_mPFF,TH_left
1160_mPFF_TH_right,0.308336114,TH,right,1160,mPFF,0.308336114,FALSE,TH,TH,1160_mPFF,TH_right
1160_mPFF_TRN_left,0.416569034,TRN,left,1160,mPFF,0.416569034,FALSE,TRN,P,1160_mPFF,TRN_left
1160_mPFF_TRN_right,0.234895388,TRN,right,1160,mPFF,0.234895388,FALSE,TRN,P,1160_mPFF,TRN_right
1160_mPFF_TR_right,0.952277767,TR,right,1160,mPFF,0.952277767,FALSE,TR,OLF,1160_mPFF,TR_right
1160_mPFF_TU_left,0.013030159,TU,left,1160,mPFF,0.013030159,FALSE,TU,HY,1160_mPFF,TU_left
1160_mPFF_TU_right,0.181977011,TU,right,1160,mPFF,0.181977011,FALSE,TU,HY,1160_mPFF,TU_right
1160_mPFF_V3_left,-2.370234873,V3,left,1160,mPFF,0,TRUE,V3,VS,1160_mPFF,V3_left
1160_mPFF_V3_right,-1.605600659,V3,right,1160,mPFF,0,TRUE,V3,VS,1160_mPFF,V3_right
1160_mPFF_VAL_left,-0.337384863,VAL,left,1160,mPFF,0,FALSE,VAL,TH,1160_mPFF,VAL_left
1160_mPFF_VAL_right,0.673488957,VAL,right,1160,mPFF,0.673488957,FALSE,VAL,TH,1160_mPFF,VAL_right
1160_mPFF_VISC_right,0.319048421,VISC,right,1160,mPFF,0.319048421,FALSE,VISC,Isocortex,1160_mPFF,VISC_right
1160_mPFF_VISa_left,0.932717886,VISa,left,1160,mPFF,0.932717886,FALSE,VISa,Isocortex,1160_mPFF,VISa_left
1160_mPFF_VISa_right,0.686240462,VISa,right,1160,mPFF,0.686240462,FALSE,VISa,Isocortex,1160_mPFF,VISa_right
1160_mPFF_VISam_left,0.825199996,VISam,left,1160,mPFF,0.825199996,FALSE,VISam,Isocortex,1160_mPFF,VISam_left
1160_mPFF_VISam_right,0.799916085,VISam,right,1160,mPFF,0.799916085,FALSE,VISam,Isocortex,1160_mPFF,VISam_right
1160_mPFF_VISl_left,1.160427889,VISl,left,1160,mPFF,1,FALSE,VISl,Isocortex,1160_mPFF,VISl_left
1160_mPFF_VISl_right,0.842453056,VISl,right,1160,mPFF,0.842453056,FALSE,VISl,Isocortex,1160_mPFF,VISl_right
1160_mPFF_VISli_right,1.2443207,VISli,right,1160,mPFF,1,FALSE,VISli,Isocortex,1160_mPFF,VISli_right
1160_mPFF_VISp_left,0.99031151,VISp,left,1160,mPFF,0.99031151,FALSE,VISp,Isocortex,1160_mPFF,VISp_left
1160_mPFF_VISp_right,0.982266327,VISp,right,1160,mPFF,0.982266327,FALSE,VISp,Isocortex,1160_mPFF,VISp_right
1160_mPFF_VISpl_left,0.818463684,VISpl,left,1160,mPFF,0.818463684,FALSE,VISpl,Isocortex,1160_mPFF,VISpl_left
1160_mPFF_VISpl_right,0.675697963,VISpl,right,1160,mPFF,0.675697963,FALSE,VISpl,Isocortex,1160_mPFF,VISpl_right
1160_mPFF_VISpor_left,0.883318413,VISpor,left,1160,mPFF,0.883318413,FALSE,VISpor,Isocortex,1160_mPFF,VISpor_left
1160_mPFF_VISpor_right,0.77004432,VISpor,right,1160,mPFF,0.77004432,FALSE,VISpor,Isocortex,1160_mPFF,VISpor_right
1160_mPFF_VISrl_left,0.960812924,VISrl,left,1160,mPFF,0.960812924,FALSE,VISrl,Isocortex,1160_mPFF,VISrl_left
1160_mPFF_VISrl_right,0.699323488,VISrl,right,1160,mPFF,0.699323488,FALSE,VISrl,Isocortex,1160_mPFF,VISrl_right
1160_mPFF_VL_left,0.453154804,VL,left,1160,mPFF,0.453154804,TRUE,VL,VS,1160_mPFF,VL_left
1160_mPFF_VL_right,0.157263196,VL,right,1160,mPFF,0.157263196,TRUE,VL,VS,1160_mPFF,VL_right
1160_mPFF_VMH_left,0.083687497,VMH,left,1160,mPFF,0.083687497,FALSE,VMH,HY,1160_mPFF,VMH_left
1160_mPFF_VMH_right,-0.03275072,VMH,right,1160,mPFF,0,FALSE,VMH,HY,1160_mPFF,VMH_right
1160_mPFF_VM_left,0.251481869,VM,left,1160,mPFF,0.251481869,FALSE,VM,TH,1160_mPFF,VM_left
1160_mPFF_VM_right,0.509683573,VM,right,1160,mPFF,0.509683573,FALSE,VM,TH,1160_mPFF,VM_right
1160_mPFF_VPL_left,0.879931788,VPL,left,1160,mPFF,0.879931788,FALSE,VPL,TH,1160_mPFF,VPL_left
1160_mPFF_VPL_right,0.682752793,VPL,right,1160,mPFF,0.682752793,FALSE,VPL,TH,1160_mPFF,VPL_right
1160_mPFF_VPM_left,0.548636987,VPM,left,1160,mPFF,0.548636987,FALSE,VPM,TH,1160_mPFF,VPM_left
1160_mPFF_VPM_right,0.594683408,VPM,right,1160,mPFF,0.594683408,FALSE,VPM,TH,1160_mPFF,VPM_right
1160_mPFF_VP_left,0.716752083,VP,left,1160,mPFF,0.716752083,FALSE,VP,TH,1160_mPFF,VP_left
1160_mPFF_VP_right,0.325815359,VP,right,1160,mPFF,0.325815359,FALSE,VP,TH,1160_mPFF,VP_right
1160_mPFF_Xi_left,0.044923432,Xi,left,1160,mPFF,0.044923432,FALSE,Xi,TH,1160_mPFF,Xi_left
1160_mPFF_Xi_right,-0.269211884,Xi,right,1160,mPFF,0,FALSE,Xi,TH,1160_mPFF,Xi_right
1160_mPFF_ZI_left,0.462243089,ZI,left,1160,mPFF,0.462243089,FALSE,ZI,HY,1160_mPFF,ZI_left
1160_mPFF_ZI_right,0.106061724,ZI,right,1160,mPFF,0.106061724,FALSE,ZI,HY,1160_mPFF,ZI_right
1160_mPFF_alv_left,0.877067215,alv,left,1160,mPFF,0.877067215,TRUE,alv,fiber tracts,1160_mPFF,alv_left
1160_mPFF_alv_right,0.720079437,alv,right,1160,mPFF,0.720079437,TRUE,alv,fiber tracts,1160_mPFF,alv_right
1160_mPFF_amc_left,0.436744158,amc,left,1160,mPFF,0.436744158,TRUE,amc,fiber tracts,1160_mPFF,amc_left
1160_mPFF_amc_right,0.307280472,amc,right,1160,mPFF,0.307280472,TRUE,amc,fiber tracts,1160_mPFF,amc_right
1160_mPFF_ar_left,0.741167058,ar,left,1160,mPFF,0.741167058,TRUE,ar,fiber tracts,1160_mPFF,ar_left
1160_mPFF_ar_right,-0.107415944,ar,right,1160,mPFF,0,TRUE,ar,fiber tracts,1160_mPFF,ar_right
1160_mPFF_bic_left,0.669889222,bic,left,1160,mPFF,0.669889222,TRUE,bic,fiber tracts,1160_mPFF,bic_left
1160_mPFF_bic_right,0.543865783,bic,right,1160,mPFF,0.543865783,TRUE,bic,fiber tracts,1160_mPFF,bic_right
1160_mPFF_cc_left,0.536264175,cc,left,1160,mPFF,0.536264175,TRUE,cc,fiber tracts,1160_mPFF,cc_left
1160_mPFF_cc_right,0.437902306,cc,right,1160,mPFF,0.437902306,TRUE,cc,fiber tracts,1160_mPFF,cc_right
1160_mPFF_chpl_left,0.03642745,chpl,left,1160,mPFF,0.03642745,TRUE,chpl,VS,1160_mPFF,chpl_left
1160_mPFF_chpl_right,-2.236836726,chpl,right,1160,mPFF,0,TRUE,chpl,VS,1160_mPFF,chpl_right
1160_mPFF_cing_left,0.729824008,cing,left,1160,mPFF,0.729824008,TRUE,cing,fiber tracts,1160_mPFF,cing_left
1160_mPFF_cing_right,0.599005561,cing,right,1160,mPFF,0.599005561,TRUE,cing,fiber tracts,1160_mPFF,cing_right
1160_mPFF_cst_left,0.033254429,cst,left,1160,mPFF,0.033254429,TRUE,cst,fiber tracts,1160_mPFF,cst_left
1160_mPFF_cst_right,-0.196968301,cst,right,1160,mPFF,0,TRUE,cst,fiber tracts,1160_mPFF,cst_right
1160_mPFF_dhc_left,0.651389786,dhc,left,1160,mPFF,0.651389786,TRUE,dhc,fiber tracts,1160_mPFF,dhc_left
1160_mPFF_dhc_right,0.649103518,dhc,right,1160,mPFF,0.649103518,TRUE,dhc,fiber tracts,1160_mPFF,dhc_right
1160_mPFF_dscp_left,0.261995374,dscp,left,1160,mPFF,0.261995374,TRUE,dscp,fiber tracts,1160_mPFF,dscp_left
1160_mPFF_dscp_right,-0.323840939,dscp,right,1160,mPFF,0,TRUE,dscp,fiber tracts,1160_mPFF,dscp_right
1160_mPFF_ec_left,0.761557774,ec,left,1160,mPFF,0.761557774,TRUE,ec,fiber tracts,1160_mPFF,ec_left
1160_mPFF_ec_right,0.550994074,ec,right,1160,mPFF,0.550994074,TRUE,ec,fiber tracts,1160_mPFF,ec_right
1160_mPFF_em_left,0.904701281,em,left,1160,mPFF,0.904701281,TRUE,em,fiber tracts,1160_mPFF,em_left
1160_mPFF_em_right,0.770834365,em,right,1160,mPFF,0.770834365,TRUE,em,fiber tracts,1160_mPFF,em_right
1160_mPFF_fi_left,0.672833211,fi,left,1160,mPFF,0.672833211,TRUE,fi,fiber tracts,1160_mPFF,fi_left
1160_mPFF_fi_right,0.32388418,fi,right,1160,mPFF,0.32388418,TRUE,fi,fiber tracts,1160_mPFF,fi_right
1160_mPFF_fiber tracts_left,0.557273235,fiber tracts,left,1160,mPFF,0.557273235,TRUE,fiber tracts,fiber tracts,1160_mPFF,fiber tracts_left
1160_mPFF_fiber tracts_right,0.15902847,fiber tracts,right,1160,mPFF,0.15902847,TRUE,fiber tracts,fiber tracts,1160_mPFF,fiber tracts_right
1160_mPFF_fr_left,-0.380962131,fr,left,1160,mPFF,0,TRUE,fr,fiber tracts,1160_mPFF,fr_left
1160_mPFF_fr_right,-0.429255992,fr,right,1160,mPFF,0,TRUE,fr,fiber tracts,1160_mPFF,fr_right
1160_mPFF_fx_left,0.172432006,fx,left,1160,mPFF,0.172432006,TRUE,fx,fiber tracts,1160_mPFF,fx_left
1160_mPFF_fx_right,-0.207852421,fx,right,1160,mPFF,0,TRUE,fx,fiber tracts,1160_mPFF,fx_right
1160_mPFF_hbc_left,0.624431425,hbc,left,1160,mPFF,0.624431425,TRUE,hbc,fiber tracts,1160_mPFF,hbc_left
1160_mPFF_hbc_right,-0.082032522,hbc,right,1160,mPFF,0,TRUE,hbc,fiber tracts,1160_mPFF,hbc_right
1160_mPFF_int_left,0.151387559,int,left,1160,mPFF,0.151387559,TRUE,int,fiber tracts,1160_mPFF,int_left
1160_mPFF_int_right,0.261751503,int,right,1160,mPFF,0.261751503,TRUE,int,fiber tracts,1160_mPFF,int_right
1160_mPFF_ll_left,0.195436365,ll,left,1160,mPFF,0.195436365,TRUE,ll,fiber tracts,1160_mPFF,ll_left
1160_mPFF_ll_right,0.043352801,ll,right,1160,mPFF,0.043352801,TRUE,ll,fiber tracts,1160_mPFF,ll_right
1160_mPFF_mcp_left,-0.115213036,mcp,left,1160,mPFF,0,TRUE,mcp,fiber tracts,1160_mPFF,mcp_left
1160_mPFF_mcp_right,-0.68072268,mcp,right,1160,mPFF,0,TRUE,mcp,fiber tracts,1160_mPFF,mcp_right
1160_mPFF_ml_left,0.321891063,ml,left,1160,mPFF,0.321891063,TRUE,ml,fiber tracts,1160_mPFF,ml_left
1160_mPFF_ml_right,0.078292571,ml,right,1160,mPFF,0.078292571,TRUE,ml,fiber tracts,1160_mPFF,ml_right
1160_mPFF_mlf_left,-0.529609205,mlf,left,1160,mPFF,0,TRUE,mlf,fiber tracts,1160_mPFF,mlf_left
1160_mPFF_mlf_right,-0.779475252,mlf,right,1160,mPFF,0,TRUE,mlf,fiber tracts,1160_mPFF,mlf_right
1160_mPFF_moV_left,0.340015228,moV,left,1160,mPFF,0.340015228,TRUE,moV,fiber tracts,1160_mPFF,moV_left
1160_mPFF_moV_right,-5,moV,right,1160,mPFF,0,TRUE,moV,fiber tracts,1160_mPFF,moV_right
1160_mPFF_mtg_left,-0.496369373,mtg,left,1160,mPFF,0,TRUE,mtg,fiber tracts,1160_mPFF,mtg_left
1160_mPFF_mtg_right,-0.784870069,mtg,right,1160,mPFF,0,TRUE,mtg,fiber tracts,1160_mPFF,mtg_right
1160_mPFF_mtt_left,0.246107629,mtt,left,1160,mPFF,0.246107629,TRUE,mtt,fiber tracts,1160_mPFF,mtt_left
1160_mPFF_mtt_right,0.657016714,mtt,right,1160,mPFF,0.657016714,TRUE,mtt,fiber tracts,1160_mPFF,mtt_right
1160_mPFF_nst_left,0.155619276,nst,left,1160,mPFF,0.155619276,TRUE,nst,fiber tracts,1160_mPFF,nst_left
1160_mPFF_nst_right,0.070493234,nst,right,1160,mPFF,0.070493234,TRUE,nst,fiber tracts,1160_mPFF,nst_right
1160_mPFF_opt_left,0.439771837,opt,left,1160,mPFF,0.439771837,TRUE,opt,fiber tracts,1160_mPFF,opt_left
1160_mPFF_opt_right,-0.440359598,opt,right,1160,mPFF,0,TRUE,opt,fiber tracts,1160_mPFF,opt_right
1160_mPFF_or_left,0.468134064,or,left,1160,mPFF,0.468134064,TRUE,or,fiber tracts,1160_mPFF,or_left
1160_mPFF_or_right,0.501950968,or,right,1160,mPFF,0.501950968,TRUE,or,fiber tracts,1160_mPFF,or_right
1160_mPFF_rust_left,0.828452251,rust,left,1160,mPFF,0.828452251,TRUE,rust,fiber tracts,1160_mPFF,rust_left
1160_mPFF_rust_right,-0.283937435,rust,right,1160,mPFF,0,TRUE,rust,fiber tracts,1160_mPFF,rust_right
1160_mPFF_sV_left,-2.763032331,sV,left,1160,mPFF,0,TRUE,sV,fiber tracts,1160_mPFF,sV_left
1160_mPFF_scp_left,-1.256544327,scp,left,1160,mPFF,0,TRUE,scp,fiber tracts,1160_mPFF,scp_left
1160_mPFF_scwm_left,-0.160338002,scwm,left,1160,mPFF,0,TRUE,scwm,fiber tracts,1160_mPFF,scwm_left
1160_mPFF_scwm_right,-0.127289207,scwm,right,1160,mPFF,0,TRUE,scwm,fiber tracts,1160_mPFF,scwm_right
1160_mPFF_st_left,0.562809465,st,left,1160,mPFF,0.562809465,TRUE,st,fiber tracts,1160_mPFF,st_left
1160_mPFF_st_right,0.663268027,st,right,1160,mPFF,0.663268027,TRUE,st,fiber tracts,1160_mPFF,st_right
1160_mPFF_stc_right,0.581872901,stc,right,1160,mPFF,0.581872901,TRUE,stc,fiber tracts,1160_mPFF,stc_right
1160_mPFF_sup_left,-5,sup,left,1160,mPFF,0,TRUE,sup,fiber tracts,1160_mPFF,sup_left
1160_mPFF_sup_right,0.737911644,sup,right,1160,mPFF,0.737911644,TRUE,sup,fiber tracts,1160_mPFF,sup_right
1160_mPFF_tspc_left,0.40705895,tspc,left,1160,mPFF,0.40705895,TRUE,tspc,fiber tracts,1160_mPFF,tspc_left
1160_mPFF_tspc_right,-0.323993967,tspc,right,1160,mPFF,0,TRUE,tspc,fiber tracts,1160_mPFF,tspc_right
1165_mPFF_ACAd_left,0.588951152,ACAd,left,1165,mPFF,0.588951152,FALSE,ACA,Isocortex,1165_mPFF,ACAd_left
1165_mPFF_ACAd_right,0.579557339,ACAd,right,1165,mPFF,0.579557339,FALSE,ACA,Isocortex,1165_mPFF,ACAd_right
1165_mPFF_ACAv_left,0.678623812,ACAv,left,1165,mPFF,0.678623812,FALSE,ACA,Isocortex,1165_mPFF,ACAv_left
1165_mPFF_ACAv_right,0.690973893,ACAv,right,1165,mPFF,0.690973893,FALSE,ACA,Isocortex,1165_mPFF,ACAv_right
1165_mPFF_ACB_left,0.31408787,ACB,left,1165,mPFF,0.31408787,FALSE,ACB,STR,1165_mPFF,ACB_left
1165_mPFF_ACB_right,0.294282737,ACB,right,1165,mPFF,0.294282737,FALSE,ACB,STR,1165_mPFF,ACB_right
1165_mPFF_AId_left,0.653910699,AId,left,1165,mPFF,0.653910699,FALSE,AI,Isocortex,1165_mPFF,AId_left
1165_mPFF_AId_right,0.832032413,AId,right,1165,mPFF,0.832032413,FALSE,AI,Isocortex,1165_mPFF,AId_right
1165_mPFF_AIp_left,0.596620785,AIp,left,1165,mPFF,0.596620785,FALSE,AI,Isocortex,1165_mPFF,AIp_left
1165_mPFF_AIp_right,0.870040306,AIp,right,1165,mPFF,0.870040306,FALSE,AI,Isocortex,1165_mPFF,AIp_right
1165_mPFF_AIv_left,0.713981091,AIv,left,1165,mPFF,0.713981091,FALSE,AI,Isocortex,1165_mPFF,AIv_left
1165_mPFF_AIv_right,0.846967969,AIv,right,1165,mPFF,0.846967969,FALSE,AI,Isocortex,1165_mPFF,AIv_right
1165_mPFF_APr_left,0.526222253,APr,left,1165,mPFF,0.526222253,FALSE,APr,HPF,1165_mPFF,APr_left
1165_mPFF_APr_right,0.724635429,APr,right,1165,mPFF,0.724635429,FALSE,APr,HPF,1165_mPFF,APr_right
1165_mPFF_AQ_left,-2.591500301,AQ,left,1165,mPFF,0,TRUE,AQ,VS,1165_mPFF,AQ_left
1165_mPFF_AQ_right,-2.36143124,AQ,right,1165,mPFF,0,TRUE,AQ,VS,1165_mPFF,AQ_right
1165_mPFF_ARH_left,0.26431255,ARH,left,1165,mPFF,0.26431255,FALSE,ARH,HY,1165_mPFF,ARH_left
1165_mPFF_ARH_right,0.825298651,ARH,right,1165,mPFF,0.825298651,FALSE,ARH,HY,1165_mPFF,ARH_right
1165_mPFF_AT_left,1.225822988,AT,left,1165,mPFF,1,FALSE,AT,MB,1165_mPFF,AT_left
1165_mPFF_AT_right,-0.068797552,AT,right,1165,mPFF,0,FALSE,AT,MB,1165_mPFF,AT_right
1165_mPFF_AUDd_left,0.723846842,AUDd,left,1165,mPFF,0.723846842,FALSE,AUDd,Isocortex,1165_mPFF,AUDd_left
1165_mPFF_AUDd_right,0.90560299,AUDd,right,1165,mPFF,0.90560299,FALSE,AUDd,Isocortex,1165_mPFF,AUDd_right
1165_mPFF_AUDp_right,0.88005603,AUDp,right,1165,mPFF,0.88005603,FALSE,AUDp,Isocortex,1165_mPFF,AUDp_right
1165_mPFF_AUDv_left,0.572944498,AUDv,left,1165,mPFF,0.572944498,FALSE,AUDv,Isocortex,1165_mPFF,AUDv_left
1165_mPFF_AUDv_right,0.875387437,AUDv,right,1165,mPFF,0.875387437,FALSE,AUDv,Isocortex,1165_mPFF,AUDv_right
1165_mPFF_BLA_left,0.64167324,BLA,left,1165,mPFF,0.64167324,FALSE,BLA,CTXsp,1165_mPFF,BLA_left
1165_mPFF_BLA_right,0.589717884,BLA,right,1165,mPFF,0.589717884,FALSE,BLA,CTXsp,1165_mPFF,BLA_right
1165_mPFF_BMA_left,0.787802397,BMA,left,1165,mPFF,0.787802397,FALSE,BMA,CTXsp,1165_mPFF,BMA_left
1165_mPFF_BMA_right,0.607134746,BMA,right,1165,mPFF,0.607134746,FALSE,BMA,CTXsp,1165_mPFF,BMA_right
1165_mPFF_CA1_left,0.707204687,CA1,left,1165,mPFF,0.707204687,FALSE,CA1,HPF,1165_mPFF,CA1_left
1165_mPFF_CA1_right,0.634997978,CA1,right,1165,mPFF,0.634997978,FALSE,CA1,HPF,1165_mPFF,CA1_right
1165_mPFF_CA2_left,0.340155429,CA2,left,1165,mPFF,0.340155429,FALSE,CA2,HPF,1165_mPFF,CA2_left
1165_mPFF_CA2_right,0.780549798,CA2,right,1165,mPFF,0.780549798,FALSE,CA2,HPF,1165_mPFF,CA2_right
1165_mPFF_CA3_left,0.418757892,CA3,left,1165,mPFF,0.418757892,FALSE,CA3,HPF,1165_mPFF,CA3_left
1165_mPFF_CA3_right,0.480931229,CA3,right,1165,mPFF,0.480931229,FALSE,CA3,HPF,1165_mPFF,CA3_right
1165_mPFF_CB_left,-0.299704715,CB,left,1165,mPFF,0,FALSE,CB,CB,1165_mPFF,CB_left
1165_mPFF_CB_right,0.157990922,CB,right,1165,mPFF,0.157990922,FALSE,CB,CB,1165_mPFF,CB_right
1165_mPFF_CEA_left,0.557626796,CEA,left,1165,mPFF,0.557626796,FALSE,CEA,STR,1165_mPFF,CEA_left
1165_mPFF_CEA_right,0.657457119,CEA,right,1165,mPFF,0.657457119,FALSE,CEA,STR,1165_mPFF,CEA_right
1165_mPFF_CLA_left,0.543587511,CLA,left,1165,mPFF,0.543587511,FALSE,CLA,CTXsp,1165_mPFF,CLA_left
1165_mPFF_CLA_right,0.547287337,CLA,right,1165,mPFF,0.547287337,FALSE,CLA,CTXsp,1165_mPFF,CLA_right
1165_mPFF_CLI_left,-1.488178295,CLI,left,1165,mPFF,0,FALSE,CLI,MB,1165_mPFF,CLI_left
1165_mPFF_CLI_right,-0.45901464,CLI,right,1165,mPFF,0,FALSE,CLI,MB,1165_mPFF,CLI_right
1165_mPFF_CL_left,0.302545355,CL,left,1165,mPFF,0.302545355,FALSE,CL,TH,1165_mPFF,CL_left
1165_mPFF_CL_right,0.533062388,CL,right,1165,mPFF,0.533062388,FALSE,CL,TH,1165_mPFF,CL_right
1165_mPFF_CM_left,0.646540984,CM,left,1165,mPFF,0.646540984,FALSE,CM,TH,1165_mPFF,CM_left
1165_mPFF_CM_right,0.660074201,CM,right,1165,mPFF,0.660074201,FALSE,CM,TH,1165_mPFF,CM_right
1165_mPFF_COA_left,0.636005496,COA,left,1165,mPFF,0.636005496,FALSE,COA,OLF,1165_mPFF,COA_left
1165_mPFF_COA_right,0.743447512,COA,right,1165,mPFF,0.743447512,FALSE,COA,OLF,1165_mPFF,COA_right
1165_mPFF_COAp_left,-0.121362537,COAp,left,1165,mPFF,0,FALSE,COA,OLF,1165_mPFF,COAp_left
1165_mPFF_COAp_right,-0.292092098,COAp,right,1165,mPFF,0,FALSE,COA,OLF,1165_mPFF,COAp_right
1165_mPFF_CP_left,0.364636786,CP,left,1165,mPFF,0.364636786,FALSE,CP,STR,1165_mPFF,CP_left
1165_mPFF_CP_right,0.448295195,CP,right,1165,mPFF,0.448295195,FALSE,CP,STR,1165_mPFF,CP_right
1165_mPFF_CS_left,0.05681994,CS,left,1165,mPFF,0.05681994,FALSE,CS,P,1165_mPFF,CS_left
1165_mPFF_CS_right,0.538213407,CS,right,1165,mPFF,0.538213407,FALSE,CS,P,1165_mPFF,CS_right
1165_mPFF_CTXsp_left,0.492378002,CTXsp,left,1165,mPFF,0.492378002,FALSE,CTXsp,CTXsp,1165_mPFF,CTXsp_left
1165_mPFF_CTXsp_right,0.445471381,CTXsp,right,1165,mPFF,0.445471381,FALSE,CTXsp,CTXsp,1165_mPFF,CTXsp_right
1165_mPFF_DG_left,0.260095574,DG,left,1165,mPFF,0.260095574,FALSE,DG,HPF,1165_mPFF,DG_left
1165_mPFF_DG_right,0.384871582,DG,right,1165,mPFF,0.384871582,FALSE,DG,HPF,1165_mPFF,DG_right
1165_mPFF_DMH_left,0.535587004,DMH,left,1165,mPFF,0.535587004,FALSE,DMH,HY,1165_mPFF,DMH_left
1165_mPFF_DMH_right,0.295324916,DMH,right,1165,mPFF,0.295324916,FALSE,DMH,HY,1165_mPFF,DMH_right
1165_mPFF_DR_left,0.212534907,DR,left,1165,mPFF,0.212534907,FALSE,DR,MB,1165_mPFF,DR_left
1165_mPFF_DR_right,0.808066346,DR,right,1165,mPFF,0.808066346,FALSE,DR,MB,1165_mPFF,DR_right
1165_mPFF_ECT_left,0.82950004,ECT,left,1165,mPFF,0.82950004,FALSE,ECT,Isocortex,1165_mPFF,ECT_left
1165_mPFF_ECT_right,0.709588926,ECT,right,1165,mPFF,0.709588926,FALSE,ECT,Isocortex,1165_mPFF,ECT_right
1165_mPFF_ENTl_left,0.889132348,ENTl,left,1165,mPFF,0.889132348,FALSE,ENT,HPF,1165_mPFF,ENTl_left
1165_mPFF_ENTl_right,0.956782073,ENTl,right,1165,mPFF,0.956782073,FALSE,ENT,HPF,1165_mPFF,ENTl_right
1165_mPFF_ENTm_left,1.021403366,ENTm,left,1165,mPFF,1,FALSE,ENT,HPF,1165_mPFF,ENTm_left
1165_mPFF_ENTm_right,0.927812987,ENTm,right,1165,mPFF,0.927812987,FALSE,ENT,HPF,1165_mPFF,ENTm_right
1165_mPFF_EP_left,0.50849703,EP,left,1165,mPFF,0.50849703,FALSE,EP,CTXsp,1165_mPFF,EP_left
1165_mPFF_EP_right,0.608718132,EP,right,1165,mPFF,0.608718132,FALSE,EP,CTXsp,1165_mPFF,EP_right
1165_mPFF_Eth_left,0.224059746,Eth,left,1165,mPFF,0.224059746,FALSE,Eth,TH,1165_mPFF,Eth_left
1165_mPFF_Eth_right,0.42685218,Eth,right,1165,mPFF,0.42685218,FALSE,Eth,TH,1165_mPFF,Eth_right
1165_mPFF_FC_left,0.725598054,FC,left,1165,mPFF,0.725598054,FALSE,FC,HPF,1165_mPFF,FC_left
1165_mPFF_FC_right,0.838559462,FC,right,1165,mPFF,0.838559462,FALSE,FC,HPF,1165_mPFF,FC_right
1165_mPFF_GU_left,0.653760817,GU,left,1165,mPFF,0.653760817,FALSE,GU,Isocortex,1165_mPFF,GU_left
1165_mPFF_GU_right,0.920779975,GU,right,1165,mPFF,0.920779975,FALSE,GU,Isocortex,1165_mPFF,GU_right
1165_mPFF_HATA_left,0.899905697,HATA,left,1165,mPFF,0.899905697,FALSE,HATA,HPF,1165_mPFF,HATA_left
1165_mPFF_HATA_right,0.867789514,HATA,right,1165,mPFF,0.867789514,FALSE,HATA,HPF,1165_mPFF,HATA_right
1165_mPFF_HPF_left,0.12459882,HPF,left,1165,mPFF,0.12459882,FALSE,HPF,HPF,1165_mPFF,HPF_left
1165_mPFF_HPF_right,0.082013754,HPF,right,1165,mPFF,0.082013754,FALSE,HPF,HPF,1165_mPFF,HPF_right
1165_mPFF_HY_left,0.4545398,HY,left,1165,mPFF,0.4545398,FALSE,HY,HY,1165_mPFF,HY_left
1165_mPFF_HY_right,0.425128402,HY,right,1165,mPFF,0.425128402,FALSE,HY,HY,1165_mPFF,HY_right
1165_mPFF_IA_left,0.956859858,IA,left,1165,mPFF,0.956859858,FALSE,IA,STR,1165_mPFF,IA_left
1165_mPFF_IA_right,0.143278636,IA,right,1165,mPFF,0.143278636,FALSE,IA,STR,1165_mPFF,IA_right
1165_mPFF_IC_left,0.729391307,IC,left,1165,mPFF,0.729391307,FALSE,IC,MB,1165_mPFF,IC_left
1165_mPFF_IC_right,0.716807773,IC,right,1165,mPFF,0.716807773,FALSE,IC,MB,1165_mPFF,IC_right
1165_mPFF_IG_left,0.514331908,IG,left,1165,mPFF,0.514331908,FALSE,IG,HPF,1165_mPFF,IG_left
1165_mPFF_IG_right,0.864165699,IG,right,1165,mPFF,0.864165699,FALSE,IG,HPF,1165_mPFF,IG_right
1165_mPFF_IIn_left,-5,IIn,left,1165,mPFF,0,TRUE,IIn,fiber tracts,1165_mPFF,IIn_left
1165_mPFF_IIn_right,-0.066311365,IIn,right,1165,mPFF,0,TRUE,IIn,fiber tracts,1165_mPFF,IIn_right
1165_mPFF_IMD_left,0.523558157,IMD,left,1165,mPFF,0.523558157,FALSE,IMD,TH,1165_mPFF,IMD_left
1165_mPFF_IMD_right,0.710059087,IMD,right,1165,mPFF,0.710059087,FALSE,IMD,TH,1165_mPFF,IMD_right
1165_mPFF_In_left,0.054015553,In,left,1165,mPFF,0.054015553,TRUE,In,fiber tracts,1165_mPFF,In_left
1165_mPFF_In_right,0.132319635,In,right,1165,mPFF,0.132319635,TRUE,In,fiber tracts,1165_mPFF,In_right
1165_mPFF_LA_left,0.626475581,LA,left,1165,mPFF,0.626475581,FALSE,LA,CTXsp,1165_mPFF,LA_left
1165_mPFF_LA_right,0.727617065,LA,right,1165,mPFF,0.727617065,FALSE,LA,CTXsp,1165_mPFF,LA_right
1165_mPFF_LGd_left,0.605229147,LGd,left,1165,mPFF,0.605229147,FALSE,LGd,TH,1165_mPFF,LGd_left
1165_mPFF_LGd_right,0.602574985,LGd,right,1165,mPFF,0.602574985,FALSE,LGd,TH,1165_mPFF,LGd_right
1165_mPFF_LGv_left,0.293869779,LGv,left,1165,mPFF,0.293869779,FALSE,LGv,TH,1165_mPFF,LGv_left
1165_mPFF_LGv_right,0.560243595,LGv,right,1165,mPFF,0.560243595,FALSE,LGv,TH,1165_mPFF,LGv_right
1165_mPFF_LHA_left,0.250867932,LHA,left,1165,mPFF,0.250867932,FALSE,LHA,HY,1165_mPFF,LHA_left
1165_mPFF_LHA_right,0.389856291,LHA,right,1165,mPFF,0.389856291,FALSE,LHA,HY,1165_mPFF,LHA_right
1165_mPFF_LH_left,0.00470158,LH,left,1165,mPFF,0.00470158,FALSE,LH,TH,1165_mPFF,LH_left
1165_mPFF_LH_right,0.461989164,LH,right,1165,mPFF,0.461989164,FALSE,LH,TH,1165_mPFF,LH_right
1165_mPFF_LP_left,0.531910711,LP,left,1165,mPFF,0.531910711,FALSE,LP,TH,1165_mPFF,LP_left
1165_mPFF_LP_right,0.561236418,LP,right,1165,mPFF,0.561236418,FALSE,LP,TH,1165_mPFF,LP_right
1165_mPFF_LS_left,0.616314616,LS,left,1165,mPFF,0.616314616,FALSE,LS,STR,1165_mPFF,LS_left
1165_mPFF_LS_right,0.670835461,LS,right,1165,mPFF,0.670835461,FALSE,LS,STR,1165_mPFF,LS_right
1165_mPFF_MB_left,0.353452701,MB,left,1165,mPFF,0.353452701,FALSE,MB,MB,1165_mPFF,MB_left
1165_mPFF_MB_right,0.401986841,MB,right,1165,mPFF,0.401986841,FALSE,MB,MB,1165_mPFF,MB_right
1165_mPFF_MD_left,0.698771983,MD,left,1165,mPFF,0.698771983,FALSE,MD,TH,1165_mPFF,MD_left
1165_mPFF_MD_right,0.679044155,MD,right,1165,mPFF,0.679044155,FALSE,MD,TH,1165_mPFF,MD_right
1165_mPFF_MEA_left,0.667548403,MEA,left,1165,mPFF,0.667548403,FALSE,MEA,STR,1165_mPFF,MEA_left
1165_mPFF_MEA_right,0.691948433,MEA,right,1165,mPFF,0.691948433,FALSE,MEA,STR,1165_mPFF,MEA_right
1165_mPFF_ME_left,-0.097606767,ME,left,1165,mPFF,0,FALSE,ME,HY,1165_mPFF,ME_left
1165_mPFF_ME_right,-0.251575719,ME,right,1165,mPFF,0,FALSE,ME,HY,1165_mPFF,ME_right
1165_mPFF_MH_left,-0.318500268,MH,left,1165,mPFF,0,FALSE,MH,TH,1165_mPFF,MH_left
1165_mPFF_MH_right,0.256489671,MH,right,1165,mPFF,0.256489671,FALSE,MH,TH,1165_mPFF,MH_right
1165_mPFF_MOp_left,0.673420639,MOp,left,1165,mPFF,0.673420639,FALSE,MOp,Isocortex,1165_mPFF,MOp_left
1165_mPFF_MOp_right,0.810550959,MOp,right,1165,mPFF,0.810550959,FALSE,MOp,Isocortex,1165_mPFF,MOp_right
1165_mPFF_MOs_left,0.757603454,MOs,left,1165,mPFF,0.757603454,FALSE,MOs,Isocortex,1165_mPFF,MOs_left
1165_mPFF_MOs_right,0.777972764,MOs,right,1165,mPFF,0.777972764,FALSE,MOs,Isocortex,1165_mPFF,MOs_right
1165_mPFF_MRN_left,0.303590403,MRN,left,1165,mPFF,0.303590403,FALSE,MRN,MB,1165_mPFF,MRN_left
1165_mPFF_MRN_right,0.387040586,MRN,right,1165,mPFF,0.387040586,FALSE,MRN,MB,1165_mPFF,MRN_right
1165_mPFF_MS_left,0.16515322,MS,left,1165,mPFF,0.16515322,FALSE,MS,PAL,1165_mPFF,MS_left
1165_mPFF_MS_right,-0.451858896,MS,right,1165,mPFF,0,FALSE,MS,PAL,1165_mPFF,MS_right
1165_mPFF_NDB_left,0.286283382,NDB,left,1165,mPFF,0.286283382,FALSE,NDB,PAL,1165_mPFF,NDB_left
1165_mPFF_NDB_right,0.188255902,NDB,right,1165,mPFF,0.188255902,FALSE,NDB,PAL,1165_mPFF,NDB_right
1165_mPFF_NLL_left,0.223849137,NLL,left,1165,mPFF,0.223849137,FALSE,NLL,P,1165_mPFF,NLL_left
1165_mPFF_NLL_right,0.277121686,NLL,right,1165,mPFF,0.277121686,FALSE,NLL,P,1165_mPFF,NLL_right
1165_mPFF_OLF_left,0.266527313,OLF,left,1165,mPFF,0.266527313,FALSE,OLF,OLF,1165_mPFF,OLF_left
1165_mPFF_OLF_right,0.346296755,OLF,right,1165,mPFF,0.346296755,FALSE,OLF,OLF,1165_mPFF,OLF_right
1165_mPFF_OT_left,0.196169136,OT,left,1165,mPFF,0.196169136,FALSE,OT,STR,1165_mPFF,OT_left
1165_mPFF_OT_right,0.521896811,OT,right,1165,mPFF,0.521896811,FALSE,OT,STR,1165_mPFF,OT_right
1165_mPFF_PAA_left,0.554883707,PAA,left,1165,mPFF,0.554883707,FALSE,PAA,OLF,1165_mPFF,PAA_left
1165_mPFF_PAA_right,0.831352874,PAA,right,1165,mPFF,0.831352874,FALSE,PAA,OLF,1165_mPFF,PAA_right
1165_mPFF_PAG_left,0.257405623,PAG,left,1165,mPFF,0.257405623,FALSE,PAG,MB,1165_mPFF,PAG_left
1165_mPFF_PAG_right,0.343657707,PAG,right,1165,mPFF,0.343657707,FALSE,PAG,MB,1165_mPFF,PAG_right
1165_mPFF_PAL_left,0.389105378,PAL,left,1165,mPFF,0.389105378,FALSE,PAL,PAL,1165_mPFF,PAL_left
1165_mPFF_PAL_right,0.469234427,PAL,right,1165,mPFF,0.469234427,FALSE,PAL,PAL,1165_mPFF,PAL_right
1165_mPFF_PALd_left,0.566883723,PALd,left,1165,mPFF,0.566883723,FALSE,PAL,PAL,1165_mPFF,PALd_left
1165_mPFF_PALd_right,0.527146145,PALd,right,1165,mPFF,0.527146145,FALSE,PAL,PAL,1165_mPFF,PALd_right
1165_mPFF_PAR_left,0.629831048,PAR,left,1165,mPFF,0.629831048,FALSE,PAR,HPF,1165_mPFF,PAR_left
1165_mPFF_PAR_right,0.906714271,PAR,right,1165,mPFF,0.906714271,FALSE,PAR,HPF,1165_mPFF,PAR_right
1165_mPFF_PBG_left,-0.077760598,PBG,left,1165,mPFF,0,FALSE,PBG,MB,1165_mPFF,PBG_left
1165_mPFF_PBG_right,-0.656796778,PBG,right,1165,mPFF,0,FALSE,PBG,MB,1165_mPFF,PBG_right
1165_mPFF_PCN_left,0.622033613,PCN,left,1165,mPFF,0.622033613,FALSE,PCN,TH,1165_mPFF,PCN_left
1165_mPFF_PCN_right,0.514406923,PCN,right,1165,mPFF,0.514406923,FALSE,PCN,TH,1165_mPFF,PCN_right
1165_mPFF_PERI_left,0.725783881,PERI,left,1165,mPFF,0.725783881,FALSE,PERI,Isocortex,1165_mPFF,PERI_left
1165_mPFF_PERI_right,0.263768029,PERI,right,1165,mPFF,0.263768029,FALSE,PERI,Isocortex,1165_mPFF,PERI_right
1165_mPFF_PG_left,0.69942122,PG,left,1165,mPFF,0.69942122,FALSE,PG,P,1165_mPFF,PG_left
1165_mPFF_PG_right,0.692348992,PG,right,1165,mPFF,0.692348992,FALSE,PG,P,1165_mPFF,PG_right
1165_mPFF_PIR_left,0.527273167,PIR,left,1165,mPFF,0.527273167,FALSE,PIR,OLF,1165_mPFF,PIR_left
1165_mPFF_PIR_right,0.728782702,PIR,right,1165,mPFF,0.728782702,FALSE,PIR,OLF,1165_mPFF,PIR_right
1165_mPFF_POST_left,0.661685024,POST,left,1165,mPFF,0.661685024,FALSE,POST,HPF,1165_mPFF,POST_left
1165_mPFF_POST_right,0.89190119,POST,right,1165,mPFF,0.89190119,FALSE,POST,HPF,1165_mPFF,POST_right
1165_mPFF_PO_left,0.589207955,PO,left,1165,mPFF,0.589207955,FALSE,PO,TH,1165_mPFF,PO_left
1165_mPFF_PO_right,0.69008405,PO,right,1165,mPFF,0.69008405,FALSE,PO,TH,1165_mPFF,PO_right
1165_mPFF_PPN_left,0.337161317,PPN,left,1165,mPFF,0.337161317,FALSE,PPN,MB,1165_mPFF,PPN_left
1165_mPFF_PPN_right,0.425071849,PPN,right,1165,mPFF,0.425071849,FALSE,PPN,MB,1165_mPFF,PPN_right
1165_mPFF_PRE_left,0.671993925,PRE,left,1165,mPFF,0.671993925,FALSE,PRE,HPF,1165_mPFF,PRE_left
1165_mPFF_PRE_right,0.978539439,PRE,right,1165,mPFF,0.978539439,FALSE,PRE,HPF,1165_mPFF,PRE_right
1165_mPFF_PRNr_left,0.335278426,PRNr,left,1165,mPFF,0.335278426,FALSE,PRNr,P,1165_mPFF,PRNr_left
1165_mPFF_PRNr_right,0.466842363,PRNr,right,1165,mPFF,0.466842363,FALSE,PRNr,P,1165_mPFF,PRNr_right
1165_mPFF_PR_left,0.243433736,PR,left,1165,mPFF,0.243433736,FALSE,PR,TH,1165_mPFF,PR_left
1165_mPFF_PR_right,0.407515424,PR,right,1165,mPFF,0.407515424,FALSE,PR,TH,1165_mPFF,PR_right
1165_mPFF_PST_right,-0.146340323,PST,right,1165,mPFF,0,FALSE,PST,HY,1165_mPFF,PST_right
1165_mPFF_PVT_left,0.489182156,PVT,left,1165,mPFF,0.489182156,FALSE,PVT,TH,1165_mPFF,PVT_left
1165_mPFF_PVT_right,0.379057421,PVT,right,1165,mPFF,0.379057421,FALSE,PVT,TH,1165_mPFF,PVT_right
1165_mPFF_PVZ_left,-0.043834396,PVZ,left,1165,mPFF,0,FALSE,PVZ,HY,1165_mPFF,PVZ_left
1165_mPFF_PVZ_right,0.163383342,PVZ,right,1165,mPFF,0.163383342,FALSE,PVZ,HY,1165_mPFF,PVZ_right
1165_mPFF_P_left,0.501555769,P,left,1165,mPFF,0.501555769,FALSE,P,P,1165_mPFF,P_left
1165_mPFF_P_right,0.489398875,P,right,1165,mPFF,0.489398875,FALSE,P,P,1165_mPFF,P_right
1165_mPFF_Pa4_left,0.452181931,Pa4,left,1165,mPFF,0.452181931,FALSE,Pa4,MB,1165_mPFF,Pa4_left
1165_mPFF_Pa4_right,-0.815183642,Pa4,right,1165,mPFF,0,FALSE,Pa4,MB,1165_mPFF,Pa4_right
1165_mPFF_PeF_left,0.213859695,PeF,left,1165,mPFF,0.213859695,FALSE,PeF,HY,1165_mPFF,PeF_left
1165_mPFF_PeF_right,0.153496792,PeF,right,1165,mPFF,0.153496792,FALSE,PeF,HY,1165_mPFF,PeF_right
1165_mPFF_RE_left,0.32597844,RE,left,1165,mPFF,0.32597844,FALSE,RE,TH,1165_mPFF,RE_left
1165_mPFF_RE_right,0.425272472,RE,right,1165,mPFF,0.425272472,FALSE,RE,TH,1165_mPFF,RE_right
1165_mPFF_RH_left,0.285030764,RH,left,1165,mPFF,0.285030764,FALSE,RH,TH,1165_mPFF,RH_left
1165_mPFF_RH_right,0.775407327,RH,right,1165,mPFF,0.775407327,FALSE,RH,TH,1165_mPFF,RH_right
1165_mPFF_RSPagl_left,0.718843167,RSPagl,left,1165,mPFF,0.718843167,FALSE,RSP,Isocortex,1165_mPFF,RSPagl_left
1165_mPFF_RSPagl_right,0.746717958,RSPagl,right,1165,mPFF,0.746717958,FALSE,RSP,Isocortex,1165_mPFF,RSPagl_right
1165_mPFF_RSPd_left,0.738252807,RSPd,left,1165,mPFF,0.738252807,FALSE,RSP,Isocortex,1165_mPFF,RSPd_left
1165_mPFF_RSPd_right,0.796429254,RSPd,right,1165,mPFF,0.796429254,FALSE,RSP,Isocortex,1165_mPFF,RSPd_right
1165_mPFF_RSPv_left,0.804231042,RSPv,left,1165,mPFF,0.804231042,FALSE,RSP,Isocortex,1165_mPFF,RSPv_left
1165_mPFF_RSPv_right,0.866326992,RSPv,right,1165,mPFF,0.866326992,FALSE,RSP,Isocortex,1165_mPFF,RSPv_right
1165_mPFF_RT_left,0.535863071,RT,left,1165,mPFF,0.535863071,FALSE,RT,TH,1165_mPFF,RT_left
1165_mPFF_RT_right,0.691892704,RT,right,1165,mPFF,0.691892704,FALSE,RT,TH,1165_mPFF,RT_right
1165_mPFF_SAG_left,0.417170421,SAG,left,1165,mPFF,0.417170421,FALSE,SAG,MB,1165_mPFF,SAG_left
1165_mPFF_SAG_right,0.205554327,SAG,right,1165,mPFF,0.205554327,FALSE,SAG,MB,1165_mPFF,SAG_right
1165_mPFF_SCm_left,0.274291957,SCm,left,1165,mPFF,0.274291957,FALSE,MBmot,MB,1165_mPFF,SCm_left
1165_mPFF_SCm_right,0.472813074,SCm,right,1165,mPFF,0.472813074,FALSE,MBmot,MB,1165_mPFF,SCm_right
1165_mPFF_SCs_left,0.131446695,SCs,left,1165,mPFF,0.131446695,FALSE,MBsen,MB,1165_mPFF,SCs_left
1165_mPFF_SCs_right,0.200807737,SCs,right,1165,mPFF,0.200807737,FALSE,MBsen,MB,1165_mPFF,SCs_right
1165_mPFF_SEZ_left,0.292686011,SEZ,left,1165,mPFF,0.292686011,TRUE,SEZ,VS,1165_mPFF,SEZ_left
1165_mPFF_SEZ_right,-0.32225504,SEZ,right,1165,mPFF,0,TRUE,SEZ,VS,1165_mPFF,SEZ_right
1165_mPFF_SH_left,0.726847381,SH,left,1165,mPFF,0.726847381,FALSE,SH,STR,1165_mPFF,SH_left
1165_mPFF_SH_right,0.980851351,SH,right,1165,mPFF,0.980851351,FALSE,SH,STR,1165_mPFF,SH_right
1165_mPFF_SI_left,0.242881191,SI,left,1165,mPFF,0.242881191,FALSE,SI,PAL,1165_mPFF,SI_left
1165_mPFF_SI_right,0.432569999,SI,right,1165,mPFF,0.432569999,FALSE,SI,PAL,1165_mPFF,SI_right
1165_mPFF_SMT_left,0.670115623,SMT,left,1165,mPFF,0.670115623,FALSE,SMT,TH,1165_mPFF,SMT_left
1165_mPFF_SMT_right,0.579847123,SMT,right,1165,mPFF,0.579847123,FALSE,SMT,TH,1165_mPFF,SMT_right
1165_mPFF_SSp-bfd_left,0.770212408,SSp-bfd,left,1165,mPFF,0.770212408,FALSE,SSp,Isocortex,1165_mPFF,SSp-bfd_left
1165_mPFF_SSp-bfd_right,0.963634199,SSp-bfd,right,1165,mPFF,0.963634199,FALSE,SSp,Isocortex,1165_mPFF,SSp-bfd_right
1165_mPFF_SSp-m_left,0.56847416,SSp-m,left,1165,mPFF,0.56847416,FALSE,SSp,Isocortex,1165_mPFF,SSp-m_left
1165_mPFF_SSp-m_right,0.875475188,SSp-m,right,1165,mPFF,0.875475188,FALSE,SSp,Isocortex,1165_mPFF,SSp-m_right
1165_mPFF_SSp-ul_left,0.857585834,SSp-ul,left,1165,mPFF,0.857585834,FALSE,SSp,Isocortex,1165_mPFF,SSp-ul_left
1165_mPFF_SSp-ul_right,1.037705689,SSp-ul,right,1165,mPFF,1,FALSE,SSp,Isocortex,1165_mPFF,SSp-ul_right
1165_mPFF_SSs_left,0.691627183,SSs,left,1165,mPFF,0.691627183,FALSE,SSs,Isocortex,1165_mPFF,SSs_left
1165_mPFF_SSs_right,0.97266839,SSs,right,1165,mPFF,0.97266839,FALSE,SSs,Isocortex,1165_mPFF,SSs_right
1165_mPFF_STN_right,0.11508775,STN,right,1165,mPFF,0.11508775,FALSE,STN,HY,1165_mPFF,STN_right
1165_mPFF_STR_left,0.571624955,STR,left,1165,mPFF,0.571624955,FALSE,STR,STR,1165_mPFF,STR_left
1165_mPFF_STR_right,0.684852509,STR,right,1165,mPFF,0.684852509,FALSE,STR,STR,1165_mPFF,STR_right
1165_mPFF_SUB_left,0.66749192,SUB,left,1165,mPFF,0.66749192,FALSE,SUB,HPF,1165_mPFF,SUB_left
1165_mPFF_SUB_right,0.799501939,SUB,right,1165,mPFF,0.799501939,FALSE,SUB,HPF,1165_mPFF,SUB_right
1165_mPFF_Su3_left,0.001875029,Su3,left,1165,mPFF,0.001875029,FALSE,Su3,MB,1165_mPFF,Su3_left
1165_mPFF_Su3_right,0.898527117,Su3,right,1165,mPFF,0.898527117,FALSE,Su3,MB,1165_mPFF,Su3_right
1165_mPFF_TEa_left,0.601455616,TEa,left,1165,mPFF,0.601455616,FALSE,TEa,Isocortex,1165_mPFF,TEa_left
1165_mPFF_TEa_right,0.938413623,TEa,right,1165,mPFF,0.938413623,FALSE,TEa,Isocortex,1165_mPFF,TEa_right
1165_mPFF_TH_left,0.7171946,TH,left,1165,mPFF,0.7171946,FALSE,TH,TH,1165_mPFF,TH_left
1165_mPFF_TH_right,0.509189153,TH,right,1165,mPFF,0.509189153,FALSE,TH,TH,1165_mPFF,TH_right
1165_mPFF_TRN_left,0.599662422,TRN,left,1165,mPFF,0.599662422,FALSE,TRN,P,1165_mPFF,TRN_left
1165_mPFF_TRN_right,0.691529975,TRN,right,1165,mPFF,0.691529975,FALSE,TRN,P,1165_mPFF,TRN_right
1165_mPFF_TU_left,0.41721313,TU,left,1165,mPFF,0.41721313,FALSE,TU,HY,1165_mPFF,TU_left
1165_mPFF_TU_right,0.488585626,TU,right,1165,mPFF,0.488585626,FALSE,TU,HY,1165_mPFF,TU_right
1165_mPFF_V3_left,-0.013261162,V3,left,1165,mPFF,0,TRUE,V3,VS,1165_mPFF,V3_left
1165_mPFF_V3_right,0.350161163,V3,right,1165,mPFF,0.350161163,TRUE,V3,VS,1165_mPFF,V3_right
1165_mPFF_VAL_left,0.576965344,VAL,left,1165,mPFF,0.576965344,FALSE,VAL,TH,1165_mPFF,VAL_left
1165_mPFF_VAL_right,0.98255798,VAL,right,1165,mPFF,0.98255798,FALSE,VAL,TH,1165_mPFF,VAL_right
1165_mPFF_VISC_left,0.473898341,VISC,left,1165,mPFF,0.473898341,FALSE,VISC,Isocortex,1165_mPFF,VISC_left
1165_mPFF_VISC_right,0.772713507,VISC,right,1165,mPFF,0.772713507,FALSE,VISC,Isocortex,1165_mPFF,VISC_right
1165_mPFF_VISa_left,0.838427896,VISa,left,1165,mPFF,0.838427896,FALSE,VISa,Isocortex,1165_mPFF,VISa_left
1165_mPFF_VISa_right,0.869894039,VISa,right,1165,mPFF,0.869894039,FALSE,VISa,Isocortex,1165_mPFF,VISa_right
1165_mPFF_VISam_left,0.866304258,VISam,left,1165,mPFF,0.866304258,FALSE,VISam,Isocortex,1165_mPFF,VISam_left
1165_mPFF_VISam_right,0.84262412,VISam,right,1165,mPFF,0.84262412,FALSE,VISam,Isocortex,1165_mPFF,VISam_right
1165_mPFF_VISl_left,0.541034702,VISl,left,1165,mPFF,0.541034702,FALSE,VISl,Isocortex,1165_mPFF,VISl_left
1165_mPFF_VISl_right,0.949072418,VISl,right,1165,mPFF,0.949072418,FALSE,VISl,Isocortex,1165_mPFF,VISl_right
1165_mPFF_VISli_left,0.695863971,VISli,left,1165,mPFF,0.695863971,FALSE,VISli,Isocortex,1165_mPFF,VISli_left
1165_mPFF_VISp_left,0.491169752,VISp,left,1165,mPFF,0.491169752,FALSE,VISp,Isocortex,1165_mPFF,VISp_left
1165_mPFF_VISp_right,0.870567536,VISp,right,1165,mPFF,0.870567536,FALSE,VISp,Isocortex,1165_mPFF,VISp_right
1165_mPFF_VISpl_left,0.309748896,VISpl,left,1165,mPFF,0.309748896,FALSE,VISpl,Isocortex,1165_mPFF,VISpl_left
1165_mPFF_VISpl_right,0.672242615,VISpl,right,1165,mPFF,0.672242615,FALSE,VISpl,Isocortex,1165_mPFF,VISpl_right
1165_mPFF_VISpor_left,0.516105483,VISpor,left,1165,mPFF,0.516105483,FALSE,VISpor,Isocortex,1165_mPFF,VISpor_left
1165_mPFF_VISpor_right,1.009962307,VISpor,right,1165,mPFF,1,FALSE,VISpor,Isocortex,1165_mPFF,VISpor_right
1165_mPFF_VISrl_left,0.923724358,VISrl,left,1165,mPFF,0.923724358,FALSE,VISrl,Isocortex,1165_mPFF,VISrl_left
1165_mPFF_VISrl_right,0.830913618,VISrl,right,1165,mPFF,0.830913618,FALSE,VISrl,Isocortex,1165_mPFF,VISrl_right
1165_mPFF_VL_left,-0.023010595,VL,left,1165,mPFF,0,TRUE,VL,VS,1165_mPFF,VL_left
1165_mPFF_VL_right,-0.032295967,VL,right,1165,mPFF,0,TRUE,VL,VS,1165_mPFF,VL_right
1165_mPFF_VMH_left,0.525178983,VMH,left,1165,mPFF,0.525178983,FALSE,VMH,HY,1165_mPFF,VMH_left
1165_mPFF_VMH_right,0.570632852,VMH,right,1165,mPFF,0.570632852,FALSE,VMH,HY,1165_mPFF,VMH_right
1165_mPFF_VM_left,0.467430639,VM,left,1165,mPFF,0.467430639,FALSE,VM,TH,1165_mPFF,VM_left
1165_mPFF_VM_right,0.506128133,VM,right,1165,mPFF,0.506128133,FALSE,VM,TH,1165_mPFF,VM_right
1165_mPFF_VPL_left,0.42913529,VPL,left,1165,mPFF,0.42913529,FALSE,VPL,TH,1165_mPFF,VPL_left
1165_mPFF_VPL_right,0.605129914,VPL,right,1165,mPFF,0.605129914,FALSE,VPL,TH,1165_mPFF,VPL_right
1165_mPFF_VPM_left,0.579862669,VPM,left,1165,mPFF,0.579862669,FALSE,VPM,TH,1165_mPFF,VPM_left
1165_mPFF_VPM_right,0.530371158,VPM,right,1165,mPFF,0.530371158,FALSE,VPM,TH,1165_mPFF,VPM_right
1165_mPFF_VP_right,1.051699753,VP,right,1165,mPFF,1,FALSE,VP,TH,1165_mPFF,VP_right
1165_mPFF_Xi_left,0.427126849,Xi,left,1165,mPFF,0.427126849,FALSE,Xi,TH,1165_mPFF,Xi_left
1165_mPFF_Xi_right,0.577436596,Xi,right,1165,mPFF,0.577436596,FALSE,Xi,TH,1165_mPFF,Xi_right
1165_mPFF_ZI_left,0.468029291,ZI,left,1165,mPFF,0.468029291,FALSE,ZI,HY,1165_mPFF,ZI_left
1165_mPFF_ZI_right,0.540735255,ZI,right,1165,mPFF,0.540735255,FALSE,ZI,HY,1165_mPFF,ZI_right
1165_mPFF_alv_left,0.395403372,alv,left,1165,mPFF,0.395403372,TRUE,alv,fiber tracts,1165_mPFF,alv_left
1165_mPFF_alv_right,0.430333457,alv,right,1165,mPFF,0.430333457,TRUE,alv,fiber tracts,1165_mPFF,alv_right
1165_mPFF_amc_left,0.886443827,amc,left,1165,mPFF,0.886443827,TRUE,amc,fiber tracts,1165_mPFF,amc_left
1165_mPFF_amc_right,0.744058052,amc,right,1165,mPFF,0.744058052,TRUE,amc,fiber tracts,1165_mPFF,amc_right
1165_mPFF_ar_left,0.080589313,ar,left,1165,mPFF,0.080589313,TRUE,ar,fiber tracts,1165_mPFF,ar_left
1165_mPFF_ar_right,0.379386491,ar,right,1165,mPFF,0.379386491,TRUE,ar,fiber tracts,1165_mPFF,ar_right
1165_mPFF_bic_left,-0.429566132,bic,left,1165,mPFF,0,TRUE,bic,fiber tracts,1165_mPFF,bic_left
1165_mPFF_bic_right,0.30819599,bic,right,1165,mPFF,0.30819599,TRUE,bic,fiber tracts,1165_mPFF,bic_right
1165_mPFF_cc_left,0.461829168,cc,left,1165,mPFF,0.461829168,TRUE,cc,fiber tracts,1165_mPFF,cc_left
1165_mPFF_cc_right,0.515765252,cc,right,1165,mPFF,0.515765252,TRUE,cc,fiber tracts,1165_mPFF,cc_right
1165_mPFF_ccg_left,-0.058078303,ccg,left,1165,mPFF,0,TRUE,ccg,fiber tracts,1165_mPFF,ccg_left
1165_mPFF_ccg_right,-0.024008077,ccg,right,1165,mPFF,0,TRUE,ccg,fiber tracts,1165_mPFF,ccg_right
1165_mPFF_chpl_left,-0.148424094,chpl,left,1165,mPFF,0,TRUE,chpl,VS,1165_mPFF,chpl_left
1165_mPFF_chpl_right,-0.333549241,chpl,right,1165,mPFF,0,TRUE,chpl,VS,1165_mPFF,chpl_right
1165_mPFF_cing_left,0.542601537,cing,left,1165,mPFF,0.542601537,TRUE,cing,fiber tracts,1165_mPFF,cing_left
1165_mPFF_cing_right,0.386481396,cing,right,1165,mPFF,0.386481396,TRUE,cing,fiber tracts,1165_mPFF,cing_right
1165_mPFF_cst_left,0.746787369,cst,left,1165,mPFF,0.746787369,TRUE,cst,fiber tracts,1165_mPFF,cst_left
1165_mPFF_cst_right,0.797283221,cst,right,1165,mPFF,0.797283221,TRUE,cst,fiber tracts,1165_mPFF,cst_right
1165_mPFF_dhc_left,0.713341154,dhc,left,1165,mPFF,0.713341154,TRUE,dhc,fiber tracts,1165_mPFF,dhc_left
1165_mPFF_dhc_right,0.80513075,dhc,right,1165,mPFF,0.80513075,TRUE,dhc,fiber tracts,1165_mPFF,dhc_right
1165_mPFF_dscp_left,-0.45295097,dscp,left,1165,mPFF,0,TRUE,dscp,fiber tracts,1165_mPFF,dscp_left
1165_mPFF_dscp_right,-0.1084186,dscp,right,1165,mPFF,0,TRUE,dscp,fiber tracts,1165_mPFF,dscp_right
1165_mPFF_ec_left,0.221482926,ec,left,1165,mPFF,0.221482926,TRUE,ec,fiber tracts,1165_mPFF,ec_left
1165_mPFF_ec_right,0.251647393,ec,right,1165,mPFF,0.251647393,TRUE,ec,fiber tracts,1165_mPFF,ec_right
1165_mPFF_em_left,0.506334346,em,left,1165,mPFF,0.506334346,TRUE,em,fiber tracts,1165_mPFF,em_left
1165_mPFF_em_right,0.309302212,em,right,1165,mPFF,0.309302212,TRUE,em,fiber tracts,1165_mPFF,em_right
1165_mPFF_fi_left,0.227136822,fi,left,1165,mPFF,0.227136822,TRUE,fi,fiber tracts,1165_mPFF,fi_left
1165_mPFF_fi_right,0.373662152,fi,right,1165,mPFF,0.373662152,TRUE,fi,fiber tracts,1165_mPFF,fi_right
1165_mPFF_fiber tracts_left,0.262190151,fiber tracts,left,1165,mPFF,0.262190151,TRUE,fiber tracts,fiber tracts,1165_mPFF,fiber tracts_left
1165_mPFF_fiber tracts_right,0.299400645,fiber tracts,right,1165,mPFF,0.299400645,TRUE,fiber tracts,fiber tracts,1165_mPFF,fiber tracts_right
1165_mPFF_fr_left,0.400526015,fr,left,1165,mPFF,0.400526015,TRUE,fr,fiber tracts,1165_mPFF,fr_left
1165_mPFF_fr_right,0.776499919,fr,right,1165,mPFF,0.776499919,TRUE,fr,fiber tracts,1165_mPFF,fr_right
1165_mPFF_fx_left,0.326823828,fx,left,1165,mPFF,0.326823828,TRUE,fx,fiber tracts,1165_mPFF,fx_left
1165_mPFF_fx_right,0.421121947,fx,right,1165,mPFF,0.421121947,TRUE,fx,fiber tracts,1165_mPFF,fx_right
1165_mPFF_hbc_left,-1.120501486,hbc,left,1165,mPFF,0,TRUE,hbc,fiber tracts,1165_mPFF,hbc_left
1165_mPFF_hbc_right,-0.655114416,hbc,right,1165,mPFF,0,TRUE,hbc,fiber tracts,1165_mPFF,hbc_right
1165_mPFF_int_left,0.40452585,int,left,1165,mPFF,0.40452585,TRUE,int,fiber tracts,1165_mPFF,int_left
1165_mPFF_int_right,0.436610818,int,right,1165,mPFF,0.436610818,TRUE,int,fiber tracts,1165_mPFF,int_right
1165_mPFF_ll_left,0.343521507,ll,left,1165,mPFF,0.343521507,TRUE,ll,fiber tracts,1165_mPFF,ll_left
1165_mPFF_ll_right,0.353598722,ll,right,1165,mPFF,0.353598722,TRUE,ll,fiber tracts,1165_mPFF,ll_right
1165_mPFF_lotg_left,0.557226589,lotg,left,1165,mPFF,0.557226589,TRUE,In,fiber tracts,1165_mPFF,lotg_left
1165_mPFF_lotg_right,0.235559635,lotg,right,1165,mPFF,0.235559635,TRUE,In,fiber tracts,1165_mPFF,lotg_right
1165_mPFF_mcp_left,0.183842464,mcp,left,1165,mPFF,0.183842464,TRUE,mcp,fiber tracts,1165_mPFF,mcp_left
1165_mPFF_mcp_right,-0.085903017,mcp,right,1165,mPFF,0,TRUE,mcp,fiber tracts,1165_mPFF,mcp_right
1165_mPFF_ml_left,1.054307663,ml,left,1165,mPFF,1,TRUE,ml,fiber tracts,1165_mPFF,ml_left
1165_mPFF_ml_right,0.931915032,ml,right,1165,mPFF,0.931915032,TRUE,ml,fiber tracts,1165_mPFF,ml_right
1165_mPFF_mlf_left,-0.101947927,mlf,left,1165,mPFF,0,TRUE,mlf,fiber tracts,1165_mPFF,mlf_left
1165_mPFF_mlf_right,-0.773383878,mlf,right,1165,mPFF,0,TRUE,mlf,fiber tracts,1165_mPFF,mlf_right
1165_mPFF_moV_left,0.036193935,moV,left,1165,mPFF,0.036193935,TRUE,moV,fiber tracts,1165_mPFF,moV_left
1165_mPFF_moV_right,-0.141509423,moV,right,1165,mPFF,0,TRUE,moV,fiber tracts,1165_mPFF,moV_right
1165_mPFF_mtg_left,-1.151301993,mtg,left,1165,mPFF,0,TRUE,mtg,fiber tracts,1165_mPFF,mtg_left
1165_mPFF_mtg_right,-0.565787052,mtg,right,1165,mPFF,0,TRUE,mtg,fiber tracts,1165_mPFF,mtg_right
1165_mPFF_mtt_left,0.398533098,mtt,left,1165,mPFF,0.398533098,TRUE,mtt,fiber tracts,1165_mPFF,mtt_left
1165_mPFF_mtt_right,0.304667091,mtt,right,1165,mPFF,0.304667091,TRUE,mtt,fiber tracts,1165_mPFF,mtt_right
1165_mPFF_nst_left,0.398387984,nst,left,1165,mPFF,0.398387984,TRUE,nst,fiber tracts,1165_mPFF,nst_left
1165_mPFF_nst_right,0.366631089,nst,right,1165,mPFF,0.366631089,TRUE,nst,fiber tracts,1165_mPFF,nst_right
1165_mPFF_opt_left,0.206381553,opt,left,1165,mPFF,0.206381553,TRUE,opt,fiber tracts,1165_mPFF,opt_left
1165_mPFF_opt_right,0.160943457,opt,right,1165,mPFF,0.160943457,TRUE,opt,fiber tracts,1165_mPFF,opt_right
1165_mPFF_or_left,0.424182954,or,left,1165,mPFF,0.424182954,TRUE,or,fiber tracts,1165_mPFF,or_left
1165_mPFF_or_right,0.398489795,or,right,1165,mPFF,0.398489795,TRUE,or,fiber tracts,1165_mPFF,or_right
1165_mPFF_rust_left,0.976295466,rust,left,1165,mPFF,0.976295466,TRUE,rust,fiber tracts,1165_mPFF,rust_left
1165_mPFF_rust_right,-0.012263901,rust,right,1165,mPFF,0,TRUE,rust,fiber tracts,1165_mPFF,rust_right
1165_mPFF_sV_left,-1.795830131,sV,left,1165,mPFF,0,TRUE,sV,fiber tracts,1165_mPFF,sV_left
1165_mPFF_sV_right,-2.203285879,sV,right,1165,mPFF,0,TRUE,sV,fiber tracts,1165_mPFF,sV_right
1165_mPFF_scp_left,0.159905499,scp,left,1165,mPFF,0.159905499,TRUE,scp,fiber tracts,1165_mPFF,scp_left
1165_mPFF_scp_right,-0.311177752,scp,right,1165,mPFF,0,TRUE,scp,fiber tracts,1165_mPFF,scp_right
1165_mPFF_scwm_left,0.242959228,scwm,left,1165,mPFF,0.242959228,TRUE,scwm,fiber tracts,1165_mPFF,scwm_left
1165_mPFF_scwm_right,0.372940094,scwm,right,1165,mPFF,0.372940094,TRUE,scwm,fiber tracts,1165_mPFF,scwm_right
1165_mPFF_st_left,0.648674976,st,left,1165,mPFF,0.648674976,TRUE,st,fiber tracts,1165_mPFF,st_left
1165_mPFF_st_right,0.450754935,st,right,1165,mPFF,0.450754935,TRUE,st,fiber tracts,1165_mPFF,st_right
1165_mPFF_stc_left,0.456015002,stc,left,1165,mPFF,0.456015002,TRUE,stc,fiber tracts,1165_mPFF,stc_left
1165_mPFF_stc_right,0.459140799,stc,right,1165,mPFF,0.459140799,TRUE,stc,fiber tracts,1165_mPFF,stc_right
1165_mPFF_sup_left,0.196727336,sup,left,1165,mPFF,0.196727336,TRUE,sup,fiber tracts,1165_mPFF,sup_left
1165_mPFF_sup_right,0.370431605,sup,right,1165,mPFF,0.370431605,TRUE,sup,fiber tracts,1165_mPFF,sup_right
1165_mPFF_tspc_left,0.428717494,tspc,left,1165,mPFF,0.428717494,TRUE,tspc,fiber tracts,1165_mPFF,tspc_left
1165_mPFF_tspc_right,0.265555455,tspc,right,1165,mPFF,0.265555455,TRUE,tspc,fiber tracts,1165_mPFF,tspc_right
1261_mPFF_ACAd_left,0.570181642,ACAd,left,1261,mPFF,0.570181642,FALSE,ACA,Isocortex,1261_mPFF,ACAd_left
1261_mPFF_ACAd_right,0.581211648,ACAd,right,1261,mPFF,0.581211648,FALSE,ACA,Isocortex,1261_mPFF,ACAd_right
1261_mPFF_ACAv_left,0.672056811,ACAv,left,1261,mPFF,0.672056811,FALSE,ACA,Isocortex,1261_mPFF,ACAv_left
1261_mPFF_ACAv_right,0.68698172,ACAv,right,1261,mPFF,0.68698172,FALSE,ACA,Isocortex,1261_mPFF,ACAv_right
1261_mPFF_ACB_left,0.405602425,ACB,left,1261,mPFF,0.405602425,FALSE,ACB,STR,1261_mPFF,ACB_left
1261_mPFF_ACB_right,0.309350208,ACB,right,1261,mPFF,0.309350208,FALSE,ACB,STR,1261_mPFF,ACB_right
1261_mPFF_AHN_right,0.519498972,AHN,right,1261,mPFF,0.519498972,FALSE,AHN,HY,1261_mPFF,AHN_right
1261_mPFF_AId_left,0.923671457,AId,left,1261,mPFF,0.923671457,FALSE,AI,Isocortex,1261_mPFF,AId_left
1261_mPFF_AId_right,0.876056961,AId,right,1261,mPFF,0.876056961,FALSE,AI,Isocortex,1261_mPFF,AId_right
1261_mPFF_AIp_left,0.876554761,AIp,left,1261,mPFF,0.876554761,FALSE,AI,Isocortex,1261_mPFF,AIp_left
1261_mPFF_AIp_right,0.703623064,AIp,right,1261,mPFF,0.703623064,FALSE,AI,Isocortex,1261_mPFF,AIp_right
1261_mPFF_AIv_left,0.893855293,AIv,left,1261,mPFF,0.893855293,FALSE,AI,Isocortex,1261_mPFF,AIv_left
1261_mPFF_AIv_right,0.833627301,AIv,right,1261,mPFF,0.833627301,FALSE,AI,Isocortex,1261_mPFF,AIv_right
1261_mPFF_APr_left,0.824915638,APr,left,1261,mPFF,0.824915638,FALSE,APr,HPF,1261_mPFF,APr_left
1261_mPFF_APr_right,0.954589719,APr,right,1261,mPFF,0.954589719,FALSE,APr,HPF,1261_mPFF,APr_right
1261_mPFF_AQ_left,-2.058409424,AQ,left,1261,mPFF,0,TRUE,AQ,VS,1261_mPFF,AQ_left
1261_mPFF_AQ_right,-1.66594632,AQ,right,1261,mPFF,0,TRUE,AQ,VS,1261_mPFF,AQ_right
1261_mPFF_ARH_left,-0.205908536,ARH,left,1261,mPFF,0,FALSE,ARH,HY,1261_mPFF,ARH_left
1261_mPFF_ARH_right,-0.611135775,ARH,right,1261,mPFF,0,FALSE,ARH,HY,1261_mPFF,ARH_right
1261_mPFF_AT_left,-0.031464063,AT,left,1261,mPFF,0,FALSE,AT,MB,1261_mPFF,AT_left
1261_mPFF_AT_right,0.279581077,AT,right,1261,mPFF,0.279581077,FALSE,AT,MB,1261_mPFF,AT_right
1261_mPFF_AUDd_left,1.002656062,AUDd,left,1261,mPFF,1,FALSE,AUDd,Isocortex,1261_mPFF,AUDd_left
1261_mPFF_AUDd_right,0.80505548,AUDd,right,1261,mPFF,0.80505548,FALSE,AUDd,Isocortex,1261_mPFF,AUDd_right
1261_mPFF_AUDv_left,1.014897897,AUDv,left,1261,mPFF,1,FALSE,AUDv,Isocortex,1261_mPFF,AUDv_left
1261_mPFF_AUDv_right,0.859454891,AUDv,right,1261,mPFF,0.859454891,FALSE,AUDv,Isocortex,1261_mPFF,AUDv_right
1261_mPFF_BLA_left,0.826829942,BLA,left,1261,mPFF,0.826829942,FALSE,BLA,CTXsp,1261_mPFF,BLA_left
1261_mPFF_BLA_right,0.72130674,BLA,right,1261,mPFF,0.72130674,FALSE,BLA,CTXsp,1261_mPFF,BLA_right
1261_mPFF_BMA_left,0.73382643,BMA,left,1261,mPFF,0.73382643,FALSE,BMA,CTXsp,1261_mPFF,BMA_left
1261_mPFF_BMA_right,0.7259625,BMA,right,1261,mPFF,0.7259625,FALSE,BMA,CTXsp,1261_mPFF,BMA_right
1261_mPFF_CA1_left,0.682642028,CA1,left,1261,mPFF,0.682642028,FALSE,CA1,HPF,1261_mPFF,CA1_left
1261_mPFF_CA1_right,0.682793382,CA1,right,1261,mPFF,0.682793382,FALSE,CA1,HPF,1261_mPFF,CA1_right
1261_mPFF_CA2_left,0.443801033,CA2,left,1261,mPFF,0.443801033,FALSE,CA2,HPF,1261_mPFF,CA2_left
1261_mPFF_CA2_right,0.798095628,CA2,right,1261,mPFF,0.798095628,FALSE,CA2,HPF,1261_mPFF,CA2_right
1261_mPFF_CA3_left,0.556384973,CA3,left,1261,mPFF,0.556384973,FALSE,CA3,HPF,1261_mPFF,CA3_left
1261_mPFF_CA3_right,0.406664426,CA3,right,1261,mPFF,0.406664426,FALSE,CA3,HPF,1261_mPFF,CA3_right
1261_mPFF_CB_left,-1.370575168,CB,left,1261,mPFF,0,FALSE,CB,CB,1261_mPFF,CB_left
1261_mPFF_CB_right,-0.500572853,CB,right,1261,mPFF,0,FALSE,CB,CB,1261_mPFF,CB_right
1261_mPFF_CEA_left,0.784019387,CEA,left,1261,mPFF,0.784019387,FALSE,CEA,STR,1261_mPFF,CEA_left
1261_mPFF_CEA_right,0.723721652,CEA,right,1261,mPFF,0.723721652,FALSE,CEA,STR,1261_mPFF,CEA_right
1261_mPFF_CLA_left,0.632422358,CLA,left,1261,mPFF,0.632422358,FALSE,CLA,CTXsp,1261_mPFF,CLA_left
1261_mPFF_CLA_right,0.722631016,CLA,right,1261,mPFF,0.722631016,FALSE,CLA,CTXsp,1261_mPFF,CLA_right
1261_mPFF_CLI_left,-0.68533355,CLI,left,1261,mPFF,0,FALSE,CLI,MB,1261_mPFF,CLI_left
1261_mPFF_CLI_right,-1.037489772,CLI,right,1261,mPFF,0,FALSE,CLI,MB,1261_mPFF,CLI_right
1261_mPFF_CL_left,0.475277013,CL,left,1261,mPFF,0.475277013,FALSE,CL,TH,1261_mPFF,CL_left
1261_mPFF_CL_right,0.613108286,CL,right,1261,mPFF,0.613108286,FALSE,CL,TH,1261_mPFF,CL_right
1261_mPFF_CM_left,0.271397062,CM,left,1261,mPFF,0.271397062,FALSE,CM,TH,1261_mPFF,CM_left
1261_mPFF_CM_right,0.675414523,CM,right,1261,mPFF,0.675414523,FALSE,CM,TH,1261_mPFF,CM_right
1261_mPFF_COA_left,0.697103712,COA,left,1261,mPFF,0.697103712,FALSE,COA,OLF,1261_mPFF,COA_left
1261_mPFF_COA_right,0.655271329,COA,right,1261,mPFF,0.655271329,FALSE,COA,OLF,1261_mPFF,COA_right
1261_mPFF_CP_left,0.495566085,CP,left,1261,mPFF,0.495566085,FALSE,CP,STR,1261_mPFF,CP_left
1261_mPFF_CP_right,0.415339784,CP,right,1261,mPFF,0.415339784,FALSE,CP,STR,1261_mPFF,CP_right
1261_mPFF_CS_left,0.248436877,CS,left,1261,mPFF,0.248436877,FALSE,CS,P,1261_mPFF,CS_left
1261_mPFF_CS_right,0.670539559,CS,right,1261,mPFF,0.670539559,FALSE,CS,P,1261_mPFF,CS_right
1261_mPFF_CTXsp_left,0.728670481,CTXsp,left,1261,mPFF,0.728670481,FALSE,CTXsp,CTXsp,1261_mPFF,CTXsp_left
1261_mPFF_CTXsp_right,0.733103089,CTXsp,right,1261,mPFF,0.733103089,FALSE,CTXsp,CTXsp,1261_mPFF,CTXsp_right
1261_mPFF_DG_left,0.416741377,DG,left,1261,mPFF,0.416741377,FALSE,DG,HPF,1261_mPFF,DG_left
1261_mPFF_DG_right,0.358272254,DG,right,1261,mPFF,0.358272254,FALSE,DG,HPF,1261_mPFF,DG_right
1261_mPFF_DMH_left,0.216700756,DMH,left,1261,mPFF,0.216700756,FALSE,DMH,HY,1261_mPFF,DMH_left
1261_mPFF_DMH_right,0.19366136,DMH,right,1261,mPFF,0.19366136,FALSE,DMH,HY,1261_mPFF,DMH_right
1261_mPFF_DR_left,0.415771549,DR,left,1261,mPFF,0.415771549,FALSE,DR,MB,1261_mPFF,DR_left
1261_mPFF_DR_right,0.665961914,DR,right,1261,mPFF,0.665961914,FALSE,DR,MB,1261_mPFF,DR_right
1261_mPFF_ECT_right,1.005381627,ECT,right,1261,mPFF,1,FALSE,ECT,Isocortex,1261_mPFF,ECT_right
1261_mPFF_ENTl_left,0.991350557,ENTl,left,1261,mPFF,0.991350557,FALSE,ENT,HPF,1261_mPFF,ENTl_left
1261_mPFF_ENTl_right,0.904455925,ENTl,right,1261,mPFF,0.904455925,FALSE,ENT,HPF,1261_mPFF,ENTl_right
1261_mPFF_ENTm_left,0.985019479,ENTm,left,1261,mPFF,0.985019479,FALSE,ENT,HPF,1261_mPFF,ENTm_left
1261_mPFF_ENTm_right,1.058009555,ENTm,right,1261,mPFF,1,FALSE,ENT,HPF,1261_mPFF,ENTm_right
1261_mPFF_EP_left,0.712167173,EP,left,1261,mPFF,0.712167173,FALSE,EP,CTXsp,1261_mPFF,EP_left
1261_mPFF_EP_right,0.663059202,EP,right,1261,mPFF,0.663059202,FALSE,EP,CTXsp,1261_mPFF,EP_right
1261_mPFF_Eth_left,0.329856055,Eth,left,1261,mPFF,0.329856055,FALSE,Eth,TH,1261_mPFF,Eth_left
1261_mPFF_Eth_right,0.949990195,Eth,right,1261,mPFF,0.949990195,FALSE,Eth,TH,1261_mPFF,Eth_right
1261_mPFF_FC_left,0.658464558,FC,left,1261,mPFF,0.658464558,FALSE,FC,HPF,1261_mPFF,FC_left
1261_mPFF_FC_right,0.409721846,FC,right,1261,mPFF,0.409721846,FALSE,FC,HPF,1261_mPFF,FC_right
1261_mPFF_GU_left,0.892576876,GU,left,1261,mPFF,0.892576876,FALSE,GU,Isocortex,1261_mPFF,GU_left
1261_mPFF_GU_right,0.909130531,GU,right,1261,mPFF,0.909130531,FALSE,GU,Isocortex,1261_mPFF,GU_right
1261_mPFF_HATA_left,0.817210026,HATA,left,1261,mPFF,0.817210026,FALSE,HATA,HPF,1261_mPFF,HATA_left
1261_mPFF_HATA_right,1.033345846,HATA,right,1261,mPFF,1,FALSE,HATA,HPF,1261_mPFF,HATA_right
1261_mPFF_HPF_left,0.44559515,HPF,left,1261,mPFF,0.44559515,FALSE,HPF,HPF,1261_mPFF,HPF_left
1261_mPFF_HPF_right,0.453330625,HPF,right,1261,mPFF,0.453330625,FALSE,HPF,HPF,1261_mPFF,HPF_right
1261_mPFF_HY_left,0.461380845,HY,left,1261,mPFF,0.461380845,FALSE,HY,HY,1261_mPFF,HY_left
1261_mPFF_HY_right,0.470093872,HY,right,1261,mPFF,0.470093872,FALSE,HY,HY,1261_mPFF,HY_right
1261_mPFF_IA_left,0.8642686,IA,left,1261,mPFF,0.8642686,FALSE,IA,STR,1261_mPFF,IA_left
1261_mPFF_IA_right,0.599324631,IA,right,1261,mPFF,0.599324631,FALSE,IA,STR,1261_mPFF,IA_right
1261_mPFF_IC_left,0.696681139,IC,left,1261,mPFF,0.696681139,FALSE,IC,MB,1261_mPFF,IC_left
1261_mPFF_IC_right,0.669532232,IC,right,1261,mPFF,0.669532232,FALSE,IC,MB,1261_mPFF,IC_right
1261_mPFF_IG_left,0.429992386,IG,left,1261,mPFF,0.429992386,FALSE,IG,HPF,1261_mPFF,IG_left
1261_mPFF_IG_right,0.518171346,IG,right,1261,mPFF,0.518171346,FALSE,IG,HPF,1261_mPFF,IG_right
1261_mPFF_IMD_left,0.635589469,IMD,left,1261,mPFF,0.635589469,FALSE,IMD,TH,1261_mPFF,IMD_left
1261_mPFF_IMD_right,0.534089184,IMD,right,1261,mPFF,0.534089184,FALSE,IMD,TH,1261_mPFF,IMD_right
1261_mPFF_In_left,0.367646265,In,left,1261,mPFF,0.367646265,TRUE,In,fiber tracts,1261_mPFF,In_left
1261_mPFF_In_right,-0.100739838,In,right,1261,mPFF,0,TRUE,In,fiber tracts,1261_mPFF,In_right
1261_mPFF_LA_left,0.803336717,LA,left,1261,mPFF,0.803336717,FALSE,LA,CTXsp,1261_mPFF,LA_left
1261_mPFF_LA_right,0.660780606,LA,right,1261,mPFF,0.660780606,FALSE,LA,CTXsp,1261_mPFF,LA_right
1261_mPFF_LD_left,0.682717324,LD,left,1261,mPFF,0.682717324,FALSE,LD,TH,1261_mPFF,LD_left
1261_mPFF_LD_right,0.721049947,LD,right,1261,mPFF,0.721049947,FALSE,LD,TH,1261_mPFF,LD_right
1261_mPFF_LGd_left,0.605646774,LGd,left,1261,mPFF,0.605646774,FALSE,LGd,TH,1261_mPFF,LGd_left
1261_mPFF_LGd_right,0.631778749,LGd,right,1261,mPFF,0.631778749,FALSE,LGd,TH,1261_mPFF,LGd_right
1261_mPFF_LGv_left,0.902480509,LGv,left,1261,mPFF,0.902480509,FALSE,LGv,TH,1261_mPFF,LGv_left
1261_mPFF_LGv_right,0.655187465,LGv,right,1261,mPFF,0.655187465,FALSE,LGv,TH,1261_mPFF,LGv_right
1261_mPFF_LHA_left,0.364391281,LHA,left,1261,mPFF,0.364391281,FALSE,LHA,HY,1261_mPFF,LHA_left
1261_mPFF_LHA_right,0.300504148,LHA,right,1261,mPFF,0.300504148,FALSE,LHA,HY,1261_mPFF,LHA_right
1261_mPFF_LH_left,-0.034244657,LH,left,1261,mPFF,0,FALSE,LH,TH,1261_mPFF,LH_left
1261_mPFF_LH_right,-0.098033831,LH,right,1261,mPFF,0,FALSE,LH,TH,1261_mPFF,LH_right
1261_mPFF_LP_left,0.601757928,LP,left,1261,mPFF,0.601757928,FALSE,LP,TH,1261_mPFF,LP_left
1261_mPFF_LP_right,0.744592299,LP,right,1261,mPFF,0.744592299,FALSE,LP,TH,1261_mPFF,LP_right
1261_mPFF_LS_left,0.663053764,LS,left,1261,mPFF,0.663053764,FALSE,LS,STR,1261_mPFF,LS_left
1261_mPFF_LS_right,0.549960347,LS,right,1261,mPFF,0.549960347,FALSE,LS,STR,1261_mPFF,LS_right
1261_mPFF_MB_left,0.458104431,MB,left,1261,mPFF,0.458104431,FALSE,MB,MB,1261_mPFF,MB_left
1261_mPFF_MB_right,0.565601254,MB,right,1261,mPFF,0.565601254,FALSE,MB,MB,1261_mPFF,MB_right
1261_mPFF_MD_left,0.550364095,MD,left,1261,mPFF,0.550364095,FALSE,MD,TH,1261_mPFF,MD_left
1261_mPFF_MD_right,0.557678182,MD,right,1261,mPFF,0.557678182,FALSE,MD,TH,1261_mPFF,MD_right
1261_mPFF_MEA_left,0.747671658,MEA,left,1261,mPFF,0.747671658,FALSE,MEA,STR,1261_mPFF,MEA_left
1261_mPFF_MEA_right,0.652053,MEA,right,1261,mPFF,0.652053,FALSE,MEA,STR,1261_mPFF,MEA_right
1261_mPFF_MEZ_left,0.337159354,MEZ,left,1261,mPFF,0.337159354,FALSE,MEZ,HY,1261_mPFF,MEZ_left
1261_mPFF_MEZ_right,-0.202633312,MEZ,right,1261,mPFF,0,FALSE,MEZ,HY,1261_mPFF,MEZ_right
1261_mPFF_ME_left,-1.68630751,ME,left,1261,mPFF,0,FALSE,ME,HY,1261_mPFF,ME_left
1261_mPFF_ME_right,-5,ME,right,1261,mPFF,0,FALSE,ME,HY,1261_mPFF,ME_right
1261_mPFF_MH_left,-0.378924523,MH,left,1261,mPFF,0,FALSE,MH,TH,1261_mPFF,MH_left
1261_mPFF_MH_right,-0.145675535,MH,right,1261,mPFF,0,FALSE,MH,TH,1261_mPFF,MH_right
1261_mPFF_MOp_left,0.786203949,MOp,left,1261,mPFF,0.786203949,FALSE,MOp,Isocortex,1261_mPFF,MOp_left
1261_mPFF_MOp_right,0.737573659,MOp,right,1261,mPFF,0.737573659,FALSE,MOp,Isocortex,1261_mPFF,MOp_right
1261_mPFF_MOs_left,0.748532449,MOs,left,1261,mPFF,0.748532449,FALSE,MOs,Isocortex,1261_mPFF,MOs_left
1261_mPFF_MOs_right,0.763706574,MOs,right,1261,mPFF,0.763706574,FALSE,MOs,Isocortex,1261_mPFF,MOs_right
1261_mPFF_MRN_left,0.510881076,MRN,left,1261,mPFF,0.510881076,FALSE,MRN,MB,1261_mPFF,MRN_left
1261_mPFF_MRN_right,0.440655083,MRN,right,1261,mPFF,0.440655083,FALSE,MRN,MB,1261_mPFF,MRN_right
1261_mPFF_MS_left,0.368851399,MS,left,1261,mPFF,0.368851399,FALSE,MS,PAL,1261_mPFF,MS_left
1261_mPFF_MS_right,0.252950056,MS,right,1261,mPFF,0.252950056,FALSE,MS,PAL,1261_mPFF,MS_right
1261_mPFF_NDB_left,0.263254109,NDB,left,1261,mPFF,0.263254109,FALSE,NDB,PAL,1261_mPFF,NDB_left
1261_mPFF_NDB_right,0.470860152,NDB,right,1261,mPFF,0.470860152,FALSE,NDB,PAL,1261_mPFF,NDB_right
1261_mPFF_NLL_left,0.217396989,NLL,left,1261,mPFF,0.217396989,FALSE,NLL,P,1261_mPFF,NLL_left
1261_mPFF_NLL_right,0.331524814,NLL,right,1261,mPFF,0.331524814,FALSE,NLL,P,1261_mPFF,NLL_right
1261_mPFF_OLF_left,0.651790208,OLF,left,1261,mPFF,0.651790208,FALSE,OLF,OLF,1261_mPFF,OLF_left
1261_mPFF_OLF_right,0.58620622,OLF,right,1261,mPFF,0.58620622,FALSE,OLF,OLF,1261_mPFF,OLF_right
1261_mPFF_OT_left,0.788104747,OT,left,1261,mPFF,0.788104747,FALSE,OT,STR,1261_mPFF,OT_left
1261_mPFF_OT_right,0.709472853,OT,right,1261,mPFF,0.709472853,FALSE,OT,STR,1261_mPFF,OT_right
1261_mPFF_PAA_left,0.740787555,PAA,left,1261,mPFF,0.740787555,FALSE,PAA,OLF,1261_mPFF,PAA_left
1261_mPFF_PAA_right,0.725476305,PAA,right,1261,mPFF,0.725476305,FALSE,PAA,OLF,1261_mPFF,PAA_right
1261_mPFF_PAG_left,0.441062971,PAG,left,1261,mPFF,0.441062971,FALSE,PAG,MB,1261_mPFF,PAG_left
1261_mPFF_PAG_right,0.373246751,PAG,right,1261,mPFF,0.373246751,FALSE,PAG,MB,1261_mPFF,PAG_right
1261_mPFF_PAL_left,0.427804111,PAL,left,1261,mPFF,0.427804111,FALSE,PAL,PAL,1261_mPFF,PAL_left
1261_mPFF_PAL_right,0.432677592,PAL,right,1261,mPFF,0.432677592,FALSE,PAL,PAL,1261_mPFF,PAL_right
1261_mPFF_PALd_left,0.734576259,PALd,left,1261,mPFF,0.734576259,FALSE,PAL,PAL,1261_mPFF,PALd_left
1261_mPFF_PALd_right,0.556047045,PALd,right,1261,mPFF,0.556047045,FALSE,PAL,PAL,1261_mPFF,PALd_right
1261_mPFF_PAR_left,0.897803692,PAR,left,1261,mPFF,0.897803692,FALSE,PAR,HPF,1261_mPFF,PAR_left
1261_mPFF_PAR_right,0.730170667,PAR,right,1261,mPFF,0.730170667,FALSE,PAR,HPF,1261_mPFF,PAR_right
1261_mPFF_PBG_left,0.102347016,PBG,left,1261,mPFF,0.102347016,FALSE,PBG,MB,1261_mPFF,PBG_left
1261_mPFF_PBG_right,0.624310559,PBG,right,1261,mPFF,0.624310559,FALSE,PBG,MB,1261_mPFF,PBG_right
1261_mPFF_PCN_left,0.610897999,PCN,left,1261,mPFF,0.610897999,FALSE,PCN,TH,1261_mPFF,PCN_left
1261_mPFF_PCN_right,0.621231896,PCN,right,1261,mPFF,0.621231896,FALSE,PCN,TH,1261_mPFF,PCN_right
1261_mPFF_PERI_left,0.912810922,PERI,left,1261,mPFF,0.912810922,FALSE,PERI,Isocortex,1261_mPFF,PERI_left
1261_mPFF_PERI_right,1.005511139,PERI,right,1261,mPFF,1,FALSE,PERI,Isocortex,1261_mPFF,PERI_right
1261_mPFF_PG_left,0.732548648,PG,left,1261,mPFF,0.732548648,FALSE,PG,P,1261_mPFF,PG_left
1261_mPFF_PG_right,0.782960375,PG,right,1261,mPFF,0.782960375,FALSE,PG,P,1261_mPFF,PG_right
1261_mPFF_PIR_left,0.834089171,PIR,left,1261,mPFF,0.834089171,FALSE,PIR,OLF,1261_mPFF,PIR_left
1261_mPFF_PIR_right,0.770205239,PIR,right,1261,mPFF,0.770205239,FALSE,PIR,OLF,1261_mPFF,PIR_right
1261_mPFF_POST_left,0.919361941,POST,left,1261,mPFF,0.919361941,FALSE,POST,HPF,1261_mPFF,POST_left
1261_mPFF_POST_right,0.887804132,POST,right,1261,mPFF,0.887804132,FALSE,POST,HPF,1261_mPFF,POST_right
1261_mPFF_PO_left,0.798762135,PO,left,1261,mPFF,0.798762135,FALSE,PO,TH,1261_mPFF,PO_left
1261_mPFF_PO_right,0.823903039,PO,right,1261,mPFF,0.823903039,FALSE,PO,TH,1261_mPFF,PO_right
1261_mPFF_PPN_left,0.362245855,PPN,left,1261,mPFF,0.362245855,FALSE,PPN,MB,1261_mPFF,PPN_left
1261_mPFF_PPN_right,0.365320605,PPN,right,1261,mPFF,0.365320605,FALSE,PPN,MB,1261_mPFF,PPN_right
1261_mPFF_PRE_left,0.950652696,PRE,left,1261,mPFF,0.950652696,FALSE,PRE,HPF,1261_mPFF,PRE_left
1261_mPFF_PRE_right,0.931149501,PRE,right,1261,mPFF,0.931149501,FALSE,PRE,HPF,1261_mPFF,PRE_right
1261_mPFF_PRNr_left,0.503982884,PRNr,left,1261,mPFF,0.503982884,FALSE,PRNr,P,1261_mPFF,PRNr_left
1261_mPFF_PRNr_right,0.516867607,PRNr,right,1261,mPFF,0.516867607,FALSE,PRNr,P,1261_mPFF,PRNr_right
1261_mPFF_PR_left,-0.084745216,PR,left,1261,mPFF,0,FALSE,PR,TH,1261_mPFF,PR_left
1261_mPFF_PR_right,0.32097325,PR,right,1261,mPFF,0.32097325,FALSE,PR,TH,1261_mPFF,PR_right
1261_mPFF_PVT_left,-0.066539193,PVT,left,1261,mPFF,0,FALSE,PVT,TH,1261_mPFF,PVT_left
1261_mPFF_PVT_right,-0.111816635,PVT,right,1261,mPFF,0,FALSE,PVT,TH,1261_mPFF,PVT_right
1261_mPFF_PVZ_left,-0.366437996,PVZ,left,1261,mPFF,0,FALSE,PVZ,HY,1261_mPFF,PVZ_left
1261_mPFF_PVZ_right,0.142086662,PVZ,right,1261,mPFF,0.142086662,FALSE,PVZ,HY,1261_mPFF,PVZ_right
1261_mPFF_P_left,0.32604924,P,left,1261,mPFF,0.32604924,FALSE,P,P,1261_mPFF,P_left
1261_mPFF_P_right,0.616115735,P,right,1261,mPFF,0.616115735,FALSE,P,P,1261_mPFF,P_right
1261_mPFF_Pa4_left,0.348087703,Pa4,left,1261,mPFF,0.348087703,FALSE,Pa4,MB,1261_mPFF,Pa4_left
1261_mPFF_Pa4_right,-0.403906809,Pa4,right,1261,mPFF,0,FALSE,Pa4,MB,1261_mPFF,Pa4_right
1261_mPFF_PeF_left,0.102242912,PeF,left,1261,mPFF,0.102242912,FALSE,PeF,HY,1261_mPFF,PeF_left
1261_mPFF_PeF_right,0.495965381,PeF,right,1261,mPFF,0.495965381,FALSE,PeF,HY,1261_mPFF,PeF_right
1261_mPFF_RE_left,0.385218224,RE,left,1261,mPFF,0.385218224,FALSE,RE,TH,1261_mPFF,RE_left
1261_mPFF_RE_right,0.318763624,RE,right,1261,mPFF,0.318763624,FALSE,RE,TH,1261_mPFF,RE_right
1261_mPFF_RH_left,0.228451542,RH,left,1261,mPFF,0.228451542,FALSE,RH,TH,1261_mPFF,RH_left
1261_mPFF_RH_right,0.438966074,RH,right,1261,mPFF,0.438966074,FALSE,RH,TH,1261_mPFF,RH_right
1261_mPFF_RSPagl_left,0.959519224,RSPagl,left,1261,mPFF,0.959519224,FALSE,RSP,Isocortex,1261_mPFF,RSPagl_left
1261_mPFF_RSPagl_right,0.923055688,RSPagl,right,1261,mPFF,0.923055688,FALSE,RSP,Isocortex,1261_mPFF,RSPagl_right
1261_mPFF_RSPd_left,0.83300798,RSPd,left,1261,mPFF,0.83300798,FALSE,RSP,Isocortex,1261_mPFF,RSPd_left
1261_mPFF_RSPd_right,0.925874707,RSPd,right,1261,mPFF,0.925874707,FALSE,RSP,Isocortex,1261_mPFF,RSPd_right
1261_mPFF_RSPv_left,0.725423006,RSPv,left,1261,mPFF,0.725423006,FALSE,RSP,Isocortex,1261_mPFF,RSPv_left
1261_mPFF_RSPv_right,0.654236231,RSPv,right,1261,mPFF,0.654236231,FALSE,RSP,Isocortex,1261_mPFF,RSPv_right
1261_mPFF_RT_left,0.587852051,RT,left,1261,mPFF,0.587852051,FALSE,RT,TH,1261_mPFF,RT_left
1261_mPFF_RT_right,0.717173261,RT,right,1261,mPFF,0.717173261,FALSE,RT,TH,1261_mPFF,RT_right
1261_mPFF_SAG_left,0.535746749,SAG,left,1261,mPFF,0.535746749,FALSE,SAG,MB,1261_mPFF,SAG_left
1261_mPFF_SAG_right,0.268004933,SAG,right,1261,mPFF,0.268004933,FALSE,SAG,MB,1261_mPFF,SAG_right
1261_mPFF_SCm_left,0.605266308,SCm,left,1261,mPFF,0.605266308,FALSE,MBmot,MB,1261_mPFF,SCm_left
1261_mPFF_SCm_right,0.648018247,SCm,right,1261,mPFF,0.648018247,FALSE,MBmot,MB,1261_mPFF,SCm_right
1261_mPFF_SCs_left,0.620029106,SCs,left,1261,mPFF,0.620029106,FALSE,MBsen,MB,1261_mPFF,SCs_left
1261_mPFF_SCs_right,0.704455181,SCs,right,1261,mPFF,0.704455181,FALSE,MBsen,MB,1261_mPFF,SCs_right
1261_mPFF_SEZ_left,-0.011697518,SEZ,left,1261,mPFF,0,TRUE,SEZ,VS,1261_mPFF,SEZ_left
1261_mPFF_SEZ_right,-0.113992902,SEZ,right,1261,mPFF,0,TRUE,SEZ,VS,1261_mPFF,SEZ_right
1261_mPFF_SH_left,0.59479142,SH,left,1261,mPFF,0.59479142,FALSE,SH,STR,1261_mPFF,SH_left
1261_mPFF_SH_right,0.740041018,SH,right,1261,mPFF,0.740041018,FALSE,SH,STR,1261_mPFF,SH_right
1261_mPFF_SI_left,0.677959825,SI,left,1261,mPFF,0.677959825,FALSE,SI,PAL,1261_mPFF,SI_left
1261_mPFF_SI_right,0.489901097,SI,right,1261,mPFF,0.489901097,FALSE,SI,PAL,1261_mPFF,SI_right
1261_mPFF_SMT_left,0.491751276,SMT,left,1261,mPFF,0.491751276,FALSE,SMT,TH,1261_mPFF,SMT_left
1261_mPFF_SMT_right,0.398492295,SMT,right,1261,mPFF,0.398492295,FALSE,SMT,TH,1261_mPFF,SMT_right
1261_mPFF_SSp-bfd_left,0.860463135,SSp-bfd,left,1261,mPFF,0.860463135,FALSE,SSp,Isocortex,1261_mPFF,SSp-bfd_left
1261_mPFF_SSp-bfd_right,0.833681933,SSp-bfd,right,1261,mPFF,0.833681933,FALSE,SSp,Isocortex,1261_mPFF,SSp-bfd_right
1261_mPFF_SSp-m_left,0.866314979,SSp-m,left,1261,mPFF,0.866314979,FALSE,SSp,Isocortex,1261_mPFF,SSp-m_left
1261_mPFF_SSp-m_right,0.856819858,SSp-m,right,1261,mPFF,0.856819858,FALSE,SSp,Isocortex,1261_mPFF,SSp-m_right
1261_mPFF_SSp-tr_left,0.130314364,SSp-tr,left,1261,mPFF,0.130314364,FALSE,SSp,Isocortex,1261_mPFF,SSp-tr_left
1261_mPFF_SSp-tr_right,-0.118383721,SSp-tr,right,1261,mPFF,0,FALSE,SSp,Isocortex,1261_mPFF,SSp-tr_right
1261_mPFF_SSp-ul_left,1.11352962,SSp-ul,left,1261,mPFF,1,FALSE,SSp,Isocortex,1261_mPFF,SSp-ul_left
1261_mPFF_SSp-ul_right,1.089275036,SSp-ul,right,1261,mPFF,1,FALSE,SSp,Isocortex,1261_mPFF,SSp-ul_right
1261_mPFF_SSs_left,0.905579342,SSs,left,1261,mPFF,0.905579342,FALSE,SSs,Isocortex,1261_mPFF,SSs_left
1261_mPFF_SSs_right,0.807135586,SSs,right,1261,mPFF,0.807135586,FALSE,SSs,Isocortex,1261_mPFF,SSs_right
1261_mPFF_STR_left,0.661629385,STR,left,1261,mPFF,0.661629385,FALSE,STR,STR,1261_mPFF,STR_left
1261_mPFF_STR_right,0.606836406,STR,right,1261,mPFF,0.606836406,FALSE,STR,STR,1261_mPFF,STR_right
1261_mPFF_SUB_left,0.731570674,SUB,left,1261,mPFF,0.731570674,FALSE,SUB,HPF,1261_mPFF,SUB_left
1261_mPFF_SUB_right,0.700550212,SUB,right,1261,mPFF,0.700550212,FALSE,SUB,HPF,1261_mPFF,SUB_right
1261_mPFF_Su3_left,-0.59818722,Su3,left,1261,mPFF,0,FALSE,Su3,MB,1261_mPFF,Su3_left
1261_mPFF_Su3_right,0.113733907,Su3,right,1261,mPFF,0.113733907,FALSE,Su3,MB,1261_mPFF,Su3_right
1261_mPFF_TEa_left,1.174960079,TEa,left,1261,mPFF,1,FALSE,TEa,Isocortex,1261_mPFF,TEa_left
1261_mPFF_TEa_right,0.834946593,TEa,right,1261,mPFF,0.834946593,FALSE,TEa,Isocortex,1261_mPFF,TEa_right
1261_mPFF_TH_left,0.340491122,TH,left,1261,mPFF,0.340491122,FALSE,TH,TH,1261_mPFF,TH_left
1261_mPFF_TH_right,0.79564093,TH,right,1261,mPFF,0.79564093,FALSE,TH,TH,1261_mPFF,TH_right
1261_mPFF_TRN_left,0.695783958,TRN,left,1261,mPFF,0.695783958,FALSE,TRN,P,1261_mPFF,TRN_left
1261_mPFF_TRN_right,0.764284307,TRN,right,1261,mPFF,0.764284307,FALSE,TRN,P,1261_mPFF,TRN_right
1261_mPFF_TU_left,0.581455451,TU,left,1261,mPFF,0.581455451,FALSE,TU,HY,1261_mPFF,TU_left
1261_mPFF_TU_right,0.48403295,TU,right,1261,mPFF,0.48403295,FALSE,TU,HY,1261_mPFF,TU_right
1261_mPFF_V3_left,-0.415079797,V3,left,1261,mPFF,0,TRUE,V3,VS,1261_mPFF,V3_left
1261_mPFF_V3_right,-0.383443836,V3,right,1261,mPFF,0,TRUE,V3,VS,1261_mPFF,V3_right
1261_mPFF_VAL_left,0.540682297,VAL,left,1261,mPFF,0.540682297,FALSE,VAL,TH,1261_mPFF,VAL_left
1261_mPFF_VAL_right,0.471651307,VAL,right,1261,mPFF,0.471651307,FALSE,VAL,TH,1261_mPFF,VAL_right
1261_mPFF_VISC_left,0.891085742,VISC,left,1261,mPFF,0.891085742,FALSE,VISC,Isocortex,1261_mPFF,VISC_left
1261_mPFF_VISC_right,0.7890635,VISC,right,1261,mPFF,0.7890635,FALSE,VISC,Isocortex,1261_mPFF,VISC_right
1261_mPFF_VISa_left,0.776611389,VISa,left,1261,mPFF,0.776611389,FALSE,VISa,Isocortex,1261_mPFF,VISa_left
1261_mPFF_VISa_right,0.807732378,VISa,right,1261,mPFF,0.807732378,FALSE,VISa,Isocortex,1261_mPFF,VISa_right
1261_mPFF_VISam_left,0.788523555,VISam,left,1261,mPFF,0.788523555,FALSE,VISam,Isocortex,1261_mPFF,VISam_left
1261_mPFF_VISam_right,0.913710692,VISam,right,1261,mPFF,0.913710692,FALSE,VISam,Isocortex,1261_mPFF,VISam_right
1261_mPFF_VISl_left,1.149482792,VISl,left,1261,mPFF,1,FALSE,VISl,Isocortex,1261_mPFF,VISl_left
1261_mPFF_VISl_right,1.037566541,VISl,right,1261,mPFF,1,FALSE,VISl,Isocortex,1261_mPFF,VISl_right
1261_mPFF_VISli_left,1.685302371,VISli,left,1261,mPFF,1,FALSE,VISli,Isocortex,1261_mPFF,VISli_left
1261_mPFF_VISli_right,1.142410762,VISli,right,1261,mPFF,1,FALSE,VISli,Isocortex,1261_mPFF,VISli_right
1261_mPFF_VISp_left,1.145076052,VISp,left,1261,mPFF,1,FALSE,VISp,Isocortex,1261_mPFF,VISp_left
1261_mPFF_VISp_right,1.020851052,VISp,right,1261,mPFF,1,FALSE,VISp,Isocortex,1261_mPFF,VISp_right
1261_mPFF_VISpl_left,0.883183511,VISpl,left,1261,mPFF,0.883183511,FALSE,VISpl,Isocortex,1261_mPFF,VISpl_left
1261_mPFF_VISpl_right,0.830439253,VISpl,right,1261,mPFF,0.830439253,FALSE,VISpl,Isocortex,1261_mPFF,VISpl_right
1261_mPFF_VISpor_left,1.107666056,VISpor,left,1261,mPFF,1,FALSE,VISpor,Isocortex,1261_mPFF,VISpor_left
1261_mPFF_VISpor_right,0.969775835,VISpor,right,1261,mPFF,0.969775835,FALSE,VISpor,Isocortex,1261_mPFF,VISpor_right
1261_mPFF_VISrl_left,0.982932477,VISrl,left,1261,mPFF,0.982932477,FALSE,VISrl,Isocortex,1261_mPFF,VISrl_left
1261_mPFF_VISrl_right,0.941442686,VISrl,right,1261,mPFF,0.941442686,FALSE,VISrl,Isocortex,1261_mPFF,VISrl_right
1261_mPFF_VL_left,-0.027873221,VL,left,1261,mPFF,0,TRUE,VL,VS,1261_mPFF,VL_left
1261_mPFF_VL_right,-0.514158017,VL,right,1261,mPFF,0,TRUE,VL,VS,1261_mPFF,VL_right
1261_mPFF_VMH_left,0.393459416,VMH,left,1261,mPFF,0.393459416,FALSE,VMH,HY,1261_mPFF,VMH_left
1261_mPFF_VMH_right,0.48230534,VMH,right,1261,mPFF,0.48230534,FALSE,VMH,HY,1261_mPFF,VMH_right
1261_mPFF_VM_left,0.539810683,VM,left,1261,mPFF,0.539810683,FALSE,VM,TH,1261_mPFF,VM_left
1261_mPFF_VM_right,0.399160655,VM,right,1261,mPFF,0.399160655,FALSE,VM,TH,1261_mPFF,VM_right
1261_mPFF_VPL_left,0.691952637,VPL,left,1261,mPFF,0.691952637,FALSE,VPL,TH,1261_mPFF,VPL_left
1261_mPFF_VPL_right,0.48301981,VPL,right,1261,mPFF,0.48301981,FALSE,VPL,TH,1261_mPFF,VPL_right
1261_mPFF_VPM_left,0.528776529,VPM,left,1261,mPFF,0.528776529,FALSE,VPM,TH,1261_mPFF,VPM_left
1261_mPFF_VPM_right,0.548632964,VPM,right,1261,mPFF,0.548632964,FALSE,VPM,TH,1261_mPFF,VPM_right
1261_mPFF_Xi_left,0.498508082,Xi,left,1261,mPFF,0.498508082,FALSE,Xi,TH,1261_mPFF,Xi_left
1261_mPFF_Xi_right,0.058618635,Xi,right,1261,mPFF,0.058618635,FALSE,Xi,TH,1261_mPFF,Xi_right
1261_mPFF_ZI_left,0.463121783,ZI,left,1261,mPFF,0.463121783,FALSE,ZI,HY,1261_mPFF,ZI_left
1261_mPFF_ZI_right,0.497884107,ZI,right,1261,mPFF,0.497884107,FALSE,ZI,HY,1261_mPFF,ZI_right
1261_mPFF_alv_left,0.529640987,alv,left,1261,mPFF,0.529640987,TRUE,alv,fiber tracts,1261_mPFF,alv_left
1261_mPFF_alv_right,0.349817215,alv,right,1261,mPFF,0.349817215,TRUE,alv,fiber tracts,1261_mPFF,alv_right
1261_mPFF_amc_left,0.649932691,amc,left,1261,mPFF,0.649932691,TRUE,amc,fiber tracts,1261_mPFF,amc_left
1261_mPFF_amc_right,0.487079073,amc,right,1261,mPFF,0.487079073,TRUE,amc,fiber tracts,1261_mPFF,amc_right
1261_mPFF_ar_left,0.403578186,ar,left,1261,mPFF,0.403578186,TRUE,ar,fiber tracts,1261_mPFF,ar_left
1261_mPFF_ar_right,0.295940673,ar,right,1261,mPFF,0.295940673,TRUE,ar,fiber tracts,1261_mPFF,ar_right
1261_mPFF_bic_left,0.413374661,bic,left,1261,mPFF,0.413374661,TRUE,bic,fiber tracts,1261_mPFF,bic_left
1261_mPFF_bic_right,0.473722546,bic,right,1261,mPFF,0.473722546,TRUE,bic,fiber tracts,1261_mPFF,bic_right
1261_mPFF_cc_left,0.286765563,cc,left,1261,mPFF,0.286765563,TRUE,cc,fiber tracts,1261_mPFF,cc_left
1261_mPFF_cc_right,0.14295801,cc,right,1261,mPFF,0.14295801,TRUE,cc,fiber tracts,1261_mPFF,cc_right
1261_mPFF_ccg_left,0.197645865,ccg,left,1261,mPFF,0.197645865,TRUE,ccg,fiber tracts,1261_mPFF,ccg_left
1261_mPFF_ccg_right,0.182074356,ccg,right,1261,mPFF,0.182074356,TRUE,ccg,fiber tracts,1261_mPFF,ccg_right
1261_mPFF_chpl_left,-0.840624353,chpl,left,1261,mPFF,0,TRUE,chpl,VS,1261_mPFF,chpl_left
1261_mPFF_chpl_right,-1.103390373,chpl,right,1261,mPFF,0,TRUE,chpl,VS,1261_mPFF,chpl_right
1261_mPFF_cing_left,0.224857639,cing,left,1261,mPFF,0.224857639,TRUE,cing,fiber tracts,1261_mPFF,cing_left
1261_mPFF_cing_right,0.068093774,cing,right,1261,mPFF,0.068093774,TRUE,cing,fiber tracts,1261_mPFF,cing_right
1261_mPFF_cst_left,0.994854423,cst,left,1261,mPFF,0.994854423,TRUE,cst,fiber tracts,1261_mPFF,cst_left
1261_mPFF_cst_right,0.916043099,cst,right,1261,mPFF,0.916043099,TRUE,cst,fiber tracts,1261_mPFF,cst_right
1261_mPFF_dhc_left,0.430764604,dhc,left,1261,mPFF,0.430764604,TRUE,dhc,fiber tracts,1261_mPFF,dhc_left
1261_mPFF_dhc_right,0.57040061,dhc,right,1261,mPFF,0.57040061,TRUE,dhc,fiber tracts,1261_mPFF,dhc_right
1261_mPFF_dscp_left,-0.41930977,dscp,left,1261,mPFF,0,TRUE,dscp,fiber tracts,1261_mPFF,dscp_left
1261_mPFF_dscp_right,0.064673293,dscp,right,1261,mPFF,0.064673293,TRUE,dscp,fiber tracts,1261_mPFF,dscp_right
1261_mPFF_ec_left,0.475254775,ec,left,1261,mPFF,0.475254775,TRUE,ec,fiber tracts,1261_mPFF,ec_left
1261_mPFF_ec_right,0.569762798,ec,right,1261,mPFF,0.569762798,TRUE,ec,fiber tracts,1261_mPFF,ec_right
1261_mPFF_em_left,0.381380116,em,left,1261,mPFF,0.381380116,TRUE,em,fiber tracts,1261_mPFF,em_left
1261_mPFF_em_right,0.49362671,em,right,1261,mPFF,0.49362671,TRUE,em,fiber tracts,1261_mPFF,em_right
1261_mPFF_fi_left,0.269374639,fi,left,1261,mPFF,0.269374639,TRUE,fi,fiber tracts,1261_mPFF,fi_left
1261_mPFF_fi_right,0.30745982,fi,right,1261,mPFF,0.30745982,TRUE,fi,fiber tracts,1261_mPFF,fi_right
1261_mPFF_fiber tracts_left,0.233238041,fiber tracts,left,1261,mPFF,0.233238041,TRUE,fiber tracts,fiber tracts,1261_mPFF,fiber tracts_left
1261_mPFF_fiber tracts_right,0.352075348,fiber tracts,right,1261,mPFF,0.352075348,TRUE,fiber tracts,fiber tracts,1261_mPFF,fiber tracts_right
1261_mPFF_fr_left,0.12600723,fr,left,1261,mPFF,0.12600723,TRUE,fr,fiber tracts,1261_mPFF,fr_left
1261_mPFF_fr_right,-0.123419801,fr,right,1261,mPFF,0,TRUE,fr,fiber tracts,1261_mPFF,fr_right
1261_mPFF_fx_left,-0.029277055,fx,left,1261,mPFF,0,TRUE,fx,fiber tracts,1261_mPFF,fx_left
1261_mPFF_fx_right,0.556778346,fx,right,1261,mPFF,0.556778346,TRUE,fx,fiber tracts,1261_mPFF,fx_right
1261_mPFF_hbc_left,0.201870355,hbc,left,1261,mPFF,0.201870355,TRUE,hbc,fiber tracts,1261_mPFF,hbc_left
1261_mPFF_hbc_right,0.155907529,hbc,right,1261,mPFF,0.155907529,TRUE,hbc,fiber tracts,1261_mPFF,hbc_right
1261_mPFF_int_left,0.29312787,int,left,1261,mPFF,0.29312787,TRUE,int,fiber tracts,1261_mPFF,int_left
1261_mPFF_int_right,0.250007493,int,right,1261,mPFF,0.250007493,TRUE,int,fiber tracts,1261_mPFF,int_right
1261_mPFF_ll_left,0.036455275,ll,left,1261,mPFF,0.036455275,TRUE,ll,fiber tracts,1261_mPFF,ll_left
1261_mPFF_ll_right,0.31938314,ll,right,1261,mPFF,0.31938314,TRUE,ll,fiber tracts,1261_mPFF,ll_right
1261_mPFF_lotg_left,0.672474021,lotg,left,1261,mPFF,0.672474021,TRUE,In,fiber tracts,1261_mPFF,lotg_left
1261_mPFF_lotg_right,-0.528965802,lotg,right,1261,mPFF,0,TRUE,In,fiber tracts,1261_mPFF,lotg_right
1261_mPFF_mcp_left,-0.100814267,mcp,left,1261,mPFF,0,TRUE,mcp,fiber tracts,1261_mPFF,mcp_left
1261_mPFF_mcp_right,0.020737609,mcp,right,1261,mPFF,0.020737609,TRUE,mcp,fiber tracts,1261_mPFF,mcp_right
1261_mPFF_ml_left,0.629179497,ml,left,1261,mPFF,0.629179497,TRUE,ml,fiber tracts,1261_mPFF,ml_left
1261_mPFF_ml_right,0.286547512,ml,right,1261,mPFF,0.286547512,TRUE,ml,fiber tracts,1261_mPFF,ml_right
1261_mPFF_mlf_left,-0.137583126,mlf,left,1261,mPFF,0,TRUE,mlf,fiber tracts,1261_mPFF,mlf_left
1261_mPFF_mlf_right,-0.660548263,mlf,right,1261,mPFF,0,TRUE,mlf,fiber tracts,1261_mPFF,mlf_right
1261_mPFF_moV_left,-0.33927529,moV,left,1261,mPFF,0,TRUE,moV,fiber tracts,1261_mPFF,moV_left
1261_mPFF_moV_right,-0.395292666,moV,right,1261,mPFF,0,TRUE,moV,fiber tracts,1261_mPFF,moV_right
1261_mPFF_mtg_left,-1.115354294,mtg,left,1261,mPFF,0,TRUE,mtg,fiber tracts,1261_mPFF,mtg_left
1261_mPFF_mtg_right,-0.764403159,mtg,right,1261,mPFF,0,TRUE,mtg,fiber tracts,1261_mPFF,mtg_right
1261_mPFF_mtt_left,0.578342404,mtt,left,1261,mPFF,0.578342404,TRUE,mtt,fiber tracts,1261_mPFF,mtt_left
1261_mPFF_mtt_right,0.549449368,mtt,right,1261,mPFF,0.549449368,TRUE,mtt,fiber tracts,1261_mPFF,mtt_right
1261_mPFF_nst_left,0.543884489,nst,left,1261,mPFF,0.543884489,TRUE,nst,fiber tracts,1261_mPFF,nst_left
1261_mPFF_nst_right,0.528794402,nst,right,1261,mPFF,0.528794402,TRUE,nst,fiber tracts,1261_mPFF,nst_right
1261_mPFF_opt_left,0.33406525,opt,left,1261,mPFF,0.33406525,TRUE,opt,fiber tracts,1261_mPFF,opt_left
1261_mPFF_opt_right,0.042191318,opt,right,1261,mPFF,0.042191318,TRUE,opt,fiber tracts,1261_mPFF,opt_right
1261_mPFF_or_left,0.257464367,or,left,1261,mPFF,0.257464367,TRUE,or,fiber tracts,1261_mPFF,or_left
1261_mPFF_or_right,0.190874954,or,right,1261,mPFF,0.190874954,TRUE,or,fiber tracts,1261_mPFF,or_right
1261_mPFF_rust_left,-0.109971541,rust,left,1261,mPFF,0,TRUE,rust,fiber tracts,1261_mPFF,rust_left
1261_mPFF_rust_right,0.402879637,rust,right,1261,mPFF,0.402879637,TRUE,rust,fiber tracts,1261_mPFF,rust_right
1261_mPFF_sV_left,-1.572570716,sV,left,1261,mPFF,0,TRUE,sV,fiber tracts,1261_mPFF,sV_left
1261_mPFF_sV_right,-1.807514858,sV,right,1261,mPFF,0,TRUE,sV,fiber tracts,1261_mPFF,sV_right
1261_mPFF_scp_left,0.556167257,scp,left,1261,mPFF,0.556167257,TRUE,scp,fiber tracts,1261_mPFF,scp_left
1261_mPFF_scp_right,1.025874863,scp,right,1261,mPFF,1,TRUE,scp,fiber tracts,1261_mPFF,scp_right
1261_mPFF_scwm_left,0.517237824,scwm,left,1261,mPFF,0.517237824,TRUE,scwm,fiber tracts,1261_mPFF,scwm_left
1261_mPFF_scwm_right,0.48297244,scwm,right,1261,mPFF,0.48297244,TRUE,scwm,fiber tracts,1261_mPFF,scwm_right
1261_mPFF_sm_left,-0.285104159,sm,left,1261,mPFF,0,TRUE,sm,fiber tracts,1261_mPFF,sm_left
1261_mPFF_sm_right,-0.761669863,sm,right,1261,mPFF,0,TRUE,sm,fiber tracts,1261_mPFF,sm_right
1261_mPFF_st_left,0.63082138,st,left,1261,mPFF,0.63082138,TRUE,st,fiber tracts,1261_mPFF,st_left
1261_mPFF_st_right,0.005224859,st,right,1261,mPFF,0.005224859,TRUE,st,fiber tracts,1261_mPFF,st_right
1261_mPFF_stc_left,0.79665683,stc,left,1261,mPFF,0.79665683,TRUE,stc,fiber tracts,1261_mPFF,stc_left
1261_mPFF_stc_right,0.487465676,stc,right,1261,mPFF,0.487465676,TRUE,stc,fiber tracts,1261_mPFF,stc_right
1261_mPFF_sup_left,0.482292217,sup,left,1261,mPFF,0.482292217,TRUE,sup,fiber tracts,1261_mPFF,sup_left
1261_mPFF_sup_right,0.254702612,sup,right,1261,mPFF,0.254702612,TRUE,sup,fiber tracts,1261_mPFF,sup_right
1261_mPFF_tspc_left,0.576413263,tspc,left,1261,mPFF,0.576413263,TRUE,tspc,fiber tracts,1261_mPFF,tspc_left
1261_mPFF_tspc_right,0.028415525,tspc,right,1261,mPFF,0.028415525,TRUE,tspc,fiber tracts,1261_mPFF,tspc_right
1431_mPFF_ACAd_left,0.802104794,ACAd,left,1431,mPFF,0.802104794,FALSE,ACA,Isocortex,1431_mPFF,ACAd_left
1431_mPFF_ACAd_right,0.825240996,ACAd,right,1431,mPFF,0.825240996,FALSE,ACA,Isocortex,1431_mPFF,ACAd_right
1431_mPFF_ACAv_left,0.717042783,ACAv,left,1431,mPFF,0.717042783,FALSE,ACA,Isocortex,1431_mPFF,ACAv_left
1431_mPFF_ACAv_right,0.719822189,ACAv,right,1431,mPFF,0.719822189,FALSE,ACA,Isocortex,1431_mPFF,ACAv_right
1431_mPFF_ACB_left,0.497953224,ACB,left,1431,mPFF,0.497953224,FALSE,ACB,STR,1431_mPFF,ACB_left
1431_mPFF_ACB_right,0.407524609,ACB,right,1431,mPFF,0.407524609,FALSE,ACB,STR,1431_mPFF,ACB_right
1431_mPFF_AId_left,0.856293309,AId,left,1431,mPFF,0.856293309,FALSE,AI,Isocortex,1431_mPFF,AId_left
1431_mPFF_AId_right,0.791910993,AId,right,1431,mPFF,0.791910993,FALSE,AI,Isocortex,1431_mPFF,AId_right
1431_mPFF_AIp_left,0.840068057,AIp,left,1431,mPFF,0.840068057,FALSE,AI,Isocortex,1431_mPFF,AIp_left
1431_mPFF_AIp_right,0.484856111,AIp,right,1431,mPFF,0.484856111,FALSE,AI,Isocortex,1431_mPFF,AIp_right
1431_mPFF_AIv_left,0.87774223,AIv,left,1431,mPFF,0.87774223,FALSE,AI,Isocortex,1431_mPFF,AIv_left
1431_mPFF_AIv_right,0.695091934,AIv,right,1431,mPFF,0.695091934,FALSE,AI,Isocortex,1431_mPFF,AIv_right
1431_mPFF_APr_left,0.838941574,APr,left,1431,mPFF,0.838941574,FALSE,APr,HPF,1431_mPFF,APr_left
1431_mPFF_APr_right,0.96302083,APr,right,1431,mPFF,0.96302083,FALSE,APr,HPF,1431_mPFF,APr_right
1431_mPFF_AQ_left,-1.082610201,AQ,left,1431,mPFF,0,TRUE,AQ,VS,1431_mPFF,AQ_left
1431_mPFF_AQ_right,-1.060932283,AQ,right,1431,mPFF,0,TRUE,AQ,VS,1431_mPFF,AQ_right
1431_mPFF_ARH_left,-0.748852082,ARH,left,1431,mPFF,0,FALSE,ARH,HY,1431_mPFF,ARH_left
1431_mPFF_ARH_right,-0.987942697,ARH,right,1431,mPFF,0,FALSE,ARH,HY,1431_mPFF,ARH_right
1431_mPFF_AT_left,0.10704904,AT,left,1431,mPFF,0.10704904,FALSE,AT,MB,1431_mPFF,AT_left
1431_mPFF_AT_right,0.798957823,AT,right,1431,mPFF,0.798957823,FALSE,AT,MB,1431_mPFF,AT_right
1431_mPFF_AUDd_left,1.080990756,AUDd,left,1431,mPFF,1,FALSE,AUDd,Isocortex,1431_mPFF,AUDd_left
1431_mPFF_AUDd_right,0.824753784,AUDd,right,1431,mPFF,0.824753784,FALSE,AUDd,Isocortex,1431_mPFF,AUDd_right
1431_mPFF_AUDp_left,1.058742387,AUDp,left,1431,mPFF,1,FALSE,AUDp,Isocortex,1431_mPFF,AUDp_left
1431_mPFF_AUDp_right,0.820370895,AUDp,right,1431,mPFF,0.820370895,FALSE,AUDp,Isocortex,1431_mPFF,AUDp_right
1431_mPFF_AUDv_left,0.937144809,AUDv,left,1431,mPFF,0.937144809,FALSE,AUDv,Isocortex,1431_mPFF,AUDv_left
1431_mPFF_AUDv_right,0.545500707,AUDv,right,1431,mPFF,0.545500707,FALSE,AUDv,Isocortex,1431_mPFF,AUDv_right
1431_mPFF_BLA_left,0.688803729,BLA,left,1431,mPFF,0.688803729,FALSE,BLA,CTXsp,1431_mPFF,BLA_left
1431_mPFF_BLA_right,0.45396057,BLA,right,1431,mPFF,0.45396057,FALSE,BLA,CTXsp,1431_mPFF,BLA_right
1431_mPFF_BMA_left,0.570431755,BMA,left,1431,mPFF,0.570431755,FALSE,BMA,CTXsp,1431_mPFF,BMA_left
1431_mPFF_BMA_right,0.485981364,BMA,right,1431,mPFF,0.485981364,FALSE,BMA,CTXsp,1431_mPFF,BMA_right
1431_mPFF_CA1_left,0.909794532,CA1,left,1431,mPFF,0.909794532,FALSE,CA1,HPF,1431_mPFF,CA1_left
1431_mPFF_CA1_right,0.887250756,CA1,right,1431,mPFF,0.887250756,FALSE,CA1,HPF,1431_mPFF,CA1_right
1431_mPFF_CA2_left,0.791213391,CA2,left,1431,mPFF,0.791213391,FALSE,CA2,HPF,1431_mPFF,CA2_left
1431_mPFF_CA2_right,1.026127424,CA2,right,1431,mPFF,1,FALSE,CA2,HPF,1431_mPFF,CA2_right
1431_mPFF_CA3_left,0.743329096,CA3,left,1431,mPFF,0.743329096,FALSE,CA3,HPF,1431_mPFF,CA3_left
1431_mPFF_CA3_right,0.629524825,CA3,right,1431,mPFF,0.629524825,FALSE,CA3,HPF,1431_mPFF,CA3_right
1431_mPFF_CB_left,-0.859856207,CB,left,1431,mPFF,0,FALSE,CB,CB,1431_mPFF,CB_left
1431_mPFF_CB_right,-0.987901937,CB,right,1431,mPFF,0,FALSE,CB,CB,1431_mPFF,CB_right
1431_mPFF_CEA_left,0.645651258,CEA,left,1431,mPFF,0.645651258,FALSE,CEA,STR,1431_mPFF,CEA_left
1431_mPFF_CEA_right,0.576357409,CEA,right,1431,mPFF,0.576357409,FALSE,CEA,STR,1431_mPFF,CEA_right
1431_mPFF_CLA_left,0.738669185,CLA,left,1431,mPFF,0.738669185,FALSE,CLA,CTXsp,1431_mPFF,CLA_left
1431_mPFF_CLA_right,0.63204629,CLA,right,1431,mPFF,0.63204629,FALSE,CLA,CTXsp,1431_mPFF,CLA_right
1431_mPFF_CLI_right,-0.082593284,CLI,right,1431,mPFF,0,FALSE,CLI,MB,1431_mPFF,CLI_right
1431_mPFF_CL_left,0.476059649,CL,left,1431,mPFF,0.476059649,FALSE,CL,TH,1431_mPFF,CL_left
1431_mPFF_CL_right,0.60756582,CL,right,1431,mPFF,0.60756582,FALSE,CL,TH,1431_mPFF,CL_right
1431_mPFF_CM_left,0.232436812,CM,left,1431,mPFF,0.232436812,FALSE,CM,TH,1431_mPFF,CM_left
1431_mPFF_CM_right,0.29571808,CM,right,1431,mPFF,0.29571808,FALSE,CM,TH,1431_mPFF,CM_right
1431_mPFF_COA_left,0.462749898,COA,left,1431,mPFF,0.462749898,FALSE,COA,OLF,1431_mPFF,COA_left
1431_mPFF_COA_right,0.399184179,COA,right,1431,mPFF,0.399184179,FALSE,COA,OLF,1431_mPFF,COA_right
1431_mPFF_CP_left,0.543514933,CP,left,1431,mPFF,0.543514933,FALSE,CP,STR,1431_mPFF,CP_left
1431_mPFF_CP_right,0.394696508,CP,right,1431,mPFF,0.394696508,FALSE,CP,STR,1431_mPFF,CP_right
1431_mPFF_CS_left,-0.040588018,CS,left,1431,mPFF,0,FALSE,CS,P,1431_mPFF,CS_left
1431_mPFF_CS_right,0.451133341,CS,right,1431,mPFF,0.451133341,FALSE,CS,P,1431_mPFF,CS_right
1431_mPFF_CTXsp_left,0.618294949,CTXsp,left,1431,mPFF,0.618294949,FALSE,CTXsp,CTXsp,1431_mPFF,CTXsp_left
1431_mPFF_CTXsp_right,0.440974825,CTXsp,right,1431,mPFF,0.440974825,FALSE,CTXsp,CTXsp,1431_mPFF,CTXsp_right
1431_mPFF_DG_left,0.492951057,DG,left,1431,mPFF,0.492951057,FALSE,DG,HPF,1431_mPFF,DG_left
1431_mPFF_DG_right,0.546802399,DG,right,1431,mPFF,0.546802399,FALSE,DG,HPF,1431_mPFF,DG_right
1431_mPFF_DMH_left,0.473317536,DMH,left,1431,mPFF,0.473317536,FALSE,DMH,HY,1431_mPFF,DMH_left
1431_mPFF_DMH_right,0.216768194,DMH,right,1431,mPFF,0.216768194,FALSE,DMH,HY,1431_mPFF,DMH_right
1431_mPFF_DR_left,0.302016791,DR,left,1431,mPFF,0.302016791,FALSE,DR,MB,1431_mPFF,DR_left
1431_mPFF_DR_right,0.607293214,DR,right,1431,mPFF,0.607293214,FALSE,DR,MB,1431_mPFF,DR_right
1431_mPFF_ECT_left,0.916873466,ECT,left,1431,mPFF,0.916873466,FALSE,ECT,Isocortex,1431_mPFF,ECT_left
1431_mPFF_ECT_right,0.660147569,ECT,right,1431,mPFF,0.660147569,FALSE,ECT,Isocortex,1431_mPFF,ECT_right
1431_mPFF_ENTl_left,0.816853098,ENTl,left,1431,mPFF,0.816853098,FALSE,ENT,HPF,1431_mPFF,ENTl_left
1431_mPFF_ENTl_right,0.897112178,ENTl,right,1431,mPFF,0.897112178,FALSE,ENT,HPF,1431_mPFF,ENTl_right
1431_mPFF_ENTm_left,0.682132304,ENTm,left,1431,mPFF,0.682132304,FALSE,ENT,HPF,1431_mPFF,ENTm_left
1431_mPFF_ENTm_right,0.962864213,ENTm,right,1431,mPFF,0.962864213,FALSE,ENT,HPF,1431_mPFF,ENTm_right
1431_mPFF_EP_left,0.741601523,EP,left,1431,mPFF,0.741601523,FALSE,EP,CTXsp,1431_mPFF,EP_left
1431_mPFF_EP_right,0.449556975,EP,right,1431,mPFF,0.449556975,FALSE,EP,CTXsp,1431_mPFF,EP_right
1431_mPFF_Eth_left,0.695819992,Eth,left,1431,mPFF,0.695819992,FALSE,Eth,TH,1431_mPFF,Eth_left
1431_mPFF_Eth_right,0.353140033,Eth,right,1431,mPFF,0.353140033,FALSE,Eth,TH,1431_mPFF,Eth_right
1431_mPFF_FC_left,0.562741831,FC,left,1431,mPFF,0.562741831,FALSE,FC,HPF,1431_mPFF,FC_left
1431_mPFF_FC_right,0.59399025,FC,right,1431,mPFF,0.59399025,FALSE,FC,HPF,1431_mPFF,FC_right
1431_mPFF_GU_left,0.916459372,GU,left,1431,mPFF,0.916459372,FALSE,GU,Isocortex,1431_mPFF,GU_left
1431_mPFF_GU_right,0.668513396,GU,right,1431,mPFF,0.668513396,FALSE,GU,Isocortex,1431_mPFF,GU_right
1431_mPFF_HATA_right,0.97091878,HATA,right,1431,mPFF,0.97091878,FALSE,HATA,HPF,1431_mPFF,HATA_right
1431_mPFF_HPF_left,0.409523905,HPF,left,1431,mPFF,0.409523905,FALSE,HPF,HPF,1431_mPFF,HPF_left
1431_mPFF_HPF_right,0.549669819,HPF,right,1431,mPFF,0.549669819,FALSE,HPF,HPF,1431_mPFF,HPF_right
1431_mPFF_HY_left,0.315986577,HY,left,1431,mPFF,0.315986577,FALSE,HY,HY,1431_mPFF,HY_left
1431_mPFF_HY_right,0.262075409,HY,right,1431,mPFF,0.262075409,FALSE,HY,HY,1431_mPFF,HY_right
1431_mPFF_IA_left,0.622166016,IA,left,1431,mPFF,0.622166016,FALSE,IA,STR,1431_mPFF,IA_left
1431_mPFF_IA_right,0.86990664,IA,right,1431,mPFF,0.86990664,FALSE,IA,STR,1431_mPFF,IA_right
1431_mPFF_IC_left,0.607947415,IC,left,1431,mPFF,0.607947415,FALSE,IC,MB,1431_mPFF,IC_left
1431_mPFF_IC_right,0.65681153,IC,right,1431,mPFF,0.65681153,FALSE,IC,MB,1431_mPFF,IC_right
1431_mPFF_IG_left,0.474571385,IG,left,1431,mPFF,0.474571385,FALSE,IG,HPF,1431_mPFF,IG_left
1431_mPFF_IG_right,0.888185152,IG,right,1431,mPFF,0.888185152,FALSE,IG,HPF,1431_mPFF,IG_right
1431_mPFF_IIn_left,-5,IIn,left,1431,mPFF,0,TRUE,IIn,fiber tracts,1431_mPFF,IIn_left
1431_mPFF_IIn_right,-5,IIn,right,1431,mPFF,0,TRUE,IIn,fiber tracts,1431_mPFF,IIn_right
1431_mPFF_IMD_left,0.65209318,IMD,left,1431,mPFF,0.65209318,FALSE,IMD,TH,1431_mPFF,IMD_left
1431_mPFF_IMD_right,0.273574944,IMD,right,1431,mPFF,0.273574944,FALSE,IMD,TH,1431_mPFF,IMD_right
1431_mPFF_IV_left,0.839924444,IV,left,1431,mPFF,0.839924444,FALSE,IV,MB,1431_mPFF,IV_left
1431_mPFF_In_left,0.264171638,In,left,1431,mPFF,0.264171638,TRUE,In,fiber tracts,1431_mPFF,In_left
1431_mPFF_In_right,0.240008599,In,right,1431,mPFF,0.240008599,TRUE,In,fiber tracts,1431_mPFF,In_right
1431_mPFF_LA_left,0.773874108,LA,left,1431,mPFF,0.773874108,FALSE,LA,CTXsp,1431_mPFF,LA_left
1431_mPFF_LA_right,0.45723416,LA,right,1431,mPFF,0.45723416,FALSE,LA,CTXsp,1431_mPFF,LA_right
1431_mPFF_LD_left,0.838800573,LD,left,1431,mPFF,0.838800573,FALSE,LD,TH,1431_mPFF,LD_left
1431_mPFF_LD_right,0.751654964,LD,right,1431,mPFF,0.751654964,FALSE,LD,TH,1431_mPFF,LD_right
1431_mPFF_LGd_left,0.732058654,LGd,left,1431,mPFF,0.732058654,FALSE,LGd,TH,1431_mPFF,LGd_left
1431_mPFF_LGd_right,0.483793065,LGd,right,1431,mPFF,0.483793065,FALSE,LGd,TH,1431_mPFF,LGd_right
1431_mPFF_LGv_left,0.485228794,LGv,left,1431,mPFF,0.485228794,FALSE,LGv,TH,1431_mPFF,LGv_left
1431_mPFF_LGv_right,0.508436644,LGv,right,1431,mPFF,0.508436644,FALSE,LGv,TH,1431_mPFF,LGv_right
1431_mPFF_LHA_left,0.162306203,LHA,left,1431,mPFF,0.162306203,FALSE,LHA,HY,1431_mPFF,LHA_left
1431_mPFF_LHA_right,0.23394133,LHA,right,1431,mPFF,0.23394133,FALSE,LHA,HY,1431_mPFF,LHA_right
1431_mPFF_LH_left,0.316714241,LH,left,1431,mPFF,0.316714241,FALSE,LH,TH,1431_mPFF,LH_left
1431_mPFF_LH_right,0.226648324,LH,right,1431,mPFF,0.226648324,FALSE,LH,TH,1431_mPFF,LH_right
1431_mPFF_LPO_right,0.552442672,LPO,right,1431,mPFF,0.552442672,FALSE,LPO,HY,1431_mPFF,LPO_right
1431_mPFF_LP_left,0.704953792,LP,left,1431,mPFF,0.704953792,FALSE,LP,TH,1431_mPFF,LP_left
1431_mPFF_LP_right,0.705246873,LP,right,1431,mPFF,0.705246873,FALSE,LP,TH,1431_mPFF,LP_right
1431_mPFF_LS_left,0.669445677,LS,left,1431,mPFF,0.669445677,FALSE,LS,STR,1431_mPFF,LS_left
1431_mPFF_LS_right,0.626646499,LS,right,1431,mPFF,0.626646499,FALSE,LS,STR,1431_mPFF,LS_right
1431_mPFF_MB_left,0.358713102,MB,left,1431,mPFF,0.358713102,FALSE,MB,MB,1431_mPFF,MB_left
1431_mPFF_MB_right,0.505934161,MB,right,1431,mPFF,0.505934161,FALSE,MB,MB,1431_mPFF,MB_right
1431_mPFF_MD_left,0.522333924,MD,left,1431,mPFF,0.522333924,FALSE,MD,TH,1431_mPFF,MD_left
1431_mPFF_MD_right,0.635409234,MD,right,1431,mPFF,0.635409234,FALSE,MD,TH,1431_mPFF,MD_right
1431_mPFF_MEA_left,0.555864113,MEA,left,1431,mPFF,0.555864113,FALSE,MEA,STR,1431_mPFF,MEA_left
1431_mPFF_MEA_right,0.570858501,MEA,right,1431,mPFF,0.570858501,FALSE,MEA,STR,1431_mPFF,MEA_right
1431_mPFF_ME_left,-5,ME,left,1431,mPFF,0,FALSE,ME,HY,1431_mPFF,ME_left
1431_mPFF_ME_right,-5,ME,right,1431,mPFF,0,FALSE,ME,HY,1431_mPFF,ME_right
1431_mPFF_MH_left,0.044942937,MH,left,1431,mPFF,0.044942937,FALSE,MH,TH,1431_mPFF,MH_left
1431_mPFF_MH_right,0.198746776,MH,right,1431,mPFF,0.198746776,FALSE,MH,TH,1431_mPFF,MH_right
1431_mPFF_MOp_left,0.935327332,MOp,left,1431,mPFF,0.935327332,FALSE,MOp,Isocortex,1431_mPFF,MOp_left
1431_mPFF_MOp_right,0.90630682,MOp,right,1431,mPFF,0.90630682,FALSE,MOp,Isocortex,1431_mPFF,MOp_right
1431_mPFF_MOs_left,0.9824272,MOs,left,1431,mPFF,0.9824272,FALSE,MOs,Isocortex,1431_mPFF,MOs_left
1431_mPFF_MOs_right,0.975839702,MOs,right,1431,mPFF,0.975839702,FALSE,MOs,Isocortex,1431_mPFF,MOs_right
1431_mPFF_MRN_left,0.342174505,MRN,left,1431,mPFF,0.342174505,FALSE,MRN,MB,1431_mPFF,MRN_left
1431_mPFF_MRN_right,0.383087735,MRN,right,1431,mPFF,0.383087735,FALSE,MRN,MB,1431_mPFF,MRN_right
1431_mPFF_MS_left,-0.022409398,MS,left,1431,mPFF,0,FALSE,MS,PAL,1431_mPFF,MS_left
1431_mPFF_MS_right,0.403213782,MS,right,1431,mPFF,0.403213782,FALSE,MS,PAL,1431_mPFF,MS_right
1431_mPFF_NDB_left,0.390729303,NDB,left,1431,mPFF,0.390729303,FALSE,NDB,PAL,1431_mPFF,NDB_left
1431_mPFF_NDB_right,0.457934167,NDB,right,1431,mPFF,0.457934167,FALSE,NDB,PAL,1431_mPFF,NDB_right
1431_mPFF_NLL_left,0.228437868,NLL,left,1431,mPFF,0.228437868,FALSE,NLL,P,1431_mPFF,NLL_left
1431_mPFF_NLL_right,0.484469258,NLL,right,1431,mPFF,0.484469258,FALSE,NLL,P,1431_mPFF,NLL_right
1431_mPFF_OLF_left,0.684373261,OLF,left,1431,mPFF,0.684373261,FALSE,OLF,OLF,1431_mPFF,OLF_left
1431_mPFF_OLF_right,0.61147312,OLF,right,1431,mPFF,0.61147312,FALSE,OLF,OLF,1431_mPFF,OLF_right
1431_mPFF_OT_left,0.720525403,OT,left,1431,mPFF,0.720525403,FALSE,OT,STR,1431_mPFF,OT_left
1431_mPFF_OT_right,0.718786549,OT,right,1431,mPFF,0.718786549,FALSE,OT,STR,1431_mPFF,OT_right
1431_mPFF_PAA_left,0.692102198,PAA,left,1431,mPFF,0.692102198,FALSE,PAA,OLF,1431_mPFF,PAA_left
1431_mPFF_PAA_right,0.40574583,PAA,right,1431,mPFF,0.40574583,FALSE,PAA,OLF,1431_mPFF,PAA_right
1431_mPFF_PAG_left,0.397287191,PAG,left,1431,mPFF,0.397287191,FALSE,PAG,MB,1431_mPFF,PAG_left
1431_mPFF_PAG_right,0.544138094,PAG,right,1431,mPFF,0.544138094,FALSE,PAG,MB,1431_mPFF,PAG_right
1431_mPFF_PAL_left,0.273130896,PAL,left,1431,mPFF,0.273130896,FALSE,PAL,PAL,1431_mPFF,PAL_left
1431_mPFF_PAL_right,0.389831623,PAL,right,1431,mPFF,0.389831623,FALSE,PAL,PAL,1431_mPFF,PAL_right
1431_mPFF_PALd_left,0.573293185,PALd,left,1431,mPFF,0.573293185,FALSE,PAL,PAL,1431_mPFF,PALd_left
1431_mPFF_PALd_right,0.54231988,PALd,right,1431,mPFF,0.54231988,FALSE,PAL,PAL,1431_mPFF,PALd_right
1431_mPFF_PAR_left,0.707713316,PAR,left,1431,mPFF,0.707713316,FALSE,PAR,HPF,1431_mPFF,PAR_left
1431_mPFF_PAR_right,0.892122506,PAR,right,1431,mPFF,0.892122506,FALSE,PAR,HPF,1431_mPFF,PAR_right
1431_mPFF_PBG_left,0.418504822,PBG,left,1431,mPFF,0.418504822,FALSE,PBG,MB,1431_mPFF,PBG_left
1431_mPFF_PBG_right,0.062059589,PBG,right,1431,mPFF,0.062059589,FALSE,PBG,MB,1431_mPFF,PBG_right
1431_mPFF_PCN_left,0.642637438,PCN,left,1431,mPFF,0.642637438,FALSE,PCN,TH,1431_mPFF,PCN_left
1431_mPFF_PCN_right,0.283196316,PCN,right,1431,mPFF,0.283196316,FALSE,PCN,TH,1431_mPFF,PCN_right
1431_mPFF_PERI_left,0.897779098,PERI,left,1431,mPFF,0.897779098,FALSE,PERI,Isocortex,1431_mPFF,PERI_left
1431_mPFF_PERI_right,0.833241326,PERI,right,1431,mPFF,0.833241326,FALSE,PERI,Isocortex,1431_mPFF,PERI_right
1431_mPFF_PG_left,-0.091853008,PG,left,1431,mPFF,0,FALSE,PG,P,1431_mPFF,PG_left
1431_mPFF_PG_right,0.640555537,PG,right,1431,mPFF,0.640555537,FALSE,PG,P,1431_mPFF,PG_right
1431_mPFF_PIR_left,0.804573629,PIR,left,1431,mPFF,0.804573629,FALSE,PIR,OLF,1431_mPFF,PIR_left
1431_mPFF_PIR_right,0.612163161,PIR,right,1431,mPFF,0.612163161,FALSE,PIR,OLF,1431_mPFF,PIR_right
1431_mPFF_POST_left,0.678738423,POST,left,1431,mPFF,0.678738423,FALSE,POST,HPF,1431_mPFF,POST_left
1431_mPFF_POST_right,0.857925499,POST,right,1431,mPFF,0.857925499,FALSE,POST,HPF,1431_mPFF,POST_right
1431_mPFF_PO_left,0.757934022,PO,left,1431,mPFF,0.757934022,FALSE,PO,TH,1431_mPFF,PO_left
1431_mPFF_PO_right,0.713608375,PO,right,1431,mPFF,0.713608375,FALSE,PO,TH,1431_mPFF,PO_right
1431_mPFF_PPN_left,0.367215498,PPN,left,1431,mPFF,0.367215498,FALSE,PPN,MB,1431_mPFF,PPN_left
1431_mPFF_PPN_right,0.500534893,PPN,right,1431,mPFF,0.500534893,FALSE,PPN,MB,1431_mPFF,PPN_right
1431_mPFF_PRC_left,-0.406753487,PRC,left,1431,mPFF,0,FALSE,PRC,MB,1431_mPFF,PRC_left
1431_mPFF_PRC_right,-0.727974734,PRC,right,1431,mPFF,0,FALSE,PRC,MB,1431_mPFF,PRC_right
1431_mPFF_PRE_left,0.763260778,PRE,left,1431,mPFF,0.763260778,FALSE,PRE,HPF,1431_mPFF,PRE_left
1431_mPFF_PRE_right,1.061918096,PRE,right,1431,mPFF,1,FALSE,PRE,HPF,1431_mPFF,PRE_right
1431_mPFF_PRNr_left,0.317152919,PRNr,left,1431,mPFF,0.317152919,FALSE,PRNr,P,1431_mPFF,PRNr_left
1431_mPFF_PRNr_right,0.43861894,PRNr,right,1431,mPFF,0.43861894,FALSE,PRNr,P,1431_mPFF,PRNr_right
1431_mPFF_PR_left,0.277909706,PR,left,1431,mPFF,0.277909706,FALSE,PR,TH,1431_mPFF,PR_left
1431_mPFF_PR_right,0.184816643,PR,right,1431,mPFF,0.184816643,FALSE,PR,TH,1431_mPFF,PR_right
1431_mPFF_PST_left,0.709073634,PST,left,1431,mPFF,0.709073634,FALSE,PST,HY,1431_mPFF,PST_left
1431_mPFF_PVT_left,0.354782866,PVT,left,1431,mPFF,0.354782866,FALSE,PVT,TH,1431_mPFF,PVT_left
1431_mPFF_PVT_right,-0.045826236,PVT,right,1431,mPFF,0,FALSE,PVT,TH,1431_mPFF,PVT_right
1431_mPFF_PVZ_left,-0.121676001,PVZ,left,1431,mPFF,0,FALSE,PVZ,HY,1431_mPFF,PVZ_left
1431_mPFF_PVZ_right,-0.224315798,PVZ,right,1431,mPFF,0,FALSE,PVZ,HY,1431_mPFF,PVZ_right
1431_mPFF_P_left,0.194378402,P,left,1431,mPFF,0.194378402,FALSE,P,P,1431_mPFF,P_left
1431_mPFF_P_right,0.09538743,P,right,1431,mPFF,0.09538743,FALSE,P,P,1431_mPFF,P_right
1431_mPFF_Pa4_left,-0.360312024,Pa4,left,1431,mPFF,0,FALSE,Pa4,MB,1431_mPFF,Pa4_left
1431_mPFF_Pa4_right,0.2208891,Pa4,right,1431,mPFF,0.2208891,FALSE,Pa4,MB,1431_mPFF,Pa4_right
1431_mPFF_PeF_left,0.023675977,PeF,left,1431,mPFF,0.023675977,FALSE,PeF,HY,1431_mPFF,PeF_left
1431_mPFF_PeF_right,0.045445723,PeF,right,1431,mPFF,0.045445723,FALSE,PeF,HY,1431_mPFF,PeF_right
1431_mPFF_RE_left,0.157993549,RE,left,1431,mPFF,0.157993549,FALSE,RE,TH,1431_mPFF,RE_left
1431_mPFF_RE_right,0.360240854,RE,right,1431,mPFF,0.360240854,FALSE,RE,TH,1431_mPFF,RE_right
1431_mPFF_RH_left,0.457105317,RH,left,1431,mPFF,0.457105317,FALSE,RH,TH,1431_mPFF,RH_left
1431_mPFF_RH_right,0.36644898,RH,right,1431,mPFF,0.36644898,FALSE,RH,TH,1431_mPFF,RH_right
1431_mPFF_RSPagl_left,0.973726098,RSPagl,left,1431,mPFF,0.973726098,FALSE,RSP,Isocortex,1431_mPFF,RSPagl_left
1431_mPFF_RSPagl_right,0.985242395,RSPagl,right,1431,mPFF,0.985242395,FALSE,RSP,Isocortex,1431_mPFF,RSPagl_right
1431_mPFF_RSPd_left,0.984706232,RSPd,left,1431,mPFF,0.984706232,FALSE,RSP,Isocortex,1431_mPFF,RSPd_left
1431_mPFF_RSPd_right,1.0003002,RSPd,right,1431,mPFF,1,FALSE,RSP,Isocortex,1431_mPFF,RSPd_right
1431_mPFF_RSPv_left,0.994793727,RSPv,left,1431,mPFF,0.994793727,FALSE,RSP,Isocortex,1431_mPFF,RSPv_left
1431_mPFF_RSPv_right,1.010660989,RSPv,right,1431,mPFF,1,FALSE,RSP,Isocortex,1431_mPFF,RSPv_right
1431_mPFF_RT_left,0.62286619,RT,left,1431,mPFF,0.62286619,FALSE,RT,TH,1431_mPFF,RT_left
1431_mPFF_RT_right,0.594051571,RT,right,1431,mPFF,0.594051571,FALSE,RT,TH,1431_mPFF,RT_right
1431_mPFF_SAG_left,0.194288847,SAG,left,1431,mPFF,0.194288847,FALSE,SAG,MB,1431_mPFF,SAG_left
1431_mPFF_SAG_right,0.324949909,SAG,right,1431,mPFF,0.324949909,FALSE,SAG,MB,1431_mPFF,SAG_right
1431_mPFF_SCm_left,0.571914816,SCm,left,1431,mPFF,0.571914816,FALSE,MBmot,MB,1431_mPFF,SCm_left
1431_mPFF_SCm_right,0.57752949,SCm,right,1431,mPFF,0.57752949,FALSE,MBmot,MB,1431_mPFF,SCm_right
1431_mPFF_SCs_left,0.643427518,SCs,left,1431,mPFF,0.643427518,FALSE,MBsen,MB,1431_mPFF,SCs_left
1431_mPFF_SCs_right,0.723766813,SCs,right,1431,mPFF,0.723766813,FALSE,MBsen,MB,1431_mPFF,SCs_right
1431_mPFF_SEZ_left,0.195556778,SEZ,left,1431,mPFF,0.195556778,TRUE,SEZ,VS,1431_mPFF,SEZ_left
1431_mPFF_SEZ_right,-0.382162661,SEZ,right,1431,mPFF,0,TRUE,SEZ,VS,1431_mPFF,SEZ_right
1431_mPFF_SH_left,0.818484423,SH,left,1431,mPFF,0.818484423,FALSE,SH,STR,1431_mPFF,SH_left
1431_mPFF_SH_right,0.98306655,SH,right,1431,mPFF,0.98306655,FALSE,SH,STR,1431_mPFF,SH_right
1431_mPFF_SI_left,0.735219193,SI,left,1431,mPFF,0.735219193,FALSE,SI,PAL,1431_mPFF,SI_left
1431_mPFF_SI_right,0.573544904,SI,right,1431,mPFF,0.573544904,FALSE,SI,PAL,1431_mPFF,SI_right
1431_mPFF_SMT_left,0.138747422,SMT,left,1431,mPFF,0.138747422,FALSE,SMT,TH,1431_mPFF,SMT_left
1431_mPFF_SMT_right,0.350008279,SMT,right,1431,mPFF,0.350008279,FALSE,SMT,TH,1431_mPFF,SMT_right
1431_mPFF_SSp-bfd_left,1.025283908,SSp-bfd,left,1431,mPFF,1,FALSE,SSp,Isocortex,1431_mPFF,SSp-bfd_left
1431_mPFF_SSp-bfd_right,1.003871863,SSp-bfd,right,1431,mPFF,1,FALSE,SSp,Isocortex,1431_mPFF,SSp-bfd_right
1431_mPFF_SSp-m_left,0.97421508,SSp-m,left,1431,mPFF,0.97421508,FALSE,SSp,Isocortex,1431_mPFF,SSp-m_left
1431_mPFF_SSp-m_right,0.822321162,SSp-m,right,1431,mPFF,0.822321162,FALSE,SSp,Isocortex,1431_mPFF,SSp-m_right
1431_mPFF_SSp-tr_left,0.236283547,SSp-tr,left,1431,mPFF,0.236283547,FALSE,SSp,Isocortex,1431_mPFF,SSp-tr_left
1431_mPFF_SSp-tr_right,0.415579072,SSp-tr,right,1431,mPFF,0.415579072,FALSE,SSp,Isocortex,1431_mPFF,SSp-tr_right
1431_mPFF_SSp-ul_left,1.197631905,SSp-ul,left,1431,mPFF,1,FALSE,SSp,Isocortex,1431_mPFF,SSp-ul_left
1431_mPFF_SSp-ul_right,1.142983719,SSp-ul,right,1431,mPFF,1,FALSE,SSp,Isocortex,1431_mPFF,SSp-ul_right
1431_mPFF_SSs_left,0.981080467,SSs,left,1431,mPFF,0.981080467,FALSE,SSs,Isocortex,1431_mPFF,SSs_left
1431_mPFF_SSs_right,0.825492741,SSs,right,1431,mPFF,0.825492741,FALSE,SSs,Isocortex,1431_mPFF,SSs_right
1431_mPFF_STN_left,0.483257664,STN,left,1431,mPFF,0.483257664,FALSE,STN,HY,1431_mPFF,STN_left
1431_mPFF_STN_right,0.402160522,STN,right,1431,mPFF,0.402160522,FALSE,STN,HY,1431_mPFF,STN_right
1431_mPFF_STR_left,0.639036184,STR,left,1431,mPFF,0.639036184,FALSE,STR,STR,1431_mPFF,STR_left
1431_mPFF_STR_right,0.585166002,STR,right,1431,mPFF,0.585166002,FALSE,STR,STR,1431_mPFF,STR_right
1431_mPFF_SUB_left,0.479974557,SUB,left,1431,mPFF,0.479974557,FALSE,SUB,HPF,1431_mPFF,SUB_left
1431_mPFF_SUB_right,1.021743399,SUB,right,1431,mPFF,1,FALSE,SUB,HPF,1431_mPFF,SUB_right
1431_mPFF_TEa_left,0.937223001,TEa,left,1431,mPFF,0.937223001,FALSE,TEa,Isocortex,1431_mPFF,TEa_left
1431_mPFF_TEa_right,0.413323418,TEa,right,1431,mPFF,0.413323418,FALSE,TEa,Isocortex,1431_mPFF,TEa_right
1431_mPFF_TH_left,0.455343997,TH,left,1431,mPFF,0.455343997,FALSE,TH,TH,1431_mPFF,TH_left
1431_mPFF_TH_right,0.478573321,TH,right,1431,mPFF,0.478573321,FALSE,TH,TH,1431_mPFF,TH_right
1431_mPFF_TRN_left,0.298328232,TRN,left,1431,mPFF,0.298328232,FALSE,TRN,P,1431_mPFF,TRN_left
1431_mPFF_TRN_right,0.721593424,TRN,right,1431,mPFF,0.721593424,FALSE,TRN,P,1431_mPFF,TRN_right
1431_mPFF_TU_left,0.385282226,TU,left,1431,mPFF,0.385282226,FALSE,TU,HY,1431_mPFF,TU_left
1431_mPFF_TU_right,0.363663392,TU,right,1431,mPFF,0.363663392,FALSE,TU,HY,1431_mPFF,TU_right
1431_mPFF_V3_left,-1.259629088,V3,left,1431,mPFF,0,TRUE,V3,VS,1431_mPFF,V3_left
1431_mPFF_V3_right,-0.596782421,V3,right,1431,mPFF,0,TRUE,V3,VS,1431_mPFF,V3_right
1431_mPFF_VAL_left,0.162183543,VAL,left,1431,mPFF,0.162183543,FALSE,VAL,TH,1431_mPFF,VAL_left
1431_mPFF_VAL_right,0.525286706,VAL,right,1431,mPFF,0.525286706,FALSE,VAL,TH,1431_mPFF,VAL_right
1431_mPFF_VISC_left,0.893833833,VISC,left,1431,mPFF,0.893833833,FALSE,VISC,Isocortex,1431_mPFF,VISC_left
1431_mPFF_VISC_right,0.376674297,VISC,right,1431,mPFF,0.376674297,FALSE,VISC,Isocortex,1431_mPFF,VISC_right
1431_mPFF_VISa_left,1.005768577,VISa,left,1431,mPFF,1,FALSE,VISa,Isocortex,1431_mPFF,VISa_left
1431_mPFF_VISa_right,1.010203156,VISa,right,1431,mPFF,1,FALSE,VISa,Isocortex,1431_mPFF,VISa_right
1431_mPFF_VISam_left,1.012116359,VISam,left,1431,mPFF,1,FALSE,VISam,Isocortex,1431_mPFF,VISam_left
1431_mPFF_VISam_right,1.06272556,VISam,right,1431,mPFF,1,FALSE,VISam,Isocortex,1431_mPFF,VISam_right
1431_mPFF_VISl_left,1.087092171,VISl,left,1431,mPFF,1,FALSE,VISl,Isocortex,1431_mPFF,VISl_left
1431_mPFF_VISl_right,1.145197369,VISl,right,1431,mPFF,1,FALSE,VISl,Isocortex,1431_mPFF,VISl_right
1431_mPFF_VISli_left,1.203015022,VISli,left,1431,mPFF,1,FALSE,VISli,Isocortex,1431_mPFF,VISli_left
1431_mPFF_VISli_right,1.219968883,VISli,right,1431,mPFF,1,FALSE,VISli,Isocortex,1431_mPFF,VISli_right
1431_mPFF_VISp_left,1.088528922,VISp,left,1431,mPFF,1,FALSE,VISp,Isocortex,1431_mPFF,VISp_left
1431_mPFF_VISp_right,1.116446468,VISp,right,1431,mPFF,1,FALSE,VISp,Isocortex,1431_mPFF,VISp_right
1431_mPFF_VISpl_left,0.735322184,VISpl,left,1431,mPFF,0.735322184,FALSE,VISpl,Isocortex,1431_mPFF,VISpl_left
1431_mPFF_VISpl_right,0.857687792,VISpl,right,1431,mPFF,0.857687792,FALSE,VISpl,Isocortex,1431_mPFF,VISpl_right
1431_mPFF_VISpm_left,1.32888479,VISpm,left,1431,mPFF,1,FALSE,VISpm,Isocortex,1431_mPFF,VISpm_left
1431_mPFF_VISpor_left,1.031406753,VISpor,left,1431,mPFF,1,FALSE,VISpor,Isocortex,1431_mPFF,VISpor_left
1431_mPFF_VISpor_right,1.065430368,VISpor,right,1431,mPFF,1,FALSE,VISpor,Isocortex,1431_mPFF,VISpor_right
1431_mPFF_VISrl_left,1.097135577,VISrl,left,1431,mPFF,1,FALSE,VISrl,Isocortex,1431_mPFF,VISrl_left
1431_mPFF_VISrl_right,1.091901335,VISrl,right,1431,mPFF,1,FALSE,VISrl,Isocortex,1431_mPFF,VISrl_right
1431_mPFF_VL_left,0.176584989,VL,left,1431,mPFF,0.176584989,TRUE,VL,VS,1431_mPFF,VL_left
1431_mPFF_VL_right,-0.16148179,VL,right,1431,mPFF,0,TRUE,VL,VS,1431_mPFF,VL_right
1431_mPFF_VMH_left,0.304467951,VMH,left,1431,mPFF,0.304467951,FALSE,VMH,HY,1431_mPFF,VMH_left
1431_mPFF_VMH_right,0.323791976,VMH,right,1431,mPFF,0.323791976,FALSE,VMH,HY,1431_mPFF,VMH_right
1431_mPFF_VM_left,0.354898159,VM,left,1431,mPFF,0.354898159,FALSE,VM,TH,1431_mPFF,VM_left
1431_mPFF_VM_right,0.411952281,VM,right,1431,mPFF,0.411952281,FALSE,VM,TH,1431_mPFF,VM_right
1431_mPFF_VPL_left,0.490718654,VPL,left,1431,mPFF,0.490718654,FALSE,VPL,TH,1431_mPFF,VPL_left
1431_mPFF_VPL_right,0.543259028,VPL,right,1431,mPFF,0.543259028,FALSE,VPL,TH,1431_mPFF,VPL_right
1431_mPFF_VPM_left,0.499538198,VPM,left,1431,mPFF,0.499538198,FALSE,VPM,TH,1431_mPFF,VPM_left
1431_mPFF_VPM_right,0.373662552,VPM,right,1431,mPFF,0.373662552,FALSE,VPM,TH,1431_mPFF,VPM_right
1431_mPFF_VP_left,-0.272057851,VP,left,1431,mPFF,0,FALSE,VP,TH,1431_mPFF,VP_left
1431_mPFF_VP_right,0.715824479,VP,right,1431,mPFF,0.715824479,FALSE,VP,TH,1431_mPFF,VP_right
1431_mPFF_Xi_left,0.561403975,Xi,left,1431,mPFF,0.561403975,FALSE,Xi,TH,1431_mPFF,Xi_left
1431_mPFF_Xi_right,0.588285214,Xi,right,1431,mPFF,0.588285214,FALSE,Xi,TH,1431_mPFF,Xi_right
1431_mPFF_ZI_left,0.420412861,ZI,left,1431,mPFF,0.420412861,FALSE,ZI,HY,1431_mPFF,ZI_left
1431_mPFF_ZI_right,0.513622234,ZI,right,1431,mPFF,0.513622234,FALSE,ZI,HY,1431_mPFF,ZI_right
1431_mPFF_alv_left,0.766251994,alv,left,1431,mPFF,0.766251994,TRUE,alv,fiber tracts,1431_mPFF,alv_left
1431_mPFF_alv_right,0.722974214,alv,right,1431,mPFF,0.722974214,TRUE,alv,fiber tracts,1431_mPFF,alv_right
1431_mPFF_amc_left,0.698877667,amc,left,1431,mPFF,0.698877667,TRUE,amc,fiber tracts,1431_mPFF,amc_left
1431_mPFF_amc_right,0.199783829,amc,right,1431,mPFF,0.199783829,TRUE,amc,fiber tracts,1431_mPFF,amc_right
1431_mPFF_ar_left,0.456904521,ar,left,1431,mPFF,0.456904521,TRUE,ar,fiber tracts,1431_mPFF,ar_left
1431_mPFF_ar_right,0.061345825,ar,right,1431,mPFF,0.061345825,TRUE,ar,fiber tracts,1431_mPFF,ar_right
1431_mPFF_bic_left,0.229872901,bic,left,1431,mPFF,0.229872901,TRUE,bic,fiber tracts,1431_mPFF,bic_left
1431_mPFF_bic_right,0.703658944,bic,right,1431,mPFF,0.703658944,TRUE,bic,fiber tracts,1431_mPFF,bic_right
1431_mPFF_cc_left,0.563317962,cc,left,1431,mPFF,0.563317962,TRUE,cc,fiber tracts,1431_mPFF,cc_left
1431_mPFF_cc_right,0.478435026,cc,right,1431,mPFF,0.478435026,TRUE,cc,fiber tracts,1431_mPFF,cc_right
1431_mPFF_ccg_left,0.238593018,ccg,left,1431,mPFF,0.238593018,TRUE,ccg,fiber tracts,1431_mPFF,ccg_left
1431_mPFF_ccg_right,0.165124738,ccg,right,1431,mPFF,0.165124738,TRUE,ccg,fiber tracts,1431_mPFF,ccg_right
1431_mPFF_chpl_left,-1.874399989,chpl,left,1431,mPFF,0,TRUE,chpl,VS,1431_mPFF,chpl_left
1431_mPFF_chpl_right,-2.649861993,chpl,right,1431,mPFF,0,TRUE,chpl,VS,1431_mPFF,chpl_right
1431_mPFF_cing_left,0.584132856,cing,left,1431,mPFF,0.584132856,TRUE,cing,fiber tracts,1431_mPFF,cing_left
1431_mPFF_cing_right,0.669419762,cing,right,1431,mPFF,0.669419762,TRUE,cing,fiber tracts,1431_mPFF,cing_right
1431_mPFF_cst_left,0.328921417,cst,left,1431,mPFF,0.328921417,TRUE,cst,fiber tracts,1431_mPFF,cst_left
1431_mPFF_cst_right,0.491249664,cst,right,1431,mPFF,0.491249664,TRUE,cst,fiber tracts,1431_mPFF,cst_right
1431_mPFF_dhc_left,0.719671137,dhc,left,1431,mPFF,0.719671137,TRUE,dhc,fiber tracts,1431_mPFF,dhc_left
1431_mPFF_dhc_right,0.791239012,dhc,right,1431,mPFF,0.791239012,TRUE,dhc,fiber tracts,1431_mPFF,dhc_right
1431_mPFF_dscp_left,0.216281618,dscp,left,1431,mPFF,0.216281618,TRUE,dscp,fiber tracts,1431_mPFF,dscp_left
1431_mPFF_dscp_right,0.176953291,dscp,right,1431,mPFF,0.176953291,TRUE,dscp,fiber tracts,1431_mPFF,dscp_right
1431_mPFF_ec_left,0.665663369,ec,left,1431,mPFF,0.665663369,TRUE,ec,fiber tracts,1431_mPFF,ec_left
1431_mPFF_ec_right,0.274813797,ec,right,1431,mPFF,0.274813797,TRUE,ec,fiber tracts,1431_mPFF,ec_right
1431_mPFF_em_left,0.444932059,em,left,1431,mPFF,0.444932059,TRUE,em,fiber tracts,1431_mPFF,em_left
1431_mPFF_em_right,0.707607317,em,right,1431,mPFF,0.707607317,TRUE,em,fiber tracts,1431_mPFF,em_right
1431_mPFF_fi_left,0.371389354,fi,left,1431,mPFF,0.371389354,TRUE,fi,fiber tracts,1431_mPFF,fi_left
1431_mPFF_fi_right,0.058369599,fi,right,1431,mPFF,0.058369599,TRUE,fi,fiber tracts,1431_mPFF,fi_right
1431_mPFF_fiber tracts_left,0.504979995,fiber tracts,left,1431,mPFF,0.504979995,TRUE,fiber tracts,fiber tracts,1431_mPFF,fiber tracts_left
1431_mPFF_fiber tracts_right,0.202791876,fiber tracts,right,1431,mPFF,0.202791876,TRUE,fiber tracts,fiber tracts,1431_mPFF,fiber tracts_right
1431_mPFF_fr_left,0.012044397,fr,left,1431,mPFF,0.012044397,TRUE,fr,fiber tracts,1431_mPFF,fr_left
1431_mPFF_fr_right,-0.325342281,fr,right,1431,mPFF,0,TRUE,fr,fiber tracts,1431_mPFF,fr_right
1431_mPFF_fx_left,0.023335852,fx,left,1431,mPFF,0.023335852,TRUE,fx,fiber tracts,1431_mPFF,fx_left
1431_mPFF_fx_right,0.30118481,fx,right,1431,mPFF,0.30118481,TRUE,fx,fiber tracts,1431_mPFF,fx_right
1431_mPFF_hbc_left,0.583920885,hbc,left,1431,mPFF,0.583920885,TRUE,hbc,fiber tracts,1431_mPFF,hbc_left
1431_mPFF_hbc_right,0.163169475,hbc,right,1431,mPFF,0.163169475,TRUE,hbc,fiber tracts,1431_mPFF,hbc_right
1431_mPFF_int_left,0.312438961,int,left,1431,mPFF,0.312438961,TRUE,int,fiber tracts,1431_mPFF,int_left
1431_mPFF_int_right,0.131526017,int,right,1431,mPFF,0.131526017,TRUE,int,fiber tracts,1431_mPFF,int_right
1431_mPFF_ll_left,0.186455856,ll,left,1431,mPFF,0.186455856,TRUE,ll,fiber tracts,1431_mPFF,ll_left
1431_mPFF_ll_right,0.244004791,ll,right,1431,mPFF,0.244004791,TRUE,ll,fiber tracts,1431_mPFF,ll_right
1431_mPFF_lotg_left,0.589467067,lotg,left,1431,mPFF,0.589467067,TRUE,In,fiber tracts,1431_mPFF,lotg_left
1431_mPFF_lotg_right,0.436054835,lotg,right,1431,mPFF,0.436054835,TRUE,In,fiber tracts,1431_mPFF,lotg_right
1431_mPFF_mcp_left,-0.253595528,mcp,left,1431,mPFF,0,TRUE,mcp,fiber tracts,1431_mPFF,mcp_left
1431_mPFF_mcp_right,0.168079913,mcp,right,1431,mPFF,0.168079913,TRUE,mcp,fiber tracts,1431_mPFF,mcp_right
1431_mPFF_ml_left,0.152940233,ml,left,1431,mPFF,0.152940233,TRUE,ml,fiber tracts,1431_mPFF,ml_left
1431_mPFF_ml_right,0.634539159,ml,right,1431,mPFF,0.634539159,TRUE,ml,fiber tracts,1431_mPFF,ml_right
1431_mPFF_mlf_left,-0.233340501,mlf,left,1431,mPFF,0,TRUE,mlf,fiber tracts,1431_mPFF,mlf_left
1431_mPFF_mlf_right,0.694520821,mlf,right,1431,mPFF,0.694520821,TRUE,mlf,fiber tracts,1431_mPFF,mlf_right
1431_mPFF_moV_left,-0.408809772,moV,left,1431,mPFF,0,TRUE,moV,fiber tracts,1431_mPFF,moV_left
1431_mPFF_moV_right,-0.2620201,moV,right,1431,mPFF,0,TRUE,moV,fiber tracts,1431_mPFF,moV_right
1431_mPFF_mtg_left,0.607683191,mtg,left,1431,mPFF,0.607683191,TRUE,mtg,fiber tracts,1431_mPFF,mtg_left
1431_mPFF_mtg_right,0.342247552,mtg,right,1431,mPFF,0.342247552,TRUE,mtg,fiber tracts,1431_mPFF,mtg_right
1431_mPFF_mtt_left,0.3392276,mtt,left,1431,mPFF,0.3392276,TRUE,mtt,fiber tracts,1431_mPFF,mtt_left
1431_mPFF_mtt_right,-0.044410235,mtt,right,1431,mPFF,0,TRUE,mtt,fiber tracts,1431_mPFF,mtt_right
1431_mPFF_nst_left,0.338655872,nst,left,1431,mPFF,0.338655872,TRUE,nst,fiber tracts,1431_mPFF,nst_left
1431_mPFF_nst_right,0.165895618,nst,right,1431,mPFF,0.165895618,TRUE,nst,fiber tracts,1431_mPFF,nst_right
1431_mPFF_opt_left,-0.432458717,opt,left,1431,mPFF,0,TRUE,opt,fiber tracts,1431_mPFF,opt_left
1431_mPFF_opt_right,-0.242841758,opt,right,1431,mPFF,0,TRUE,opt,fiber tracts,1431_mPFF,opt_right
1431_mPFF_or_left,0.525670554,or,left,1431,mPFF,0.525670554,TRUE,or,fiber tracts,1431_mPFF,or_left
1431_mPFF_or_right,0.351123971,or,right,1431,mPFF,0.351123971,TRUE,or,fiber tracts,1431_mPFF,or_right
1431_mPFF_rust_left,0.321628378,rust,left,1431,mPFF,0.321628378,TRUE,rust,fiber tracts,1431_mPFF,rust_left
1431_mPFF_rust_right,-0.012950394,rust,right,1431,mPFF,0,TRUE,rust,fiber tracts,1431_mPFF,rust_right
1431_mPFF_sV_left,-1.529633301,sV,left,1431,mPFF,0,TRUE,sV,fiber tracts,1431_mPFF,sV_left
1431_mPFF_sV_right,-2.543805158,sV,right,1431,mPFF,0,TRUE,sV,fiber tracts,1431_mPFF,sV_right
1431_mPFF_scp_left,0.139336801,scp,left,1431,mPFF,0.139336801,TRUE,scp,fiber tracts,1431_mPFF,scp_left
1431_mPFF_scp_right,-0.476607206,scp,right,1431,mPFF,0,TRUE,scp,fiber tracts,1431_mPFF,scp_right
1431_mPFF_scwm_left,0.437032025,scwm,left,1431,mPFF,0.437032025,TRUE,scwm,fiber tracts,1431_mPFF,scwm_left
1431_mPFF_scwm_right,0.465127146,scwm,right,1431,mPFF,0.465127146,TRUE,scwm,fiber tracts,1431_mPFF,scwm_right
1431_mPFF_sm_left,0.577606778,sm,left,1431,mPFF,0.577606778,TRUE,sm,fiber tracts,1431_mPFF,sm_left
1431_mPFF_sm_right,-5,sm,right,1431,mPFF,0,TRUE,sm,fiber tracts,1431_mPFF,sm_right
1431_mPFF_st_left,0.499363234,st,left,1431,mPFF,0.499363234,TRUE,st,fiber tracts,1431_mPFF,st_left
1431_mPFF_st_right,0.364586549,st,right,1431,mPFF,0.364586549,TRUE,st,fiber tracts,1431_mPFF,st_right
1431_mPFF_stc_left,0.500477556,stc,left,1431,mPFF,0.500477556,TRUE,stc,fiber tracts,1431_mPFF,stc_left
1431_mPFF_stc_right,0.564568249,stc,right,1431,mPFF,0.564568249,TRUE,stc,fiber tracts,1431_mPFF,stc_right
1431_mPFF_sup_left,0.06177016,sup,left,1431,mPFF,0.06177016,TRUE,sup,fiber tracts,1431_mPFF,sup_left
1431_mPFF_sup_right,0.075257827,sup,right,1431,mPFF,0.075257827,TRUE,sup,fiber tracts,1431_mPFF,sup_right
1431_mPFF_tspc_left,0.177997544,tspc,left,1431,mPFF,0.177997544,TRUE,tspc,fiber tracts,1431_mPFF,tspc_left
1431_mPFF_tspc_right,-0.034254045,tspc,right,1431,mPFF,0,TRUE,tspc,fiber tracts,1431_mPFF,tspc_right
1433_mPFF_ACAd_left,0.827863956,ACAd,left,1433,mPFF,0.827863956,FALSE,ACA,Isocortex,1433_mPFF,ACAd_left
1433_mPFF_ACAv_left,0.820529047,ACAv,left,1433,mPFF,0.820529047,FALSE,ACA,Isocortex,1433_mPFF,ACAv_left
1433_mPFF_ACB_left,0.292456612,ACB,left,1433,mPFF,0.292456612,FALSE,ACB,STR,1433_mPFF,ACB_left
1433_mPFF_AId_left,0.751372725,AId,left,1433,mPFF,0.751372725,FALSE,AI,Isocortex,1433_mPFF,AId_left
1433_mPFF_AIp_left,0.29186543,AIp,left,1433,mPFF,0.29186543,FALSE,AI,Isocortex,1433_mPFF,AIp_left
1433_mPFF_AIp_right,0.519792039,AIp,right,1433,mPFF,0.519792039,FALSE,AI,Isocortex,1433_mPFF,AIp_right
1433_mPFF_AIv_left,0.732522041,AIv,left,1433,mPFF,0.732522041,FALSE,AI,Isocortex,1433_mPFF,AIv_left
1433_mPFF_APr_left,0.805147914,APr,left,1433,mPFF,0.805147914,FALSE,APr,HPF,1433_mPFF,APr_left
1433_mPFF_APr_right,0.936022319,APr,right,1433,mPFF,0.936022319,FALSE,APr,HPF,1433_mPFF,APr_right
1433_mPFF_AQ_left,-1.117702362,AQ,left,1433,mPFF,0,TRUE,AQ,VS,1433_mPFF,AQ_left
1433_mPFF_AQ_right,-1.55821452,AQ,right,1433,mPFF,0,TRUE,AQ,VS,1433_mPFF,AQ_right
1433_mPFF_ARH_left,-0.703009271,ARH,left,1433,mPFF,0,FALSE,ARH,HY,1433_mPFF,ARH_left
1433_mPFF_ARH_right,-0.164002213,ARH,right,1433,mPFF,0,FALSE,ARH,HY,1433_mPFF,ARH_right
1433_mPFF_AT_left,0.380525191,AT,left,1433,mPFF,0.380525191,FALSE,AT,MB,1433_mPFF,AT_left
1433_mPFF_AT_right,-5,AT,right,1433,mPFF,0,FALSE,AT,MB,1433_mPFF,AT_right
1433_mPFF_AUDd_left,0.853150754,AUDd,left,1433,mPFF,0.853150754,FALSE,AUDd,Isocortex,1433_mPFF,AUDd_left
1433_mPFF_AUDd_right,0.855118141,AUDd,right,1433,mPFF,0.855118141,FALSE,AUDd,Isocortex,1433_mPFF,AUDd_right
1433_mPFF_AUDp_left,0.736519034,AUDp,left,1433,mPFF,0.736519034,FALSE,AUDp,Isocortex,1433_mPFF,AUDp_left
1433_mPFF_AUDp_right,0.969867203,AUDp,right,1433,mPFF,0.969867203,FALSE,AUDp,Isocortex,1433_mPFF,AUDp_right
1433_mPFF_AUDv_left,0.42717835,AUDv,left,1433,mPFF,0.42717835,FALSE,AUDv,Isocortex,1433_mPFF,AUDv_left
1433_mPFF_AUDv_right,0.689518678,AUDv,right,1433,mPFF,0.689518678,FALSE,AUDv,Isocortex,1433_mPFF,AUDv_right
1433_mPFF_BLA_left,0.210288363,BLA,left,1433,mPFF,0.210288363,FALSE,BLA,CTXsp,1433_mPFF,BLA_left
1433_mPFF_BLA_right,0.373931639,BLA,right,1433,mPFF,0.373931639,FALSE,BLA,CTXsp,1433_mPFF,BLA_right
1433_mPFF_BMA_left,0.324869941,BMA,left,1433,mPFF,0.324869941,FALSE,BMA,CTXsp,1433_mPFF,BMA_left
1433_mPFF_BMA_right,0.242544001,BMA,right,1433,mPFF,0.242544001,FALSE,BMA,CTXsp,1433_mPFF,BMA_right
1433_mPFF_CA1_left,0.874677622,CA1,left,1433,mPFF,0.874677622,FALSE,CA1,HPF,1433_mPFF,CA1_left
1433_mPFF_CA1_right,0.801349533,CA1,right,1433,mPFF,0.801349533,FALSE,CA1,HPF,1433_mPFF,CA1_right
1433_mPFF_CA2_left,0.662215412,CA2,left,1433,mPFF,0.662215412,FALSE,CA2,HPF,1433_mPFF,CA2_left
1433_mPFF_CA2_right,0.677296764,CA2,right,1433,mPFF,0.677296764,FALSE,CA2,HPF,1433_mPFF,CA2_right
1433_mPFF_CA3_left,0.544605727,CA3,left,1433,mPFF,0.544605727,FALSE,CA3,HPF,1433_mPFF,CA3_left
1433_mPFF_CA3_right,0.568573671,CA3,right,1433,mPFF,0.568573671,FALSE,CA3,HPF,1433_mPFF,CA3_right
1433_mPFF_CB_left,-1.69989943,CB,left,1433,mPFF,0,FALSE,CB,CB,1433_mPFF,CB_left
1433_mPFF_CB_right,-1.916210727,CB,right,1433,mPFF,0,FALSE,CB,CB,1433_mPFF,CB_right
1433_mPFF_CEA_left,0.389640985,CEA,left,1433,mPFF,0.389640985,FALSE,CEA,STR,1433_mPFF,CEA_left
1433_mPFF_CEA_right,0.373317172,CEA,right,1433,mPFF,0.373317172,FALSE,CEA,STR,1433_mPFF,CEA_right
1433_mPFF_CLA_left,0.388282633,CLA,left,1433,mPFF,0.388282633,FALSE,CLA,CTXsp,1433_mPFF,CLA_left
1433_mPFF_CLI_left,-0.55682571,CLI,left,1433,mPFF,0,FALSE,CLI,MB,1433_mPFF,CLI_left
1433_mPFF_CLI_right,0.275712216,CLI,right,1433,mPFF,0.275712216,FALSE,CLI,MB,1433_mPFF,CLI_right
1433_mPFF_CL_left,0.36581651,CL,left,1433,mPFF,0.36581651,FALSE,CL,TH,1433_mPFF,CL_left
1433_mPFF_CL_right,0.455742437,CL,right,1433,mPFF,0.455742437,FALSE,CL,TH,1433_mPFF,CL_right
1433_mPFF_CM_left,0.249440677,CM,left,1433,mPFF,0.249440677,FALSE,CM,TH,1433_mPFF,CM_left
1433_mPFF_CM_right,0.295888552,CM,right,1433,mPFF,0.295888552,FALSE,CM,TH,1433_mPFF,CM_right
1433_mPFF_COA_left,0.390878269,COA,left,1433,mPFF,0.390878269,FALSE,COA,OLF,1433_mPFF,COA_left
1433_mPFF_COA_right,0.421279741,COA,right,1433,mPFF,0.421279741,FALSE,COA,OLF,1433_mPFF,COA_right
1433_mPFF_COAp_left,0.984577763,COAp,left,1433,mPFF,0.984577763,FALSE,COA,OLF,1433_mPFF,COAp_left
1433_mPFF_COAp_right,0.131167949,COAp,right,1433,mPFF,0.131167949,FALSE,COA,OLF,1433_mPFF,COAp_right
1433_mPFF_CP_left,0.377208136,CP,left,1433,mPFF,0.377208136,FALSE,CP,STR,1433_mPFF,CP_left
1433_mPFF_CP_right,0.403869034,CP,right,1433,mPFF,0.403869034,FALSE,CP,STR,1433_mPFF,CP_right
1433_mPFF_CS_left,0.294782809,CS,left,1433,mPFF,0.294782809,FALSE,CS,P,1433_mPFF,CS_left
1433_mPFF_CS_right,0.110289817,CS,right,1433,mPFF,0.110289817,FALSE,CS,P,1433_mPFF,CS_right
1433_mPFF_CTXsp_left,0.246759219,CTXsp,left,1433,mPFF,0.246759219,FALSE,CTXsp,CTXsp,1433_mPFF,CTXsp_left
1433_mPFF_CTXsp_right,0.350424334,CTXsp,right,1433,mPFF,0.350424334,FALSE,CTXsp,CTXsp,1433_mPFF,CTXsp_right
1433_mPFF_DG_left,0.476583768,DG,left,1433,mPFF,0.476583768,FALSE,DG,HPF,1433_mPFF,DG_left
1433_mPFF_DG_right,0.380632321,DG,right,1433,mPFF,0.380632321,FALSE,DG,HPF,1433_mPFF,DG_right
1433_mPFF_DMH_left,0.058237358,DMH,left,1433,mPFF,0.058237358,FALSE,DMH,HY,1433_mPFF,DMH_left
1433_mPFF_DMH_right,0.097110641,DMH,right,1433,mPFF,0.097110641,FALSE,DMH,HY,1433_mPFF,DMH_right
1433_mPFF_DR_left,0.155053129,DR,left,1433,mPFF,0.155053129,FALSE,DR,MB,1433_mPFF,DR_left
1433_mPFF_DR_right,0.730763745,DR,right,1433,mPFF,0.730763745,FALSE,DR,MB,1433_mPFF,DR_right
1433_mPFF_ECT_left,0.301989521,ECT,left,1433,mPFF,0.301989521,FALSE,ECT,Isocortex,1433_mPFF,ECT_left
1433_mPFF_ECT_right,0.610338507,ECT,right,1433,mPFF,0.610338507,FALSE,ECT,Isocortex,1433_mPFF,ECT_right
1433_mPFF_ENTl_left,0.746531388,ENTl,left,1433,mPFF,0.746531388,FALSE,ENT,HPF,1433_mPFF,ENTl_left
1433_mPFF_ENTl_right,0.817260286,ENTl,right,1433,mPFF,0.817260286,FALSE,ENT,HPF,1433_mPFF,ENTl_right
1433_mPFF_ENTm_left,0.767460894,ENTm,left,1433,mPFF,0.767460894,FALSE,ENT,HPF,1433_mPFF,ENTm_left
1433_mPFF_ENTm_right,0.847225923,ENTm,right,1433,mPFF,0.847225923,FALSE,ENT,HPF,1433_mPFF,ENTm_right
1433_mPFF_EP_left,0.4006402,EP,left,1433,mPFF,0.4006402,FALSE,EP,CTXsp,1433_mPFF,EP_left
1433_mPFF_EP_right,0.378263696,EP,right,1433,mPFF,0.378263696,FALSE,EP,CTXsp,1433_mPFF,EP_right
1433_mPFF_Eth_left,0.719961578,Eth,left,1433,mPFF,0.719961578,FALSE,Eth,TH,1433_mPFF,Eth_left
1433_mPFF_Eth_right,0.823127664,Eth,right,1433,mPFF,0.823127664,FALSE,Eth,TH,1433_mPFF,Eth_right
1433_mPFF_FC_left,0.822844701,FC,left,1433,mPFF,0.822844701,FALSE,FC,HPF,1433_mPFF,FC_left
1433_mPFF_FC_right,1.103405093,FC,right,1433,mPFF,1,FALSE,FC,HPF,1433_mPFF,FC_right
1433_mPFF_GU_left,0.745083901,GU,left,1433,mPFF,0.745083901,FALSE,GU,Isocortex,1433_mPFF,GU_left
1433_mPFF_HATA_left,0.849836056,HATA,left,1433,mPFF,0.849836056,FALSE,HATA,HPF,1433_mPFF,HATA_left
1433_mPFF_HATA_right,0.896532318,HATA,right,1433,mPFF,0.896532318,FALSE,HATA,HPF,1433_mPFF,HATA_right
1433_mPFF_HPF_left,0.376288665,HPF,left,1433,mPFF,0.376288665,FALSE,HPF,HPF,1433_mPFF,HPF_left
1433_mPFF_HPF_right,0.436310713,HPF,right,1433,mPFF,0.436310713,FALSE,HPF,HPF,1433_mPFF,HPF_right
1433_mPFF_HY_left,0.072540483,HY,left,1433,mPFF,0.072540483,FALSE,HY,HY,1433_mPFF,HY_left
1433_mPFF_HY_right,0.121889918,HY,right,1433,mPFF,0.121889918,FALSE,HY,HY,1433_mPFF,HY_right
1433_mPFF_IA_left,0.028425201,IA,left,1433,mPFF,0.028425201,FALSE,IA,STR,1433_mPFF,IA_left
1433_mPFF_IA_right,0.622767743,IA,right,1433,mPFF,0.622767743,FALSE,IA,STR,1433_mPFF,IA_right
1433_mPFF_IC_left,0.755528532,IC,left,1433,mPFF,0.755528532,FALSE,IC,MB,1433_mPFF,IC_left
1433_mPFF_IC_right,0.704835908,IC,right,1433,mPFF,0.704835908,FALSE,IC,MB,1433_mPFF,IC_right
1433_mPFF_IG_left,0.605748438,IG,left,1433,mPFF,0.605748438,FALSE,IG,HPF,1433_mPFF,IG_left
1433_mPFF_IMD_left,0.500223517,IMD,left,1433,mPFF,0.500223517,FALSE,IMD,TH,1433_mPFF,IMD_left
1433_mPFF_IMD_right,0.498238598,IMD,right,1433,mPFF,0.498238598,FALSE,IMD,TH,1433_mPFF,IMD_right
1433_mPFF_IV_left,-0.967931688,IV,left,1433,mPFF,0,FALSE,IV,MB,1433_mPFF,IV_left
1433_mPFF_In_left,0.32390421,In,left,1433,mPFF,0.32390421,TRUE,In,fiber tracts,1433_mPFF,In_left
1433_mPFF_LA_left,0.227459328,LA,left,1433,mPFF,0.227459328,FALSE,LA,CTXsp,1433_mPFF,LA_left
1433_mPFF_LA_right,0.52637154,LA,right,1433,mPFF,0.52637154,FALSE,LA,CTXsp,1433_mPFF,LA_right
1433_mPFF_LGd_left,0.802900164,LGd,left,1433,mPFF,0.802900164,FALSE,LGd,TH,1433_mPFF,LGd_left
1433_mPFF_LGd_right,0.54957354,LGd,right,1433,mPFF,0.54957354,FALSE,LGd,TH,1433_mPFF,LGd_right
1433_mPFF_LGv_left,0.622816418,LGv,left,1433,mPFF,0.622816418,FALSE,LGv,TH,1433_mPFF,LGv_left
1433_mPFF_LGv_right,0.468207728,LGv,right,1433,mPFF,0.468207728,FALSE,LGv,TH,1433_mPFF,LGv_right
1433_mPFF_LHA_left,0.069779163,LHA,left,1433,mPFF,0.069779163,FALSE,LHA,HY,1433_mPFF,LHA_left
1433_mPFF_LHA_right,-0.054608342,LHA,right,1433,mPFF,0,FALSE,LHA,HY,1433_mPFF,LHA_right
1433_mPFF_LH_left,-0.144999188,LH,left,1433,mPFF,0,FALSE,LH,TH,1433_mPFF,LH_left
1433_mPFF_LH_right,-0.047035414,LH,right,1433,mPFF,0,FALSE,LH,TH,1433_mPFF,LH_right
1433_mPFF_LP_left,0.571513163,LP,left,1433,mPFF,0.571513163,FALSE,LP,TH,1433_mPFF,LP_left
1433_mPFF_LP_right,0.653332114,LP,right,1433,mPFF,0.653332114,FALSE,LP,TH,1433_mPFF,LP_right
1433_mPFF_LS_left,0.560349425,LS,left,1433,mPFF,0.560349425,FALSE,LS,STR,1433_mPFF,LS_left
1433_mPFF_MB_left,0.514888859,MB,left,1433,mPFF,0.514888859,FALSE,MB,MB,1433_mPFF,MB_left
1433_mPFF_MB_right,0.534025837,MB,right,1433,mPFF,0.534025837,FALSE,MB,MB,1433_mPFF,MB_right
1433_mPFF_MD_left,0.418836393,MD,left,1433,mPFF,0.418836393,FALSE,MD,TH,1433_mPFF,MD_left
1433_mPFF_MD_right,0.496382047,MD,right,1433,mPFF,0.496382047,FALSE,MD,TH,1433_mPFF,MD_right
1433_mPFF_MEA_left,0.430853348,MEA,left,1433,mPFF,0.430853348,FALSE,MEA,STR,1433_mPFF,MEA_left
1433_mPFF_MEA_right,0.484411275,MEA,right,1433,mPFF,0.484411275,FALSE,MEA,STR,1433_mPFF,MEA_right
1433_mPFF_ME_left,-5,ME,left,1433,mPFF,0,FALSE,ME,HY,1433_mPFF,ME_left
1433_mPFF_ME_right,-5,ME,right,1433,mPFF,0,FALSE,ME,HY,1433_mPFF,ME_right
1433_mPFF_MH_left,-0.083511192,MH,left,1433,mPFF,0,FALSE,MH,TH,1433_mPFF,MH_left
1433_mPFF_MH_right,-0.314157894,MH,right,1433,mPFF,0,FALSE,MH,TH,1433_mPFF,MH_right
1433_mPFF_MOp_left,0.948315086,MOp,left,1433,mPFF,0.948315086,FALSE,MOp,Isocortex,1433_mPFF,MOp_left
1433_mPFF_MOs_left,1.025223022,MOs,left,1433,mPFF,1,FALSE,MOs,Isocortex,1433_mPFF,MOs_left
1433_mPFF_MRN_left,0.291015637,MRN,left,1433,mPFF,0.291015637,FALSE,MRN,MB,1433_mPFF,MRN_left
1433_mPFF_MRN_right,0.325214597,MRN,right,1433,mPFF,0.325214597,FALSE,MRN,MB,1433_mPFF,MRN_right
1433_mPFF_MS_left,-0.058054454,MS,left,1433,mPFF,0,FALSE,MS,PAL,1433_mPFF,MS_left
1433_mPFF_NDB_left,0.156865305,NDB,left,1433,mPFF,0.156865305,FALSE,NDB,PAL,1433_mPFF,NDB_left
1433_mPFF_NLL_left,0.440581886,NLL,left,1433,mPFF,0.440581886,FALSE,NLL,P,1433_mPFF,NLL_left
1433_mPFF_NLL_right,0.319833596,NLL,right,1433,mPFF,0.319833596,FALSE,NLL,P,1433_mPFF,NLL_right
1433_mPFF_OLF_left,0.474308543,OLF,left,1433,mPFF,0.474308543,FALSE,OLF,OLF,1433_mPFF,OLF_left
1433_mPFF_OLF_right,0.465319065,OLF,right,1433,mPFF,0.465319065,FALSE,OLF,OLF,1433_mPFF,OLF_right
1433_mPFF_OT_left,0.489509306,OT,left,1433,mPFF,0.489509306,FALSE,OT,STR,1433_mPFF,OT_left
1433_mPFF_PAA_left,0.554842688,PAA,left,1433,mPFF,0.554842688,FALSE,PAA,OLF,1433_mPFF,PAA_left
1433_mPFF_PAA_right,0.575356342,PAA,right,1433,mPFF,0.575356342,FALSE,PAA,OLF,1433_mPFF,PAA_right
1433_mPFF_PAG_left,0.431273141,PAG,left,1433,mPFF,0.431273141,FALSE,PAG,MB,1433_mPFF,PAG_left
1433_mPFF_PAG_right,0.436050631,PAG,right,1433,mPFF,0.436050631,FALSE,PAG,MB,1433_mPFF,PAG_right
1433_mPFF_PAL_left,0.257774762,PAL,left,1433,mPFF,0.257774762,FALSE,PAL,PAL,1433_mPFF,PAL_left
1433_mPFF_PAL_right,0.089495775,PAL,right,1433,mPFF,0.089495775,FALSE,PAL,PAL,1433_mPFF,PAL_right
1433_mPFF_PALd_left,0.334369582,PALd,left,1433,mPFF,0.334369582,FALSE,PAL,PAL,1433_mPFF,PALd_left
1433_mPFF_PALd_right,0.399230868,PALd,right,1433,mPFF,0.399230868,FALSE,PAL,PAL,1433_mPFF,PALd_right
1433_mPFF_PAR_left,0.736973904,PAR,left,1433,mPFF,0.736973904,FALSE,PAR,HPF,1433_mPFF,PAR_left
1433_mPFF_PAR_right,0.815404932,PAR,right,1433,mPFF,0.815404932,FALSE,PAR,HPF,1433_mPFF,PAR_right
1433_mPFF_PBG_left,0.369382657,PBG,left,1433,mPFF,0.369382657,FALSE,PBG,MB,1433_mPFF,PBG_left
1433_mPFF_PBG_right,-0.5985999,PBG,right,1433,mPFF,0,FALSE,PBG,MB,1433_mPFF,PBG_right
1433_mPFF_PCN_left,0.506526523,PCN,left,1433,mPFF,0.506526523,FALSE,PCN,TH,1433_mPFF,PCN_left
1433_mPFF_PCN_right,0.597592188,PCN,right,1433,mPFF,0.597592188,FALSE,PCN,TH,1433_mPFF,PCN_right
1433_mPFF_PERI_left,0.572143444,PERI,left,1433,mPFF,0.572143444,FALSE,PERI,Isocortex,1433_mPFF,PERI_left
1433_mPFF_PERI_right,0.580519581,PERI,right,1433,mPFF,0.580519581,FALSE,PERI,Isocortex,1433_mPFF,PERI_right
1433_mPFF_PG_left,0.366571154,PG,left,1433,mPFF,0.366571154,FALSE,PG,P,1433_mPFF,PG_left
1433_mPFF_PG_right,0.281103207,PG,right,1433,mPFF,0.281103207,FALSE,PG,P,1433_mPFF,PG_right
1433_mPFF_PIR_left,0.583753883,PIR,left,1433,mPFF,0.583753883,FALSE,PIR,OLF,1433_mPFF,PIR_left
1433_mPFF_PIR_right,0.421443468,PIR,right,1433,mPFF,0.421443468,FALSE,PIR,OLF,1433_mPFF,PIR_right
1433_mPFF_POST_left,0.971049114,POST,left,1433,mPFF,0.971049114,FALSE,POST,HPF,1433_mPFF,POST_left
1433_mPFF_PO_left,0.769748347,PO,left,1433,mPFF,0.769748347,FALSE,PO,TH,1433_mPFF,PO_left
1433_mPFF_PO_right,0.656074772,PO,right,1433,mPFF,0.656074772,FALSE,PO,TH,1433_mPFF,PO_right
1433_mPFF_PPN_left,0.333205798,PPN,left,1433,mPFF,0.333205798,FALSE,PPN,MB,1433_mPFF,PPN_left
1433_mPFF_PPN_right,0.437191452,PPN,right,1433,mPFF,0.437191452,FALSE,PPN,MB,1433_mPFF,PPN_right
1433_mPFF_PRC_left,-5,PRC,left,1433,mPFF,0,FALSE,PRC,MB,1433_mPFF,PRC_left
1433_mPFF_PRC_right,-5,PRC,right,1433,mPFF,0,FALSE,PRC,MB,1433_mPFF,PRC_right
1433_mPFF_PRE_left,0.807520836,PRE,left,1433,mPFF,0.807520836,FALSE,PRE,HPF,1433_mPFF,PRE_left
1433_mPFF_PRE_right,1.005498217,PRE,right,1433,mPFF,1,FALSE,PRE,HPF,1433_mPFF,PRE_right
1433_mPFF_PRNr_left,0.387054184,PRNr,left,1433,mPFF,0.387054184,FALSE,PRNr,P,1433_mPFF,PRNr_left
1433_mPFF_PRNr_right,0.303577523,PRNr,right,1433,mPFF,0.303577523,FALSE,PRNr,P,1433_mPFF,PRNr_right
1433_mPFF_PR_left,-0.220013432,PR,left,1433,mPFF,0,FALSE,PR,TH,1433_mPFF,PR_left
1433_mPFF_PR_right,-0.116928296,PR,right,1433,mPFF,0,FALSE,PR,TH,1433_mPFF,PR_right
1433_mPFF_PST_left,-0.986959317,PST,left,1433,mPFF,0,FALSE,PST,HY,1433_mPFF,PST_left
1433_mPFF_PST_right,-1.022383406,PST,right,1433,mPFF,0,FALSE,PST,HY,1433_mPFF,PST_right
1433_mPFF_PVT_left,-0.111628182,PVT,left,1433,mPFF,0,FALSE,PVT,TH,1433_mPFF,PVT_left
1433_mPFF_PVT_right,-0.141771413,PVT,right,1433,mPFF,0,FALSE,PVT,TH,1433_mPFF,PVT_right
1433_mPFF_PVZ_left,-0.559374409,PVZ,left,1433,mPFF,0,FALSE,PVZ,HY,1433_mPFF,PVZ_left
1433_mPFF_PVZ_right,-0.902655104,PVZ,right,1433,mPFF,0,FALSE,PVZ,HY,1433_mPFF,PVZ_right
1433_mPFF_P_left,0.194732113,P,left,1433,mPFF,0.194732113,FALSE,P,P,1433_mPFF,P_left
1433_mPFF_P_right,0.245908595,P,right,1433,mPFF,0.245908595,FALSE,P,P,1433_mPFF,P_right
1433_mPFF_Pa4_left,0.478776203,Pa4,left,1433,mPFF,0.478776203,FALSE,Pa4,MB,1433_mPFF,Pa4_left
1433_mPFF_Pa4_right,-0.032746475,Pa4,right,1433,mPFF,0,FALSE,Pa4,MB,1433_mPFF,Pa4_right
1433_mPFF_PeF_left,0.152188395,PeF,left,1433,mPFF,0.152188395,FALSE,PeF,HY,1433_mPFF,PeF_left
1433_mPFF_PeF_right,-0.423021718,PeF,right,1433,mPFF,0,FALSE,PeF,HY,1433_mPFF,PeF_right
1433_mPFF_ProS_left,0.14834804,ProS,left,1433,mPFF,0.14834804,FALSE,ProS,HPF,1433_mPFF,ProS_left
1433_mPFF_RE_left,0.095012274,RE,left,1433,mPFF,0.095012274,FALSE,RE,TH,1433_mPFF,RE_left
1433_mPFF_RE_right,0.199788739,RE,right,1433,mPFF,0.199788739,FALSE,RE,TH,1433_mPFF,RE_right
1433_mPFF_RH_left,0.407008548,RH,left,1433,mPFF,0.407008548,FALSE,RH,TH,1433_mPFF,RH_left
1433_mPFF_RH_right,0.296644935,RH,right,1433,mPFF,0.296644935,FALSE,RH,TH,1433_mPFF,RH_right
1433_mPFF_RSPagl_left,1.029820527,RSPagl,left,1433,mPFF,1,FALSE,RSP,Isocortex,1433_mPFF,RSPagl_left
1433_mPFF_RSPagl_right,0.959533483,RSPagl,right,1433,mPFF,0.959533483,FALSE,RSP,Isocortex,1433_mPFF,RSPagl_right
1433_mPFF_RSPd_left,0.986873264,RSPd,left,1433,mPFF,0.986873264,FALSE,RSP,Isocortex,1433_mPFF,RSPd_left
1433_mPFF_RSPd_right,0.981678657,RSPd,right,1433,mPFF,0.981678657,FALSE,RSP,Isocortex,1433_mPFF,RSPd_right
1433_mPFF_RSPv_left,0.988912953,RSPv,left,1433,mPFF,0.988912953,FALSE,RSP,Isocortex,1433_mPFF,RSPv_left
1433_mPFF_RSPv_right,0.939204966,RSPv,right,1433,mPFF,0.939204966,FALSE,RSP,Isocortex,1433_mPFF,RSPv_right
1433_mPFF_RT_left,0.581682274,RT,left,1433,mPFF,0.581682274,FALSE,RT,TH,1433_mPFF,RT_left
1433_mPFF_RT_right,0.596941155,RT,right,1433,mPFF,0.596941155,FALSE,RT,TH,1433_mPFF,RT_right
1433_mPFF_SAG_left,0.393269661,SAG,left,1433,mPFF,0.393269661,FALSE,SAG,MB,1433_mPFF,SAG_left
1433_mPFF_SAG_right,0.458178546,SAG,right,1433,mPFF,0.458178546,FALSE,SAG,MB,1433_mPFF,SAG_right
1433_mPFF_SCm_left,0.457003614,SCm,left,1433,mPFF,0.457003614,FALSE,MBmot,MB,1433_mPFF,SCm_left
1433_mPFF_SCm_right,0.594270207,SCm,right,1433,mPFF,0.594270207,FALSE,MBmot,MB,1433_mPFF,SCm_right
1433_mPFF_SCs_left,0.691899335,SCs,left,1433,mPFF,0.691899335,FALSE,MBsen,MB,1433_mPFF,SCs_left
1433_mPFF_SCs_right,0.689872019,SCs,right,1433,mPFF,0.689872019,FALSE,MBsen,MB,1433_mPFF,SCs_right
1433_mPFF_SEZ_left,-0.311081567,SEZ,left,1433,mPFF,0,TRUE,SEZ,VS,1433_mPFF,SEZ_left
1433_mPFF_SH_left,0.890448524,SH,left,1433,mPFF,0.890448524,FALSE,SH,STR,1433_mPFF,SH_left
1433_mPFF_SI_left,0.414041909,SI,left,1433,mPFF,0.414041909,FALSE,SI,PAL,1433_mPFF,SI_left
1433_mPFF_SI_right,-0.843801222,SI,right,1433,mPFF,0,FALSE,SI,PAL,1433_mPFF,SI_right
1433_mPFF_SMT_left,0.182152062,SMT,left,1433,mPFF,0.182152062,FALSE,SMT,TH,1433_mPFF,SMT_left
1433_mPFF_SMT_right,-0.030868923,SMT,right,1433,mPFF,0,FALSE,SMT,TH,1433_mPFF,SMT_right
1433_mPFF_SSp-bfd_left,0.998437549,SSp-bfd,left,1433,mPFF,0.998437549,FALSE,SSp,Isocortex,1433_mPFF,SSp-bfd_left
1433_mPFF_SSp-bfd_right,0.988872644,SSp-bfd,right,1433,mPFF,0.988872644,FALSE,SSp,Isocortex,1433_mPFF,SSp-bfd_right
1433_mPFF_SSp-m_left,0.918495625,SSp-m,left,1433,mPFF,0.918495625,FALSE,SSp,Isocortex,1433_mPFF,SSp-m_left
1433_mPFF_SSp-ul_left,1.18072478,SSp-ul,left,1433,mPFF,1,FALSE,SSp,Isocortex,1433_mPFF,SSp-ul_left
1433_mPFF_SSs_left,0.945519646,SSs,left,1433,mPFF,0.945519646,FALSE,SSs,Isocortex,1433_mPFF,SSs_left
1433_mPFF_SSs_right,0.92563741,SSs,right,1433,mPFF,0.92563741,FALSE,SSs,Isocortex,1433_mPFF,SSs_right
1433_mPFF_STN_left,0.225809713,STN,left,1433,mPFF,0.225809713,FALSE,STN,HY,1433_mPFF,STN_left
1433_mPFF_STN_right,-0.011382059,STN,right,1433,mPFF,0,FALSE,STN,HY,1433_mPFF,STN_right
1433_mPFF_STR_left,0.532908735,STR,left,1433,mPFF,0.532908735,FALSE,STR,STR,1433_mPFF,STR_left
1433_mPFF_STR_right,0.621330457,STR,right,1433,mPFF,0.621330457,FALSE,STR,STR,1433_mPFF,STR_right
1433_mPFF_SUB_left,0.645227413,SUB,left,1433,mPFF,0.645227413,FALSE,SUB,HPF,1433_mPFF,SUB_left
1433_mPFF_SUB_right,0.679507443,SUB,right,1433,mPFF,0.679507443,FALSE,SUB,HPF,1433_mPFF,SUB_right
1433_mPFF_TEa_left,0.275590379,TEa,left,1433,mPFF,0.275590379,FALSE,TEa,Isocortex,1433_mPFF,TEa_left
1433_mPFF_TEa_right,0.599372174,TEa,right,1433,mPFF,0.599372174,FALSE,TEa,Isocortex,1433_mPFF,TEa_right
1433_mPFF_TH_left,0.400308275,TH,left,1433,mPFF,0.400308275,FALSE,TH,TH,1433_mPFF,TH_left
1433_mPFF_TH_right,0.376291252,TH,right,1433,mPFF,0.376291252,FALSE,TH,TH,1433_mPFF,TH_right
1433_mPFF_TRN_left,0.513800833,TRN,left,1433,mPFF,0.513800833,FALSE,TRN,P,1433_mPFF,TRN_left
1433_mPFF_TRN_right,0.389110486,TRN,right,1433,mPFF,0.389110486,FALSE,TRN,P,1433_mPFF,TRN_right
1433_mPFF_TU_left,0.344707805,TU,left,1433,mPFF,0.344707805,FALSE,TU,HY,1433_mPFF,TU_left
1433_mPFF_TU_right,0.310031822,TU,right,1433,mPFF,0.310031822,FALSE,TU,HY,1433_mPFF,TU_right
1433_mPFF_V3_left,-2.303714392,V3,left,1433,mPFF,0,TRUE,V3,VS,1433_mPFF,V3_left
1433_mPFF_V3_right,-0.448368403,V3,right,1433,mPFF,0,TRUE,V3,VS,1433_mPFF,V3_right
1433_mPFF_VAL_left,0.117547231,VAL,left,1433,mPFF,0.117547231,FALSE,VAL,TH,1433_mPFF,VAL_left
1433_mPFF_VAL_right,0.505274525,VAL,right,1433,mPFF,0.505274525,FALSE,VAL,TH,1433_mPFF,VAL_right
1433_mPFF_VISC_left,0.133962164,VISC,left,1433,mPFF,0.133962164,FALSE,VISC,Isocortex,1433_mPFF,VISC_left
1433_mPFF_VISC_right,0.612984958,VISC,right,1433,mPFF,0.612984958,FALSE,VISC,Isocortex,1433_mPFF,VISC_right
1433_mPFF_VISa_left,0.947056177,VISa,left,1433,mPFF,0.947056177,FALSE,VISa,Isocortex,1433_mPFF,VISa_left
1433_mPFF_VISa_right,0.894131888,VISa,right,1433,mPFF,0.894131888,FALSE,VISa,Isocortex,1433_mPFF,VISa_right
1433_mPFF_VISam_left,0.9884719,VISam,left,1433,mPFF,0.9884719,FALSE,VISam,Isocortex,1433_mPFF,VISam_left
1433_mPFF_VISam_right,0.952023072,VISam,right,1433,mPFF,0.952023072,FALSE,VISam,Isocortex,1433_mPFF,VISam_right
1433_mPFF_VISl_left,1.017662588,VISl,left,1433,mPFF,1,FALSE,VISl,Isocortex,1433_mPFF,VISl_left
1433_mPFF_VISl_right,1.200107593,VISl,right,1433,mPFF,1,FALSE,VISl,Isocortex,1433_mPFF,VISl_right
1433_mPFF_VISp_left,1.100724917,VISp,left,1433,mPFF,1,FALSE,VISp,Isocortex,1433_mPFF,VISp_left
1433_mPFF_VISp_right,1.141099074,VISp,right,1433,mPFF,1,FALSE,VISp,Isocortex,1433_mPFF,VISp_right
1433_mPFF_VISpl_left,0.94725008,VISpl,left,1433,mPFF,0.94725008,FALSE,VISpl,Isocortex,1433_mPFF,VISpl_left
1433_mPFF_VISpl_right,0.951500341,VISpl,right,1433,mPFF,0.951500341,FALSE,VISpl,Isocortex,1433_mPFF,VISpl_right
1433_mPFF_VISpm_left,1.434839648,VISpm,left,1433,mPFF,1,FALSE,VISpm,Isocortex,1433_mPFF,VISpm_left
1433_mPFF_VISpor_left,0.903175997,VISpor,left,1433,mPFF,0.903175997,FALSE,VISpor,Isocortex,1433_mPFF,VISpor_left
1433_mPFF_VISpor_right,0.948791566,VISpor,right,1433,mPFF,0.948791566,FALSE,VISpor,Isocortex,1433_mPFF,VISpor_right
1433_mPFF_VISrl_left,1.060124256,VISrl,left,1433,mPFF,1,FALSE,VISrl,Isocortex,1433_mPFF,VISrl_left
1433_mPFF_VISrl_right,1.014183902,VISrl,right,1433,mPFF,1,FALSE,VISrl,Isocortex,1433_mPFF,VISrl_right
1433_mPFF_VL_left,-0.350886383,VL,left,1433,mPFF,0,TRUE,VL,VS,1433_mPFF,VL_left
1433_mPFF_VL_right,0.112698407,VL,right,1433,mPFF,0.112698407,TRUE,VL,VS,1433_mPFF,VL_right
1433_mPFF_VMH_left,0.258264911,VMH,left,1433,mPFF,0.258264911,FALSE,VMH,HY,1433_mPFF,VMH_left
1433_mPFF_VMH_right,0.284928543,VMH,right,1433,mPFF,0.284928543,FALSE,VMH,HY,1433_mPFF,VMH_right
1433_mPFF_VM_left,0.291130523,VM,left,1433,mPFF,0.291130523,FALSE,VM,TH,1433_mPFF,VM_left
1433_mPFF_VM_right,0.303197056,VM,right,1433,mPFF,0.303197056,FALSE,VM,TH,1433_mPFF,VM_right
1433_mPFF_VPL_left,0.397335508,VPL,left,1433,mPFF,0.397335508,FALSE,VPL,TH,1433_mPFF,VPL_left
1433_mPFF_VPL_right,0.406674799,VPL,right,1433,mPFF,0.406674799,FALSE,VPL,TH,1433_mPFF,VPL_right
1433_mPFF_VPM_left,0.436885368,VPM,left,1433,mPFF,0.436885368,FALSE,VPM,TH,1433_mPFF,VPM_left
1433_mPFF_VPM_right,0.410007316,VPM,right,1433,mPFF,0.410007316,FALSE,VPM,TH,1433_mPFF,VPM_right
1433_mPFF_VP_left,0.660430107,VP,left,1433,mPFF,0.660430107,FALSE,VP,TH,1433_mPFF,VP_left
1433_mPFF_VP_right,0.326553338,VP,right,1433,mPFF,0.326553338,FALSE,VP,TH,1433_mPFF,VP_right
1433_mPFF_Xi_left,0.152454112,Xi,left,1433,mPFF,0.152454112,FALSE,Xi,TH,1433_mPFF,Xi_left
1433_mPFF_Xi_right,-0.049311922,Xi,right,1433,mPFF,0,FALSE,Xi,TH,1433_mPFF,Xi_right
1433_mPFF_ZI_left,0.295913058,ZI,left,1433,mPFF,0.295913058,FALSE,ZI,HY,1433_mPFF,ZI_left
1433_mPFF_ZI_right,0.342715786,ZI,right,1433,mPFF,0.342715786,FALSE,ZI,HY,1433_mPFF,ZI_right
1433_mPFF_alv_left,0.385231316,alv,left,1433,mPFF,0.385231316,TRUE,alv,fiber tracts,1433_mPFF,alv_left
1433_mPFF_alv_right,0.609712311,alv,right,1433,mPFF,0.609712311,TRUE,alv,fiber tracts,1433_mPFF,alv_right
1433_mPFF_amc_left,0.012412804,amc,left,1433,mPFF,0.012412804,TRUE,amc,fiber tracts,1433_mPFF,amc_left
1433_mPFF_amc_right,0.289080712,amc,right,1433,mPFF,0.289080712,TRUE,amc,fiber tracts,1433_mPFF,amc_right
1433_mPFF_ar_left,0.217227949,ar,left,1433,mPFF,0.217227949,TRUE,ar,fiber tracts,1433_mPFF,ar_left
1433_mPFF_ar_right,0.160221128,ar,right,1433,mPFF,0.160221128,TRUE,ar,fiber tracts,1433_mPFF,ar_right
1433_mPFF_bic_left,0.537363551,bic,left,1433,mPFF,0.537363551,TRUE,bic,fiber tracts,1433_mPFF,bic_left
1433_mPFF_bic_right,0.813321381,bic,right,1433,mPFF,0.813321381,TRUE,bic,fiber tracts,1433_mPFF,bic_right
1433_mPFF_cc_left,0.339766999,cc,left,1433,mPFF,0.339766999,TRUE,cc,fiber tracts,1433_mPFF,cc_left
1433_mPFF_cc_right,0.407065125,cc,right,1433,mPFF,0.407065125,TRUE,cc,fiber tracts,1433_mPFF,cc_right
1433_mPFF_ccg_left,0.261423901,ccg,left,1433,mPFF,0.261423901,TRUE,ccg,fiber tracts,1433_mPFF,ccg_left
1433_mPFF_chpl_left,-0.470790576,chpl,left,1433,mPFF,0,TRUE,chpl,VS,1433_mPFF,chpl_left
1433_mPFF_chpl_right,-0.102619645,chpl,right,1433,mPFF,0,TRUE,chpl,VS,1433_mPFF,chpl_right
1433_mPFF_cing_left,0.457983092,cing,left,1433,mPFF,0.457983092,TRUE,cing,fiber tracts,1433_mPFF,cing_left
1433_mPFF_cing_right,0.45184169,cing,right,1433,mPFF,0.45184169,TRUE,cing,fiber tracts,1433_mPFF,cing_right
1433_mPFF_cst_left,0.514174203,cst,left,1433,mPFF,0.514174203,TRUE,cst,fiber tracts,1433_mPFF,cst_left
1433_mPFF_cst_right,-0.014468965,cst,right,1433,mPFF,0,TRUE,cst,fiber tracts,1433_mPFF,cst_right
1433_mPFF_dhc_left,0.573783243,dhc,left,1433,mPFF,0.573783243,TRUE,dhc,fiber tracts,1433_mPFF,dhc_left
1433_mPFF_dhc_right,0.706789979,dhc,right,1433,mPFF,0.706789979,TRUE,dhc,fiber tracts,1433_mPFF,dhc_right
1433_mPFF_dscp_left,0.361634479,dscp,left,1433,mPFF,0.361634479,TRUE,dscp,fiber tracts,1433_mPFF,dscp_left
1433_mPFF_dscp_right,0.541869768,dscp,right,1433,mPFF,0.541869768,TRUE,dscp,fiber tracts,1433_mPFF,dscp_right
1433_mPFF_ec_left,0.256291874,ec,left,1433,mPFF,0.256291874,TRUE,ec,fiber tracts,1433_mPFF,ec_left
1433_mPFF_ec_right,0.382886785,ec,right,1433,mPFF,0.382886785,TRUE,ec,fiber tracts,1433_mPFF,ec_right
1433_mPFF_em_left,0.899978408,em,left,1433,mPFF,0.899978408,TRUE,em,fiber tracts,1433_mPFF,em_left
1433_mPFF_em_right,0.895868592,em,right,1433,mPFF,0.895868592,TRUE,em,fiber tracts,1433_mPFF,em_right
1433_mPFF_fi_left,0.379271536,fi,left,1433,mPFF,0.379271536,TRUE,fi,fiber tracts,1433_mPFF,fi_left
1433_mPFF_fi_right,0.290534331,fi,right,1433,mPFF,0.290534331,TRUE,fi,fiber tracts,1433_mPFF,fi_right
1433_mPFF_fiber tracts_left,0.317138454,fiber tracts,left,1433,mPFF,0.317138454,TRUE,fiber tracts,fiber tracts,1433_mPFF,fiber tracts_left
1433_mPFF_fiber tracts_right,0.142813298,fiber tracts,right,1433,mPFF,0.142813298,TRUE,fiber tracts,fiber tracts,1433_mPFF,fiber tracts_right
1433_mPFF_fr_left,-0.92035741,fr,left,1433,mPFF,0,TRUE,fr,fiber tracts,1433_mPFF,fr_left
1433_mPFF_fr_right,-0.02577419,fr,right,1433,mPFF,0,TRUE,fr,fiber tracts,1433_mPFF,fr_right
1433_mPFF_fx_left,0.102556652,fx,left,1433,mPFF,0.102556652,TRUE,fx,fiber tracts,1433_mPFF,fx_left
1433_mPFF_fx_right,-0.049881022,fx,right,1433,mPFF,0,TRUE,fx,fiber tracts,1433_mPFF,fx_right
1433_mPFF_hbc_left,0.045913365,hbc,left,1433,mPFF,0.045913365,TRUE,hbc,fiber tracts,1433_mPFF,hbc_left
1433_mPFF_hbc_right,0.115541718,hbc,right,1433,mPFF,0.115541718,TRUE,hbc,fiber tracts,1433_mPFF,hbc_right
1433_mPFF_int_left,0.123923934,int,left,1433,mPFF,0.123923934,TRUE,int,fiber tracts,1433_mPFF,int_left
1433_mPFF_int_right,0.009098898,int,right,1433,mPFF,0.009098898,TRUE,int,fiber tracts,1433_mPFF,int_right
1433_mPFF_ll_left,0.381209587,ll,left,1433,mPFF,0.381209587,TRUE,ll,fiber tracts,1433_mPFF,ll_left
1433_mPFF_ll_right,-0.018331359,ll,right,1433,mPFF,0,TRUE,ll,fiber tracts,1433_mPFF,ll_right
1433_mPFF_lotg_left,-0.039470897,lotg,left,1433,mPFF,0,TRUE,In,fiber tracts,1433_mPFF,lotg_left
1433_mPFF_mcp_left,-0.343620227,mcp,left,1433,mPFF,0,TRUE,mcp,fiber tracts,1433_mPFF,mcp_left
1433_mPFF_mcp_right,-0.820691651,mcp,right,1433,mPFF,0,TRUE,mcp,fiber tracts,1433_mPFF,mcp_right
1433_mPFF_ml_left,0.613985317,ml,left,1433,mPFF,0.613985317,TRUE,ml,fiber tracts,1433_mPFF,ml_left
1433_mPFF_ml_right,0.117602949,ml,right,1433,mPFF,0.117602949,TRUE,ml,fiber tracts,1433_mPFF,ml_right
1433_mPFF_mlf_left,-0.600033788,mlf,left,1433,mPFF,0,TRUE,mlf,fiber tracts,1433_mPFF,mlf_left
1433_mPFF_mlf_right,0.0263683,mlf,right,1433,mPFF,0.0263683,TRUE,mlf,fiber tracts,1433_mPFF,mlf_right
1433_mPFF_moV_left,-0.831412918,moV,left,1433,mPFF,0,TRUE,moV,fiber tracts,1433_mPFF,moV_left
1433_mPFF_moV_right,-1.133368047,moV,right,1433,mPFF,0,TRUE,moV,fiber tracts,1433_mPFF,moV_right
1433_mPFF_mtg_left,0.097624786,mtg,left,1433,mPFF,0.097624786,TRUE,mtg,fiber tracts,1433_mPFF,mtg_left
1433_mPFF_mtg_right,0.67138592,mtg,right,1433,mPFF,0.67138592,TRUE,mtg,fiber tracts,1433_mPFF,mtg_right
1433_mPFF_mtt_left,-0.03704671,mtt,left,1433,mPFF,0,TRUE,mtt,fiber tracts,1433_mPFF,mtt_left
1433_mPFF_mtt_right,0.184396957,mtt,right,1433,mPFF,0.184396957,TRUE,mtt,fiber tracts,1433_mPFF,mtt_right
1433_mPFF_nst_left,0.339326495,nst,left,1433,mPFF,0.339326495,TRUE,nst,fiber tracts,1433_mPFF,nst_left
1433_mPFF_nst_right,-0.353101554,nst,right,1433,mPFF,0,TRUE,nst,fiber tracts,1433_mPFF,nst_right
1433_mPFF_opt_left,-0.327457082,opt,left,1433,mPFF,0,TRUE,opt,fiber tracts,1433_mPFF,opt_left
1433_mPFF_opt_right,-0.517192092,opt,right,1433,mPFF,0,TRUE,opt,fiber tracts,1433_mPFF,opt_right
1433_mPFF_or_left,0.423952164,or,left,1433,mPFF,0.423952164,TRUE,or,fiber tracts,1433_mPFF,or_left
1433_mPFF_or_right,0.395730776,or,right,1433,mPFF,0.395730776,TRUE,or,fiber tracts,1433_mPFF,or_right
1433_mPFF_rust_left,0.030210601,rust,left,1433,mPFF,0.030210601,TRUE,rust,fiber tracts,1433_mPFF,rust_left
1433_mPFF_rust_right,0.16233078,rust,right,1433,mPFF,0.16233078,TRUE,rust,fiber tracts,1433_mPFF,rust_right
1433_mPFF_sV_left,-2.887436899,sV,left,1433,mPFF,0,TRUE,sV,fiber tracts,1433_mPFF,sV_left
1433_mPFF_sV_right,-5,sV,right,1433,mPFF,0,TRUE,sV,fiber tracts,1433_mPFF,sV_right
1433_mPFF_scp_left,0.591728205,scp,left,1433,mPFF,0.591728205,TRUE,scp,fiber tracts,1433_mPFF,scp_left
1433_mPFF_scp_right,-0.568672749,scp,right,1433,mPFF,0,TRUE,scp,fiber tracts,1433_mPFF,scp_right
1433_mPFF_scwm_left,0.272692553,scwm,left,1433,mPFF,0.272692553,TRUE,scwm,fiber tracts,1433_mPFF,scwm_left
1433_mPFF_scwm_right,-0.054415893,scwm,right,1433,mPFF,0,TRUE,scwm,fiber tracts,1433_mPFF,scwm_right
1433_mPFF_st_left,0.528718847,st,left,1433,mPFF,0.528718847,TRUE,st,fiber tracts,1433_mPFF,st_left
1433_mPFF_st_right,0.336654538,st,right,1433,mPFF,0.336654538,TRUE,st,fiber tracts,1433_mPFF,st_right
1433_mPFF_stc_left,0.229467051,stc,left,1433,mPFF,0.229467051,TRUE,stc,fiber tracts,1433_mPFF,stc_left
1433_mPFF_stc_right,0.282804549,stc,right,1433,mPFF,0.282804549,TRUE,stc,fiber tracts,1433_mPFF,stc_right
1433_mPFF_sup_left,0.285757641,sup,left,1433,mPFF,0.285757641,TRUE,sup,fiber tracts,1433_mPFF,sup_left
1433_mPFF_sup_right,-0.1721799,sup,right,1433,mPFF,0,TRUE,sup,fiber tracts,1433_mPFF,sup_right
1433_mPFF_tspc_left,0.25089782,tspc,left,1433,mPFF,0.25089782,TRUE,tspc,fiber tracts,1433_mPFF,tspc_left
1433_mPFF_tspc_right,-0.03223787,tspc,right,1433,mPFF,0,TRUE,tspc,fiber tracts,1433_mPFF,tspc_right
2337_AD PHF_ACAd_left,0.531767819,ACAd,left,2337,AD PHF,0.531767819,FALSE,ACA,Isocortex,2337_AD PHF,ACAd_left
2337_AD PHF_ACAd_right,0.560007497,ACAd,right,2337,AD PHF,0.560007497,FALSE,ACA,Isocortex,2337_AD PHF,ACAd_right
2337_AD PHF_ACAv_left,0.445950898,ACAv,left,2337,AD PHF,0.445950898,FALSE,ACA,Isocortex,2337_AD PHF,ACAv_left
2337_AD PHF_ACAv_right,0.485896318,ACAv,right,2337,AD PHF,0.485896318,FALSE,ACA,Isocortex,2337_AD PHF,ACAv_right
2337_AD PHF_ACB_left,0.53659211,ACB,left,2337,AD PHF,0.53659211,FALSE,ACB,STR,2337_AD PHF,ACB_left
2337_AD PHF_ACB_right,0.515633997,ACB,right,2337,AD PHF,0.515633997,FALSE,ACB,STR,2337_AD PHF,ACB_right
2337_AD PHF_AId_left,0.884460192,AId,left,2337,AD PHF,0.884460192,FALSE,AI,Isocortex,2337_AD PHF,AId_left
2337_AD PHF_AId_right,0.917419585,AId,right,2337,AD PHF,0.917419585,FALSE,AI,Isocortex,2337_AD PHF,AId_right
2337_AD PHF_AIp_left,1.028030594,AIp,left,2337,AD PHF,1,FALSE,AI,Isocortex,2337_AD PHF,AIp_left
2337_AD PHF_AIp_right,0.920335832,AIp,right,2337,AD PHF,0.920335832,FALSE,AI,Isocortex,2337_AD PHF,AIp_right
2337_AD PHF_AIv_left,0.923493857,AIv,left,2337,AD PHF,0.923493857,FALSE,AI,Isocortex,2337_AD PHF,AIv_left
2337_AD PHF_AIv_right,0.955484879,AIv,right,2337,AD PHF,0.955484879,FALSE,AI,Isocortex,2337_AD PHF,AIv_right
2337_AD PHF_APr_left,0.627959223,APr,left,2337,AD PHF,0.627959223,FALSE,APr,HPF,2337_AD PHF,APr_left
2337_AD PHF_APr_right,0.695794955,APr,right,2337,AD PHF,0.695794955,FALSE,APr,HPF,2337_AD PHF,APr_right
2337_AD PHF_AQ_left,-2.351718461,AQ,left,2337,AD PHF,0,TRUE,AQ,VS,2337_AD PHF,AQ_left
2337_AD PHF_AQ_right,-0.411503924,AQ,right,2337,AD PHF,0,TRUE,AQ,VS,2337_AD PHF,AQ_right
2337_AD PHF_ARH_left,-0.85273442,ARH,left,2337,AD PHF,0,FALSE,ARH,HY,2337_AD PHF,ARH_left
2337_AD PHF_ARH_right,0.307597532,ARH,right,2337,AD PHF,0.307597532,FALSE,ARH,HY,2337_AD PHF,ARH_right
2337_AD PHF_AT_left,0.254779689,AT,left,2337,AD PHF,0.254779689,FALSE,AT,MB,2337_AD PHF,AT_left
2337_AD PHF_AT_right,-0.300010164,AT,right,2337,AD PHF,0,FALSE,AT,MB,2337_AD PHF,AT_right
2337_AD PHF_AUDd_left,0.918837702,AUDd,left,2337,AD PHF,0.918837702,FALSE,AUDd,Isocortex,2337_AD PHF,AUDd_left
2337_AD PHF_AUDd_right,0.811854111,AUDd,right,2337,AD PHF,0.811854111,FALSE,AUDd,Isocortex,2337_AD PHF,AUDd_right
2337_AD PHF_AUDp_left,1.047389802,AUDp,left,2337,AD PHF,1,FALSE,AUDp,Isocortex,2337_AD PHF,AUDp_left
2337_AD PHF_AUDp_right,1.051927193,AUDp,right,2337,AD PHF,1,FALSE,AUDp,Isocortex,2337_AD PHF,AUDp_right
2337_AD PHF_AUDv_left,0.837151133,AUDv,left,2337,AD PHF,0.837151133,FALSE,AUDv,Isocortex,2337_AD PHF,AUDv_left
2337_AD PHF_AUDv_right,0.746658429,AUDv,right,2337,AD PHF,0.746658429,FALSE,AUDv,Isocortex,2337_AD PHF,AUDv_right
2337_AD PHF_AVPV_left,0.632856429,AVPV,left,2337,AD PHF,0.632856429,FALSE,AVPV,HY,2337_AD PHF,AVPV_left
2337_AD PHF_AVPV_right,0.499932762,AVPV,right,2337,AD PHF,0.499932762,FALSE,AVPV,HY,2337_AD PHF,AVPV_right
2337_AD PHF_BLA_left,0.852364292,BLA,left,2337,AD PHF,0.852364292,FALSE,BLA,CTXsp,2337_AD PHF,BLA_left
2337_AD PHF_BLA_right,0.831542422,BLA,right,2337,AD PHF,0.831542422,FALSE,BLA,CTXsp,2337_AD PHF,BLA_right
2337_AD PHF_BMA_left,0.842548339,BMA,left,2337,AD PHF,0.842548339,FALSE,BMA,CTXsp,2337_AD PHF,BMA_left
2337_AD PHF_BMA_right,0.927001908,BMA,right,2337,AD PHF,0.927001908,FALSE,BMA,CTXsp,2337_AD PHF,BMA_right
2337_AD PHF_CA1_left,0.662066556,CA1,left,2337,AD PHF,0.662066556,FALSE,CA1,HPF,2337_AD PHF,CA1_left
2337_AD PHF_CA1_right,0.77263304,CA1,right,2337,AD PHF,0.77263304,FALSE,CA1,HPF,2337_AD PHF,CA1_right
2337_AD PHF_CA2_left,0.69257422,CA2,left,2337,AD PHF,0.69257422,FALSE,CA2,HPF,2337_AD PHF,CA2_left
2337_AD PHF_CA2_right,0.696971677,CA2,right,2337,AD PHF,0.696971677,FALSE,CA2,HPF,2337_AD PHF,CA2_right
2337_AD PHF_CA3_left,0.540394272,CA3,left,2337,AD PHF,0.540394272,FALSE,CA3,HPF,2337_AD PHF,CA3_left
2337_AD PHF_CA3_right,0.605279972,CA3,right,2337,AD PHF,0.605279972,FALSE,CA3,HPF,2337_AD PHF,CA3_right
2337_AD PHF_CB_left,0.235802598,CB,left,2337,AD PHF,0.235802598,FALSE,CB,CB,2337_AD PHF,CB_left
2337_AD PHF_CB_right,-0.697326583,CB,right,2337,AD PHF,0,FALSE,CB,CB,2337_AD PHF,CB_right
2337_AD PHF_CEA_left,0.657445014,CEA,left,2337,AD PHF,0.657445014,FALSE,CEA,STR,2337_AD PHF,CEA_left
2337_AD PHF_CEA_right,0.646063555,CEA,right,2337,AD PHF,0.646063555,FALSE,CEA,STR,2337_AD PHF,CEA_right
2337_AD PHF_CLA_left,0.467925609,CLA,left,2337,AD PHF,0.467925609,FALSE,CLA,CTXsp,2337_AD PHF,CLA_left
2337_AD PHF_CLA_right,0.511007018,CLA,right,2337,AD PHF,0.511007018,FALSE,CLA,CTXsp,2337_AD PHF,CLA_right
2337_AD PHF_CL_left,0.519032236,CL,left,2337,AD PHF,0.519032236,FALSE,CL,TH,2337_AD PHF,CL_left
2337_AD PHF_CL_right,0.527914265,CL,right,2337,AD PHF,0.527914265,FALSE,CL,TH,2337_AD PHF,CL_right
2337_AD PHF_CM_left,0.468974475,CM,left,2337,AD PHF,0.468974475,FALSE,CM,TH,2337_AD PHF,CM_left
2337_AD PHF_CM_right,0.629631627,CM,right,2337,AD PHF,0.629631627,FALSE,CM,TH,2337_AD PHF,CM_right
2337_AD PHF_COA_left,0.967441784,COA,left,2337,AD PHF,0.967441784,FALSE,COA,OLF,2337_AD PHF,COA_left
2337_AD PHF_COA_right,1.036006454,COA,right,2337,AD PHF,1,FALSE,COA,OLF,2337_AD PHF,COA_right
2337_AD PHF_COAp_left,1.06713185,COAp,left,2337,AD PHF,1,FALSE,COA,OLF,2337_AD PHF,COAp_left
2337_AD PHF_CP_left,0.326430635,CP,left,2337,AD PHF,0.326430635,FALSE,CP,STR,2337_AD PHF,CP_left
2337_AD PHF_CP_right,0.382605163,CP,right,2337,AD PHF,0.382605163,FALSE,CP,STR,2337_AD PHF,CP_right
2337_AD PHF_CS_left,0.370162541,CS,left,2337,AD PHF,0.370162541,FALSE,CS,P,2337_AD PHF,CS_left
2337_AD PHF_CS_right,0.202758205,CS,right,2337,AD PHF,0.202758205,FALSE,CS,P,2337_AD PHF,CS_right
2337_AD PHF_CTXsp_left,0.744222427,CTXsp,left,2337,AD PHF,0.744222427,FALSE,CTXsp,CTXsp,2337_AD PHF,CTXsp_left
2337_AD PHF_CTXsp_right,0.705067287,CTXsp,right,2337,AD PHF,0.705067287,FALSE,CTXsp,CTXsp,2337_AD PHF,CTXsp_right
2337_AD PHF_DG_left,0.395200435,DG,left,2337,AD PHF,0.395200435,FALSE,DG,HPF,2337_AD PHF,DG_left
2337_AD PHF_DG_right,0.441371784,DG,right,2337,AD PHF,0.441371784,FALSE,DG,HPF,2337_AD PHF,DG_right
2337_AD PHF_DMH_left,0.222121822,DMH,left,2337,AD PHF,0.222121822,FALSE,DMH,HY,2337_AD PHF,DMH_left
2337_AD PHF_DMH_right,0.464199135,DMH,right,2337,AD PHF,0.464199135,FALSE,DMH,HY,2337_AD PHF,DMH_right
2337_AD PHF_DR_left,0.599851291,DR,left,2337,AD PHF,0.599851291,FALSE,DR,MB,2337_AD PHF,DR_left
2337_AD PHF_DR_right,0.507231059,DR,right,2337,AD PHF,0.507231059,FALSE,DR,MB,2337_AD PHF,DR_right
2337_AD PHF_ECT_left,0.911198613,ECT,left,2337,AD PHF,0.911198613,FALSE,ECT,Isocortex,2337_AD PHF,ECT_left
2337_AD PHF_ECT_right,0.850988944,ECT,right,2337,AD PHF,0.850988944,FALSE,ECT,Isocortex,2337_AD PHF,ECT_right
2337_AD PHF_ENTl_left,1.178681255,ENTl,left,2337,AD PHF,1,FALSE,ENT,HPF,2337_AD PHF,ENTl_left
2337_AD PHF_ENTl_right,1.039848809,ENTl,right,2337,AD PHF,1,FALSE,ENT,HPF,2337_AD PHF,ENTl_right
2337_AD PHF_ENTm_left,0.940035203,ENTm,left,2337,AD PHF,0.940035203,FALSE,ENT,HPF,2337_AD PHF,ENTm_left
2337_AD PHF_ENTm_right,0.963330815,ENTm,right,2337,AD PHF,0.963330815,FALSE,ENT,HPF,2337_AD PHF,ENTm_right
2337_AD PHF_EP_left,0.828424581,EP,left,2337,AD PHF,0.828424581,FALSE,EP,CTXsp,2337_AD PHF,EP_left
2337_AD PHF_EP_right,0.71253126,EP,right,2337,AD PHF,0.71253126,FALSE,EP,CTXsp,2337_AD PHF,EP_right
2337_AD PHF_Eth_left,0.572115463,Eth,left,2337,AD PHF,0.572115463,FALSE,Eth,TH,2337_AD PHF,Eth_left
2337_AD PHF_Eth_right,0.603418204,Eth,right,2337,AD PHF,0.603418204,FALSE,Eth,TH,2337_AD PHF,Eth_right
2337_AD PHF_FC_left,0.735852961,FC,left,2337,AD PHF,0.735852961,FALSE,FC,HPF,2337_AD PHF,FC_left
2337_AD PHF_FC_right,0.886959983,FC,right,2337,AD PHF,0.886959983,FALSE,FC,HPF,2337_AD PHF,FC_right
2337_AD PHF_GU_left,0.99908806,GU,left,2337,AD PHF,0.99908806,FALSE,GU,Isocortex,2337_AD PHF,GU_left
2337_AD PHF_GU_right,1.068849304,GU,right,2337,AD PHF,1,FALSE,GU,Isocortex,2337_AD PHF,GU_right
2337_AD PHF_HATA_left,0.803563897,HATA,left,2337,AD PHF,0.803563897,FALSE,HATA,HPF,2337_AD PHF,HATA_left
2337_AD PHF_HATA_right,0.957507805,HATA,right,2337,AD PHF,0.957507805,FALSE,HATA,HPF,2337_AD PHF,HATA_right
2337_AD PHF_HPF_left,0.325938141,HPF,left,2337,AD PHF,0.325938141,FALSE,HPF,HPF,2337_AD PHF,HPF_left
2337_AD PHF_HPF_right,0.352054112,HPF,right,2337,AD PHF,0.352054112,FALSE,HPF,HPF,2337_AD PHF,HPF_right
2337_AD PHF_HY_left,0.458492358,HY,left,2337,AD PHF,0.458492358,FALSE,HY,HY,2337_AD PHF,HY_left
2337_AD PHF_HY_right,0.473531949,HY,right,2337,AD PHF,0.473531949,FALSE,HY,HY,2337_AD PHF,HY_right
2337_AD PHF_IA_left,0.695754993,IA,left,2337,AD PHF,0.695754993,FALSE,IA,STR,2337_AD PHF,IA_left
2337_AD PHF_IA_right,0.677405939,IA,right,2337,AD PHF,0.677405939,FALSE,IA,STR,2337_AD PHF,IA_right
2337_AD PHF_IC_left,0.449782671,IC,left,2337,AD PHF,0.449782671,FALSE,IC,MB,2337_AD PHF,IC_left
2337_AD PHF_IC_right,0.562089707,IC,right,2337,AD PHF,0.562089707,FALSE,IC,MB,2337_AD PHF,IC_right
2337_AD PHF_IGL_left,-5,IGL,left,2337,AD PHF,0,FALSE,IGL,TH,2337_AD PHF,IGL_left
2337_AD PHF_IG_left,0.28984741,IG,left,2337,AD PHF,0.28984741,FALSE,IG,HPF,2337_AD PHF,IG_left
2337_AD PHF_IG_right,0.489395326,IG,right,2337,AD PHF,0.489395326,FALSE,IG,HPF,2337_AD PHF,IG_right
2337_AD PHF_IIn_left,-1.668090054,IIn,left,2337,AD PHF,0,TRUE,IIn,fiber tracts,2337_AD PHF,IIn_left
2337_AD PHF_IIn_right,-1.220100233,IIn,right,2337,AD PHF,0,TRUE,IIn,fiber tracts,2337_AD PHF,IIn_right
2337_AD PHF_IMD_left,0.431247113,IMD,left,2337,AD PHF,0.431247113,FALSE,IMD,TH,2337_AD PHF,IMD_left
2337_AD PHF_IMD_right,0.535185552,IMD,right,2337,AD PHF,0.535185552,FALSE,IMD,TH,2337_AD PHF,IMD_right
2337_AD PHF_IV_left,0.815670535,IV,left,2337,AD PHF,0.815670535,FALSE,IV,MB,2337_AD PHF,IV_left
2337_AD PHF_IV_right,0.849404819,IV,right,2337,AD PHF,0.849404819,FALSE,IV,MB,2337_AD PHF,IV_right
2337_AD PHF_In_left,-0.115551824,In,left,2337,AD PHF,0,TRUE,In,fiber tracts,2337_AD PHF,In_left
2337_AD PHF_In_right,0.220031995,In,right,2337,AD PHF,0.220031995,TRUE,In,fiber tracts,2337_AD PHF,In_right
2337_AD PHF_LA_left,0.783461807,LA,left,2337,AD PHF,0.783461807,FALSE,LA,CTXsp,2337_AD PHF,LA_left
2337_AD PHF_LA_right,0.840108938,LA,right,2337,AD PHF,0.840108938,FALSE,LA,CTXsp,2337_AD PHF,LA_right
2337_AD PHF_LGd_left,0.578346067,LGd,left,2337,AD PHF,0.578346067,FALSE,LGd,TH,2337_AD PHF,LGd_left
2337_AD PHF_LGd_right,0.779978957,LGd,right,2337,AD PHF,0.779978957,FALSE,LGd,TH,2337_AD PHF,LGd_right
2337_AD PHF_LGv_left,0.602616752,LGv,left,2337,AD PHF,0.602616752,FALSE,LGv,TH,2337_AD PHF,LGv_left
2337_AD PHF_LGv_right,0.572569203,LGv,right,2337,AD PHF,0.572569203,FALSE,LGv,TH,2337_AD PHF,LGv_right
2337_AD PHF_LHA_left,0.241743024,LHA,left,2337,AD PHF,0.241743024,FALSE,LHA,HY,2337_AD PHF,LHA_left
2337_AD PHF_LHA_right,0.408619416,LHA,right,2337,AD PHF,0.408619416,FALSE,LHA,HY,2337_AD PHF,LHA_right
2337_AD PHF_LH_left,0.163678624,LH,left,2337,AD PHF,0.163678624,FALSE,LH,TH,2337_AD PHF,LH_left
2337_AD PHF_LH_right,0.22272662,LH,right,2337,AD PHF,0.22272662,FALSE,LH,TH,2337_AD PHF,LH_right
2337_AD PHF_LPO_left,0.687802891,LPO,left,2337,AD PHF,0.687802891,FALSE,LPO,HY,2337_AD PHF,LPO_left
2337_AD PHF_LPO_right,0.834247716,LPO,right,2337,AD PHF,0.834247716,FALSE,LPO,HY,2337_AD PHF,LPO_right
2337_AD PHF_LP_left,0.501944371,LP,left,2337,AD PHF,0.501944371,FALSE,LP,TH,2337_AD PHF,LP_left
2337_AD PHF_LP_right,0.6232484,LP,right,2337,AD PHF,0.6232484,FALSE,LP,TH,2337_AD PHF,LP_right
2337_AD PHF_LS_left,0.675397084,LS,left,2337,AD PHF,0.675397084,FALSE,LS,STR,2337_AD PHF,LS_left
2337_AD PHF_LS_right,0.735265982,LS,right,2337,AD PHF,0.735265982,FALSE,LS,STR,2337_AD PHF,LS_right
2337_AD PHF_MB_left,0.369259172,MB,left,2337,AD PHF,0.369259172,FALSE,MB,MB,2337_AD PHF,MB_left
2337_AD PHF_MB_right,0.306007835,MB,right,2337,AD PHF,0.306007835,FALSE,MB,MB,2337_AD PHF,MB_right
2337_AD PHF_MD_left,0.501990525,MD,left,2337,AD PHF,0.501990525,FALSE,MD,TH,2337_AD PHF,MD_left
2337_AD PHF_MD_right,0.492148614,MD,right,2337,AD PHF,0.492148614,FALSE,MD,TH,2337_AD PHF,MD_right
2337_AD PHF_MEA_left,0.757311229,MEA,left,2337,AD PHF,0.757311229,FALSE,MEA,STR,2337_AD PHF,MEA_left
2337_AD PHF_MEA_right,0.868154609,MEA,right,2337,AD PHF,0.868154609,FALSE,MEA,STR,2337_AD PHF,MEA_right
2337_AD PHF_ME_left,-2.05322,ME,left,2337,AD PHF,0,FALSE,ME,HY,2337_AD PHF,ME_left
2337_AD PHF_ME_right,-1.45547722,ME,right,2337,AD PHF,0,FALSE,ME,HY,2337_AD PHF,ME_right
2337_AD PHF_MH_left,-0.174346298,MH,left,2337,AD PHF,0,FALSE,MH,TH,2337_AD PHF,MH_left
2337_AD PHF_MH_right,-0.82009758,MH,right,2337,AD PHF,0,FALSE,MH,TH,2337_AD PHF,MH_right
2337_AD PHF_MOp_left,0.810363739,MOp,left,2337,AD PHF,0.810363739,FALSE,MOp,Isocortex,2337_AD PHF,MOp_left
2337_AD PHF_MOp_right,0.680160009,MOp,right,2337,AD PHF,0.680160009,FALSE,MOp,Isocortex,2337_AD PHF,MOp_right
2337_AD PHF_MOs_left,0.917739681,MOs,left,2337,AD PHF,0.917739681,FALSE,MOs,Isocortex,2337_AD PHF,MOs_left
2337_AD PHF_MOs_right,0.8542659,MOs,right,2337,AD PHF,0.8542659,FALSE,MOs,Isocortex,2337_AD PHF,MOs_right
2337_AD PHF_MRN_left,0.303926797,MRN,left,2337,AD PHF,0.303926797,FALSE,MRN,MB,2337_AD PHF,MRN_left
2337_AD PHF_MRN_right,0.303148304,MRN,right,2337,AD PHF,0.303148304,FALSE,MRN,MB,2337_AD PHF,MRN_right
2337_AD PHF_MS_left,0.111693869,MS,left,2337,AD PHF,0.111693869,FALSE,MS,PAL,2337_AD PHF,MS_left
2337_AD PHF_MS_right,0.095440416,MS,right,2337,AD PHF,0.095440416,FALSE,MS,PAL,2337_AD PHF,MS_right
2337_AD PHF_NDB_left,0.392307584,NDB,left,2337,AD PHF,0.392307584,FALSE,NDB,PAL,2337_AD PHF,NDB_left
2337_AD PHF_NDB_right,0.589405287,NDB,right,2337,AD PHF,0.589405287,FALSE,NDB,PAL,2337_AD PHF,NDB_right
2337_AD PHF_NLL_left,0.38429672,NLL,left,2337,AD PHF,0.38429672,FALSE,NLL,P,2337_AD PHF,NLL_left
2337_AD PHF_NLL_right,0.364735102,NLL,right,2337,AD PHF,0.364735102,FALSE,NLL,P,2337_AD PHF,NLL_right
2337_AD PHF_OLF_left,0.815629314,OLF,left,2337,AD PHF,0.815629314,FALSE,OLF,OLF,2337_AD PHF,OLF_left
2337_AD PHF_OLF_right,0.822296411,OLF,right,2337,AD PHF,0.822296411,FALSE,OLF,OLF,2337_AD PHF,OLF_right
2337_AD PHF_OT_left,0.946762745,OT,left,2337,AD PHF,0.946762745,FALSE,OT,STR,2337_AD PHF,OT_left
2337_AD PHF_OT_right,0.922403549,OT,right,2337,AD PHF,0.922403549,FALSE,OT,STR,2337_AD PHF,OT_right
2337_AD PHF_PAA_left,1.132381383,PAA,left,2337,AD PHF,1,FALSE,PAA,OLF,2337_AD PHF,PAA_left
2337_AD PHF_PAA_right,1.049922816,PAA,right,2337,AD PHF,1,FALSE,PAA,OLF,2337_AD PHF,PAA_right
2337_AD PHF_PAG_left,0.258194682,PAG,left,2337,AD PHF,0.258194682,FALSE,PAG,MB,2337_AD PHF,PAG_left
2337_AD PHF_PAG_right,0.379328615,PAG,right,2337,AD PHF,0.379328615,FALSE,PAG,MB,2337_AD PHF,PAG_right
2337_AD PHF_PAL_left,0.581747023,PAL,left,2337,AD PHF,0.581747023,FALSE,PAL,PAL,2337_AD PHF,PAL_left
2337_AD PHF_PAL_right,0.570778752,PAL,right,2337,AD PHF,0.570778752,FALSE,PAL,PAL,2337_AD PHF,PAL_right
2337_AD PHF_PALd_right,0.358157046,PALd,right,2337,AD PHF,0.358157046,FALSE,PAL,PAL,2337_AD PHF,PALd_right
2337_AD PHF_PAR_left,0.728214752,PAR,left,2337,AD PHF,0.728214752,FALSE,PAR,HPF,2337_AD PHF,PAR_left
2337_AD PHF_PAR_right,0.815319532,PAR,right,2337,AD PHF,0.815319532,FALSE,PAR,HPF,2337_AD PHF,PAR_right
2337_AD PHF_PBG_left,0.055197491,PBG,left,2337,AD PHF,0.055197491,FALSE,PBG,MB,2337_AD PHF,PBG_left
2337_AD PHF_PBG_right,0.313304404,PBG,right,2337,AD PHF,0.313304404,FALSE,PBG,MB,2337_AD PHF,PBG_right
2337_AD PHF_PCN_left,0.676888851,PCN,left,2337,AD PHF,0.676888851,FALSE,PCN,TH,2337_AD PHF,PCN_left
2337_AD PHF_PCN_right,0.808671596,PCN,right,2337,AD PHF,0.808671596,FALSE,PCN,TH,2337_AD PHF,PCN_right
2337_AD PHF_PERI_left,0.891324138,PERI,left,2337,AD PHF,0.891324138,FALSE,PERI,Isocortex,2337_AD PHF,PERI_left
2337_AD PHF_PERI_right,0.954623375,PERI,right,2337,AD PHF,0.954623375,FALSE,PERI,Isocortex,2337_AD PHF,PERI_right
2337_AD PHF_PG_left,0.663535246,PG,left,2337,AD PHF,0.663535246,FALSE,PG,P,2337_AD PHF,PG_left
2337_AD PHF_PG_right,0.682274093,PG,right,2337,AD PHF,0.682274093,FALSE,PG,P,2337_AD PHF,PG_right
2337_AD PHF_PH_left,0.342766911,PH,left,2337,AD PHF,0.342766911,FALSE,PH,HY,2337_AD PHF,PH_left
2337_AD PHF_PH_right,-1.473646509,PH,right,2337,AD PHF,0,FALSE,PH,HY,2337_AD PHF,PH_right
2337_AD PHF_PIR_left,0.979002004,PIR,left,2337,AD PHF,0.979002004,FALSE,PIR,OLF,2337_AD PHF,PIR_left
2337_AD PHF_PIR_right,0.892321067,PIR,right,2337,AD PHF,0.892321067,FALSE,PIR,OLF,2337_AD PHF,PIR_right
2337_AD PHF_POST_right,0.697454878,POST,right,2337,AD PHF,0.697454878,FALSE,POST,HPF,2337_AD PHF,POST_right
2337_AD PHF_PO_left,0.717006294,PO,left,2337,AD PHF,0.717006294,FALSE,PO,TH,2337_AD PHF,PO_left
2337_AD PHF_PO_right,0.72191857,PO,right,2337,AD PHF,0.72191857,FALSE,PO,TH,2337_AD PHF,PO_right
2337_AD PHF_PPN_left,0.401285733,PPN,left,2337,AD PHF,0.401285733,FALSE,PPN,MB,2337_AD PHF,PPN_left
2337_AD PHF_PPN_right,0.410546403,PPN,right,2337,AD PHF,0.410546403,FALSE,PPN,MB,2337_AD PHF,PPN_right
2337_AD PHF_PRC_left,-5,PRC,left,2337,AD PHF,0,FALSE,PRC,MB,2337_AD PHF,PRC_left
2337_AD PHF_PRC_right,-5,PRC,right,2337,AD PHF,0,FALSE,PRC,MB,2337_AD PHF,PRC_right
2337_AD PHF_PRE_left,0.882251391,PRE,left,2337,AD PHF,0.882251391,FALSE,PRE,HPF,2337_AD PHF,PRE_left
2337_AD PHF_PRE_right,0.858040369,PRE,right,2337,AD PHF,0.858040369,FALSE,PRE,HPF,2337_AD PHF,PRE_right
2337_AD PHF_PRNr_left,0.365672953,PRNr,left,2337,AD PHF,0.365672953,FALSE,PRNr,P,2337_AD PHF,PRNr_left
2337_AD PHF_PRNr_right,0.367596558,PRNr,right,2337,AD PHF,0.367596558,FALSE,PRNr,P,2337_AD PHF,PRNr_right
2337_AD PHF_PR_left,0.133247784,PR,left,2337,AD PHF,0.133247784,FALSE,PR,TH,2337_AD PHF,PR_left
2337_AD PHF_PR_right,0.168713565,PR,right,2337,AD PHF,0.168713565,FALSE,PR,TH,2337_AD PHF,PR_right
2337_AD PHF_PST_left,0.048963438,PST,left,2337,AD PHF,0.048963438,FALSE,PST,HY,2337_AD PHF,PST_left
2337_AD PHF_PST_right,0.414282235,PST,right,2337,AD PHF,0.414282235,FALSE,PST,HY,2337_AD PHF,PST_right
2337_AD PHF_PVT_left,0.158928536,PVT,left,2337,AD PHF,0.158928536,FALSE,PVT,TH,2337_AD PHF,PVT_left
2337_AD PHF_PVT_right,0.005893246,PVT,right,2337,AD PHF,0.005893246,FALSE,PVT,TH,2337_AD PHF,PVT_right
2337_AD PHF_PVZ_left,-0.877627848,PVZ,left,2337,AD PHF,0,FALSE,PVZ,HY,2337_AD PHF,PVZ_left
2337_AD PHF_PVZ_right,0.299773839,PVZ,right,2337,AD PHF,0.299773839,FALSE,PVZ,HY,2337_AD PHF,PVZ_right
2337_AD PHF_P_left,0.415646913,P,left,2337,AD PHF,0.415646913,FALSE,P,P,2337_AD PHF,P_left
2337_AD PHF_P_right,0.468918293,P,right,2337,AD PHF,0.468918293,FALSE,P,P,2337_AD PHF,P_right
2337_AD PHF_Pa4_left,0.300339323,Pa4,left,2337,AD PHF,0.300339323,FALSE,Pa4,MB,2337_AD PHF,Pa4_left
2337_AD PHF_Pa4_right,0.194203879,Pa4,right,2337,AD PHF,0.194203879,FALSE,Pa4,MB,2337_AD PHF,Pa4_right
2337_AD PHF_PeF_left,-5,PeF,left,2337,AD PHF,0,FALSE,PeF,HY,2337_AD PHF,PeF_left
2337_AD PHF_PeF_right,0.43321587,PeF,right,2337,AD PHF,0.43321587,FALSE,PeF,HY,2337_AD PHF,PeF_right
2337_AD PHF_RE_left,0.68222993,RE,left,2337,AD PHF,0.68222993,FALSE,RE,TH,2337_AD PHF,RE_left
2337_AD PHF_RE_right,0.566065602,RE,right,2337,AD PHF,0.566065602,FALSE,RE,TH,2337_AD PHF,RE_right
2337_AD PHF_RSPagl_left,0.853130758,RSPagl,left,2337,AD PHF,0.853130758,FALSE,RSP,Isocortex,2337_AD PHF,RSPagl_left
2337_AD PHF_RSPagl_right,0.914090347,RSPagl,right,2337,AD PHF,0.914090347,FALSE,RSP,Isocortex,2337_AD PHF,RSPagl_right
2337_AD PHF_RSPd_left,0.848490473,RSPd,left,2337,AD PHF,0.848490473,FALSE,RSP,Isocortex,2337_AD PHF,RSPd_left
2337_AD PHF_RSPd_right,0.921767287,RSPd,right,2337,AD PHF,0.921767287,FALSE,RSP,Isocortex,2337_AD PHF,RSPd_right
2337_AD PHF_RSPv_left,0.672383347,RSPv,left,2337,AD PHF,0.672383347,FALSE,RSP,Isocortex,2337_AD PHF,RSPv_left
2337_AD PHF_RSPv_right,0.726848889,RSPv,right,2337,AD PHF,0.726848889,FALSE,RSP,Isocortex,2337_AD PHF,RSPv_right
2337_AD PHF_RT_left,0.660843065,RT,left,2337,AD PHF,0.660843065,FALSE,RT,TH,2337_AD PHF,RT_left
2337_AD PHF_RT_right,0.706056217,RT,right,2337,AD PHF,0.706056217,FALSE,RT,TH,2337_AD PHF,RT_right
2337_AD PHF_SAG_left,0.276032518,SAG,left,2337,AD PHF,0.276032518,FALSE,SAG,MB,2337_AD PHF,SAG_left
2337_AD PHF_SAG_right,0.084712535,SAG,right,2337,AD PHF,0.084712535,FALSE,SAG,MB,2337_AD PHF,SAG_right
2337_AD PHF_SCm_left,0.5256232,SCm,left,2337,AD PHF,0.5256232,FALSE,MBmot,MB,2337_AD PHF,SCm_left
2337_AD PHF_SCm_right,0.650122526,SCm,right,2337,AD PHF,0.650122526,FALSE,MBmot,MB,2337_AD PHF,SCm_right
2337_AD PHF_SCs_left,0.679684575,SCs,left,2337,AD PHF,0.679684575,FALSE,MBsen,MB,2337_AD PHF,SCs_left
2337_AD PHF_SCs_right,0.649095749,SCs,right,2337,AD PHF,0.649095749,FALSE,MBsen,MB,2337_AD PHF,SCs_right
2337_AD PHF_SEZ_left,-0.97984345,SEZ,left,2337,AD PHF,0,TRUE,SEZ,VS,2337_AD PHF,SEZ_left
2337_AD PHF_SEZ_right,-1.035322828,SEZ,right,2337,AD PHF,0,TRUE,SEZ,VS,2337_AD PHF,SEZ_right
2337_AD PHF_SI_left,0.834439259,SI,left,2337,AD PHF,0.834439259,FALSE,SI,PAL,2337_AD PHF,SI_left
2337_AD PHF_SI_right,0.798807519,SI,right,2337,AD PHF,0.798807519,FALSE,SI,PAL,2337_AD PHF,SI_right
2337_AD PHF_SMT_left,-0.296591123,SMT,left,2337,AD PHF,0,FALSE,SMT,TH,2337_AD PHF,SMT_left
2337_AD PHF_SMT_right,0.316909858,SMT,right,2337,AD PHF,0.316909858,FALSE,SMT,TH,2337_AD PHF,SMT_right
2337_AD PHF_SSp-bfd_left,0.957216305,SSp-bfd,left,2337,AD PHF,0.957216305,FALSE,SSp,Isocortex,2337_AD PHF,SSp-bfd_left
2337_AD PHF_SSp-bfd_right,0.715297087,SSp-bfd,right,2337,AD PHF,0.715297087,FALSE,SSp,Isocortex,2337_AD PHF,SSp-bfd_right
2337_AD PHF_SSp-m_left,0.924963402,SSp-m,left,2337,AD PHF,0.924963402,FALSE,SSp,Isocortex,2337_AD PHF,SSp-m_left
2337_AD PHF_SSp-m_right,0.871074217,SSp-m,right,2337,AD PHF,0.871074217,FALSE,SSp,Isocortex,2337_AD PHF,SSp-m_right
2337_AD PHF_SSp-ul_left,1.083327341,SSp-ul,left,2337,AD PHF,1,FALSE,SSp,Isocortex,2337_AD PHF,SSp-ul_left
2337_AD PHF_SSp-ul_right,0.923363309,SSp-ul,right,2337,AD PHF,0.923363309,FALSE,SSp,Isocortex,2337_AD PHF,SSp-ul_right
2337_AD PHF_SSp-un_left,1.047722439,SSp-un,left,2337,AD PHF,1,FALSE,SSp,Isocortex,2337_AD PHF,SSp-un_left
2337_AD PHF_SSp-un_right,0.747195823,SSp-un,right,2337,AD PHF,0.747195823,FALSE,SSp,Isocortex,2337_AD PHF,SSp-un_right
2337_AD PHF_SSs_left,0.987193908,SSs,left,2337,AD PHF,0.987193908,FALSE,SSs,Isocortex,2337_AD PHF,SSs_left
2337_AD PHF_SSs_right,0.95553372,SSs,right,2337,AD PHF,0.95553372,FALSE,SSs,Isocortex,2337_AD PHF,SSs_right
2337_AD PHF_STN_left,0.440603023,STN,left,2337,AD PHF,0.440603023,FALSE,STN,HY,2337_AD PHF,STN_left
2337_AD PHF_STN_right,0.481571177,STN,right,2337,AD PHF,0.481571177,FALSE,STN,HY,2337_AD PHF,STN_right
2337_AD PHF_STR_left,0.565750327,STR,left,2337,AD PHF,0.565750327,FALSE,STR,STR,2337_AD PHF,STR_left
2337_AD PHF_STR_right,0.594665697,STR,right,2337,AD PHF,0.594665697,FALSE,STR,STR,2337_AD PHF,STR_right
2337_AD PHF_SUB_left,0.698585537,SUB,left,2337,AD PHF,0.698585537,FALSE,SUB,HPF,2337_AD PHF,SUB_left
2337_AD PHF_SUB_right,0.615261751,SUB,right,2337,AD PHF,0.615261751,FALSE,SUB,HPF,2337_AD PHF,SUB_right
2337_AD PHF_TEa_left,0.894213003,TEa,left,2337,AD PHF,0.894213003,FALSE,TEa,Isocortex,2337_AD PHF,TEa_left
2337_AD PHF_TEa_right,0.820621595,TEa,right,2337,AD PHF,0.820621595,FALSE,TEa,Isocortex,2337_AD PHF,TEa_right
2337_AD PHF_TH_left,0.278829336,TH,left,2337,AD PHF,0.278829336,FALSE,TH,TH,2337_AD PHF,TH_left
2337_AD PHF_TH_right,0.374860601,TH,right,2337,AD PHF,0.374860601,FALSE,TH,TH,2337_AD PHF,TH_right
2337_AD PHF_TRN_left,0.563664599,TRN,left,2337,AD PHF,0.563664599,FALSE,TRN,P,2337_AD PHF,TRN_left
2337_AD PHF_TRN_right,0.648383328,TRN,right,2337,AD PHF,0.648383328,FALSE,TRN,P,2337_AD PHF,TRN_right
2337_AD PHF_TU_left,0.845092176,TU,left,2337,AD PHF,0.845092176,FALSE,TU,HY,2337_AD PHF,TU_left
2337_AD PHF_TU_right,0.753992482,TU,right,2337,AD PHF,0.753992482,FALSE,TU,HY,2337_AD PHF,TU_right
2337_AD PHF_V3_left,-0.641048397,V3,left,2337,AD PHF,0,TRUE,V3,VS,2337_AD PHF,V3_left
2337_AD PHF_V3_right,-0.413721425,V3,right,2337,AD PHF,0,TRUE,V3,VS,2337_AD PHF,V3_right
2337_AD PHF_VAL_right,0.44694115,VAL,right,2337,AD PHF,0.44694115,FALSE,VAL,TH,2337_AD PHF,VAL_right
2337_AD PHF_VISC_right,0.590109455,VISC,right,2337,AD PHF,0.590109455,FALSE,VISC,Isocortex,2337_AD PHF,VISC_right
2337_AD PHF_VISa_left,0.841146521,VISa,left,2337,AD PHF,0.841146521,FALSE,VISa,Isocortex,2337_AD PHF,VISa_left
2337_AD PHF_VISa_right,0.815256042,VISa,right,2337,AD PHF,0.815256042,FALSE,VISa,Isocortex,2337_AD PHF,VISa_right
2337_AD PHF_VISam_left,0.846260128,VISam,left,2337,AD PHF,0.846260128,FALSE,VISam,Isocortex,2337_AD PHF,VISam_left
2337_AD PHF_VISam_right,0.859904572,VISam,right,2337,AD PHF,0.859904572,FALSE,VISam,Isocortex,2337_AD PHF,VISam_right
2337_AD PHF_VISl_left,1.128848123,VISl,left,2337,AD PHF,1,FALSE,VISl,Isocortex,2337_AD PHF,VISl_left
2337_AD PHF_VISl_right,1.052278086,VISl,right,2337,AD PHF,1,FALSE,VISl,Isocortex,2337_AD PHF,VISl_right
2337_AD PHF_VISp_left,1.125923227,VISp,left,2337,AD PHF,1,FALSE,VISp,Isocortex,2337_AD PHF,VISp_left
2337_AD PHF_VISp_right,0.954222467,VISp,right,2337,AD PHF,0.954222467,FALSE,VISp,Isocortex,2337_AD PHF,VISp_right
2337_AD PHF_VISpl_left,0.804315757,VISpl,left,2337,AD PHF,0.804315757,FALSE,VISpl,Isocortex,2337_AD PHF,VISpl_left
2337_AD PHF_VISpl_right,0.697325767,VISpl,right,2337,AD PHF,0.697325767,FALSE,VISpl,Isocortex,2337_AD PHF,VISpl_right
2337_AD PHF_VISpm_left,0.816259625,VISpm,left,2337,AD PHF,0.816259625,FALSE,VISpm,Isocortex,2337_AD PHF,VISpm_left
2337_AD PHF_VISpor_left,1.171249904,VISpor,left,2337,AD PHF,1,FALSE,VISpor,Isocortex,2337_AD PHF,VISpor_left
2337_AD PHF_VISpor_right,0.986747796,VISpor,right,2337,AD PHF,0.986747796,FALSE,VISpor,Isocortex,2337_AD PHF,VISpor_right
2337_AD PHF_VISrl_left,1.01921598,VISrl,left,2337,AD PHF,1,FALSE,VISrl,Isocortex,2337_AD PHF,VISrl_left
2337_AD PHF_VISrl_right,0.827916345,VISrl,right,2337,AD PHF,0.827916345,FALSE,VISrl,Isocortex,2337_AD PHF,VISrl_right
2337_AD PHF_VL_left,-0.124325142,VL,left,2337,AD PHF,0,TRUE,VL,VS,2337_AD PHF,VL_left
2337_AD PHF_VL_right,0.042001338,VL,right,2337,AD PHF,0.042001338,TRUE,VL,VS,2337_AD PHF,VL_right
2337_AD PHF_VMH_left,0.894878571,VMH,left,2337,AD PHF,0.894878571,FALSE,VMH,HY,2337_AD PHF,VMH_left
2337_AD PHF_VMH_right,0.900468423,VMH,right,2337,AD PHF,0.900468423,FALSE,VMH,HY,2337_AD PHF,VMH_right
2337_AD PHF_VM_left,0.441754865,VM,left,2337,AD PHF,0.441754865,FALSE,VM,TH,2337_AD PHF,VM_left
2337_AD PHF_VM_right,0.476339621,VM,right,2337,AD PHF,0.476339621,FALSE,VM,TH,2337_AD PHF,VM_right
2337_AD PHF_VPL_left,0.572920679,VPL,left,2337,AD PHF,0.572920679,FALSE,VPL,TH,2337_AD PHF,VPL_left
2337_AD PHF_VPL_right,0.569631611,VPL,right,2337,AD PHF,0.569631611,FALSE,VPL,TH,2337_AD PHF,VPL_right
2337_AD PHF_VPM_left,0.556277845,VPM,left,2337,AD PHF,0.556277845,FALSE,VPM,TH,2337_AD PHF,VPM_left
2337_AD PHF_VPM_right,0.585132467,VPM,right,2337,AD PHF,0.585132467,FALSE,VPM,TH,2337_AD PHF,VPM_right
2337_AD PHF_VP_left,0.612521693,VP,left,2337,AD PHF,0.612521693,FALSE,VP,TH,2337_AD PHF,VP_left
2337_AD PHF_VP_right,0.653971088,VP,right,2337,AD PHF,0.653971088,FALSE,VP,TH,2337_AD PHF,VP_right
2337_AD PHF_Xi_left,0.333941895,Xi,left,2337,AD PHF,0.333941895,FALSE,Xi,TH,2337_AD PHF,Xi_left
2337_AD PHF_Xi_right,0.570745665,Xi,right,2337,AD PHF,0.570745665,FALSE,Xi,TH,2337_AD PHF,Xi_right
2337_AD PHF_ZI_left,0.576870431,ZI,left,2337,AD PHF,0.576870431,FALSE,ZI,HY,2337_AD PHF,ZI_left
2337_AD PHF_ZI_right,0.572606227,ZI,right,2337,AD PHF,0.572606227,FALSE,ZI,HY,2337_AD PHF,ZI_right
2337_AD PHF_alv_left,0.65131308,alv,left,2337,AD PHF,0.65131308,TRUE,alv,fiber tracts,2337_AD PHF,alv_left
2337_AD PHF_alv_right,0.553924945,alv,right,2337,AD PHF,0.553924945,TRUE,alv,fiber tracts,2337_AD PHF,alv_right
2337_AD PHF_amc_left,0.816800313,amc,left,2337,AD PHF,0.816800313,TRUE,amc,fiber tracts,2337_AD PHF,amc_left
2337_AD PHF_amc_right,0.667042674,amc,right,2337,AD PHF,0.667042674,TRUE,amc,fiber tracts,2337_AD PHF,amc_right
2337_AD PHF_ar_left,0.54544941,ar,left,2337,AD PHF,0.54544941,TRUE,ar,fiber tracts,2337_AD PHF,ar_left
2337_AD PHF_ar_right,0.510956902,ar,right,2337,AD PHF,0.510956902,TRUE,ar,fiber tracts,2337_AD PHF,ar_right
2337_AD PHF_bic_left,0.1030498,bic,left,2337,AD PHF,0.1030498,TRUE,bic,fiber tracts,2337_AD PHF,bic_left
2337_AD PHF_bic_right,0.19291773,bic,right,2337,AD PHF,0.19291773,TRUE,bic,fiber tracts,2337_AD PHF,bic_right
2337_AD PHF_cc_left,0.069812683,cc,left,2337,AD PHF,0.069812683,TRUE,cc,fiber tracts,2337_AD PHF,cc_left
2337_AD PHF_cc_right,0.075658866,cc,right,2337,AD PHF,0.075658866,TRUE,cc,fiber tracts,2337_AD PHF,cc_right
2337_AD PHF_ccg_left,-0.07824598,ccg,left,2337,AD PHF,0,TRUE,ccg,fiber tracts,2337_AD PHF,ccg_left
2337_AD PHF_ccg_right,-0.195532059,ccg,right,2337,AD PHF,0,TRUE,ccg,fiber tracts,2337_AD PHF,ccg_right
2337_AD PHF_chpl_left,0.045605495,chpl,left,2337,AD PHF,0.045605495,TRUE,chpl,VS,2337_AD PHF,chpl_left
2337_AD PHF_chpl_right,-0.026708018,chpl,right,2337,AD PHF,0,TRUE,chpl,VS,2337_AD PHF,chpl_right
2337_AD PHF_cing_left,0.142058265,cing,left,2337,AD PHF,0.142058265,TRUE,cing,fiber tracts,2337_AD PHF,cing_left
2337_AD PHF_cing_right,0.11784326,cing,right,2337,AD PHF,0.11784326,TRUE,cing,fiber tracts,2337_AD PHF,cing_right
2337_AD PHF_cst_left,0.27470228,cst,left,2337,AD PHF,0.27470228,TRUE,cst,fiber tracts,2337_AD PHF,cst_left
2337_AD PHF_cst_right,0.794325041,cst,right,2337,AD PHF,0.794325041,TRUE,cst,fiber tracts,2337_AD PHF,cst_right
2337_AD PHF_dhc_left,0.418703405,dhc,left,2337,AD PHF,0.418703405,TRUE,dhc,fiber tracts,2337_AD PHF,dhc_left
2337_AD PHF_dhc_right,0.654031574,dhc,right,2337,AD PHF,0.654031574,TRUE,dhc,fiber tracts,2337_AD PHF,dhc_right
2337_AD PHF_dscp_left,-0.072486099,dscp,left,2337,AD PHF,0,TRUE,dscp,fiber tracts,2337_AD PHF,dscp_left
2337_AD PHF_dscp_right,0.475900433,dscp,right,2337,AD PHF,0.475900433,TRUE,dscp,fiber tracts,2337_AD PHF,dscp_right
2337_AD PHF_ec_left,0.389474879,ec,left,2337,AD PHF,0.389474879,TRUE,ec,fiber tracts,2337_AD PHF,ec_left
2337_AD PHF_ec_right,0.458863904,ec,right,2337,AD PHF,0.458863904,TRUE,ec,fiber tracts,2337_AD PHF,ec_right
2337_AD PHF_em_left,0.889811661,em,left,2337,AD PHF,0.889811661,TRUE,em,fiber tracts,2337_AD PHF,em_left
2337_AD PHF_em_right,0.446148569,em,right,2337,AD PHF,0.446148569,TRUE,em,fiber tracts,2337_AD PHF,em_right
2337_AD PHF_fi_left,0.559393221,fi,left,2337,AD PHF,0.559393221,TRUE,fi,fiber tracts,2337_AD PHF,fi_left
2337_AD PHF_fi_right,0.433924537,fi,right,2337,AD PHF,0.433924537,TRUE,fi,fiber tracts,2337_AD PHF,fi_right
2337_AD PHF_fiber tracts_left,0.53263807,fiber tracts,left,2337,AD PHF,0.53263807,TRUE,fiber tracts,fiber tracts,2337_AD PHF,fiber tracts_left
2337_AD PHF_fiber tracts_right,0.406156472,fiber tracts,right,2337,AD PHF,0.406156472,TRUE,fiber tracts,fiber tracts,2337_AD PHF,fiber tracts_right
2337_AD PHF_fr_left,0.017413078,fr,left,2337,AD PHF,0.017413078,TRUE,fr,fiber tracts,2337_AD PHF,fr_left
2337_AD PHF_fr_right,-0.336089913,fr,right,2337,AD PHF,0,TRUE,fr,fiber tracts,2337_AD PHF,fr_right
2337_AD PHF_fx_left,0.696513446,fx,left,2337,AD PHF,0.696513446,TRUE,fx,fiber tracts,2337_AD PHF,fx_left
2337_AD PHF_fx_right,0.438951269,fx,right,2337,AD PHF,0.438951269,TRUE,fx,fiber tracts,2337_AD PHF,fx_right
2337_AD PHF_hbc_left,-5,hbc,left,2337,AD PHF,0,TRUE,hbc,fiber tracts,2337_AD PHF,hbc_left
2337_AD PHF_hbc_right,-5,hbc,right,2337,AD PHF,0,TRUE,hbc,fiber tracts,2337_AD PHF,hbc_right
2337_AD PHF_int_left,0.291309238,int,left,2337,AD PHF,0.291309238,TRUE,int,fiber tracts,2337_AD PHF,int_left
2337_AD PHF_int_right,0.338629344,int,right,2337,AD PHF,0.338629344,TRUE,int,fiber tracts,2337_AD PHF,int_right
2337_AD PHF_ll_left,0.366522346,ll,left,2337,AD PHF,0.366522346,TRUE,ll,fiber tracts,2337_AD PHF,ll_left
2337_AD PHF_ll_right,0.41462237,ll,right,2337,AD PHF,0.41462237,TRUE,ll,fiber tracts,2337_AD PHF,ll_right
2337_AD PHF_lotg_left,0.329781166,lotg,left,2337,AD PHF,0.329781166,TRUE,In,fiber tracts,2337_AD PHF,lotg_left
2337_AD PHF_lotg_right,-0.022846044,lotg,right,2337,AD PHF,0,TRUE,In,fiber tracts,2337_AD PHF,lotg_right
2337_AD PHF_mcp_left,0.55623493,mcp,left,2337,AD PHF,0.55623493,TRUE,mcp,fiber tracts,2337_AD PHF,mcp_left
2337_AD PHF_mcp_right,0.452221389,mcp,right,2337,AD PHF,0.452221389,TRUE,mcp,fiber tracts,2337_AD PHF,mcp_right
2337_AD PHF_ml_left,0.528781479,ml,left,2337,AD PHF,0.528781479,TRUE,ml,fiber tracts,2337_AD PHF,ml_left
2337_AD PHF_ml_right,0.676348975,ml,right,2337,AD PHF,0.676348975,TRUE,ml,fiber tracts,2337_AD PHF,ml_right
2337_AD PHF_mlf_left,-0.420590834,mlf,left,2337,AD PHF,0,TRUE,mlf,fiber tracts,2337_AD PHF,mlf_left
2337_AD PHF_mlf_right,0.476670886,mlf,right,2337,AD PHF,0.476670886,TRUE,mlf,fiber tracts,2337_AD PHF,mlf_right
2337_AD PHF_moV_left,0.111393919,moV,left,2337,AD PHF,0.111393919,TRUE,moV,fiber tracts,2337_AD PHF,moV_left
2337_AD PHF_moV_right,-0.118065822,moV,right,2337,AD PHF,0,TRUE,moV,fiber tracts,2337_AD PHF,moV_right
2337_AD PHF_mtg_left,-0.414885226,mtg,left,2337,AD PHF,0,TRUE,mtg,fiber tracts,2337_AD PHF,mtg_left
2337_AD PHF_mtg_right,0.322656909,mtg,right,2337,AD PHF,0.322656909,TRUE,mtg,fiber tracts,2337_AD PHF,mtg_right
2337_AD PHF_mtt_left,0.130152938,mtt,left,2337,AD PHF,0.130152938,TRUE,mtt,fiber tracts,2337_AD PHF,mtt_left
2337_AD PHF_mtt_right,0.708264671,mtt,right,2337,AD PHF,0.708264671,TRUE,mtt,fiber tracts,2337_AD PHF,mtt_right
2337_AD PHF_nst_left,0.576081279,nst,left,2337,AD PHF,0.576081279,TRUE,nst,fiber tracts,2337_AD PHF,nst_left
2337_AD PHF_nst_right,0.422456753,nst,right,2337,AD PHF,0.422456753,TRUE,nst,fiber tracts,2337_AD PHF,nst_right
2337_AD PHF_opt_left,0.324164023,opt,left,2337,AD PHF,0.324164023,TRUE,opt,fiber tracts,2337_AD PHF,opt_left
2337_AD PHF_opt_right,0.132312469,opt,right,2337,AD PHF,0.132312469,TRUE,opt,fiber tracts,2337_AD PHF,opt_right
2337_AD PHF_or_left,0.264658654,or,left,2337,AD PHF,0.264658654,TRUE,or,fiber tracts,2337_AD PHF,or_left
2337_AD PHF_or_right,0.291109295,or,right,2337,AD PHF,0.291109295,TRUE,or,fiber tracts,2337_AD PHF,or_right
2337_AD PHF_rust_left,0.616033534,rust,left,2337,AD PHF,0.616033534,TRUE,rust,fiber tracts,2337_AD PHF,rust_left
2337_AD PHF_rust_right,0.118765679,rust,right,2337,AD PHF,0.118765679,TRUE,rust,fiber tracts,2337_AD PHF,rust_right
2337_AD PHF_sV_left,-0.847653424,sV,left,2337,AD PHF,0,TRUE,sV,fiber tracts,2337_AD PHF,sV_left
2337_AD PHF_sV_right,-1.316309703,sV,right,2337,AD PHF,0,TRUE,sV,fiber tracts,2337_AD PHF,sV_right
2337_AD PHF_scp_left,0.623303693,scp,left,2337,AD PHF,0.623303693,TRUE,scp,fiber tracts,2337_AD PHF,scp_left
2337_AD PHF_scp_right,-0.31050149,scp,right,2337,AD PHF,0,TRUE,scp,fiber tracts,2337_AD PHF,scp_right
2337_AD PHF_scwm_left,-0.003786546,scwm,left,2337,AD PHF,0,TRUE,scwm,fiber tracts,2337_AD PHF,scwm_left
2337_AD PHF_scwm_right,-0.098918679,scwm,right,2337,AD PHF,0,TRUE,scwm,fiber tracts,2337_AD PHF,scwm_right
2337_AD PHF_st_left,0.597321679,st,left,2337,AD PHF,0.597321679,TRUE,st,fiber tracts,2337_AD PHF,st_left
2337_AD PHF_st_right,0.686065384,st,right,2337,AD PHF,0.686065384,TRUE,st,fiber tracts,2337_AD PHF,st_right
2337_AD PHF_stc_right,0.032334113,stc,right,2337,AD PHF,0.032334113,TRUE,stc,fiber tracts,2337_AD PHF,stc_right
2337_AD PHF_sup_left,0.392218585,sup,left,2337,AD PHF,0.392218585,TRUE,sup,fiber tracts,2337_AD PHF,sup_left
2337_AD PHF_sup_right,0.473728313,sup,right,2337,AD PHF,0.473728313,TRUE,sup,fiber tracts,2337_AD PHF,sup_right
2337_AD PHF_tspc_left,0.324811096,tspc,left,2337,AD PHF,0.324811096,TRUE,tspc,fiber tracts,2337_AD PHF,tspc_left
2337_AD PHF_tspc_right,0.294538856,tspc,right,2337,AD PHF,0.294538856,TRUE,tspc,fiber tracts,2337_AD PHF,tspc_right
2352_AD PHF_ACAd_left,0.768997325,ACAd,left,2352,AD PHF,0.768997325,FALSE,ACA,Isocortex,2352_AD PHF,ACAd_left
2352_AD PHF_ACAd_right,0.79565962,ACAd,right,2352,AD PHF,0.79565962,FALSE,ACA,Isocortex,2352_AD PHF,ACAd_right
2352_AD PHF_ACAv_left,0.845747577,ACAv,left,2352,AD PHF,0.845747577,FALSE,ACA,Isocortex,2352_AD PHF,ACAv_left
2352_AD PHF_ACAv_right,0.829126178,ACAv,right,2352,AD PHF,0.829126178,FALSE,ACA,Isocortex,2352_AD PHF,ACAv_right
2352_AD PHF_ACB_left,0.724554757,ACB,left,2352,AD PHF,0.724554757,FALSE,ACB,STR,2352_AD PHF,ACB_left
2352_AD PHF_ACB_right,0.779513904,ACB,right,2352,AD PHF,0.779513904,FALSE,ACB,STR,2352_AD PHF,ACB_right
2352_AD PHF_AHN_left,0.482153743,AHN,left,2352,AD PHF,0.482153743,FALSE,AHN,HY,2352_AD PHF,AHN_left
2352_AD PHF_AHN_right,0.545059728,AHN,right,2352,AD PHF,0.545059728,FALSE,AHN,HY,2352_AD PHF,AHN_right
2352_AD PHF_AId_left,1.223728271,AId,left,2352,AD PHF,1,FALSE,AI,Isocortex,2352_AD PHF,AId_left
2352_AD PHF_AId_right,1.111633492,AId,right,2352,AD PHF,1,FALSE,AI,Isocortex,2352_AD PHF,AId_right
2352_AD PHF_AIp_left,1.039930579,AIp,left,2352,AD PHF,1,FALSE,AI,Isocortex,2352_AD PHF,AIp_left
2352_AD PHF_AIp_right,0.962048216,AIp,right,2352,AD PHF,0.962048216,FALSE,AI,Isocortex,2352_AD PHF,AIp_right
2352_AD PHF_AIv_left,1.147565933,AIv,left,2352,AD PHF,1,FALSE,AI,Isocortex,2352_AD PHF,AIv_left
2352_AD PHF_AIv_right,0.903196839,AIv,right,2352,AD PHF,0.903196839,FALSE,AI,Isocortex,2352_AD PHF,AIv_right
2352_AD PHF_APr_left,0.857736069,APr,left,2352,AD PHF,0.857736069,FALSE,APr,HPF,2352_AD PHF,APr_left
2352_AD PHF_APr_right,0.946105866,APr,right,2352,AD PHF,0.946105866,FALSE,APr,HPF,2352_AD PHF,APr_right
2352_AD PHF_AQ_left,-1.84808161,AQ,left,2352,AD PHF,0,TRUE,AQ,VS,2352_AD PHF,AQ_left
2352_AD PHF_AQ_right,-1.342436166,AQ,right,2352,AD PHF,0,TRUE,AQ,VS,2352_AD PHF,AQ_right
2352_AD PHF_ARH_left,0.213464277,ARH,left,2352,AD PHF,0.213464277,FALSE,ARH,HY,2352_AD PHF,ARH_left
2352_AD PHF_ARH_right,0.270390594,ARH,right,2352,AD PHF,0.270390594,FALSE,ARH,HY,2352_AD PHF,ARH_right
2352_AD PHF_AT_left,0.148722127,AT,left,2352,AD PHF,0.148722127,FALSE,AT,MB,2352_AD PHF,AT_left
2352_AD PHF_AT_right,1.001261711,AT,right,2352,AD PHF,1,FALSE,AT,MB,2352_AD PHF,AT_right
2352_AD PHF_AUDd_left,1.01484209,AUDd,left,2352,AD PHF,1,FALSE,AUDd,Isocortex,2352_AD PHF,AUDd_left
2352_AD PHF_AUDd_right,0.907682275,AUDd,right,2352,AD PHF,0.907682275,FALSE,AUDd,Isocortex,2352_AD PHF,AUDd_right
2352_AD PHF_AUDp_left,1.15341668,AUDp,left,2352,AD PHF,1,FALSE,AUDp,Isocortex,2352_AD PHF,AUDp_left
2352_AD PHF_AUDp_right,0.672521568,AUDp,right,2352,AD PHF,0.672521568,FALSE,AUDp,Isocortex,2352_AD PHF,AUDp_right
2352_AD PHF_AUDv_left,1.027596453,AUDv,left,2352,AD PHF,1,FALSE,AUDv,Isocortex,2352_AD PHF,AUDv_left
2352_AD PHF_AUDv_right,0.83558893,AUDv,right,2352,AD PHF,0.83558893,FALSE,AUDv,Isocortex,2352_AD PHF,AUDv_right
2352_AD PHF_BA_left,1.086001665,BA,left,2352,AD PHF,1,FALSE,BA,STR,2352_AD PHF,BA_left
2352_AD PHF_BA_right,1.026343938,BA,right,2352,AD PHF,1,FALSE,BA,STR,2352_AD PHF,BA_right
2352_AD PHF_BLA_left,0.945762146,BLA,left,2352,AD PHF,0.945762146,FALSE,BLA,CTXsp,2352_AD PHF,BLA_left
2352_AD PHF_BLA_right,0.839984937,BLA,right,2352,AD PHF,0.839984937,FALSE,BLA,CTXsp,2352_AD PHF,BLA_right
2352_AD PHF_BMA_left,1.019751509,BMA,left,2352,AD PHF,1,FALSE,BMA,CTXsp,2352_AD PHF,BMA_left
2352_AD PHF_BMA_right,0.898666133,BMA,right,2352,AD PHF,0.898666133,FALSE,BMA,CTXsp,2352_AD PHF,BMA_right
2352_AD PHF_CA1_left,0.825096155,CA1,left,2352,AD PHF,0.825096155,FALSE,CA1,HPF,2352_AD PHF,CA1_left
2352_AD PHF_CA1_right,0.73796728,CA1,right,2352,AD PHF,0.73796728,FALSE,CA1,HPF,2352_AD PHF,CA1_right
2352_AD PHF_CA2_left,0.758498957,CA2,left,2352,AD PHF,0.758498957,FALSE,CA2,HPF,2352_AD PHF,CA2_left
2352_AD PHF_CA2_right,0.732852917,CA2,right,2352,AD PHF,0.732852917,FALSE,CA2,HPF,2352_AD PHF,CA2_right
2352_AD PHF_CA3_left,0.745115206,CA3,left,2352,AD PHF,0.745115206,FALSE,CA3,HPF,2352_AD PHF,CA3_left
2352_AD PHF_CA3_right,0.750433391,CA3,right,2352,AD PHF,0.750433391,FALSE,CA3,HPF,2352_AD PHF,CA3_right
2352_AD PHF_CB_left,0.442625713,CB,left,2352,AD PHF,0.442625713,FALSE,CB,CB,2352_AD PHF,CB_left
2352_AD PHF_CB_right,-0.291761127,CB,right,2352,AD PHF,0,FALSE,CB,CB,2352_AD PHF,CB_right
2352_AD PHF_CEA_left,0.844946996,CEA,left,2352,AD PHF,0.844946996,FALSE,CEA,STR,2352_AD PHF,CEA_left
2352_AD PHF_CEA_right,0.891273292,CEA,right,2352,AD PHF,0.891273292,FALSE,CEA,STR,2352_AD PHF,CEA_right
2352_AD PHF_CLA_left,0.789755967,CLA,left,2352,AD PHF,0.789755967,FALSE,CLA,CTXsp,2352_AD PHF,CLA_left
2352_AD PHF_CLA_right,1.035980828,CLA,right,2352,AD PHF,1,FALSE,CLA,CTXsp,2352_AD PHF,CLA_right
2352_AD PHF_CLI_left,-0.504123254,CLI,left,2352,AD PHF,0,FALSE,CLI,MB,2352_AD PHF,CLI_left
2352_AD PHF_CLI_right,0.826734272,CLI,right,2352,AD PHF,0.826734272,FALSE,CLI,MB,2352_AD PHF,CLI_right
2352_AD PHF_CL_left,0.703130796,CL,left,2352,AD PHF,0.703130796,FALSE,CL,TH,2352_AD PHF,CL_left
2352_AD PHF_CL_right,0.678669056,CL,right,2352,AD PHF,0.678669056,FALSE,CL,TH,2352_AD PHF,CL_right
2352_AD PHF_CM_left,0.624704267,CM,left,2352,AD PHF,0.624704267,FALSE,CM,TH,2352_AD PHF,CM_left
2352_AD PHF_CM_right,0.621663114,CM,right,2352,AD PHF,0.621663114,FALSE,CM,TH,2352_AD PHF,CM_right
2352_AD PHF_COA_left,1.055324099,COA,left,2352,AD PHF,1,FALSE,COA,OLF,2352_AD PHF,COA_left
2352_AD PHF_COA_right,1.013469952,COA,right,2352,AD PHF,1,FALSE,COA,OLF,2352_AD PHF,COA_right
2352_AD PHF_COAp_left,-0.530232963,COAp,left,2352,AD PHF,0,FALSE,COA,OLF,2352_AD PHF,COAp_left
2352_AD PHF_COAp_right,-1.59361825,COAp,right,2352,AD PHF,0,FALSE,COA,OLF,2352_AD PHF,COAp_right
2352_AD PHF_CP_left,0.64761622,CP,left,2352,AD PHF,0.64761622,FALSE,CP,STR,2352_AD PHF,CP_left
2352_AD PHF_CP_right,0.658804392,CP,right,2352,AD PHF,0.658804392,FALSE,CP,STR,2352_AD PHF,CP_right
2352_AD PHF_CS_left,0.122527093,CS,left,2352,AD PHF,0.122527093,FALSE,CS,P,2352_AD PHF,CS_left
2352_AD PHF_CS_right,0.578196894,CS,right,2352,AD PHF,0.578196894,FALSE,CS,P,2352_AD PHF,CS_right
2352_AD PHF_CTXsp_left,0.903089062,CTXsp,left,2352,AD PHF,0.903089062,FALSE,CTXsp,CTXsp,2352_AD PHF,CTXsp_left
2352_AD PHF_CTXsp_right,0.876196265,CTXsp,right,2352,AD PHF,0.876196265,FALSE,CTXsp,CTXsp,2352_AD PHF,CTXsp_right
2352_AD PHF_DG_left,0.511873695,DG,left,2352,AD PHF,0.511873695,FALSE,DG,HPF,2352_AD PHF,DG_left
2352_AD PHF_DG_right,0.497049494,DG,right,2352,AD PHF,0.497049494,FALSE,DG,HPF,2352_AD PHF,DG_right
2352_AD PHF_DMH_left,0.621226301,DMH,left,2352,AD PHF,0.621226301,FALSE,DMH,HY,2352_AD PHF,DMH_left
2352_AD PHF_DMH_right,0.615288135,DMH,right,2352,AD PHF,0.615288135,FALSE,DMH,HY,2352_AD PHF,DMH_right
2352_AD PHF_DR_left,0.939490699,DR,left,2352,AD PHF,0.939490699,FALSE,DR,MB,2352_AD PHF,DR_left
2352_AD PHF_DR_right,0.801289333,DR,right,2352,AD PHF,0.801289333,FALSE,DR,MB,2352_AD PHF,DR_right
2352_AD PHF_ECT_left,1.167153632,ECT,left,2352,AD PHF,1,FALSE,ECT,Isocortex,2352_AD PHF,ECT_left
2352_AD PHF_ECT_right,0.868849433,ECT,right,2352,AD PHF,0.868849433,FALSE,ECT,Isocortex,2352_AD PHF,ECT_right
2352_AD PHF_ENTl_left,1.271748473,ENTl,left,2352,AD PHF,1,FALSE,ENT,HPF,2352_AD PHF,ENTl_left
2352_AD PHF_ENTl_right,1.338089355,ENTl,right,2352,AD PHF,1,FALSE,ENT,HPF,2352_AD PHF,ENTl_right
2352_AD PHF_ENTm_left,1.199538779,ENTm,left,2352,AD PHF,1,FALSE,ENT,HPF,2352_AD PHF,ENTm_left
2352_AD PHF_ENTm_right,1.201918501,ENTm,right,2352,AD PHF,1,FALSE,ENT,HPF,2352_AD PHF,ENTm_right
2352_AD PHF_EP_left,1.014893778,EP,left,2352,AD PHF,1,FALSE,EP,CTXsp,2352_AD PHF,EP_left
2352_AD PHF_EP_right,0.894172139,EP,right,2352,AD PHF,0.894172139,FALSE,EP,CTXsp,2352_AD PHF,EP_right
2352_AD PHF_Eth_left,0.798566166,Eth,left,2352,AD PHF,0.798566166,FALSE,Eth,TH,2352_AD PHF,Eth_left
2352_AD PHF_Eth_right,0.761007973,Eth,right,2352,AD PHF,0.761007973,FALSE,Eth,TH,2352_AD PHF,Eth_right
2352_AD PHF_FC_left,0.821547325,FC,left,2352,AD PHF,0.821547325,FALSE,FC,HPF,2352_AD PHF,FC_left
2352_AD PHF_FC_right,0.770448299,FC,right,2352,AD PHF,0.770448299,FALSE,FC,HPF,2352_AD PHF,FC_right
2352_AD PHF_GU_left,1.113305429,GU,left,2352,AD PHF,1,FALSE,GU,Isocortex,2352_AD PHF,GU_left
2352_AD PHF_GU_right,1.204110554,GU,right,2352,AD PHF,1,FALSE,GU,Isocortex,2352_AD PHF,GU_right
2352_AD PHF_HATA_left,1.34837089,HATA,left,2352,AD PHF,1,FALSE,HATA,HPF,2352_AD PHF,HATA_left
2352_AD PHF_HATA_right,1.375558483,HATA,right,2352,AD PHF,1,FALSE,HATA,HPF,2352_AD PHF,HATA_right
2352_AD PHF_HPF_left,0.760796296,HPF,left,2352,AD PHF,0.760796296,FALSE,HPF,HPF,2352_AD PHF,HPF_left
2352_AD PHF_HPF_right,0.799257919,HPF,right,2352,AD PHF,0.799257919,FALSE,HPF,HPF,2352_AD PHF,HPF_right
2352_AD PHF_HY_left,0.685715254,HY,left,2352,AD PHF,0.685715254,FALSE,HY,HY,2352_AD PHF,HY_left
2352_AD PHF_HY_right,0.65582922,HY,right,2352,AD PHF,0.65582922,FALSE,HY,HY,2352_AD PHF,HY_right
2352_AD PHF_IA_left,0.920987628,IA,left,2352,AD PHF,0.920987628,FALSE,IA,STR,2352_AD PHF,IA_left
2352_AD PHF_IA_right,0.925209854,IA,right,2352,AD PHF,0.925209854,FALSE,IA,STR,2352_AD PHF,IA_right
2352_AD PHF_IC_left,0.643091745,IC,left,2352,AD PHF,0.643091745,FALSE,IC,MB,2352_AD PHF,IC_left
2352_AD PHF_IC_right,0.679738721,IC,right,2352,AD PHF,0.679738721,FALSE,IC,MB,2352_AD PHF,IC_right
2352_AD PHF_IG_left,0.507555619,IG,left,2352,AD PHF,0.507555619,FALSE,IG,HPF,2352_AD PHF,IG_left
2352_AD PHF_IG_right,0.681934189,IG,right,2352,AD PHF,0.681934189,FALSE,IG,HPF,2352_AD PHF,IG_right
2352_AD PHF_IMD_left,0.563623488,IMD,left,2352,AD PHF,0.563623488,FALSE,IMD,TH,2352_AD PHF,IMD_left
2352_AD PHF_IMD_right,0.80454243,IMD,right,2352,AD PHF,0.80454243,FALSE,IMD,TH,2352_AD PHF,IMD_right
2352_AD PHF_IV_left,0.921652601,IV,left,2352,AD PHF,0.921652601,FALSE,IV,MB,2352_AD PHF,IV_left
2352_AD PHF_IV_right,-0.209405116,IV,right,2352,AD PHF,0,FALSE,IV,MB,2352_AD PHF,IV_right
2352_AD PHF_In_left,0.490097372,In,left,2352,AD PHF,0.490097372,TRUE,In,fiber tracts,2352_AD PHF,In_left
2352_AD PHF_In_right,0.421897428,In,right,2352,AD PHF,0.421897428,TRUE,In,fiber tracts,2352_AD PHF,In_right
2352_AD PHF_LA_left,0.915073882,LA,left,2352,AD PHF,0.915073882,FALSE,LA,CTXsp,2352_AD PHF,LA_left
2352_AD PHF_LA_right,0.793620793,LA,right,2352,AD PHF,0.793620793,FALSE,LA,CTXsp,2352_AD PHF,LA_right
2352_AD PHF_LD_left,0.182674129,LD,left,2352,AD PHF,0.182674129,FALSE,LD,TH,2352_AD PHF,LD_left
2352_AD PHF_LD_right,0.814328384,LD,right,2352,AD PHF,0.814328384,FALSE,LD,TH,2352_AD PHF,LD_right
2352_AD PHF_LGd_left,0.738817215,LGd,left,2352,AD PHF,0.738817215,FALSE,LGd,TH,2352_AD PHF,LGd_left
2352_AD PHF_LGd_right,0.794828821,LGd,right,2352,AD PHF,0.794828821,FALSE,LGd,TH,2352_AD PHF,LGd_right
2352_AD PHF_LGv_left,0.696295209,LGv,left,2352,AD PHF,0.696295209,FALSE,LGv,TH,2352_AD PHF,LGv_left
2352_AD PHF_LGv_right,1.06896252,LGv,right,2352,AD PHF,1,FALSE,LGv,TH,2352_AD PHF,LGv_right
2352_AD PHF_LHA_left,0.614342216,LHA,left,2352,AD PHF,0.614342216,FALSE,LHA,HY,2352_AD PHF,LHA_left
2352_AD PHF_LHA_right,0.551611992,LHA,right,2352,AD PHF,0.551611992,FALSE,LHA,HY,2352_AD PHF,LHA_right
2352_AD PHF_LH_left,0.195953072,LH,left,2352,AD PHF,0.195953072,FALSE,LH,TH,2352_AD PHF,LH_left
2352_AD PHF_LH_right,0.262181892,LH,right,2352,AD PHF,0.262181892,FALSE,LH,TH,2352_AD PHF,LH_right
2352_AD PHF_LP_left,0.729810548,LP,left,2352,AD PHF,0.729810548,FALSE,LP,TH,2352_AD PHF,LP_left
2352_AD PHF_LP_right,0.746887547,LP,right,2352,AD PHF,0.746887547,FALSE,LP,TH,2352_AD PHF,LP_right
2352_AD PHF_LS_left,0.837659829,LS,left,2352,AD PHF,0.837659829,FALSE,LS,STR,2352_AD PHF,LS_left
2352_AD PHF_LS_right,0.877629564,LS,right,2352,AD PHF,0.877629564,FALSE,LS,STR,2352_AD PHF,LS_right
2352_AD PHF_MB_left,0.521103151,MB,left,2352,AD PHF,0.521103151,FALSE,MB,MB,2352_AD PHF,MB_left
2352_AD PHF_MB_right,0.545995943,MB,right,2352,AD PHF,0.545995943,FALSE,MB,MB,2352_AD PHF,MB_right
2352_AD PHF_MD_left,0.658453136,MD,left,2352,AD PHF,0.658453136,FALSE,MD,TH,2352_AD PHF,MD_left
2352_AD PHF_MD_right,0.662546961,MD,right,2352,AD PHF,0.662546961,FALSE,MD,TH,2352_AD PHF,MD_right
2352_AD PHF_MEA_left,0.878950517,MEA,left,2352,AD PHF,0.878950517,FALSE,MEA,STR,2352_AD PHF,MEA_left
2352_AD PHF_MEA_right,0.91989336,MEA,right,2352,AD PHF,0.91989336,FALSE,MEA,STR,2352_AD PHF,MEA_right
2352_AD PHF_MEZ_left,0.454427382,MEZ,left,2352,AD PHF,0.454427382,FALSE,MEZ,HY,2352_AD PHF,MEZ_left
2352_AD PHF_MEZ_right,0.328538184,MEZ,right,2352,AD PHF,0.328538184,FALSE,MEZ,HY,2352_AD PHF,MEZ_right
2352_AD PHF_MH_left,-0.045410155,MH,left,2352,AD PHF,0,FALSE,MH,TH,2352_AD PHF,MH_left
2352_AD PHF_MH_right,-0.124686505,MH,right,2352,AD PHF,0,FALSE,MH,TH,2352_AD PHF,MH_right
2352_AD PHF_MOp_left,1.017228078,MOp,left,2352,AD PHF,1,FALSE,MOp,Isocortex,2352_AD PHF,MOp_left
2352_AD PHF_MOp_right,0.982068941,MOp,right,2352,AD PHF,0.982068941,FALSE,MOp,Isocortex,2352_AD PHF,MOp_right
2352_AD PHF_MOs_left,0.96422708,MOs,left,2352,AD PHF,0.96422708,FALSE,MOs,Isocortex,2352_AD PHF,MOs_left
2352_AD PHF_MOs_right,0.936326516,MOs,right,2352,AD PHF,0.936326516,FALSE,MOs,Isocortex,2352_AD PHF,MOs_right
2352_AD PHF_MRN_left,0.38447137,MRN,left,2352,AD PHF,0.38447137,FALSE,MRN,MB,2352_AD PHF,MRN_left
2352_AD PHF_MRN_right,0.476689649,MRN,right,2352,AD PHF,0.476689649,FALSE,MRN,MB,2352_AD PHF,MRN_right
2352_AD PHF_MS_left,0.272419891,MS,left,2352,AD PHF,0.272419891,FALSE,MS,PAL,2352_AD PHF,MS_left
2352_AD PHF_MS_right,0.16596519,MS,right,2352,AD PHF,0.16596519,FALSE,MS,PAL,2352_AD PHF,MS_right
2352_AD PHF_NDB_left,0.565545147,NDB,left,2352,AD PHF,0.565545147,FALSE,NDB,PAL,2352_AD PHF,NDB_left
2352_AD PHF_NDB_right,0.477674189,NDB,right,2352,AD PHF,0.477674189,FALSE,NDB,PAL,2352_AD PHF,NDB_right
2352_AD PHF_NLL_left,0.579652028,NLL,left,2352,AD PHF,0.579652028,FALSE,NLL,P,2352_AD PHF,NLL_left
2352_AD PHF_NLL_right,0.447766668,NLL,right,2352,AD PHF,0.447766668,FALSE,NLL,P,2352_AD PHF,NLL_right
2352_AD PHF_NLOT_left,0.936817699,NLOT,left,2352,AD PHF,0.936817699,FALSE,NLOT,OLF,2352_AD PHF,NLOT_left
2352_AD PHF_NLOT_right,1.044918615,NLOT,right,2352,AD PHF,1,FALSE,NLOT,OLF,2352_AD PHF,NLOT_right
2352_AD PHF_OLF_left,0.847177324,OLF,left,2352,AD PHF,0.847177324,FALSE,OLF,OLF,2352_AD PHF,OLF_left
2352_AD PHF_OLF_right,0.807181381,OLF,right,2352,AD PHF,0.807181381,FALSE,OLF,OLF,2352_AD PHF,OLF_right
2352_AD PHF_OT_left,0.915136603,OT,left,2352,AD PHF,0.915136603,FALSE,OT,STR,2352_AD PHF,OT_left
2352_AD PHF_OT_right,0.904237839,OT,right,2352,AD PHF,0.904237839,FALSE,OT,STR,2352_AD PHF,OT_right
2352_AD PHF_PAA_left,1.25281067,PAA,left,2352,AD PHF,1,FALSE,PAA,OLF,2352_AD PHF,PAA_left
2352_AD PHF_PAA_right,1.10814036,PAA,right,2352,AD PHF,1,FALSE,PAA,OLF,2352_AD PHF,PAA_right
2352_AD PHF_PAG_left,0.476318282,PAG,left,2352,AD PHF,0.476318282,FALSE,PAG,MB,2352_AD PHF,PAG_left
2352_AD PHF_PAG_right,0.466331937,PAG,right,2352,AD PHF,0.466331937,FALSE,PAG,MB,2352_AD PHF,PAG_right
2352_AD PHF_PAL_left,0.473954716,PAL,left,2352,AD PHF,0.473954716,FALSE,PAL,PAL,2352_AD PHF,PAL_left
2352_AD PHF_PAL_right,0.604069039,PAL,right,2352,AD PHF,0.604069039,FALSE,PAL,PAL,2352_AD PHF,PAL_right
2352_AD PHF_PALd_left,0.601392853,PALd,left,2352,AD PHF,0.601392853,FALSE,PAL,PAL,2352_AD PHF,PALd_left
2352_AD PHF_PALd_right,0.735075613,PALd,right,2352,AD PHF,0.735075613,FALSE,PAL,PAL,2352_AD PHF,PALd_right
2352_AD PHF_PAR_left,0.950029311,PAR,left,2352,AD PHF,0.950029311,FALSE,PAR,HPF,2352_AD PHF,PAR_left
2352_AD PHF_PAR_right,1.07025593,PAR,right,2352,AD PHF,1,FALSE,PAR,HPF,2352_AD PHF,PAR_right
2352_AD PHF_PBG_left,0.316607002,PBG,left,2352,AD PHF,0.316607002,FALSE,PBG,MB,2352_AD PHF,PBG_left
2352_AD PHF_PBG_right,0.084221296,PBG,right,2352,AD PHF,0.084221296,FALSE,PBG,MB,2352_AD PHF,PBG_right
2352_AD PHF_PCN_left,0.734830793,PCN,left,2352,AD PHF,0.734830793,FALSE,PCN,TH,2352_AD PHF,PCN_left
2352_AD PHF_PCN_right,0.772371987,PCN,right,2352,AD PHF,0.772371987,FALSE,PCN,TH,2352_AD PHF,PCN_right
2352_AD PHF_PERI_left,1.202417973,PERI,left,2352,AD PHF,1,FALSE,PERI,Isocortex,2352_AD PHF,PERI_left
2352_AD PHF_PERI_right,1.218353828,PERI,right,2352,AD PHF,1,FALSE,PERI,Isocortex,2352_AD PHF,PERI_right
2352_AD PHF_PG_left,0.968223218,PG,left,2352,AD PHF,0.968223218,FALSE,PG,P,2352_AD PHF,PG_left
2352_AD PHF_PG_right,0.996118963,PG,right,2352,AD PHF,0.996118963,FALSE,PG,P,2352_AD PHF,PG_right
2352_AD PHF_PIR_left,1.138634714,PIR,left,2352,AD PHF,1,FALSE,PIR,OLF,2352_AD PHF,PIR_left
2352_AD PHF_PIR_right,0.983661508,PIR,right,2352,AD PHF,0.983661508,FALSE,PIR,OLF,2352_AD PHF,PIR_right
2352_AD PHF_POST_left,0.841394005,POST,left,2352,AD PHF,0.841394005,FALSE,POST,HPF,2352_AD PHF,POST_left
2352_AD PHF_POST_right,0.798620566,POST,right,2352,AD PHF,0.798620566,FALSE,POST,HPF,2352_AD PHF,POST_right
2352_AD PHF_PO_left,0.862153177,PO,left,2352,AD PHF,0.862153177,FALSE,PO,TH,2352_AD PHF,PO_left
2352_AD PHF_PO_right,0.923877922,PO,right,2352,AD PHF,0.923877922,FALSE,PO,TH,2352_AD PHF,PO_right
2352_AD PHF_PPN_left,0.481017195,PPN,left,2352,AD PHF,0.481017195,FALSE,PPN,MB,2352_AD PHF,PPN_left
2352_AD PHF_PPN_right,0.157415042,PPN,right,2352,AD PHF,0.157415042,FALSE,PPN,MB,2352_AD PHF,PPN_right
2352_AD PHF_PRC_left,0.126567469,PRC,left,2352,AD PHF,0.126567469,FALSE,PRC,MB,2352_AD PHF,PRC_left
2352_AD PHF_PRC_right,-1.701715963,PRC,right,2352,AD PHF,0,FALSE,PRC,MB,2352_AD PHF,PRC_right
2352_AD PHF_PRE_left,1.063027474,PRE,left,2352,AD PHF,1,FALSE,PRE,HPF,2352_AD PHF,PRE_left
2352_AD PHF_PRE_right,1.141833603,PRE,right,2352,AD PHF,1,FALSE,PRE,HPF,2352_AD PHF,PRE_right
2352_AD PHF_PRNr_left,0.491702916,PRNr,left,2352,AD PHF,0.491702916,FALSE,PRNr,P,2352_AD PHF,PRNr_left
2352_AD PHF_PRNr_right,0.619854422,PRNr,right,2352,AD PHF,0.619854422,FALSE,PRNr,P,2352_AD PHF,PRNr_right
2352_AD PHF_PR_left,0.447841942,PR,left,2352,AD PHF,0.447841942,FALSE,PR,TH,2352_AD PHF,PR_left
2352_AD PHF_PR_right,0.577101501,PR,right,2352,AD PHF,0.577101501,FALSE,PR,TH,2352_AD PHF,PR_right
2352_AD PHF_PVT_left,0.060050972,PVT,left,2352,AD PHF,0.060050972,FALSE,PVT,TH,2352_AD PHF,PVT_left
2352_AD PHF_PVT_right,-0.068089791,PVT,right,2352,AD PHF,0,FALSE,PVT,TH,2352_AD PHF,PVT_right
2352_AD PHF_PVZ_left,0.322690865,PVZ,left,2352,AD PHF,0.322690865,FALSE,PVZ,HY,2352_AD PHF,PVZ_left
2352_AD PHF_PVZ_right,0.564977439,PVZ,right,2352,AD PHF,0.564977439,FALSE,PVZ,HY,2352_AD PHF,PVZ_right
2352_AD PHF_P_left,0.497274072,P,left,2352,AD PHF,0.497274072,FALSE,P,P,2352_AD PHF,P_left
2352_AD PHF_P_right,0.773927088,P,right,2352,AD PHF,0.773927088,FALSE,P,P,2352_AD PHF,P_right
2352_AD PHF_Pa4_left,-0.601452982,Pa4,left,2352,AD PHF,0,FALSE,Pa4,MB,2352_AD PHF,Pa4_left
2352_AD PHF_Pa4_right,0.717706327,Pa4,right,2352,AD PHF,0.717706327,FALSE,Pa4,MB,2352_AD PHF,Pa4_right
2352_AD PHF_PeF_left,0.371108665,PeF,left,2352,AD PHF,0.371108665,FALSE,PeF,HY,2352_AD PHF,PeF_left
2352_AD PHF_PeF_right,0.553209419,PeF,right,2352,AD PHF,0.553209419,FALSE,PeF,HY,2352_AD PHF,PeF_right
2352_AD PHF_RCH_left,0.827161336,RCH,left,2352,AD PHF,0.827161336,FALSE,RCH,HY,2352_AD PHF,RCH_left
2352_AD PHF_RCH_right,0.673016556,RCH,right,2352,AD PHF,0.673016556,FALSE,RCH,HY,2352_AD PHF,RCH_right
2352_AD PHF_RE_left,0.476094595,RE,left,2352,AD PHF,0.476094595,FALSE,RE,TH,2352_AD PHF,RE_left
2352_AD PHF_RE_right,0.481218547,RE,right,2352,AD PHF,0.481218547,FALSE,RE,TH,2352_AD PHF,RE_right
2352_AD PHF_RH_left,0.315854865,RH,left,2352,AD PHF,0.315854865,FALSE,RH,TH,2352_AD PHF,RH_left
2352_AD PHF_RH_right,0.013674535,RH,right,2352,AD PHF,0.013674535,FALSE,RH,TH,2352_AD PHF,RH_right
2352_AD PHF_RSPagl_left,1.05244291,RSPagl,left,2352,AD PHF,1,FALSE,RSP,Isocortex,2352_AD PHF,RSPagl_left
2352_AD PHF_RSPagl_right,0.953070988,RSPagl,right,2352,AD PHF,0.953070988,FALSE,RSP,Isocortex,2352_AD PHF,RSPagl_right
2352_AD PHF_RSPd_left,1.016593793,RSPd,left,2352,AD PHF,1,FALSE,RSP,Isocortex,2352_AD PHF,RSPd_left
2352_AD PHF_RSPd_right,0.981083389,RSPd,right,2352,AD PHF,0.981083389,FALSE,RSP,Isocortex,2352_AD PHF,RSPd_right
2352_AD PHF_RSPv_left,0.850927913,RSPv,left,2352,AD PHF,0.850927913,FALSE,RSP,Isocortex,2352_AD PHF,RSPv_left
2352_AD PHF_RSPv_right,0.829186781,RSPv,right,2352,AD PHF,0.829186781,FALSE,RSP,Isocortex,2352_AD PHF,RSPv_right
2352_AD PHF_RT_left,0.792610391,RT,left,2352,AD PHF,0.792610391,FALSE,RT,TH,2352_AD PHF,RT_left
2352_AD PHF_RT_right,0.761979886,RT,right,2352,AD PHF,0.761979886,FALSE,RT,TH,2352_AD PHF,RT_right
2352_AD PHF_SAG_left,0.203881321,SAG,left,2352,AD PHF,0.203881321,FALSE,SAG,MB,2352_AD PHF,SAG_left
2352_AD PHF_SAG_right,0.331838851,SAG,right,2352,AD PHF,0.331838851,FALSE,SAG,MB,2352_AD PHF,SAG_right
2352_AD PHF_SCm_left,0.501906865,SCm,left,2352,AD PHF,0.501906865,FALSE,MBmot,MB,2352_AD PHF,SCm_left
2352_AD PHF_SCm_right,0.558248084,SCm,right,2352,AD PHF,0.558248084,FALSE,MBmot,MB,2352_AD PHF,SCm_right
2352_AD PHF_SCs_left,0.386684025,SCs,left,2352,AD PHF,0.386684025,FALSE,MBsen,MB,2352_AD PHF,SCs_left
2352_AD PHF_SCs_right,0.624539296,SCs,right,2352,AD PHF,0.624539296,FALSE,MBsen,MB,2352_AD PHF,SCs_right
2352_AD PHF_SEZ_left,-1.299946504,SEZ,left,2352,AD PHF,0,TRUE,SEZ,VS,2352_AD PHF,SEZ_left
2352_AD PHF_SEZ_right,-0.589898811,SEZ,right,2352,AD PHF,0,TRUE,SEZ,VS,2352_AD PHF,SEZ_right
2352_AD PHF_SH_left,1.109215327,SH,left,2352,AD PHF,1,FALSE,SH,STR,2352_AD PHF,SH_left
2352_AD PHF_SH_right,0.530255453,SH,right,2352,AD PHF,0.530255453,FALSE,SH,STR,2352_AD PHF,SH_right
2352_AD PHF_SI_left,0.870468559,SI,left,2352,AD PHF,0.870468559,FALSE,SI,PAL,2352_AD PHF,SI_left
2352_AD PHF_SI_right,0.845080114,SI,right,2352,AD PHF,0.845080114,FALSE,SI,PAL,2352_AD PHF,SI_right
2352_AD PHF_SMT_left,0.768376888,SMT,left,2352,AD PHF,0.768376888,FALSE,SMT,TH,2352_AD PHF,SMT_left
2352_AD PHF_SMT_right,0.548932018,SMT,right,2352,AD PHF,0.548932018,FALSE,SMT,TH,2352_AD PHF,SMT_right
2352_AD PHF_SSp-bfd_left,0.987577431,SSp-bfd,left,2352,AD PHF,0.987577431,FALSE,SSp,Isocortex,2352_AD PHF,SSp-bfd_left
2352_AD PHF_SSp-bfd_right,0.877393902,SSp-bfd,right,2352,AD PHF,0.877393902,FALSE,SSp,Isocortex,2352_AD PHF,SSp-bfd_right
2352_AD PHF_SSp-m_left,1.112817633,SSp-m,left,2352,AD PHF,1,FALSE,SSp,Isocortex,2352_AD PHF,SSp-m_left
2352_AD PHF_SSp-m_right,1.10761089,SSp-m,right,2352,AD PHF,1,FALSE,SSp,Isocortex,2352_AD PHF,SSp-m_right
2352_AD PHF_SSp-ul_left,1.369191281,SSp-ul,left,2352,AD PHF,1,FALSE,SSp,Isocortex,2352_AD PHF,SSp-ul_left
2352_AD PHF_SSp-ul_right,1.208399442,SSp-ul,right,2352,AD PHF,1,FALSE,SSp,Isocortex,2352_AD PHF,SSp-ul_right
2352_AD PHF_SSs_left,1.000272457,SSs,left,2352,AD PHF,1,FALSE,SSs,Isocortex,2352_AD PHF,SSs_left
2352_AD PHF_SSs_right,0.931152412,SSs,right,2352,AD PHF,0.931152412,FALSE,SSs,Isocortex,2352_AD PHF,SSs_right
2352_AD PHF_STN_left,0.646933874,STN,left,2352,AD PHF,0.646933874,FALSE,STN,HY,2352_AD PHF,STN_left
2352_AD PHF_STN_right,0.72814541,STN,right,2352,AD PHF,0.72814541,FALSE,STN,HY,2352_AD PHF,STN_right
2352_AD PHF_STR_left,0.768230885,STR,left,2352,AD PHF,0.768230885,FALSE,STR,STR,2352_AD PHF,STR_left
2352_AD PHF_STR_right,0.80453517,STR,right,2352,AD PHF,0.80453517,FALSE,STR,STR,2352_AD PHF,STR_right
2352_AD PHF_SUB_left,1.176284534,SUB,left,2352,AD PHF,1,FALSE,SUB,HPF,2352_AD PHF,SUB_left
2352_AD PHF_SUB_right,1.20167874,SUB,right,2352,AD PHF,1,FALSE,SUB,HPF,2352_AD PHF,SUB_right
2352_AD PHF_TEa_left,1.155860558,TEa,left,2352,AD PHF,1,FALSE,TEa,Isocortex,2352_AD PHF,TEa_left
2352_AD PHF_TEa_right,0.654234051,TEa,right,2352,AD PHF,0.654234051,FALSE,TEa,Isocortex,2352_AD PHF,TEa_right
2352_AD PHF_TH_left,0.565365022,TH,left,2352,AD PHF,0.565365022,FALSE,TH,TH,2352_AD PHF,TH_left
2352_AD PHF_TH_right,0.539287327,TH,right,2352,AD PHF,0.539287327,FALSE,TH,TH,2352_AD PHF,TH_right
2352_AD PHF_TRN_left,0.786281251,TRN,left,2352,AD PHF,0.786281251,FALSE,TRN,P,2352_AD PHF,TRN_left
2352_AD PHF_TRN_right,0.75774261,TRN,right,2352,AD PHF,0.75774261,FALSE,TRN,P,2352_AD PHF,TRN_right
2352_AD PHF_TU_left,0.785456576,TU,left,2352,AD PHF,0.785456576,FALSE,TU,HY,2352_AD PHF,TU_left
2352_AD PHF_TU_right,0.781170921,TU,right,2352,AD PHF,0.781170921,FALSE,TU,HY,2352_AD PHF,TU_right
2352_AD PHF_V3_left,-0.378320034,V3,left,2352,AD PHF,0,TRUE,V3,VS,2352_AD PHF,V3_left
2352_AD PHF_V3_right,-0.717610893,V3,right,2352,AD PHF,0,TRUE,V3,VS,2352_AD PHF,V3_right
2352_AD PHF_VAL_left,0.667869468,VAL,left,2352,AD PHF,0.667869468,FALSE,VAL,TH,2352_AD PHF,VAL_left
2352_AD PHF_VAL_right,0.666644327,VAL,right,2352,AD PHF,0.666644327,FALSE,VAL,TH,2352_AD PHF,VAL_right
2352_AD PHF_VISC_left,0.963407174,VISC,left,2352,AD PHF,0.963407174,FALSE,VISC,Isocortex,2352_AD PHF,VISC_left
2352_AD PHF_VISC_right,0.950499383,VISC,right,2352,AD PHF,0.950499383,FALSE,VISC,Isocortex,2352_AD PHF,VISC_right
2352_AD PHF_VISa_left,0.952880923,VISa,left,2352,AD PHF,0.952880923,FALSE,VISa,Isocortex,2352_AD PHF,VISa_left
2352_AD PHF_VISa_right,0.931518791,VISa,right,2352,AD PHF,0.931518791,FALSE,VISa,Isocortex,2352_AD PHF,VISa_right
2352_AD PHF_VISam_left,1.048332256,VISam,left,2352,AD PHF,1,FALSE,VISam,Isocortex,2352_AD PHF,VISam_left
2352_AD PHF_VISam_right,0.85311857,VISam,right,2352,AD PHF,0.85311857,FALSE,VISam,Isocortex,2352_AD PHF,VISam_right
2352_AD PHF_VISl_left,1.209926823,VISl,left,2352,AD PHF,1,FALSE,VISl,Isocortex,2352_AD PHF,VISl_left
2352_AD PHF_VISl_right,1.188411727,VISl,right,2352,AD PHF,1,FALSE,VISl,Isocortex,2352_AD PHF,VISl_right
2352_AD PHF_VISp_left,1.098999148,VISp,left,2352,AD PHF,1,FALSE,VISp,Isocortex,2352_AD PHF,VISp_left
2352_AD PHF_VISp_right,1.125764754,VISp,right,2352,AD PHF,1,FALSE,VISp,Isocortex,2352_AD PHF,VISp_right
2352_AD PHF_VISpl_left,1.002259542,VISpl,left,2352,AD PHF,1,FALSE,VISpl,Isocortex,2352_AD PHF,VISpl_left
2352_AD PHF_VISpl_right,1.028905786,VISpl,right,2352,AD PHF,1,FALSE,VISpl,Isocortex,2352_AD PHF,VISpl_right
2352_AD PHF_VISpm_left,1.070605286,VISpm,left,2352,AD PHF,1,FALSE,VISpm,Isocortex,2352_AD PHF,VISpm_left
2352_AD PHF_VISpm_right,1.068562477,VISpm,right,2352,AD PHF,1,FALSE,VISpm,Isocortex,2352_AD PHF,VISpm_right
2352_AD PHF_VISpor_left,1.204264098,VISpor,left,2352,AD PHF,1,FALSE,VISpor,Isocortex,2352_AD PHF,VISpor_left
2352_AD PHF_VISpor_right,1.236835796,VISpor,right,2352,AD PHF,1,FALSE,VISpor,Isocortex,2352_AD PHF,VISpor_right
2352_AD PHF_VISrl_left,1.059140665,VISrl,left,2352,AD PHF,1,FALSE,VISrl,Isocortex,2352_AD PHF,VISrl_left
2352_AD PHF_VISrl_right,0.834813517,VISrl,right,2352,AD PHF,0.834813517,FALSE,VISrl,Isocortex,2352_AD PHF,VISrl_right
2352_AD PHF_VL_left,0.194082452,VL,left,2352,AD PHF,0.194082452,TRUE,VL,VS,2352_AD PHF,VL_left
2352_AD PHF_VL_right,0.137785357,VL,right,2352,AD PHF,0.137785357,TRUE,VL,VS,2352_AD PHF,VL_right
2352_AD PHF_VMH_left,0.888129037,VMH,left,2352,AD PHF,0.888129037,FALSE,VMH,HY,2352_AD PHF,VMH_left
2352_AD PHF_VMH_right,0.956208625,VMH,right,2352,AD PHF,0.956208625,FALSE,VMH,HY,2352_AD PHF,VMH_right
2352_AD PHF_VM_left,0.632468257,VM,left,2352,AD PHF,0.632468257,FALSE,VM,TH,2352_AD PHF,VM_left
2352_AD PHF_VM_right,0.672537774,VM,right,2352,AD PHF,0.672537774,FALSE,VM,TH,2352_AD PHF,VM_right
2352_AD PHF_VPL_left,0.674815237,VPL,left,2352,AD PHF,0.674815237,FALSE,VPL,TH,2352_AD PHF,VPL_left
2352_AD PHF_VPL_right,0.680727549,VPL,right,2352,AD PHF,0.680727549,FALSE,VPL,TH,2352_AD PHF,VPL_right
2352_AD PHF_VPM_left,0.740480444,VPM,left,2352,AD PHF,0.740480444,FALSE,VPM,TH,2352_AD PHF,VPM_left
2352_AD PHF_VPM_right,0.595435473,VPM,right,2352,AD PHF,0.595435473,FALSE,VPM,TH,2352_AD PHF,VPM_right
2352_AD PHF_VP_right,1.444968437,VP,right,2352,AD PHF,1,FALSE,VP,TH,2352_AD PHF,VP_right
2352_AD PHF_Xi_left,0.4428081,Xi,left,2352,AD PHF,0.4428081,FALSE,Xi,TH,2352_AD PHF,Xi_left
2352_AD PHF_Xi_right,0.586616562,Xi,right,2352,AD PHF,0.586616562,FALSE,Xi,TH,2352_AD PHF,Xi_right
2352_AD PHF_ZI_left,0.682997223,ZI,left,2352,AD PHF,0.682997223,FALSE,ZI,HY,2352_AD PHF,ZI_left
2352_AD PHF_ZI_right,0.56213671,ZI,right,2352,AD PHF,0.56213671,FALSE,ZI,HY,2352_AD PHF,ZI_right
2352_AD PHF_alv_left,0.842368543,alv,left,2352,AD PHF,0.842368543,TRUE,alv,fiber tracts,2352_AD PHF,alv_left
2352_AD PHF_alv_right,0.860184604,alv,right,2352,AD PHF,0.860184604,TRUE,alv,fiber tracts,2352_AD PHF,alv_right
2352_AD PHF_amc_left,0.926659993,amc,left,2352,AD PHF,0.926659993,TRUE,amc,fiber tracts,2352_AD PHF,amc_left
2352_AD PHF_amc_right,0.816154675,amc,right,2352,AD PHF,0.816154675,TRUE,amc,fiber tracts,2352_AD PHF,amc_right
2352_AD PHF_ar_left,0.518680544,ar,left,2352,AD PHF,0.518680544,TRUE,ar,fiber tracts,2352_AD PHF,ar_left
2352_AD PHF_ar_right,0.274270973,ar,right,2352,AD PHF,0.274270973,TRUE,ar,fiber tracts,2352_AD PHF,ar_right
2352_AD PHF_bic_left,0.323809216,bic,left,2352,AD PHF,0.323809216,TRUE,bic,fiber tracts,2352_AD PHF,bic_left
2352_AD PHF_bic_right,0.434095531,bic,right,2352,AD PHF,0.434095531,TRUE,bic,fiber tracts,2352_AD PHF,bic_right
2352_AD PHF_cc_left,0.58965974,cc,left,2352,AD PHF,0.58965974,TRUE,cc,fiber tracts,2352_AD PHF,cc_left
2352_AD PHF_cc_right,0.46376432,cc,right,2352,AD PHF,0.46376432,TRUE,cc,fiber tracts,2352_AD PHF,cc_right
2352_AD PHF_ccg_left,-0.057017843,ccg,left,2352,AD PHF,0,TRUE,ccg,fiber tracts,2352_AD PHF,ccg_left
2352_AD PHF_ccg_right,0.262428778,ccg,right,2352,AD PHF,0.262428778,TRUE,ccg,fiber tracts,2352_AD PHF,ccg_right
2352_AD PHF_chpl_left,-0.536322329,chpl,left,2352,AD PHF,0,TRUE,chpl,VS,2352_AD PHF,chpl_left
2352_AD PHF_chpl_right,-0.555326252,chpl,right,2352,AD PHF,0,TRUE,chpl,VS,2352_AD PHF,chpl_right
2352_AD PHF_cing_left,0.487797622,cing,left,2352,AD PHF,0.487797622,TRUE,cing,fiber tracts,2352_AD PHF,cing_left
2352_AD PHF_cing_right,0.325760056,cing,right,2352,AD PHF,0.325760056,TRUE,cing,fiber tracts,2352_AD PHF,cing_right
2352_AD PHF_cst_left,0.882397457,cst,left,2352,AD PHF,0.882397457,TRUE,cst,fiber tracts,2352_AD PHF,cst_left
2352_AD PHF_cst_right,1.271325317,cst,right,2352,AD PHF,1,TRUE,cst,fiber tracts,2352_AD PHF,cst_right
2352_AD PHF_dhc_left,0.686283078,dhc,left,2352,AD PHF,0.686283078,TRUE,dhc,fiber tracts,2352_AD PHF,dhc_left
2352_AD PHF_dhc_right,0.64520144,dhc,right,2352,AD PHF,0.64520144,TRUE,dhc,fiber tracts,2352_AD PHF,dhc_right
2352_AD PHF_dscp_left,0.091886411,dscp,left,2352,AD PHF,0.091886411,TRUE,dscp,fiber tracts,2352_AD PHF,dscp_left
2352_AD PHF_dscp_right,0.159392147,dscp,right,2352,AD PHF,0.159392147,TRUE,dscp,fiber tracts,2352_AD PHF,dscp_right
2352_AD PHF_ec_left,0.792569432,ec,left,2352,AD PHF,0.792569432,TRUE,ec,fiber tracts,2352_AD PHF,ec_left
2352_AD PHF_ec_right,0.673718394,ec,right,2352,AD PHF,0.673718394,TRUE,ec,fiber tracts,2352_AD PHF,ec_right
2352_AD PHF_em_left,0.404850691,em,left,2352,AD PHF,0.404850691,TRUE,em,fiber tracts,2352_AD PHF,em_left
2352_AD PHF_em_right,1.02960009,em,right,2352,AD PHF,1,TRUE,em,fiber tracts,2352_AD PHF,em_right
2352_AD PHF_fi_left,0.624544951,fi,left,2352,AD PHF,0.624544951,TRUE,fi,fiber tracts,2352_AD PHF,fi_left
2352_AD PHF_fi_right,0.525699281,fi,right,2352,AD PHF,0.525699281,TRUE,fi,fiber tracts,2352_AD PHF,fi_right
2352_AD PHF_fiber tracts_left,0.529534847,fiber tracts,left,2352,AD PHF,0.529534847,TRUE,fiber tracts,fiber tracts,2352_AD PHF,fiber tracts_left
2352_AD PHF_fiber tracts_right,0.408924973,fiber tracts,right,2352,AD PHF,0.408924973,TRUE,fiber tracts,fiber tracts,2352_AD PHF,fiber tracts_right
2352_AD PHF_fr_left,0.374007422,fr,left,2352,AD PHF,0.374007422,TRUE,fr,fiber tracts,2352_AD PHF,fr_left
2352_AD PHF_fr_right,0.124476146,fr,right,2352,AD PHF,0.124476146,TRUE,fr,fiber tracts,2352_AD PHF,fr_right
2352_AD PHF_fx_left,0.352463813,fx,left,2352,AD PHF,0.352463813,TRUE,fx,fiber tracts,2352_AD PHF,fx_left
2352_AD PHF_fx_right,0.464363006,fx,right,2352,AD PHF,0.464363006,TRUE,fx,fiber tracts,2352_AD PHF,fx_right
2352_AD PHF_hbc_left,-0.408674195,hbc,left,2352,AD PHF,0,TRUE,hbc,fiber tracts,2352_AD PHF,hbc_left
2352_AD PHF_hbc_right,0.191258617,hbc,right,2352,AD PHF,0.191258617,TRUE,hbc,fiber tracts,2352_AD PHF,hbc_right
2352_AD PHF_int_left,0.578208087,int,left,2352,AD PHF,0.578208087,TRUE,int,fiber tracts,2352_AD PHF,int_left
2352_AD PHF_int_right,0.47108828,int,right,2352,AD PHF,0.47108828,TRUE,int,fiber tracts,2352_AD PHF,int_right
2352_AD PHF_ll_left,0.453912025,ll,left,2352,AD PHF,0.453912025,TRUE,ll,fiber tracts,2352_AD PHF,ll_left
2352_AD PHF_ll_right,0.250432033,ll,right,2352,AD PHF,0.250432033,TRUE,ll,fiber tracts,2352_AD PHF,ll_right
2352_AD PHF_lotg_left,0.341640945,lotg,left,2352,AD PHF,0.341640945,TRUE,In,fiber tracts,2352_AD PHF,lotg_left
2352_AD PHF_lotg_right,-0.279879724,lotg,right,2352,AD PHF,0,TRUE,In,fiber tracts,2352_AD PHF,lotg_right
2352_AD PHF_mcp_left,0.528510021,mcp,left,2352,AD PHF,0.528510021,TRUE,mcp,fiber tracts,2352_AD PHF,mcp_left
2352_AD PHF_mcp_right,0.50893522,mcp,right,2352,AD PHF,0.50893522,TRUE,mcp,fiber tracts,2352_AD PHF,mcp_right
2352_AD PHF_ml_left,0.846667023,ml,left,2352,AD PHF,0.846667023,TRUE,ml,fiber tracts,2352_AD PHF,ml_left
2352_AD PHF_ml_right,0.401606302,ml,right,2352,AD PHF,0.401606302,TRUE,ml,fiber tracts,2352_AD PHF,ml_right
2352_AD PHF_mlf_left,-0.412664819,mlf,left,2352,AD PHF,0,TRUE,mlf,fiber tracts,2352_AD PHF,mlf_left
2352_AD PHF_mlf_right,0.513975815,mlf,right,2352,AD PHF,0.513975815,TRUE,mlf,fiber tracts,2352_AD PHF,mlf_right
2352_AD PHF_moV_left,-0.010856773,moV,left,2352,AD PHF,0,TRUE,moV,fiber tracts,2352_AD PHF,moV_left
2352_AD PHF_moV_right,0.759604321,moV,right,2352,AD PHF,0.759604321,TRUE,moV,fiber tracts,2352_AD PHF,moV_right
2352_AD PHF_mtg_left,0.623673827,mtg,left,2352,AD PHF,0.623673827,TRUE,mtg,fiber tracts,2352_AD PHF,mtg_left
2352_AD PHF_mtg_right,0.767619204,mtg,right,2352,AD PHF,0.767619204,TRUE,mtg,fiber tracts,2352_AD PHF,mtg_right
2352_AD PHF_mtt_left,0.659670274,mtt,left,2352,AD PHF,0.659670274,TRUE,mtt,fiber tracts,2352_AD PHF,mtt_left
2352_AD PHF_mtt_right,0.458221748,mtt,right,2352,AD PHF,0.458221748,TRUE,mtt,fiber tracts,2352_AD PHF,mtt_right
2352_AD PHF_nst_left,0.653107767,nst,left,2352,AD PHF,0.653107767,TRUE,nst,fiber tracts,2352_AD PHF,nst_left
2352_AD PHF_nst_right,0.580123018,nst,right,2352,AD PHF,0.580123018,TRUE,nst,fiber tracts,2352_AD PHF,nst_right
2352_AD PHF_opt_left,0.325790662,opt,left,2352,AD PHF,0.325790662,TRUE,opt,fiber tracts,2352_AD PHF,opt_left
2352_AD PHF_opt_right,0.467996036,opt,right,2352,AD PHF,0.467996036,TRUE,opt,fiber tracts,2352_AD PHF,opt_right
2352_AD PHF_or_left,0.426999693,or,left,2352,AD PHF,0.426999693,TRUE,or,fiber tracts,2352_AD PHF,or_left
2352_AD PHF_or_right,0.51876115,or,right,2352,AD PHF,0.51876115,TRUE,or,fiber tracts,2352_AD PHF,or_right
2352_AD PHF_rust_left,0.631252762,rust,left,2352,AD PHF,0.631252762,TRUE,rust,fiber tracts,2352_AD PHF,rust_left
2352_AD PHF_rust_right,0.240062525,rust,right,2352,AD PHF,0.240062525,TRUE,rust,fiber tracts,2352_AD PHF,rust_right
2352_AD PHF_sV_left,-1.266924981,sV,left,2352,AD PHF,0,TRUE,sV,fiber tracts,2352_AD PHF,sV_left
2352_AD PHF_sV_right,-1.606247488,sV,right,2352,AD PHF,0,TRUE,sV,fiber tracts,2352_AD PHF,sV_right
2352_AD PHF_scp_left,0.560296169,scp,left,2352,AD PHF,0.560296169,TRUE,scp,fiber tracts,2352_AD PHF,scp_left
2352_AD PHF_scp_right,0.611326903,scp,right,2352,AD PHF,0.611326903,TRUE,scp,fiber tracts,2352_AD PHF,scp_right
2352_AD PHF_scwm_left,0.078423045,scwm,left,2352,AD PHF,0.078423045,TRUE,scwm,fiber tracts,2352_AD PHF,scwm_left
2352_AD PHF_scwm_right,0.550007214,scwm,right,2352,AD PHF,0.550007214,TRUE,scwm,fiber tracts,2352_AD PHF,scwm_right
2352_AD PHF_sm_right,1.313949131,sm,right,2352,AD PHF,1,TRUE,sm,fiber tracts,2352_AD PHF,sm_right
2352_AD PHF_st_left,0.952187371,st,left,2352,AD PHF,0.952187371,TRUE,st,fiber tracts,2352_AD PHF,st_left
2352_AD PHF_st_right,0.729674459,st,right,2352,AD PHF,0.729674459,TRUE,st,fiber tracts,2352_AD PHF,st_right
2352_AD PHF_stc_left,0.906150352,stc,left,2352,AD PHF,0.906150352,TRUE,stc,fiber tracts,2352_AD PHF,stc_left
2352_AD PHF_stc_right,0.801180141,stc,right,2352,AD PHF,0.801180141,TRUE,stc,fiber tracts,2352_AD PHF,stc_right
2352_AD PHF_sup_left,0.563973903,sup,left,2352,AD PHF,0.563973903,TRUE,sup,fiber tracts,2352_AD PHF,sup_left
2352_AD PHF_sup_right,0.414136632,sup,right,2352,AD PHF,0.414136632,TRUE,sup,fiber tracts,2352_AD PHF,sup_right
2352_AD PHF_tspc_left,0.535430481,tspc,left,2352,AD PHF,0.535430481,TRUE,tspc,fiber tracts,2352_AD PHF,tspc_left
2352_AD PHF_tspc_right,-0.017934847,tspc,right,2352,AD PHF,0,TRUE,tspc,fiber tracts,2352_AD PHF,tspc_right
2375_AD PHF_ACAd_left,0.747547122,ACAd,left,2375,AD PHF,0.747547122,FALSE,ACA,Isocortex,2375_AD PHF,ACAd_left
2375_AD PHF_ACAd_right,0.818283311,ACAd,right,2375,AD PHF,0.818283311,FALSE,ACA,Isocortex,2375_AD PHF,ACAd_right
2375_AD PHF_ACAv_left,0.731085566,ACAv,left,2375,AD PHF,0.731085566,FALSE,ACA,Isocortex,2375_AD PHF,ACAv_left
2375_AD PHF_ACAv_right,0.769557414,ACAv,right,2375,AD PHF,0.769557414,FALSE,ACA,Isocortex,2375_AD PHF,ACAv_right
2375_AD PHF_ACB_left,0.391696562,ACB,left,2375,AD PHF,0.391696562,FALSE,ACB,STR,2375_AD PHF,ACB_left
2375_AD PHF_ACB_right,0.51751943,ACB,right,2375,AD PHF,0.51751943,FALSE,ACB,STR,2375_AD PHF,ACB_right
2375_AD PHF_AHN_right,0.32103964,AHN,right,2375,AD PHF,0.32103964,FALSE,AHN,HY,2375_AD PHF,AHN_right
2375_AD PHF_AId_left,0.97896145,AId,left,2375,AD PHF,0.97896145,FALSE,AI,Isocortex,2375_AD PHF,AId_left
2375_AD PHF_AId_right,0.963737832,AId,right,2375,AD PHF,0.963737832,FALSE,AI,Isocortex,2375_AD PHF,AId_right
2375_AD PHF_AIp_left,0.878496085,AIp,left,2375,AD PHF,0.878496085,FALSE,AI,Isocortex,2375_AD PHF,AIp_left
2375_AD PHF_AIp_right,0.920625759,AIp,right,2375,AD PHF,0.920625759,FALSE,AI,Isocortex,2375_AD PHF,AIp_right
2375_AD PHF_AIv_left,0.91620447,AIv,left,2375,AD PHF,0.91620447,FALSE,AI,Isocortex,2375_AD PHF,AIv_left
2375_AD PHF_AIv_right,0.908983964,AIv,right,2375,AD PHF,0.908983964,FALSE,AI,Isocortex,2375_AD PHF,AIv_right
2375_AD PHF_APr_left,0.75285563,APr,left,2375,AD PHF,0.75285563,FALSE,APr,HPF,2375_AD PHF,APr_left
2375_AD PHF_APr_right,0.936799472,APr,right,2375,AD PHF,0.936799472,FALSE,APr,HPF,2375_AD PHF,APr_right
2375_AD PHF_AQ_left,-1.626444058,AQ,left,2375,AD PHF,0,TRUE,AQ,VS,2375_AD PHF,AQ_left
2375_AD PHF_AQ_right,-1.083305301,AQ,right,2375,AD PHF,0,TRUE,AQ,VS,2375_AD PHF,AQ_right
2375_AD PHF_ARH_left,0.342679101,ARH,left,2375,AD PHF,0.342679101,FALSE,ARH,HY,2375_AD PHF,ARH_left
2375_AD PHF_ARH_right,0.666353009,ARH,right,2375,AD PHF,0.666353009,FALSE,ARH,HY,2375_AD PHF,ARH_right
2375_AD PHF_AT_left,0.469002762,AT,left,2375,AD PHF,0.469002762,FALSE,AT,MB,2375_AD PHF,AT_left
2375_AD PHF_AT_right,0.429144823,AT,right,2375,AD PHF,0.429144823,FALSE,AT,MB,2375_AD PHF,AT_right
2375_AD PHF_AUDd_left,1.009720568,AUDd,left,2375,AD PHF,1,FALSE,AUDd,Isocortex,2375_AD PHF,AUDd_left
2375_AD PHF_AUDd_right,1.256206145,AUDd,right,2375,AD PHF,1,FALSE,AUDd,Isocortex,2375_AD PHF,AUDd_right
2375_AD PHF_AUDp_left,0.955247067,AUDp,left,2375,AD PHF,0.955247067,FALSE,AUDp,Isocortex,2375_AD PHF,AUDp_left
2375_AD PHF_AUDv_left,0.673129437,AUDv,left,2375,AD PHF,0.673129437,FALSE,AUDv,Isocortex,2375_AD PHF,AUDv_left
2375_AD PHF_AUDv_right,1.088380598,AUDv,right,2375,AD PHF,1,FALSE,AUDv,Isocortex,2375_AD PHF,AUDv_right
2375_AD PHF_AVPV_left,-0.05445824,AVPV,left,2375,AD PHF,0,FALSE,AVPV,HY,2375_AD PHF,AVPV_left
2375_AD PHF_AVPV_right,0.233643034,AVPV,right,2375,AD PHF,0.233643034,FALSE,AVPV,HY,2375_AD PHF,AVPV_right
2375_AD PHF_BA_right,0.830000744,BA,right,2375,AD PHF,0.830000744,FALSE,BA,STR,2375_AD PHF,BA_right
2375_AD PHF_BLA_left,0.660243694,BLA,left,2375,AD PHF,0.660243694,FALSE,BLA,CTXsp,2375_AD PHF,BLA_left
2375_AD PHF_BLA_right,0.589445322,BLA,right,2375,AD PHF,0.589445322,FALSE,BLA,CTXsp,2375_AD PHF,BLA_right
2375_AD PHF_BMA_left,0.748492102,BMA,left,2375,AD PHF,0.748492102,FALSE,BMA,CTXsp,2375_AD PHF,BMA_left
2375_AD PHF_BMA_right,0.851629876,BMA,right,2375,AD PHF,0.851629876,FALSE,BMA,CTXsp,2375_AD PHF,BMA_right
2375_AD PHF_CA1_left,0.863259342,CA1,left,2375,AD PHF,0.863259342,FALSE,CA1,HPF,2375_AD PHF,CA1_left
2375_AD PHF_CA1_right,0.844343715,CA1,right,2375,AD PHF,0.844343715,FALSE,CA1,HPF,2375_AD PHF,CA1_right
2375_AD PHF_CA2_left,0.834481919,CA2,left,2375,AD PHF,0.834481919,FALSE,CA2,HPF,2375_AD PHF,CA2_left
2375_AD PHF_CA2_right,0.92592012,CA2,right,2375,AD PHF,0.92592012,FALSE,CA2,HPF,2375_AD PHF,CA2_right
2375_AD PHF_CA3_left,0.750024094,CA3,left,2375,AD PHF,0.750024094,FALSE,CA3,HPF,2375_AD PHF,CA3_left
2375_AD PHF_CA3_right,0.685045446,CA3,right,2375,AD PHF,0.685045446,FALSE,CA3,HPF,2375_AD PHF,CA3_right
2375_AD PHF_CB_left,-0.864954501,CB,left,2375,AD PHF,0,FALSE,CB,CB,2375_AD PHF,CB_left
2375_AD PHF_CB_right,-0.270641416,CB,right,2375,AD PHF,0,FALSE,CB,CB,2375_AD PHF,CB_right
2375_AD PHF_CEA_left,0.722775437,CEA,left,2375,AD PHF,0.722775437,FALSE,CEA,STR,2375_AD PHF,CEA_left
2375_AD PHF_CEA_right,0.683491004,CEA,right,2375,AD PHF,0.683491004,FALSE,CEA,STR,2375_AD PHF,CEA_right
2375_AD PHF_CLA_left,0.523047896,CLA,left,2375,AD PHF,0.523047896,FALSE,CLA,CTXsp,2375_AD PHF,CLA_left
2375_AD PHF_CLA_right,0.53317255,CLA,right,2375,AD PHF,0.53317255,FALSE,CLA,CTXsp,2375_AD PHF,CLA_right
2375_AD PHF_CLI_left,0.414431536,CLI,left,2375,AD PHF,0.414431536,FALSE,CLI,MB,2375_AD PHF,CLI_left
2375_AD PHF_CLI_right,-1.258387935,CLI,right,2375,AD PHF,0,FALSE,CLI,MB,2375_AD PHF,CLI_right
2375_AD PHF_CL_left,0.663190383,CL,left,2375,AD PHF,0.663190383,FALSE,CL,TH,2375_AD PHF,CL_left
2375_AD PHF_CL_right,0.628966771,CL,right,2375,AD PHF,0.628966771,FALSE,CL,TH,2375_AD PHF,CL_right
2375_AD PHF_CM_left,0.595103999,CM,left,2375,AD PHF,0.595103999,FALSE,CM,TH,2375_AD PHF,CM_left
2375_AD PHF_CM_right,0.642237136,CM,right,2375,AD PHF,0.642237136,FALSE,CM,TH,2375_AD PHF,CM_right
2375_AD PHF_COA_left,0.865424759,COA,left,2375,AD PHF,0.865424759,FALSE,COA,OLF,2375_AD PHF,COA_left
2375_AD PHF_COA_right,0.954166185,COA,right,2375,AD PHF,0.954166185,FALSE,COA,OLF,2375_AD PHF,COA_right
2375_AD PHF_COAp_left,0.777418329,COAp,left,2375,AD PHF,0.777418329,FALSE,COA,OLF,2375_AD PHF,COAp_left
2375_AD PHF_CP_left,0.386073329,CP,left,2375,AD PHF,0.386073329,FALSE,CP,STR,2375_AD PHF,CP_left
2375_AD PHF_CP_right,0.422934795,CP,right,2375,AD PHF,0.422934795,FALSE,CP,STR,2375_AD PHF,CP_right
2375_AD PHF_CS_left,0.095728783,CS,left,2375,AD PHF,0.095728783,FALSE,CS,P,2375_AD PHF,CS_left
2375_AD PHF_CS_right,0.244868199,CS,right,2375,AD PHF,0.244868199,FALSE,CS,P,2375_AD PHF,CS_right
2375_AD PHF_CTXsp_left,0.801524037,CTXsp,left,2375,AD PHF,0.801524037,FALSE,CTXsp,CTXsp,2375_AD PHF,CTXsp_left
2375_AD PHF_CTXsp_right,0.680374843,CTXsp,right,2375,AD PHF,0.680374843,FALSE,CTXsp,CTXsp,2375_AD PHF,CTXsp_right
2375_AD PHF_DG_left,0.56822976,DG,left,2375,AD PHF,0.56822976,FALSE,DG,HPF,2375_AD PHF,DG_left
2375_AD PHF_DG_right,0.567273756,DG,right,2375,AD PHF,0.567273756,FALSE,DG,HPF,2375_AD PHF,DG_right
2375_AD PHF_DMH_left,0.327134035,DMH,left,2375,AD PHF,0.327134035,FALSE,DMH,HY,2375_AD PHF,DMH_left
2375_AD PHF_DMH_right,0.36243366,DMH,right,2375,AD PHF,0.36243366,FALSE,DMH,HY,2375_AD PHF,DMH_right
2375_AD PHF_DR_left,0.676937544,DR,left,2375,AD PHF,0.676937544,FALSE,DR,MB,2375_AD PHF,DR_left
2375_AD PHF_DR_right,0.774175185,DR,right,2375,AD PHF,0.774175185,FALSE,DR,MB,2375_AD PHF,DR_right
2375_AD PHF_ECT_left,0.7169362,ECT,left,2375,AD PHF,0.7169362,FALSE,ECT,Isocortex,2375_AD PHF,ECT_left
2375_AD PHF_ECT_right,-5,ECT,right,2375,AD PHF,0,FALSE,ECT,Isocortex,2375_AD PHF,ECT_right
2375_AD PHF_ENTl_left,1.01030322,ENTl,left,2375,AD PHF,1,FALSE,ENT,HPF,2375_AD PHF,ENTl_left
2375_AD PHF_ENTl_right,1.147699297,ENTl,right,2375,AD PHF,1,FALSE,ENT,HPF,2375_AD PHF,ENTl_right
2375_AD PHF_ENTm_left,1.03231805,ENTm,left,2375,AD PHF,1,FALSE,ENT,HPF,2375_AD PHF,ENTm_left
2375_AD PHF_ENTm_right,1.041080441,ENTm,right,2375,AD PHF,1,FALSE,ENT,HPF,2375_AD PHF,ENTm_right
2375_AD PHF_EP_left,0.612227557,EP,left,2375,AD PHF,0.612227557,FALSE,EP,CTXsp,2375_AD PHF,EP_left
2375_AD PHF_EP_right,0.673847744,EP,right,2375,AD PHF,0.673847744,FALSE,EP,CTXsp,2375_AD PHF,EP_right
2375_AD PHF_Eth_left,0.532442609,Eth,left,2375,AD PHF,0.532442609,FALSE,Eth,TH,2375_AD PHF,Eth_left
2375_AD PHF_Eth_right,0.599686731,Eth,right,2375,AD PHF,0.599686731,FALSE,Eth,TH,2375_AD PHF,Eth_right
2375_AD PHF_FC_left,0.770526551,FC,left,2375,AD PHF,0.770526551,FALSE,FC,HPF,2375_AD PHF,FC_left
2375_AD PHF_FC_right,0.863099713,FC,right,2375,AD PHF,0.863099713,FALSE,FC,HPF,2375_AD PHF,FC_right
2375_AD PHF_GU_left,0.970617692,GU,left,2375,AD PHF,0.970617692,FALSE,GU,Isocortex,2375_AD PHF,GU_left
2375_AD PHF_GU_right,1.07613258,GU,right,2375,AD PHF,1,FALSE,GU,Isocortex,2375_AD PHF,GU_right
2375_AD PHF_HATA_left,0.979840586,HATA,left,2375,AD PHF,0.979840586,FALSE,HATA,HPF,2375_AD PHF,HATA_left
2375_AD PHF_HATA_right,1.26052549,HATA,right,2375,AD PHF,1,FALSE,HATA,HPF,2375_AD PHF,HATA_right
2375_AD PHF_HPF_left,0.279806939,HPF,left,2375,AD PHF,0.279806939,FALSE,HPF,HPF,2375_AD PHF,HPF_left
2375_AD PHF_HPF_right,0.504468016,HPF,right,2375,AD PHF,0.504468016,FALSE,HPF,HPF,2375_AD PHF,HPF_right
2375_AD PHF_HY_left,0.431781499,HY,left,2375,AD PHF,0.431781499,FALSE,HY,HY,2375_AD PHF,HY_left
2375_AD PHF_HY_right,0.518564246,HY,right,2375,AD PHF,0.518564246,FALSE,HY,HY,2375_AD PHF,HY_right
2375_AD PHF_IA_left,0.858362491,IA,left,2375,AD PHF,0.858362491,FALSE,IA,STR,2375_AD PHF,IA_left
2375_AD PHF_IA_right,0.757408913,IA,right,2375,AD PHF,0.757408913,FALSE,IA,STR,2375_AD PHF,IA_right
2375_AD PHF_IC_left,0.394776128,IC,left,2375,AD PHF,0.394776128,FALSE,IC,MB,2375_AD PHF,IC_left
2375_AD PHF_IC_right,0.613581873,IC,right,2375,AD PHF,0.613581873,FALSE,IC,MB,2375_AD PHF,IC_right
2375_AD PHF_IGL_left,0.424054934,IGL,left,2375,AD PHF,0.424054934,FALSE,IGL,TH,2375_AD PHF,IGL_left
2375_AD PHF_IG_left,0.332498827,IG,left,2375,AD PHF,0.332498827,FALSE,IG,HPF,2375_AD PHF,IG_left
2375_AD PHF_IG_right,0.667885759,IG,right,2375,AD PHF,0.667885759,FALSE,IG,HPF,2375_AD PHF,IG_right
2375_AD PHF_IIn_left,-1.442893694,IIn,left,2375,AD PHF,0,TRUE,IIn,fiber tracts,2375_AD PHF,IIn_left
2375_AD PHF_IIn_right,-5,IIn,right,2375,AD PHF,0,TRUE,IIn,fiber tracts,2375_AD PHF,IIn_right
2375_AD PHF_IMD_left,0.372190576,IMD,left,2375,AD PHF,0.372190576,FALSE,IMD,TH,2375_AD PHF,IMD_left
2375_AD PHF_IMD_right,0.549092415,IMD,right,2375,AD PHF,0.549092415,FALSE,IMD,TH,2375_AD PHF,IMD_right
2375_AD PHF_IV_left,-0.42140331,IV,left,2375,AD PHF,0,FALSE,IV,MB,2375_AD PHF,IV_left
2375_AD PHF_IV_right,0.344251394,IV,right,2375,AD PHF,0.344251394,FALSE,IV,MB,2375_AD PHF,IV_right
2375_AD PHF_In_left,-0.050336639,In,left,2375,AD PHF,0,TRUE,In,fiber tracts,2375_AD PHF,In_left
2375_AD PHF_In_right,-0.313555187,In,right,2375,AD PHF,0,TRUE,In,fiber tracts,2375_AD PHF,In_right
2375_AD PHF_LA_left,0.724772548,LA,left,2375,AD PHF,0.724772548,FALSE,LA,CTXsp,2375_AD PHF,LA_left
2375_AD PHF_LA_right,0.7214418,LA,right,2375,AD PHF,0.7214418,FALSE,LA,CTXsp,2375_AD PHF,LA_right
2375_AD PHF_LD_right,0.735726598,LD,right,2375,AD PHF,0.735726598,FALSE,LD,TH,2375_AD PHF,LD_right
2375_AD PHF_LGd_left,0.666344381,LGd,left,2375,AD PHF,0.666344381,FALSE,LGd,TH,2375_AD PHF,LGd_left
2375_AD PHF_LGd_right,0.823362794,LGd,right,2375,AD PHF,0.823362794,FALSE,LGd,TH,2375_AD PHF,LGd_right
2375_AD PHF_LGv_left,0.715824916,LGv,left,2375,AD PHF,0.715824916,FALSE,LGv,TH,2375_AD PHF,LGv_left
2375_AD PHF_LGv_right,0.343259756,LGv,right,2375,AD PHF,0.343259756,FALSE,LGv,TH,2375_AD PHF,LGv_right
2375_AD PHF_LHA_left,0.34182392,LHA,left,2375,AD PHF,0.34182392,FALSE,LHA,HY,2375_AD PHF,LHA_left
2375_AD PHF_LHA_right,0.378974494,LHA,right,2375,AD PHF,0.378974494,FALSE,LHA,HY,2375_AD PHF,LHA_right
2375_AD PHF_LH_left,0.036437716,LH,left,2375,AD PHF,0.036437716,FALSE,LH,TH,2375_AD PHF,LH_left
2375_AD PHF_LH_right,0.310500682,LH,right,2375,AD PHF,0.310500682,FALSE,LH,TH,2375_AD PHF,LH_right
2375_AD PHF_LPO_left,0.459524228,LPO,left,2375,AD PHF,0.459524228,FALSE,LPO,HY,2375_AD PHF,LPO_left
2375_AD PHF_LPO_right,0.929051059,LPO,right,2375,AD PHF,0.929051059,FALSE,LPO,HY,2375_AD PHF,LPO_right
2375_AD PHF_LP_left,0.678161668,LP,left,2375,AD PHF,0.678161668,FALSE,LP,TH,2375_AD PHF,LP_left
2375_AD PHF_LP_right,0.702600423,LP,right,2375,AD PHF,0.702600423,FALSE,LP,TH,2375_AD PHF,LP_right
2375_AD PHF_LS_left,0.643283002,LS,left,2375,AD PHF,0.643283002,FALSE,LS,STR,2375_AD PHF,LS_left
2375_AD PHF_LS_right,0.604333526,LS,right,2375,AD PHF,0.604333526,FALSE,LS,STR,2375_AD PHF,LS_right
2375_AD PHF_MB_left,0.396216768,MB,left,2375,AD PHF,0.396216768,FALSE,MB,MB,2375_AD PHF,MB_left
2375_AD PHF_MB_right,0.411299134,MB,right,2375,AD PHF,0.411299134,FALSE,MB,MB,2375_AD PHF,MB_right
2375_AD PHF_MD_left,0.550806814,MD,left,2375,AD PHF,0.550806814,FALSE,MD,TH,2375_AD PHF,MD_left
2375_AD PHF_MD_right,0.538251128,MD,right,2375,AD PHF,0.538251128,FALSE,MD,TH,2375_AD PHF,MD_right
2375_AD PHF_MEA_left,0.831460463,MEA,left,2375,AD PHF,0.831460463,FALSE,MEA,STR,2375_AD PHF,MEA_left
2375_AD PHF_MEA_right,0.818565345,MEA,right,2375,AD PHF,0.818565345,FALSE,MEA,STR,2375_AD PHF,MEA_right
2375_AD PHF_MEZ_right,0.046000902,MEZ,right,2375,AD PHF,0.046000902,FALSE,MEZ,HY,2375_AD PHF,MEZ_right
2375_AD PHF_ME_left,-5,ME,left,2375,AD PHF,0,FALSE,ME,HY,2375_AD PHF,ME_left
2375_AD PHF_ME_right,-5,ME,right,2375,AD PHF,0,FALSE,ME,HY,2375_AD PHF,ME_right
2375_AD PHF_MH_left,0.116990417,MH,left,2375,AD PHF,0.116990417,FALSE,MH,TH,2375_AD PHF,MH_left
2375_AD PHF_MH_right,0.265033206,MH,right,2375,AD PHF,0.265033206,FALSE,MH,TH,2375_AD PHF,MH_right
2375_AD PHF_MOp_left,0.93648537,MOp,left,2375,AD PHF,0.93648537,FALSE,MOp,Isocortex,2375_AD PHF,MOp_left
2375_AD PHF_MOp_right,1.00639839,MOp,right,2375,AD PHF,1,FALSE,MOp,Isocortex,2375_AD PHF,MOp_right
2375_AD PHF_MOs_left,0.987075079,MOs,left,2375,AD PHF,0.987075079,FALSE,MOs,Isocortex,2375_AD PHF,MOs_left
2375_AD PHF_MOs_right,1.020350377,MOs,right,2375,AD PHF,1,FALSE,MOs,Isocortex,2375_AD PHF,MOs_right
2375_AD PHF_MRN_left,0.325044762,MRN,left,2375,AD PHF,0.325044762,FALSE,MRN,MB,2375_AD PHF,MRN_left
2375_AD PHF_MRN_right,0.294786855,MRN,right,2375,AD PHF,0.294786855,FALSE,MRN,MB,2375_AD PHF,MRN_right
2375_AD PHF_MS_left,-0.41476926,MS,left,2375,AD PHF,0,FALSE,MS,PAL,2375_AD PHF,MS_left
2375_AD PHF_MS_right,-0.006549352,MS,right,2375,AD PHF,0,FALSE,MS,PAL,2375_AD PHF,MS_right
2375_AD PHF_NDB_left,0.093951944,NDB,left,2375,AD PHF,0.093951944,FALSE,NDB,PAL,2375_AD PHF,NDB_left
2375_AD PHF_NDB_right,0.286661282,NDB,right,2375,AD PHF,0.286661282,FALSE,NDB,PAL,2375_AD PHF,NDB_right
2375_AD PHF_NLL_left,0.327770699,NLL,left,2375,AD PHF,0.327770699,FALSE,NLL,P,2375_AD PHF,NLL_left
2375_AD PHF_NLL_right,0.370078143,NLL,right,2375,AD PHF,0.370078143,FALSE,NLL,P,2375_AD PHF,NLL_right
2375_AD PHF_OLF_left,0.74875705,OLF,left,2375,AD PHF,0.74875705,FALSE,OLF,OLF,2375_AD PHF,OLF_left
2375_AD PHF_OLF_right,0.794733644,OLF,right,2375,AD PHF,0.794733644,FALSE,OLF,OLF,2375_AD PHF,OLF_right
2375_AD PHF_OT_left,0.757231917,OT,left,2375,AD PHF,0.757231917,FALSE,OT,STR,2375_AD PHF,OT_left
2375_AD PHF_OT_right,0.823192013,OT,right,2375,AD PHF,0.823192013,FALSE,OT,STR,2375_AD PHF,OT_right
2375_AD PHF_PAA_left,1.087302325,PAA,left,2375,AD PHF,1,FALSE,PAA,OLF,2375_AD PHF,PAA_left
2375_AD PHF_PAA_right,1.007768601,PAA,right,2375,AD PHF,1,FALSE,PAA,OLF,2375_AD PHF,PAA_right
2375_AD PHF_PAG_left,0.391916755,PAG,left,2375,AD PHF,0.391916755,FALSE,PAG,MB,2375_AD PHF,PAG_left
2375_AD PHF_PAG_right,0.415158741,PAG,right,2375,AD PHF,0.415158741,FALSE,PAG,MB,2375_AD PHF,PAG_right
2375_AD PHF_PAL_left,0.360309073,PAL,left,2375,AD PHF,0.360309073,FALSE,PAL,PAL,2375_AD PHF,PAL_left
2375_AD PHF_PAL_right,0.431937593,PAL,right,2375,AD PHF,0.431937593,FALSE,PAL,PAL,2375_AD PHF,PAL_right
2375_AD PHF_PALd_left,0.441892262,PALd,left,2375,AD PHF,0.441892262,FALSE,PAL,PAL,2375_AD PHF,PALd_left
2375_AD PHF_PALd_right,0.484264192,PALd,right,2375,AD PHF,0.484264192,FALSE,PAL,PAL,2375_AD PHF,PALd_right
2375_AD PHF_PAR_left,0.858868602,PAR,left,2375,AD PHF,0.858868602,FALSE,PAR,HPF,2375_AD PHF,PAR_left
2375_AD PHF_PAR_right,0.930099969,PAR,right,2375,AD PHF,0.930099969,FALSE,PAR,HPF,2375_AD PHF,PAR_right
2375_AD PHF_PBG_left,0.572129039,PBG,left,2375,AD PHF,0.572129039,FALSE,PBG,MB,2375_AD PHF,PBG_left
2375_AD PHF_PBG_right,-0.506806419,PBG,right,2375,AD PHF,0,FALSE,PBG,MB,2375_AD PHF,PBG_right
2375_AD PHF_PCN_left,0.732171985,PCN,left,2375,AD PHF,0.732171985,FALSE,PCN,TH,2375_AD PHF,PCN_left
2375_AD PHF_PCN_right,0.696090332,PCN,right,2375,AD PHF,0.696090332,FALSE,PCN,TH,2375_AD PHF,PCN_right
2375_AD PHF_PERI_left,0.875092686,PERI,left,2375,AD PHF,0.875092686,FALSE,PERI,Isocortex,2375_AD PHF,PERI_left
2375_AD PHF_PERI_right,0.025756928,PERI,right,2375,AD PHF,0.025756928,FALSE,PERI,Isocortex,2375_AD PHF,PERI_right
2375_AD PHF_PG_left,0.734907665,PG,left,2375,AD PHF,0.734907665,FALSE,PG,P,2375_AD PHF,PG_left
2375_AD PHF_PG_right,0.713849524,PG,right,2375,AD PHF,0.713849524,FALSE,PG,P,2375_AD PHF,PG_right
2375_AD PHF_PIR_left,0.928375651,PIR,left,2375,AD PHF,0.928375651,FALSE,PIR,OLF,2375_AD PHF,PIR_left
2375_AD PHF_PIR_right,0.858929707,PIR,right,2375,AD PHF,0.858929707,FALSE,PIR,OLF,2375_AD PHF,PIR_right
2375_AD PHF_POST_left,0.672228628,POST,left,2375,AD PHF,0.672228628,FALSE,POST,HPF,2375_AD PHF,POST_left
2375_AD PHF_POST_right,0.87049221,POST,right,2375,AD PHF,0.87049221,FALSE,POST,HPF,2375_AD PHF,POST_right
2375_AD PHF_PO_left,0.780920524,PO,left,2375,AD PHF,0.780920524,FALSE,PO,TH,2375_AD PHF,PO_left
2375_AD PHF_PO_right,0.775354041,PO,right,2375,AD PHF,0.775354041,FALSE,PO,TH,2375_AD PHF,PO_right
2375_AD PHF_PPN_left,0.334844717,PPN,left,2375,AD PHF,0.334844717,FALSE,PPN,MB,2375_AD PHF,PPN_left
2375_AD PHF_PPN_right,0.396091354,PPN,right,2375,AD PHF,0.396091354,FALSE,PPN,MB,2375_AD PHF,PPN_right
2375_AD PHF_PRE_left,0.623733377,PRE,left,2375,AD PHF,0.623733377,FALSE,PRE,HPF,2375_AD PHF,PRE_left
2375_AD PHF_PRE_right,0.928844233,PRE,right,2375,AD PHF,0.928844233,FALSE,PRE,HPF,2375_AD PHF,PRE_right
2375_AD PHF_PRNr_left,0.492456639,PRNr,left,2375,AD PHF,0.492456639,FALSE,PRNr,P,2375_AD PHF,PRNr_left
2375_AD PHF_PRNr_right,0.442317737,PRNr,right,2375,AD PHF,0.442317737,FALSE,PRNr,P,2375_AD PHF,PRNr_right
2375_AD PHF_PR_left,0.36510305,PR,left,2375,AD PHF,0.36510305,FALSE,PR,TH,2375_AD PHF,PR_left
2375_AD PHF_PR_right,0.051668691,PR,right,2375,AD PHF,0.051668691,FALSE,PR,TH,2375_AD PHF,PR_right
2375_AD PHF_PST_left,0.492000997,PST,left,2375,AD PHF,0.492000997,FALSE,PST,HY,2375_AD PHF,PST_left
2375_AD PHF_PVT_left,-0.191878284,PVT,left,2375,AD PHF,0,FALSE,PVT,TH,2375_AD PHF,PVT_left
2375_AD PHF_PVT_right,-0.020716554,PVT,right,2375,AD PHF,0,FALSE,PVT,TH,2375_AD PHF,PVT_right
2375_AD PHF_PVZ_left,-0.100042639,PVZ,left,2375,AD PHF,0,FALSE,PVZ,HY,2375_AD PHF,PVZ_left
2375_AD PHF_PVZ_right,0.065219271,PVZ,right,2375,AD PHF,0.065219271,FALSE,PVZ,HY,2375_AD PHF,PVZ_right
2375_AD PHF_P_left,0.52517124,P,left,2375,AD PHF,0.52517124,FALSE,P,P,2375_AD PHF,P_left
2375_AD PHF_P_right,0.646147865,P,right,2375,AD PHF,0.646147865,FALSE,P,P,2375_AD PHF,P_right
2375_AD PHF_Pa4_left,-0.144781776,Pa4,left,2375,AD PHF,0,FALSE,Pa4,MB,2375_AD PHF,Pa4_left
2375_AD PHF_Pa4_right,-0.240832527,Pa4,right,2375,AD PHF,0,FALSE,Pa4,MB,2375_AD PHF,Pa4_right
2375_AD PHF_PeF_left,0.364077653,PeF,left,2375,AD PHF,0.364077653,FALSE,PeF,HY,2375_AD PHF,PeF_left
2375_AD PHF_PeF_right,0.660463465,PeF,right,2375,AD PHF,0.660463465,FALSE,PeF,HY,2375_AD PHF,PeF_right
2375_AD PHF_RE_left,0.313906565,RE,left,2375,AD PHF,0.313906565,FALSE,RE,TH,2375_AD PHF,RE_left
2375_AD PHF_RE_right,0.295972102,RE,right,2375,AD PHF,0.295972102,FALSE,RE,TH,2375_AD PHF,RE_right
2375_AD PHF_RH_left,0.666659601,RH,left,2375,AD PHF,0.666659601,FALSE,RH,TH,2375_AD PHF,RH_left
2375_AD PHF_RH_right,0.554090758,RH,right,2375,AD PHF,0.554090758,FALSE,RH,TH,2375_AD PHF,RH_right
2375_AD PHF_RSPagl_left,1.099824475,RSPagl,left,2375,AD PHF,1,FALSE,RSP,Isocortex,2375_AD PHF,RSPagl_left
2375_AD PHF_RSPagl_right,1.171056141,RSPagl,right,2375,AD PHF,1,FALSE,RSP,Isocortex,2375_AD PHF,RSPagl_right
2375_AD PHF_RSPd_left,1.087920696,RSPd,left,2375,AD PHF,1,FALSE,RSP,Isocortex,2375_AD PHF,RSPd_left
2375_AD PHF_RSPd_right,1.220785555,RSPd,right,2375,AD PHF,1,FALSE,RSP,Isocortex,2375_AD PHF,RSPd_right
2375_AD PHF_RSPv_left,1.033171572,RSPv,left,2375,AD PHF,1,FALSE,RSP,Isocortex,2375_AD PHF,RSPv_left
2375_AD PHF_RSPv_right,1.061459082,RSPv,right,2375,AD PHF,1,FALSE,RSP,Isocortex,2375_AD PHF,RSPv_right
2375_AD PHF_RT_left,0.834132568,RT,left,2375,AD PHF,0.834132568,FALSE,RT,TH,2375_AD PHF,RT_left
2375_AD PHF_RT_right,0.557598413,RT,right,2375,AD PHF,0.557598413,FALSE,RT,TH,2375_AD PHF,RT_right
2375_AD PHF_SAG_left,-0.208857007,SAG,left,2375,AD PHF,0,FALSE,SAG,MB,2375_AD PHF,SAG_left
2375_AD PHF_SAG_right,0.186903582,SAG,right,2375,AD PHF,0.186903582,FALSE,SAG,MB,2375_AD PHF,SAG_right
2375_AD PHF_SCm_left,0.567161916,SCm,left,2375,AD PHF,0.567161916,FALSE,MBmot,MB,2375_AD PHF,SCm_left
2375_AD PHF_SCm_right,0.645831366,SCm,right,2375,AD PHF,0.645831366,FALSE,MBmot,MB,2375_AD PHF,SCm_right
2375_AD PHF_SCs_left,0.526720246,SCs,left,2375,AD PHF,0.526720246,FALSE,MBsen,MB,2375_AD PHF,SCs_left
2375_AD PHF_SCs_right,0.54651225,SCs,right,2375,AD PHF,0.54651225,FALSE,MBsen,MB,2375_AD PHF,SCs_right
2375_AD PHF_SEZ_left,-0.002021633,SEZ,left,2375,AD PHF,0,TRUE,SEZ,VS,2375_AD PHF,SEZ_left
2375_AD PHF_SEZ_right,-1.151781433,SEZ,right,2375,AD PHF,0,TRUE,SEZ,VS,2375_AD PHF,SEZ_right
2375_AD PHF_SI_left,0.597339548,SI,left,2375,AD PHF,0.597339548,FALSE,SI,PAL,2375_AD PHF,SI_left
2375_AD PHF_SI_right,0.691398902,SI,right,2375,AD PHF,0.691398902,FALSE,SI,PAL,2375_AD PHF,SI_right
2375_AD PHF_SMT_left,0.450194877,SMT,left,2375,AD PHF,0.450194877,FALSE,SMT,TH,2375_AD PHF,SMT_left
2375_AD PHF_SMT_right,0.438724371,SMT,right,2375,AD PHF,0.438724371,FALSE,SMT,TH,2375_AD PHF,SMT_right
2375_AD PHF_SSp-bfd_left,1.120184958,SSp-bfd,left,2375,AD PHF,1,FALSE,SSp,Isocortex,2375_AD PHF,SSp-bfd_left
2375_AD PHF_SSp-bfd_right,0.959841838,SSp-bfd,right,2375,AD PHF,0.959841838,FALSE,SSp,Isocortex,2375_AD PHF,SSp-bfd_right
2375_AD PHF_SSp-m_left,0.905627792,SSp-m,left,2375,AD PHF,0.905627792,FALSE,SSp,Isocortex,2375_AD PHF,SSp-m_left
2375_AD PHF_SSp-m_right,0.993953584,SSp-m,right,2375,AD PHF,0.993953584,FALSE,SSp,Isocortex,2375_AD PHF,SSp-m_right
2375_AD PHF_SSp-ul_left,1.061048104,SSp-ul,left,2375,AD PHF,1,FALSE,SSp,Isocortex,2375_AD PHF,SSp-ul_left
2375_AD PHF_SSp-ul_right,1.104101165,SSp-ul,right,2375,AD PHF,1,FALSE,SSp,Isocortex,2375_AD PHF,SSp-ul_right
2375_AD PHF_SSp-un_right,1.009110673,SSp-un,right,2375,AD PHF,1,FALSE,SSp,Isocortex,2375_AD PHF,SSp-un_right
2375_AD PHF_SSs_left,0.971102493,SSs,left,2375,AD PHF,0.971102493,FALSE,SSs,Isocortex,2375_AD PHF,SSs_left
2375_AD PHF_SSs_right,1.020612542,SSs,right,2375,AD PHF,1,FALSE,SSs,Isocortex,2375_AD PHF,SSs_right
2375_AD PHF_STN_left,0.26262822,STN,left,2375,AD PHF,0.26262822,FALSE,STN,HY,2375_AD PHF,STN_left
2375_AD PHF_STR_left,0.528976752,STR,left,2375,AD PHF,0.528976752,FALSE,STR,STR,2375_AD PHF,STR_left
2375_AD PHF_STR_right,0.57232096,STR,right,2375,AD PHF,0.57232096,FALSE,STR,STR,2375_AD PHF,STR_right
2375_AD PHF_SUB_left,0.337999944,SUB,left,2375,AD PHF,0.337999944,FALSE,SUB,HPF,2375_AD PHF,SUB_left
2375_AD PHF_SUB_right,0.69971208,SUB,right,2375,AD PHF,0.69971208,FALSE,SUB,HPF,2375_AD PHF,SUB_right
2375_AD PHF_Su3_left,1.092506764,Su3,left,2375,AD PHF,1,FALSE,Su3,MB,2375_AD PHF,Su3_left
2375_AD PHF_Su3_right,-0.962536507,Su3,right,2375,AD PHF,0,FALSE,Su3,MB,2375_AD PHF,Su3_right
2375_AD PHF_TEa_left,0.6689629,TEa,left,2375,AD PHF,0.6689629,FALSE,TEa,Isocortex,2375_AD PHF,TEa_left
2375_AD PHF_TH_left,0.338164081,TH,left,2375,AD PHF,0.338164081,FALSE,TH,TH,2375_AD PHF,TH_left
2375_AD PHF_TH_right,0.237336849,TH,right,2375,AD PHF,0.237336849,FALSE,TH,TH,2375_AD PHF,TH_right
2375_AD PHF_TRN_left,0.51944157,TRN,left,2375,AD PHF,0.51944157,FALSE,TRN,P,2375_AD PHF,TRN_left
2375_AD PHF_TRN_right,0.594885718,TRN,right,2375,AD PHF,0.594885718,FALSE,TRN,P,2375_AD PHF,TRN_right
2375_AD PHF_TU_left,0.785849141,TU,left,2375,AD PHF,0.785849141,FALSE,TU,HY,2375_AD PHF,TU_left
2375_AD PHF_TU_right,0.702794014,TU,right,2375,AD PHF,0.702794014,FALSE,TU,HY,2375_AD PHF,TU_right
2375_AD PHF_V3_left,-0.323565606,V3,left,2375,AD PHF,0,TRUE,V3,VS,2375_AD PHF,V3_left
2375_AD PHF_V3_right,0.237359104,V3,right,2375,AD PHF,0.237359104,TRUE,V3,VS,2375_AD PHF,V3_right
2375_AD PHF_VAL_left,0.48971176,VAL,left,2375,AD PHF,0.48971176,FALSE,VAL,TH,2375_AD PHF,VAL_left
2375_AD PHF_VAL_right,0.55358743,VAL,right,2375,AD PHF,0.55358743,FALSE,VAL,TH,2375_AD PHF,VAL_right
2375_AD PHF_VISC_left,0.629467359,VISC,left,2375,AD PHF,0.629467359,FALSE,VISC,Isocortex,2375_AD PHF,VISC_left
2375_AD PHF_VISC_right,0.930557401,VISC,right,2375,AD PHF,0.930557401,FALSE,VISC,Isocortex,2375_AD PHF,VISC_right
2375_AD PHF_VISa_left,0.986362926,VISa,left,2375,AD PHF,0.986362926,FALSE,VISa,Isocortex,2375_AD PHF,VISa_left
2375_AD PHF_VISa_right,1.048289992,VISa,right,2375,AD PHF,1,FALSE,VISa,Isocortex,2375_AD PHF,VISa_right
2375_AD PHF_VISam_left,1.125258881,VISam,left,2375,AD PHF,1,FALSE,VISam,Isocortex,2375_AD PHF,VISam_left
2375_AD PHF_VISam_right,1.146259239,VISam,right,2375,AD PHF,1,FALSE,VISam,Isocortex,2375_AD PHF,VISam_right
2375_AD PHF_VISl_left,1.120118763,VISl,left,2375,AD PHF,1,FALSE,VISl,Isocortex,2375_AD PHF,VISl_left
2375_AD PHF_VISl_right,1.190527395,VISl,right,2375,AD PHF,1,FALSE,VISl,Isocortex,2375_AD PHF,VISl_right
2375_AD PHF_VISli_left,1.117117386,VISli,left,2375,AD PHF,1,FALSE,VISli,Isocortex,2375_AD PHF,VISli_left
2375_AD PHF_VISli_right,1.307295771,VISli,right,2375,AD PHF,1,FALSE,VISli,Isocortex,2375_AD PHF,VISli_right
2375_AD PHF_VISp_left,1.126129694,VISp,left,2375,AD PHF,1,FALSE,VISp,Isocortex,2375_AD PHF,VISp_left
2375_AD PHF_VISp_right,1.187232334,VISp,right,2375,AD PHF,1,FALSE,VISp,Isocortex,2375_AD PHF,VISp_right
2375_AD PHF_VISpl_left,0.666932958,VISpl,left,2375,AD PHF,0.666932958,FALSE,VISpl,Isocortex,2375_AD PHF,VISpl_left
2375_AD PHF_VISpl_right,0.895460597,VISpl,right,2375,AD PHF,0.895460597,FALSE,VISpl,Isocortex,2375_AD PHF,VISpl_right
2375_AD PHF_VISpor_left,0.922473032,VISpor,left,2375,AD PHF,0.922473032,FALSE,VISpor,Isocortex,2375_AD PHF,VISpor_left
2375_AD PHF_VISpor_right,1.111584533,VISpor,right,2375,AD PHF,1,FALSE,VISpor,Isocortex,2375_AD PHF,VISpor_right
2375_AD PHF_VISrl_left,1.097986067,VISrl,left,2375,AD PHF,1,FALSE,VISrl,Isocortex,2375_AD PHF,VISrl_left
2375_AD PHF_VISrl_right,1.092102787,VISrl,right,2375,AD PHF,1,FALSE,VISrl,Isocortex,2375_AD PHF,VISrl_right
2375_AD PHF_VL_left,0.139198083,VL,left,2375,AD PHF,0.139198083,TRUE,VL,VS,2375_AD PHF,VL_left
2375_AD PHF_VL_right,-0.19633053,VL,right,2375,AD PHF,0,TRUE,VL,VS,2375_AD PHF,VL_right
2375_AD PHF_VMH_left,0.737202516,VMH,left,2375,AD PHF,0.737202516,FALSE,VMH,HY,2375_AD PHF,VMH_left
2375_AD PHF_VMH_right,0.715915162,VMH,right,2375,AD PHF,0.715915162,FALSE,VMH,HY,2375_AD PHF,VMH_right
2375_AD PHF_VM_left,0.49342713,VM,left,2375,AD PHF,0.49342713,FALSE,VM,TH,2375_AD PHF,VM_left
2375_AD PHF_VM_right,0.596054096,VM,right,2375,AD PHF,0.596054096,FALSE,VM,TH,2375_AD PHF,VM_right
2375_AD PHF_VPL_left,0.63047629,VPL,left,2375,AD PHF,0.63047629,FALSE,VPL,TH,2375_AD PHF,VPL_left
2375_AD PHF_VPL_right,0.628904754,VPL,right,2375,AD PHF,0.628904754,FALSE,VPL,TH,2375_AD PHF,VPL_right
2375_AD PHF_VPM_left,0.446159332,VPM,left,2375,AD PHF,0.446159332,FALSE,VPM,TH,2375_AD PHF,VPM_left
2375_AD PHF_VPM_right,0.563012609,VPM,right,2375,AD PHF,0.563012609,FALSE,VPM,TH,2375_AD PHF,VPM_right
2375_AD PHF_VP_left,0.517952361,VP,left,2375,AD PHF,0.517952361,FALSE,VP,TH,2375_AD PHF,VP_left
2375_AD PHF_Xi_left,0.10392451,Xi,left,2375,AD PHF,0.10392451,FALSE,Xi,TH,2375_AD PHF,Xi_left
2375_AD PHF_Xi_right,0.410219551,Xi,right,2375,AD PHF,0.410219551,FALSE,Xi,TH,2375_AD PHF,Xi_right
2375_AD PHF_ZI_left,0.532662141,ZI,left,2375,AD PHF,0.532662141,FALSE,ZI,HY,2375_AD PHF,ZI_left
2375_AD PHF_ZI_right,0.637457396,ZI,right,2375,AD PHF,0.637457396,FALSE,ZI,HY,2375_AD PHF,ZI_right
2375_AD PHF_alv_left,0.822066496,alv,left,2375,AD PHF,0.822066496,TRUE,alv,fiber tracts,2375_AD PHF,alv_left
2375_AD PHF_alv_right,0.686061001,alv,right,2375,AD PHF,0.686061001,TRUE,alv,fiber tracts,2375_AD PHF,alv_right
2375_AD PHF_amc_left,0.765668572,amc,left,2375,AD PHF,0.765668572,TRUE,amc,fiber tracts,2375_AD PHF,amc_left
2375_AD PHF_amc_right,0.568952594,amc,right,2375,AD PHF,0.568952594,TRUE,amc,fiber tracts,2375_AD PHF,amc_right
2375_AD PHF_ar_left,0.428296412,ar,left,2375,AD PHF,0.428296412,TRUE,ar,fiber tracts,2375_AD PHF,ar_left
2375_AD PHF_ar_right,0.378116824,ar,right,2375,AD PHF,0.378116824,TRUE,ar,fiber tracts,2375_AD PHF,ar_right
2375_AD PHF_bic_left,0.131635803,bic,left,2375,AD PHF,0.131635803,TRUE,bic,fiber tracts,2375_AD PHF,bic_left
2375_AD PHF_bic_right,0.157871874,bic,right,2375,AD PHF,0.157871874,TRUE,bic,fiber tracts,2375_AD PHF,bic_right
2375_AD PHF_cc_left,0.377300813,cc,left,2375,AD PHF,0.377300813,TRUE,cc,fiber tracts,2375_AD PHF,cc_left
2375_AD PHF_cc_right,0.296591949,cc,right,2375,AD PHF,0.296591949,TRUE,cc,fiber tracts,2375_AD PHF,cc_right
2375_AD PHF_ccg_left,0.030695615,ccg,left,2375,AD PHF,0.030695615,TRUE,ccg,fiber tracts,2375_AD PHF,ccg_left
2375_AD PHF_ccg_right,-0.060386023,ccg,right,2375,AD PHF,0,TRUE,ccg,fiber tracts,2375_AD PHF,ccg_right
2375_AD PHF_chpl_left,-0.015047403,chpl,left,2375,AD PHF,0,TRUE,chpl,VS,2375_AD PHF,chpl_left
2375_AD PHF_chpl_right,0.28230811,chpl,right,2375,AD PHF,0.28230811,TRUE,chpl,VS,2375_AD PHF,chpl_right
2375_AD PHF_cing_left,0.426978904,cing,left,2375,AD PHF,0.426978904,TRUE,cing,fiber tracts,2375_AD PHF,cing_left
2375_AD PHF_cing_right,0.442075371,cing,right,2375,AD PHF,0.442075371,TRUE,cing,fiber tracts,2375_AD PHF,cing_right
2375_AD PHF_cst_left,0.65152231,cst,left,2375,AD PHF,0.65152231,TRUE,cst,fiber tracts,2375_AD PHF,cst_left
2375_AD PHF_cst_right,0.799826579,cst,right,2375,AD PHF,0.799826579,TRUE,cst,fiber tracts,2375_AD PHF,cst_right
2375_AD PHF_dhc_left,0.499595312,dhc,left,2375,AD PHF,0.499595312,TRUE,dhc,fiber tracts,2375_AD PHF,dhc_left
2375_AD PHF_dhc_right,0.530745078,dhc,right,2375,AD PHF,0.530745078,TRUE,dhc,fiber tracts,2375_AD PHF,dhc_right
2375_AD PHF_dscp_left,0.06947595,dscp,left,2375,AD PHF,0.06947595,TRUE,dscp,fiber tracts,2375_AD PHF,dscp_left
2375_AD PHF_dscp_right,0.283163501,dscp,right,2375,AD PHF,0.283163501,TRUE,dscp,fiber tracts,2375_AD PHF,dscp_right
2375_AD PHF_ec_left,0.299657133,ec,left,2375,AD PHF,0.299657133,TRUE,ec,fiber tracts,2375_AD PHF,ec_left
2375_AD PHF_ec_right,0.542753203,ec,right,2375,AD PHF,0.542753203,TRUE,ec,fiber tracts,2375_AD PHF,ec_right
2375_AD PHF_em_left,1.040288989,em,left,2375,AD PHF,1,TRUE,em,fiber tracts,2375_AD PHF,em_left
2375_AD PHF_em_right,0.889083304,em,right,2375,AD PHF,0.889083304,TRUE,em,fiber tracts,2375_AD PHF,em_right
2375_AD PHF_fi_left,0.678293543,fi,left,2375,AD PHF,0.678293543,TRUE,fi,fiber tracts,2375_AD PHF,fi_left
2375_AD PHF_fi_right,0.348143675,fi,right,2375,AD PHF,0.348143675,TRUE,fi,fiber tracts,2375_AD PHF,fi_right
2375_AD PHF_fiber tracts_left,0.519055536,fiber tracts,left,2375,AD PHF,0.519055536,TRUE,fiber tracts,fiber tracts,2375_AD PHF,fiber tracts_left
2375_AD PHF_fiber tracts_right,0.390631186,fiber tracts,right,2375,AD PHF,0.390631186,TRUE,fiber tracts,fiber tracts,2375_AD PHF,fiber tracts_right
2375_AD PHF_fr_left,0.422851645,fr,left,2375,AD PHF,0.422851645,TRUE,fr,fiber tracts,2375_AD PHF,fr_left
2375_AD PHF_fr_right,0.007086266,fr,right,2375,AD PHF,0.007086266,TRUE,fr,fiber tracts,2375_AD PHF,fr_right
2375_AD PHF_fx_left,0.666639079,fx,left,2375,AD PHF,0.666639079,TRUE,fx,fiber tracts,2375_AD PHF,fx_left
2375_AD PHF_fx_right,0.098429233,fx,right,2375,AD PHF,0.098429233,TRUE,fx,fiber tracts,2375_AD PHF,fx_right
2375_AD PHF_hbc_left,0.311837006,hbc,left,2375,AD PHF,0.311837006,TRUE,hbc,fiber tracts,2375_AD PHF,hbc_left
2375_AD PHF_hbc_right,0.512975765,hbc,right,2375,AD PHF,0.512975765,TRUE,hbc,fiber tracts,2375_AD PHF,hbc_right
2375_AD PHF_int_left,0.199195396,int,left,2375,AD PHF,0.199195396,TRUE,int,fiber tracts,2375_AD PHF,int_left
2375_AD PHF_int_right,0.347627883,int,right,2375,AD PHF,0.347627883,TRUE,int,fiber tracts,2375_AD PHF,int_right
2375_AD PHF_ll_left,0.238704134,ll,left,2375,AD PHF,0.238704134,TRUE,ll,fiber tracts,2375_AD PHF,ll_left
2375_AD PHF_ll_right,-0.045488583,ll,right,2375,AD PHF,0,TRUE,ll,fiber tracts,2375_AD PHF,ll_right
2375_AD PHF_lotg_left,0.166020954,lotg,left,2375,AD PHF,0.166020954,TRUE,In,fiber tracts,2375_AD PHF,lotg_left
2375_AD PHF_lotg_right,0.06681451,lotg,right,2375,AD PHF,0.06681451,TRUE,In,fiber tracts,2375_AD PHF,lotg_right
2375_AD PHF_mcp_left,0.364427989,mcp,left,2375,AD PHF,0.364427989,TRUE,mcp,fiber tracts,2375_AD PHF,mcp_left
2375_AD PHF_mcp_right,0.237128281,mcp,right,2375,AD PHF,0.237128281,TRUE,mcp,fiber tracts,2375_AD PHF,mcp_right
2375_AD PHF_ml_left,0.616976252,ml,left,2375,AD PHF,0.616976252,TRUE,ml,fiber tracts,2375_AD PHF,ml_left
2375_AD PHF_ml_right,0.474615654,ml,right,2375,AD PHF,0.474615654,TRUE,ml,fiber tracts,2375_AD PHF,ml_right
2375_AD PHF_mlf_left,-0.531376139,mlf,left,2375,AD PHF,0,TRUE,mlf,fiber tracts,2375_AD PHF,mlf_left
2375_AD PHF_mlf_right,0.321892312,mlf,right,2375,AD PHF,0.321892312,TRUE,mlf,fiber tracts,2375_AD PHF,mlf_right
2375_AD PHF_moV_left,-0.292519026,moV,left,2375,AD PHF,0,TRUE,moV,fiber tracts,2375_AD PHF,moV_left
2375_AD PHF_moV_right,-0.026317929,moV,right,2375,AD PHF,0,TRUE,moV,fiber tracts,2375_AD PHF,moV_right
2375_AD PHF_mtg_left,0.084919846,mtg,left,2375,AD PHF,0.084919846,TRUE,mtg,fiber tracts,2375_AD PHF,mtg_left
2375_AD PHF_mtg_right,0.554620344,mtg,right,2375,AD PHF,0.554620344,TRUE,mtg,fiber tracts,2375_AD PHF,mtg_right
2375_AD PHF_mtt_left,0.619492626,mtt,left,2375,AD PHF,0.619492626,TRUE,mtt,fiber tracts,2375_AD PHF,mtt_left
2375_AD PHF_mtt_right,0.057397685,mtt,right,2375,AD PHF,0.057397685,TRUE,mtt,fiber tracts,2375_AD PHF,mtt_right
2375_AD PHF_nst_left,0.725787322,nst,left,2375,AD PHF,0.725787322,TRUE,nst,fiber tracts,2375_AD PHF,nst_left
2375_AD PHF_nst_right,0.438157214,nst,right,2375,AD PHF,0.438157214,TRUE,nst,fiber tracts,2375_AD PHF,nst_right
2375_AD PHF_opt_left,0.180666141,opt,left,2375,AD PHF,0.180666141,TRUE,opt,fiber tracts,2375_AD PHF,opt_left
2375_AD PHF_opt_right,0.406670278,opt,right,2375,AD PHF,0.406670278,TRUE,opt,fiber tracts,2375_AD PHF,opt_right
2375_AD PHF_or_left,0.37145591,or,left,2375,AD PHF,0.37145591,TRUE,or,fiber tracts,2375_AD PHF,or_left
2375_AD PHF_or_right,0.32115578,or,right,2375,AD PHF,0.32115578,TRUE,or,fiber tracts,2375_AD PHF,or_right
2375_AD PHF_rust_left,0.382836033,rust,left,2375,AD PHF,0.382836033,TRUE,rust,fiber tracts,2375_AD PHF,rust_left
2375_AD PHF_rust_right,0.042520962,rust,right,2375,AD PHF,0.042520962,TRUE,rust,fiber tracts,2375_AD PHF,rust_right
2375_AD PHF_sV_left,-1.780313847,sV,left,2375,AD PHF,0,TRUE,sV,fiber tracts,2375_AD PHF,sV_left
2375_AD PHF_sV_right,-1.580748349,sV,right,2375,AD PHF,0,TRUE,sV,fiber tracts,2375_AD PHF,sV_right
2375_AD PHF_scp_left,0.690113222,scp,left,2375,AD PHF,0.690113222,TRUE,scp,fiber tracts,2375_AD PHF,scp_left
2375_AD PHF_scp_right,-0.110566577,scp,right,2375,AD PHF,0,TRUE,scp,fiber tracts,2375_AD PHF,scp_right
2375_AD PHF_scwm_left,0.350696173,scwm,left,2375,AD PHF,0.350696173,TRUE,scwm,fiber tracts,2375_AD PHF,scwm_left
2375_AD PHF_scwm_right,0.28843294,scwm,right,2375,AD PHF,0.28843294,TRUE,scwm,fiber tracts,2375_AD PHF,scwm_right
2375_AD PHF_st_left,0.508398941,st,left,2375,AD PHF,0.508398941,TRUE,st,fiber tracts,2375_AD PHF,st_left
2375_AD PHF_st_right,0.957264595,st,right,2375,AD PHF,0.957264595,TRUE,st,fiber tracts,2375_AD PHF,st_right
2375_AD PHF_stc_left,0.52621287,stc,left,2375,AD PHF,0.52621287,TRUE,stc,fiber tracts,2375_AD PHF,stc_left
2375_AD PHF_stc_right,0.684738844,stc,right,2375,AD PHF,0.684738844,TRUE,stc,fiber tracts,2375_AD PHF,stc_right
2375_AD PHF_sup_left,-1.032286932,sup,left,2375,AD PHF,0,TRUE,sup,fiber tracts,2375_AD PHF,sup_left
2375_AD PHF_sup_right,0.296025663,sup,right,2375,AD PHF,0.296025663,TRUE,sup,fiber tracts,2375_AD PHF,sup_right
2375_AD PHF_tspc_left,0.48801199,tspc,left,2375,AD PHF,0.48801199,TRUE,tspc,fiber tracts,2375_AD PHF,tspc_left
2375_AD PHF_tspc_right,-0.083909845,tspc,right,2375,AD PHF,0,TRUE,tspc,fiber tracts,2375_AD PHF,tspc_right
2376_AD PHF_ACAd_left,0.71022537,ACAd,left,2376,AD PHF,0.71022537,FALSE,ACA,Isocortex,2376_AD PHF,ACAd_left
2376_AD PHF_ACAd_right,0.687989781,ACAd,right,2376,AD PHF,0.687989781,FALSE,ACA,Isocortex,2376_AD PHF,ACAd_right
2376_AD PHF_ACAv_left,0.650668486,ACAv,left,2376,AD PHF,0.650668486,FALSE,ACA,Isocortex,2376_AD PHF,ACAv_left
2376_AD PHF_ACAv_right,0.723070306,ACAv,right,2376,AD PHF,0.723070306,FALSE,ACA,Isocortex,2376_AD PHF,ACAv_right
2376_AD PHF_ACB_left,0.272012885,ACB,left,2376,AD PHF,0.272012885,FALSE,ACB,STR,2376_AD PHF,ACB_left
2376_AD PHF_ACB_right,0.396017691,ACB,right,2376,AD PHF,0.396017691,FALSE,ACB,STR,2376_AD PHF,ACB_right
2376_AD PHF_AId_left,0.736009684,AId,left,2376,AD PHF,0.736009684,FALSE,AI,Isocortex,2376_AD PHF,AId_left
2376_AD PHF_AId_right,0.882952069,AId,right,2376,AD PHF,0.882952069,FALSE,AI,Isocortex,2376_AD PHF,AId_right
2376_AD PHF_AIp_left,0.830255193,AIp,left,2376,AD PHF,0.830255193,FALSE,AI,Isocortex,2376_AD PHF,AIp_left
2376_AD PHF_AIp_right,0.791455919,AIp,right,2376,AD PHF,0.791455919,FALSE,AI,Isocortex,2376_AD PHF,AIp_right
2376_AD PHF_AIv_left,0.69493228,AIv,left,2376,AD PHF,0.69493228,FALSE,AI,Isocortex,2376_AD PHF,AIv_left
2376_AD PHF_AIv_right,0.801170331,AIv,right,2376,AD PHF,0.801170331,FALSE,AI,Isocortex,2376_AD PHF,AIv_right
2376_AD PHF_APN_left,0.732167522,APN,left,2376,AD PHF,0.732167522,FALSE,APN,MB,2376_AD PHF,APN_left
2376_AD PHF_APN_right,0.819662615,APN,right,2376,AD PHF,0.819662615,FALSE,APN,MB,2376_AD PHF,APN_right
2376_AD PHF_APr_left,0.743358915,APr,left,2376,AD PHF,0.743358915,FALSE,APr,HPF,2376_AD PHF,APr_left
2376_AD PHF_APr_right,0.694908298,APr,right,2376,AD PHF,0.694908298,FALSE,APr,HPF,2376_AD PHF,APr_right
2376_AD PHF_AQ_left,-0.916108651,AQ,left,2376,AD PHF,0,TRUE,AQ,VS,2376_AD PHF,AQ_left
2376_AD PHF_AQ_right,-0.809553071,AQ,right,2376,AD PHF,0,TRUE,AQ,VS,2376_AD PHF,AQ_right
2376_AD PHF_ARH_left,0.419868137,ARH,left,2376,AD PHF,0.419868137,FALSE,ARH,HY,2376_AD PHF,ARH_left
2376_AD PHF_ARH_right,-0.077020838,ARH,right,2376,AD PHF,0,FALSE,ARH,HY,2376_AD PHF,ARH_right
2376_AD PHF_AT_left,0.807068631,AT,left,2376,AD PHF,0.807068631,FALSE,AT,MB,2376_AD PHF,AT_left
2376_AD PHF_AT_right,0.492135465,AT,right,2376,AD PHF,0.492135465,FALSE,AT,MB,2376_AD PHF,AT_right
2376_AD PHF_AUDd_left,1.072095416,AUDd,left,2376,AD PHF,1,FALSE,AUDd,Isocortex,2376_AD PHF,AUDd_left
2376_AD PHF_AUDd_right,1.064942437,AUDd,right,2376,AD PHF,1,FALSE,AUDd,Isocortex,2376_AD PHF,AUDd_right
2376_AD PHF_AUDp_left,1.020267025,AUDp,left,2376,AD PHF,1,FALSE,AUDp,Isocortex,2376_AD PHF,AUDp_left
2376_AD PHF_AUDp_right,0.813270894,AUDp,right,2376,AD PHF,0.813270894,FALSE,AUDp,Isocortex,2376_AD PHF,AUDp_right
2376_AD PHF_AUDv_left,1.024369489,AUDv,left,2376,AD PHF,1,FALSE,AUDv,Isocortex,2376_AD PHF,AUDv_left
2376_AD PHF_AUDv_right,0.766644275,AUDv,right,2376,AD PHF,0.766644275,FALSE,AUDv,Isocortex,2376_AD PHF,AUDv_right
2376_AD PHF_AVPV_left,-0.261161702,AVPV,left,2376,AD PHF,0,FALSE,AVPV,HY,2376_AD PHF,AVPV_left
2376_AD PHF_AVPV_right,-1.342625284,AVPV,right,2376,AD PHF,0,FALSE,AVPV,HY,2376_AD PHF,AVPV_right
2376_AD PHF_BLA_left,0.748703617,BLA,left,2376,AD PHF,0.748703617,FALSE,BLA,CTXsp,2376_AD PHF,BLA_left
2376_AD PHF_BLA_right,0.750937884,BLA,right,2376,AD PHF,0.750937884,FALSE,BLA,CTXsp,2376_AD PHF,BLA_right
2376_AD PHF_BMA_left,0.769519326,BMA,left,2376,AD PHF,0.769519326,FALSE,BMA,CTXsp,2376_AD PHF,BMA_left
2376_AD PHF_BMA_right,0.883375736,BMA,right,2376,AD PHF,0.883375736,FALSE,BMA,CTXsp,2376_AD PHF,BMA_right
2376_AD PHF_CA1_left,0.914119723,CA1,left,2376,AD PHF,0.914119723,FALSE,CA1,HPF,2376_AD PHF,CA1_left
2376_AD PHF_CA1_right,0.899871907,CA1,right,2376,AD PHF,0.899871907,FALSE,CA1,HPF,2376_AD PHF,CA1_right
2376_AD PHF_CA2_left,0.684034995,CA2,left,2376,AD PHF,0.684034995,FALSE,CA2,HPF,2376_AD PHF,CA2_left
2376_AD PHF_CA2_right,0.805950344,CA2,right,2376,AD PHF,0.805950344,FALSE,CA2,HPF,2376_AD PHF,CA2_right
2376_AD PHF_CA3_left,0.716325162,CA3,left,2376,AD PHF,0.716325162,FALSE,CA3,HPF,2376_AD PHF,CA3_left
2376_AD PHF_CA3_right,0.693056467,CA3,right,2376,AD PHF,0.693056467,FALSE,CA3,HPF,2376_AD PHF,CA3_right
2376_AD PHF_CB_left,0.393274271,CB,left,2376,AD PHF,0.393274271,FALSE,CB,CB,2376_AD PHF,CB_left
2376_AD PHF_CB_right,-1.83925877,CB,right,2376,AD PHF,0,FALSE,CB,CB,2376_AD PHF,CB_right
2376_AD PHF_CEA_left,0.589510584,CEA,left,2376,AD PHF,0.589510584,FALSE,CEA,STR,2376_AD PHF,CEA_left
2376_AD PHF_CEA_right,0.704905784,CEA,right,2376,AD PHF,0.704905784,FALSE,CEA,STR,2376_AD PHF,CEA_right
2376_AD PHF_CLA_left,0.34479674,CLA,left,2376,AD PHF,0.34479674,FALSE,CLA,CTXsp,2376_AD PHF,CLA_left
2376_AD PHF_CLA_right,0.607669014,CLA,right,2376,AD PHF,0.607669014,FALSE,CLA,CTXsp,2376_AD PHF,CLA_right
2376_AD PHF_CLI_left,-1.270950864,CLI,left,2376,AD PHF,0,FALSE,CLI,MB,2376_AD PHF,CLI_left
2376_AD PHF_CLI_right,-0.85097748,CLI,right,2376,AD PHF,0,FALSE,CLI,MB,2376_AD PHF,CLI_right
2376_AD PHF_CL_left,0.762866396,CL,left,2376,AD PHF,0.762866396,FALSE,CL,TH,2376_AD PHF,CL_left
2376_AD PHF_CL_right,0.469110543,CL,right,2376,AD PHF,0.469110543,FALSE,CL,TH,2376_AD PHF,CL_right
2376_AD PHF_CM_left,0.215860277,CM,left,2376,AD PHF,0.215860277,FALSE,CM,TH,2376_AD PHF,CM_left
2376_AD PHF_CM_right,0.402932378,CM,right,2376,AD PHF,0.402932378,FALSE,CM,TH,2376_AD PHF,CM_right
2376_AD PHF_COA_left,0.877590374,COA,left,2376,AD PHF,0.877590374,FALSE,COA,OLF,2376_AD PHF,COA_left
2376_AD PHF_COA_right,0.887842627,COA,right,2376,AD PHF,0.887842627,FALSE,COA,OLF,2376_AD PHF,COA_right
2376_AD PHF_COAp_left,0.845103602,COAp,left,2376,AD PHF,0.845103602,FALSE,COA,OLF,2376_AD PHF,COAp_left
2376_AD PHF_COAp_right,1.059494793,COAp,right,2376,AD PHF,1,FALSE,COA,OLF,2376_AD PHF,COAp_right
2376_AD PHF_CP_left,0.241843703,CP,left,2376,AD PHF,0.241843703,FALSE,CP,STR,2376_AD PHF,CP_left
2376_AD PHF_CP_right,0.276828896,CP,right,2376,AD PHF,0.276828896,FALSE,CP,STR,2376_AD PHF,CP_right
2376_AD PHF_CS_left,0.268858958,CS,left,2376,AD PHF,0.268858958,FALSE,CS,P,2376_AD PHF,CS_left
2376_AD PHF_CS_right,0.278600361,CS,right,2376,AD PHF,0.278600361,FALSE,CS,P,2376_AD PHF,CS_right
2376_AD PHF_CTXsp_left,0.455965387,CTXsp,left,2376,AD PHF,0.455965387,FALSE,CTXsp,CTXsp,2376_AD PHF,CTXsp_left
2376_AD PHF_CTXsp_right,0.683433812,CTXsp,right,2376,AD PHF,0.683433812,FALSE,CTXsp,CTXsp,2376_AD PHF,CTXsp_right
2376_AD PHF_DG_left,0.48253541,DG,left,2376,AD PHF,0.48253541,FALSE,DG,HPF,2376_AD PHF,DG_left
2376_AD PHF_DG_right,0.533669284,DG,right,2376,AD PHF,0.533669284,FALSE,DG,HPF,2376_AD PHF,DG_right
2376_AD PHF_DMH_left,0.279371629,DMH,left,2376,AD PHF,0.279371629,FALSE,DMH,HY,2376_AD PHF,DMH_left
2376_AD PHF_DMH_right,0.298136925,DMH,right,2376,AD PHF,0.298136925,FALSE,DMH,HY,2376_AD PHF,DMH_right
2376_AD PHF_DR_left,0.222796392,DR,left,2376,AD PHF,0.222796392,FALSE,DR,MB,2376_AD PHF,DR_left
2376_AD PHF_DR_right,0.587293172,DR,right,2376,AD PHF,0.587293172,FALSE,DR,MB,2376_AD PHF,DR_right
2376_AD PHF_ECT_left,1.027376067,ECT,left,2376,AD PHF,1,FALSE,ECT,Isocortex,2376_AD PHF,ECT_left
2376_AD PHF_ECT_right,0.917757909,ECT,right,2376,AD PHF,0.917757909,FALSE,ECT,Isocortex,2376_AD PHF,ECT_right
2376_AD PHF_ENTl_left,0.989833342,ENTl,left,2376,AD PHF,0.989833342,FALSE,ENT,HPF,2376_AD PHF,ENTl_left
2376_AD PHF_ENTl_right,0.961597241,ENTl,right,2376,AD PHF,0.961597241,FALSE,ENT,HPF,2376_AD PHF,ENTl_right
2376_AD PHF_ENTm_left,1.017541268,ENTm,left,2376,AD PHF,1,FALSE,ENT,HPF,2376_AD PHF,ENTm_left
2376_AD PHF_ENTm_right,0.863495522,ENTm,right,2376,AD PHF,0.863495522,FALSE,ENT,HPF,2376_AD PHF,ENTm_right
2376_AD PHF_EP_left,0.677452415,EP,left,2376,AD PHF,0.677452415,FALSE,EP,CTXsp,2376_AD PHF,EP_left
2376_AD PHF_EP_right,0.650506004,EP,right,2376,AD PHF,0.650506004,FALSE,EP,CTXsp,2376_AD PHF,EP_right
2376_AD PHF_Eth_left,0.429751817,Eth,left,2376,AD PHF,0.429751817,FALSE,Eth,TH,2376_AD PHF,Eth_left
2376_AD PHF_Eth_right,0.837395365,Eth,right,2376,AD PHF,0.837395365,FALSE,Eth,TH,2376_AD PHF,Eth_right
2376_AD PHF_FC_left,0.674906214,FC,left,2376,AD PHF,0.674906214,FALSE,FC,HPF,2376_AD PHF,FC_left
2376_AD PHF_FC_right,0.924568544,FC,right,2376,AD PHF,0.924568544,FALSE,FC,HPF,2376_AD PHF,FC_right
2376_AD PHF_GU_left,0.798033994,GU,left,2376,AD PHF,0.798033994,FALSE,GU,Isocortex,2376_AD PHF,GU_left
2376_AD PHF_GU_right,0.995483517,GU,right,2376,AD PHF,0.995483517,FALSE,GU,Isocortex,2376_AD PHF,GU_right
2376_AD PHF_HATA_left,1.190515534,HATA,left,2376,AD PHF,1,FALSE,HATA,HPF,2376_AD PHF,HATA_left
2376_AD PHF_HATA_right,0.607627918,HATA,right,2376,AD PHF,0.607627918,FALSE,HATA,HPF,2376_AD PHF,HATA_right
2376_AD PHF_HPF_left,0.203161731,HPF,left,2376,AD PHF,0.203161731,FALSE,HPF,HPF,2376_AD PHF,HPF_left
2376_AD PHF_HPF_right,0.190724362,HPF,right,2376,AD PHF,0.190724362,FALSE,HPF,HPF,2376_AD PHF,HPF_right
2376_AD PHF_HY_left,0.442811609,HY,left,2376,AD PHF,0.442811609,FALSE,HY,HY,2376_AD PHF,HY_left
2376_AD PHF_HY_right,0.456950956,HY,right,2376,AD PHF,0.456950956,FALSE,HY,HY,2376_AD PHF,HY_right
2376_AD PHF_IA_left,1.031464486,IA,left,2376,AD PHF,1,FALSE,IA,STR,2376_AD PHF,IA_left
2376_AD PHF_IA_right,0.854033951,IA,right,2376,AD PHF,0.854033951,FALSE,IA,STR,2376_AD PHF,IA_right
2376_AD PHF_IC_left,0.624322103,IC,left,2376,AD PHF,0.624322103,FALSE,IC,MB,2376_AD PHF,IC_left
2376_AD PHF_IC_right,0.603283214,IC,right,2376,AD PHF,0.603283214,FALSE,IC,MB,2376_AD PHF,IC_right
2376_AD PHF_IGL_left,-0.144738034,IGL,left,2376,AD PHF,0,FALSE,IGL,TH,2376_AD PHF,IGL_left
2376_AD PHF_IGL_right,0.381494502,IGL,right,2376,AD PHF,0.381494502,FALSE,IGL,TH,2376_AD PHF,IGL_right
2376_AD PHF_IG_left,0.321716893,IG,left,2376,AD PHF,0.321716893,FALSE,IG,HPF,2376_AD PHF,IG_left
2376_AD PHF_IG_right,0.432055604,IG,right,2376,AD PHF,0.432055604,FALSE,IG,HPF,2376_AD PHF,IG_right
2376_AD PHF_III_left,0.85142677,III,left,2376,AD PHF,0.85142677,FALSE,III,MB,2376_AD PHF,III_left
2376_AD PHF_III_right,0.336380105,III,right,2376,AD PHF,0.336380105,FALSE,III,MB,2376_AD PHF,III_right
2376_AD PHF_IIn_left,-5,IIn,left,2376,AD PHF,0,TRUE,IIn,fiber tracts,2376_AD PHF,IIn_left
2376_AD PHF_IIn_right,-5,IIn,right,2376,AD PHF,0,TRUE,IIn,fiber tracts,2376_AD PHF,IIn_right
2376_AD PHF_IMD_left,0.400482435,IMD,left,2376,AD PHF,0.400482435,FALSE,IMD,TH,2376_AD PHF,IMD_left
2376_AD PHF_IMD_right,0.57824923,IMD,right,2376,AD PHF,0.57824923,FALSE,IMD,TH,2376_AD PHF,IMD_right
2376_AD PHF_In_left,-0.54309177,In,left,2376,AD PHF,0,TRUE,In,fiber tracts,2376_AD PHF,In_left
2376_AD PHF_In_right,-0.067532538,In,right,2376,AD PHF,0,TRUE,In,fiber tracts,2376_AD PHF,In_right
2376_AD PHF_LA_left,0.844914109,LA,left,2376,AD PHF,0.844914109,FALSE,LA,CTXsp,2376_AD PHF,LA_left
2376_AD PHF_LA_right,0.911945635,LA,right,2376,AD PHF,0.911945635,FALSE,LA,CTXsp,2376_AD PHF,LA_right
2376_AD PHF_LD_left,0.709826707,LD,left,2376,AD PHF,0.709826707,FALSE,LD,TH,2376_AD PHF,LD_left
2376_AD PHF_LD_right,0.552458963,LD,right,2376,AD PHF,0.552458963,FALSE,LD,TH,2376_AD PHF,LD_right
2376_AD PHF_LGd_left,0.702397005,LGd,left,2376,AD PHF,0.702397005,FALSE,LGd,TH,2376_AD PHF,LGd_left
2376_AD PHF_LGd_right,0.816523563,LGd,right,2376,AD PHF,0.816523563,FALSE,LGd,TH,2376_AD PHF,LGd_right
2376_AD PHF_LGv_left,0.663145766,LGv,left,2376,AD PHF,0.663145766,FALSE,LGv,TH,2376_AD PHF,LGv_left
2376_AD PHF_LGv_right,0.783982015,LGv,right,2376,AD PHF,0.783982015,FALSE,LGv,TH,2376_AD PHF,LGv_right
2376_AD PHF_LHA_left,0.298483532,LHA,left,2376,AD PHF,0.298483532,FALSE,LHA,HY,2376_AD PHF,LHA_left
2376_AD PHF_LHA_right,0.212953784,LHA,right,2376,AD PHF,0.212953784,FALSE,LHA,HY,2376_AD PHF,LHA_right
2376_AD PHF_LH_left,0.301097734,LH,left,2376,AD PHF,0.301097734,FALSE,LH,TH,2376_AD PHF,LH_left
2376_AD PHF_LH_right,0.450546105,LH,right,2376,AD PHF,0.450546105,FALSE,LH,TH,2376_AD PHF,LH_right
2376_AD PHF_LPO_left,0.338858271,LPO,left,2376,AD PHF,0.338858271,FALSE,LPO,HY,2376_AD PHF,LPO_left
2376_AD PHF_LPO_right,0.417398693,LPO,right,2376,AD PHF,0.417398693,FALSE,LPO,HY,2376_AD PHF,LPO_right
2376_AD PHF_LP_left,0.615025792,LP,left,2376,AD PHF,0.615025792,FALSE,LP,TH,2376_AD PHF,LP_left
2376_AD PHF_LP_right,0.621857098,LP,right,2376,AD PHF,0.621857098,FALSE,LP,TH,2376_AD PHF,LP_right
2376_AD PHF_LS_left,0.485106227,LS,left,2376,AD PHF,0.485106227,FALSE,LS,STR,2376_AD PHF,LS_left
2376_AD PHF_LS_right,0.604650481,LS,right,2376,AD PHF,0.604650481,FALSE,LS,STR,2376_AD PHF,LS_right
2376_AD PHF_MB_left,0.460312979,MB,left,2376,AD PHF,0.460312979,FALSE,MB,MB,2376_AD PHF,MB_left
2376_AD PHF_MB_right,0.383613503,MB,right,2376,AD PHF,0.383613503,FALSE,MB,MB,2376_AD PHF,MB_right
2376_AD PHF_MD_left,0.710243545,MD,left,2376,AD PHF,0.710243545,FALSE,MD,TH,2376_AD PHF,MD_left
2376_AD PHF_MD_right,0.6276298,MD,right,2376,AD PHF,0.6276298,FALSE,MD,TH,2376_AD PHF,MD_right
2376_AD PHF_MEA_left,0.762384227,MEA,left,2376,AD PHF,0.762384227,FALSE,MEA,STR,2376_AD PHF,MEA_left
2376_AD PHF_MEA_right,0.892649294,MEA,right,2376,AD PHF,0.892649294,FALSE,MEA,STR,2376_AD PHF,MEA_right
2376_AD PHF_ME_left,-1.088135862,ME,left,2376,AD PHF,0,FALSE,ME,HY,2376_AD PHF,ME_left
2376_AD PHF_ME_right,-5,ME,right,2376,AD PHF,0,FALSE,ME,HY,2376_AD PHF,ME_right
2376_AD PHF_MH_left,-0.287757296,MH,left,2376,AD PHF,0,FALSE,MH,TH,2376_AD PHF,MH_left
2376_AD PHF_MH_right,0.198565808,MH,right,2376,AD PHF,0.198565808,FALSE,MH,TH,2376_AD PHF,MH_right
2376_AD PHF_MOp_left,0.883897188,MOp,left,2376,AD PHF,0.883897188,FALSE,MOp,Isocortex,2376_AD PHF,MOp_left
2376_AD PHF_MOp_right,0.998127015,MOp,right,2376,AD PHF,0.998127015,FALSE,MOp,Isocortex,2376_AD PHF,MOp_right
2376_AD PHF_MOs_left,0.893242529,MOs,left,2376,AD PHF,0.893242529,FALSE,MOs,Isocortex,2376_AD PHF,MOs_left
2376_AD PHF_MOs_right,0.910226543,MOs,right,2376,AD PHF,0.910226543,FALSE,MOs,Isocortex,2376_AD PHF,MOs_right
2376_AD PHF_MRN_left,0.334293203,MRN,left,2376,AD PHF,0.334293203,FALSE,MRN,MB,2376_AD PHF,MRN_left
2376_AD PHF_MRN_right,0.378873711,MRN,right,2376,AD PHF,0.378873711,FALSE,MRN,MB,2376_AD PHF,MRN_right
2376_AD PHF_MS_left,-0.256549235,MS,left,2376,AD PHF,0,FALSE,MS,PAL,2376_AD PHF,MS_left
2376_AD PHF_MS_right,-0.319581229,MS,right,2376,AD PHF,0,FALSE,MS,PAL,2376_AD PHF,MS_right
2376_AD PHF_NDB_left,0.130853129,NDB,left,2376,AD PHF,0.130853129,FALSE,NDB,PAL,2376_AD PHF,NDB_left
2376_AD PHF_NDB_right,-0.016932348,NDB,right,2376,AD PHF,0,FALSE,NDB,PAL,2376_AD PHF,NDB_right
2376_AD PHF_NLL_left,0.12979619,NLL,left,2376,AD PHF,0.12979619,FALSE,NLL,P,2376_AD PHF,NLL_left
2376_AD PHF_NLL_right,0.129319875,NLL,right,2376,AD PHF,0.129319875,FALSE,NLL,P,2376_AD PHF,NLL_right
2376_AD PHF_OLF_left,0.5036128,OLF,left,2376,AD PHF,0.5036128,FALSE,OLF,OLF,2376_AD PHF,OLF_left
2376_AD PHF_OLF_right,0.816105368,OLF,right,2376,AD PHF,0.816105368,FALSE,OLF,OLF,2376_AD PHF,OLF_right
2376_AD PHF_OT_left,0.699195454,OT,left,2376,AD PHF,0.699195454,FALSE,OT,STR,2376_AD PHF,OT_left
2376_AD PHF_OT_right,0.724655191,OT,right,2376,AD PHF,0.724655191,FALSE,OT,STR,2376_AD PHF,OT_right
2376_AD PHF_PAA_left,0.951194139,PAA,left,2376,AD PHF,0.951194139,FALSE,PAA,OLF,2376_AD PHF,PAA_left
2376_AD PHF_PAA_right,0.942138112,PAA,right,2376,AD PHF,0.942138112,FALSE,PAA,OLF,2376_AD PHF,PAA_right
2376_AD PHF_PAG_left,0.362731363,PAG,left,2376,AD PHF,0.362731363,FALSE,PAG,MB,2376_AD PHF,PAG_left
2376_AD PHF_PAG_right,0.29831837,PAG,right,2376,AD PHF,0.29831837,FALSE,PAG,MB,2376_AD PHF,PAG_right
2376_AD PHF_PAL_left,0.280894909,PAL,left,2376,AD PHF,0.280894909,FALSE,PAL,PAL,2376_AD PHF,PAL_left
2376_AD PHF_PAL_right,0.294232565,PAL,right,2376,AD PHF,0.294232565,FALSE,PAL,PAL,2376_AD PHF,PAL_right
2376_AD PHF_PALd_left,0.480852551,PALd,left,2376,AD PHF,0.480852551,FALSE,PAL,PAL,2376_AD PHF,PALd_left
2376_AD PHF_PALd_right,0.517262849,PALd,right,2376,AD PHF,0.517262849,FALSE,PAL,PAL,2376_AD PHF,PALd_right
2376_AD PHF_PAR_left,0.583381787,PAR,left,2376,AD PHF,0.583381787,FALSE,PAR,HPF,2376_AD PHF,PAR_left
2376_AD PHF_PAR_right,0.530318163,PAR,right,2376,AD PHF,0.530318163,FALSE,PAR,HPF,2376_AD PHF,PAR_right
2376_AD PHF_PBG_left,0.057531977,PBG,left,2376,AD PHF,0.057531977,FALSE,PBG,MB,2376_AD PHF,PBG_left
2376_AD PHF_PBG_right,0.541664695,PBG,right,2376,AD PHF,0.541664695,FALSE,PBG,MB,2376_AD PHF,PBG_right
2376_AD PHF_PCN_left,0.161769098,PCN,left,2376,AD PHF,0.161769098,FALSE,PCN,TH,2376_AD PHF,PCN_left
2376_AD PHF_PCN_right,0.740822403,PCN,right,2376,AD PHF,0.740822403,FALSE,PCN,TH,2376_AD PHF,PCN_right
2376_AD PHF_PERI_left,0.974751744,PERI,left,2376,AD PHF,0.974751744,FALSE,PERI,Isocortex,2376_AD PHF,PERI_left
2376_AD PHF_PERI_right,0.86703407,PERI,right,2376,AD PHF,0.86703407,FALSE,PERI,Isocortex,2376_AD PHF,PERI_right
2376_AD PHF_PF_left,0.615536169,PF,left,2376,AD PHF,0.615536169,FALSE,PF,TH,2376_AD PHF,PF_left
2376_AD PHF_PF_right,0.598282749,PF,right,2376,AD PHF,0.598282749,FALSE,PF,TH,2376_AD PHF,PF_right
2376_AD PHF_PG_left,0.655263946,PG,left,2376,AD PHF,0.655263946,FALSE,PG,P,2376_AD PHF,PG_left
2376_AD PHF_PG_right,0.608634088,PG,right,2376,AD PHF,0.608634088,FALSE,PG,P,2376_AD PHF,PG_right
2376_AD PHF_PH_left,0.33982019,PH,left,2376,AD PHF,0.33982019,FALSE,PH,HY,2376_AD PHF,PH_left
2376_AD PHF_PH_right,0.29990425,PH,right,2376,AD PHF,0.29990425,FALSE,PH,HY,2376_AD PHF,PH_right
2376_AD PHF_PIR_left,0.810490607,PIR,left,2376,AD PHF,0.810490607,FALSE,PIR,OLF,2376_AD PHF,PIR_left
2376_AD PHF_PIR_right,0.783996538,PIR,right,2376,AD PHF,0.783996538,FALSE,PIR,OLF,2376_AD PHF,PIR_right
2376_AD PHF_POL_left,0.891312266,POL,left,2376,AD PHF,0.891312266,FALSE,POL,TH,2376_AD PHF,POL_left
2376_AD PHF_POL_right,0.569058275,POL,right,2376,AD PHF,0.569058275,FALSE,POL,TH,2376_AD PHF,POL_right
2376_AD PHF_POST_left,0.838385914,POST,left,2376,AD PHF,0.838385914,FALSE,POST,HPF,2376_AD PHF,POST_left
2376_AD PHF_POST_right,0.784239544,POST,right,2376,AD PHF,0.784239544,FALSE,POST,HPF,2376_AD PHF,POST_right
2376_AD PHF_PO_left,0.731816392,PO,left,2376,AD PHF,0.731816392,FALSE,PO,TH,2376_AD PHF,PO_left
2376_AD PHF_PO_right,0.726872716,PO,right,2376,AD PHF,0.726872716,FALSE,PO,TH,2376_AD PHF,PO_right
2376_AD PHF_PPN_left,0.347150501,PPN,left,2376,AD PHF,0.347150501,FALSE,PPN,MB,2376_AD PHF,PPN_left
2376_AD PHF_PPN_right,0.266975133,PPN,right,2376,AD PHF,0.266975133,FALSE,PPN,MB,2376_AD PHF,PPN_right
2376_AD PHF_PRC_left,0.030697815,PRC,left,2376,AD PHF,0.030697815,FALSE,PRC,MB,2376_AD PHF,PRC_left
2376_AD PHF_PRC_right,-0.411011986,PRC,right,2376,AD PHF,0,FALSE,PRC,MB,2376_AD PHF,PRC_right
2376_AD PHF_PRE_left,0.881423215,PRE,left,2376,AD PHF,0.881423215,FALSE,PRE,HPF,2376_AD PHF,PRE_left
2376_AD PHF_PRE_right,0.807217289,PRE,right,2376,AD PHF,0.807217289,FALSE,PRE,HPF,2376_AD PHF,PRE_right
2376_AD PHF_PRNr_left,0.341452793,PRNr,left,2376,AD PHF,0.341452793,FALSE,PRNr,P,2376_AD PHF,PRNr_left
2376_AD PHF_PRNr_right,0.450035426,PRNr,right,2376,AD PHF,0.450035426,FALSE,PRNr,P,2376_AD PHF,PRNr_right
2376_AD PHF_PR_left,0.360019413,PR,left,2376,AD PHF,0.360019413,FALSE,PR,TH,2376_AD PHF,PR_left
2376_AD PHF_PR_right,0.331705744,PR,right,2376,AD PHF,0.331705744,FALSE,PR,TH,2376_AD PHF,PR_right
2376_AD PHF_PSTN_left,0.534114093,PSTN,left,2376,AD PHF,0.534114093,FALSE,PSTN,HY,2376_AD PHF,PSTN_left
2376_AD PHF_PSTN_right,0.409377585,PSTN,right,2376,AD PHF,0.409377585,FALSE,PSTN,HY,2376_AD PHF,PSTN_right
2376_AD PHF_PVT_left,0.225041095,PVT,left,2376,AD PHF,0.225041095,FALSE,PVT,TH,2376_AD PHF,PVT_left
2376_AD PHF_PVT_right,-0.152813234,PVT,right,2376,AD PHF,0,FALSE,PVT,TH,2376_AD PHF,PVT_right
2376_AD PHF_PVZ_left,-0.054136505,PVZ,left,2376,AD PHF,0,FALSE,PVZ,HY,2376_AD PHF,PVZ_left
2376_AD PHF_PVZ_right,-0.667311579,PVZ,right,2376,AD PHF,0,FALSE,PVZ,HY,2376_AD PHF,PVZ_right
2376_AD PHF_P_left,0.148617579,P,left,2376,AD PHF,0.148617579,FALSE,P,P,2376_AD PHF,P_left
2376_AD PHF_P_right,0.030926101,P,right,2376,AD PHF,0.030926101,FALSE,P,P,2376_AD PHF,P_right
2376_AD PHF_Pa4_left,0.490815662,Pa4,left,2376,AD PHF,0.490815662,FALSE,Pa4,MB,2376_AD PHF,Pa4_left
2376_AD PHF_Pa4_right,0.123583112,Pa4,right,2376,AD PHF,0.123583112,FALSE,Pa4,MB,2376_AD PHF,Pa4_right
2376_AD PHF_PeF_left,-0.076085453,PeF,left,2376,AD PHF,0,FALSE,PeF,HY,2376_AD PHF,PeF_left
2376_AD PHF_PeF_right,0.033429275,PeF,right,2376,AD PHF,0.033429275,FALSE,PeF,HY,2376_AD PHF,PeF_right
2376_AD PHF_ProS_left,-0.145240327,ProS,left,2376,AD PHF,0,FALSE,ProS,HPF,2376_AD PHF,ProS_left
2376_AD PHF_ProS_right,0.720342329,ProS,right,2376,AD PHF,0.720342329,FALSE,ProS,HPF,2376_AD PHF,ProS_right
2376_AD PHF_RE_left,0.215491924,RE,left,2376,AD PHF,0.215491924,FALSE,RE,TH,2376_AD PHF,RE_left
2376_AD PHF_RE_right,0.46786979,RE,right,2376,AD PHF,0.46786979,FALSE,RE,TH,2376_AD PHF,RE_right
2376_AD PHF_RH_left,0.64670475,RH,left,2376,AD PHF,0.64670475,FALSE,RH,TH,2376_AD PHF,RH_left
2376_AD PHF_RH_right,0.256637884,RH,right,2376,AD PHF,0.256637884,FALSE,RH,TH,2376_AD PHF,RH_right
2376_AD PHF_RSPagl_left,1.110466074,RSPagl,left,2376,AD PHF,1,FALSE,RSP,Isocortex,2376_AD PHF,RSPagl_left
2376_AD PHF_RSPagl_right,1.13827307,RSPagl,right,2376,AD PHF,1,FALSE,RSP,Isocortex,2376_AD PHF,RSPagl_right
2376_AD PHF_RSPd_left,1.090698688,RSPd,left,2376,AD PHF,1,FALSE,RSP,Isocortex,2376_AD PHF,RSPd_left
2376_AD PHF_RSPd_right,1.034616212,RSPd,right,2376,AD PHF,1,FALSE,RSP,Isocortex,2376_AD PHF,RSPd_right
2376_AD PHF_RSPv_left,0.951509669,RSPv,left,2376,AD PHF,0.951509669,FALSE,RSP,Isocortex,2376_AD PHF,RSPv_left
2376_AD PHF_RSPv_right,1.069178052,RSPv,right,2376,AD PHF,1,FALSE,RSP,Isocortex,2376_AD PHF,RSPv_right
2376_AD PHF_RT_left,0.870994857,RT,left,2376,AD PHF,0.870994857,FALSE,RT,TH,2376_AD PHF,RT_left
2376_AD PHF_RT_right,0.685058354,RT,right,2376,AD PHF,0.685058354,FALSE,RT,TH,2376_AD PHF,RT_right
2376_AD PHF_SAG_left,0.149688588,SAG,left,2376,AD PHF,0.149688588,FALSE,SAG,MB,2376_AD PHF,SAG_left
2376_AD PHF_SAG_right,0.098620932,SAG,right,2376,AD PHF,0.098620932,FALSE,SAG,MB,2376_AD PHF,SAG_right
2376_AD PHF_SCO_left,-5,SCO,left,2376,AD PHF,0,FALSE,SCO,MB,2376_AD PHF,SCO_left
2376_AD PHF_SCO_right,-5,SCO,right,2376,AD PHF,0,FALSE,SCO,MB,2376_AD PHF,SCO_right
2376_AD PHF_SCm_left,0.529532716,SCm,left,2376,AD PHF,0.529532716,FALSE,MBmot,MB,2376_AD PHF,SCm_left
2376_AD PHF_SCm_right,0.42797445,SCm,right,2376,AD PHF,0.42797445,FALSE,MBmot,MB,2376_AD PHF,SCm_right
2376_AD PHF_SCs_left,0.745589301,SCs,left,2376,AD PHF,0.745589301,FALSE,MBsen,MB,2376_AD PHF,SCs_left
2376_AD PHF_SCs_right,0.734425993,SCs,right,2376,AD PHF,0.734425993,FALSE,MBsen,MB,2376_AD PHF,SCs_right
2376_AD PHF_SEZ_left,-0.780255772,SEZ,left,2376,AD PHF,0,TRUE,SEZ,VS,2376_AD PHF,SEZ_left
2376_AD PHF_SEZ_right,-1.398683502,SEZ,right,2376,AD PHF,0,TRUE,SEZ,VS,2376_AD PHF,SEZ_right
2376_AD PHF_SI_left,0.564645562,SI,left,2376,AD PHF,0.564645562,FALSE,SI,PAL,2376_AD PHF,SI_left
2376_AD PHF_SI_right,0.632354596,SI,right,2376,AD PHF,0.632354596,FALSE,SI,PAL,2376_AD PHF,SI_right
2376_AD PHF_SMT_left,0.330929502,SMT,left,2376,AD PHF,0.330929502,FALSE,SMT,TH,2376_AD PHF,SMT_left
2376_AD PHF_SMT_right,0.413043515,SMT,right,2376,AD PHF,0.413043515,FALSE,SMT,TH,2376_AD PHF,SMT_right
2376_AD PHF_SPA_left,-0.362858798,SPA,left,2376,AD PHF,0,FALSE,SPA,TH,2376_AD PHF,SPA_left
2376_AD PHF_SPA_right,-0.111999823,SPA,right,2376,AD PHF,0,FALSE,SPA,TH,2376_AD PHF,SPA_right
2376_AD PHF_SPF_left,-5,SPF,left,2376,AD PHF,0,FALSE,SPF,TH,2376_AD PHF,SPF_left
2376_AD PHF_SPF_right,-5,SPF,right,2376,AD PHF,0,FALSE,SPF,TH,2376_AD PHF,SPF_right
2376_AD PHF_SSp-bfd_left,1.156323077,SSp-bfd,left,2376,AD PHF,1,FALSE,SSp,Isocortex,2376_AD PHF,SSp-bfd_left
2376_AD PHF_SSp-bfd_right,1.109455131,SSp-bfd,right,2376,AD PHF,1,FALSE,SSp,Isocortex,2376_AD PHF,SSp-bfd_right
2376_AD PHF_SSp-ll_left,1.029015351,SSp-ll,left,2376,AD PHF,1,FALSE,SSp,Isocortex,2376_AD PHF,SSp-ll_left
2376_AD PHF_SSp-ll_right,1.166783767,SSp-ll,right,2376,AD PHF,1,FALSE,SSp,Isocortex,2376_AD PHF,SSp-ll_right
2376_AD PHF_SSp-m_left,0.861670997,SSp-m,left,2376,AD PHF,0.861670997,FALSE,SSp,Isocortex,2376_AD PHF,SSp-m_left
2376_AD PHF_SSp-m_right,1.055013025,SSp-m,right,2376,AD PHF,1,FALSE,SSp,Isocortex,2376_AD PHF,SSp-m_right
2376_AD PHF_SSp-tr_left,-0.736458064,SSp-tr,left,2376,AD PHF,0,FALSE,SSp,Isocortex,2376_AD PHF,SSp-tr_left
2376_AD PHF_SSp-tr_right,0.552952683,SSp-tr,right,2376,AD PHF,0.552952683,FALSE,SSp,Isocortex,2376_AD PHF,SSp-tr_right
2376_AD PHF_SSp-ul_left,1.010314411,SSp-ul,left,2376,AD PHF,1,FALSE,SSp,Isocortex,2376_AD PHF,SSp-ul_left
2376_AD PHF_SSp-ul_right,1.153603674,SSp-ul,right,2376,AD PHF,1,FALSE,SSp,Isocortex,2376_AD PHF,SSp-ul_right
2376_AD PHF_SSp-un_left,1.348445091,SSp-un,left,2376,AD PHF,1,FALSE,SSp,Isocortex,2376_AD PHF,SSp-un_left
2376_AD PHF_SSp-un_right,1.284495895,SSp-un,right,2376,AD PHF,1,FALSE,SSp,Isocortex,2376_AD PHF,SSp-un_right
2376_AD PHF_SSs_left,0.965941793,SSs,left,2376,AD PHF,0.965941793,FALSE,SSs,Isocortex,2376_AD PHF,SSs_left
2376_AD PHF_SSs_right,1.009622887,SSs,right,2376,AD PHF,1,FALSE,SSs,Isocortex,2376_AD PHF,SSs_right
2376_AD PHF_STN_left,0.359771149,STN,left,2376,AD PHF,0.359771149,FALSE,STN,HY,2376_AD PHF,STN_left
2376_AD PHF_STN_right,0.40442965,STN,right,2376,AD PHF,0.40442965,FALSE,STN,HY,2376_AD PHF,STN_right
2376_AD PHF_STR_left,0.461905057,STR,left,2376,AD PHF,0.461905057,FALSE,STR,STR,2376_AD PHF,STR_left
2376_AD PHF_STR_right,0.627033316,STR,right,2376,AD PHF,0.627033316,FALSE,STR,STR,2376_AD PHF,STR_right
2376_AD PHF_SUB_left,0.810386031,SUB,left,2376,AD PHF,0.810386031,FALSE,SUB,HPF,2376_AD PHF,SUB_left
2376_AD PHF_SUB_right,0.814611972,SUB,right,2376,AD PHF,0.814611972,FALSE,SUB,HPF,2376_AD PHF,SUB_right
2376_AD PHF_Su3_left,-0.115437388,Su3,left,2376,AD PHF,0,FALSE,Su3,MB,2376_AD PHF,Su3_left
2376_AD PHF_Su3_right,-0.055697864,Su3,right,2376,AD PHF,0,FALSE,Su3,MB,2376_AD PHF,Su3_right
2376_AD PHF_TEa_left,0.962426531,TEa,left,2376,AD PHF,0.962426531,FALSE,TEa,Isocortex,2376_AD PHF,TEa_left
2376_AD PHF_TEa_right,0.842764353,TEa,right,2376,AD PHF,0.842764353,FALSE,TEa,Isocortex,2376_AD PHF,TEa_right
2376_AD PHF_TH_left,0.374590132,TH,left,2376,AD PHF,0.374590132,FALSE,TH,TH,2376_AD PHF,TH_left
2376_AD PHF_TH_right,0.400719217,TH,right,2376,AD PHF,0.400719217,FALSE,TH,TH,2376_AD PHF,TH_right
2376_AD PHF_TRN_left,0.170532968,TRN,left,2376,AD PHF,0.170532968,FALSE,TRN,P,2376_AD PHF,TRN_left
2376_AD PHF_TRN_right,0.366555779,TRN,right,2376,AD PHF,0.366555779,FALSE,TRN,P,2376_AD PHF,TRN_right
2376_AD PHF_TU_left,0.631029422,TU,left,2376,AD PHF,0.631029422,FALSE,TU,HY,2376_AD PHF,TU_left
2376_AD PHF_TU_right,0.619202242,TU,right,2376,AD PHF,0.619202242,FALSE,TU,HY,2376_AD PHF,TU_right
2376_AD PHF_V3_left,0.032169351,V3,left,2376,AD PHF,0.032169351,TRUE,V3,VS,2376_AD PHF,V3_left
2376_AD PHF_V3_right,0.198421987,V3,right,2376,AD PHF,0.198421987,TRUE,V3,VS,2376_AD PHF,V3_right
2376_AD PHF_VAL_left,-0.014124046,VAL,left,2376,AD PHF,0,FALSE,VAL,TH,2376_AD PHF,VAL_left
2376_AD PHF_VAL_right,0.600602616,VAL,right,2376,AD PHF,0.600602616,FALSE,VAL,TH,2376_AD PHF,VAL_right
2376_AD PHF_VISC_left,0.690319645,VISC,left,2376,AD PHF,0.690319645,FALSE,VISC,Isocortex,2376_AD PHF,VISC_left
2376_AD PHF_VISC_right,0.838659344,VISC,right,2376,AD PHF,0.838659344,FALSE,VISC,Isocortex,2376_AD PHF,VISC_right
2376_AD PHF_VISa_left,1.047089024,VISa,left,2376,AD PHF,1,FALSE,VISa,Isocortex,2376_AD PHF,VISa_left
2376_AD PHF_VISa_right,0.908326943,VISa,right,2376,AD PHF,0.908326943,FALSE,VISa,Isocortex,2376_AD PHF,VISa_right
2376_AD PHF_VISam_left,1.039014379,VISam,left,2376,AD PHF,1,FALSE,VISam,Isocortex,2376_AD PHF,VISam_left
2376_AD PHF_VISam_right,1.013860716,VISam,right,2376,AD PHF,1,FALSE,VISam,Isocortex,2376_AD PHF,VISam_right
2376_AD PHF_VISl_left,0.956739326,VISl,left,2376,AD PHF,0.956739326,FALSE,VISl,Isocortex,2376_AD PHF,VISl_left
2376_AD PHF_VISl_right,1.16494369,VISl,right,2376,AD PHF,1,FALSE,VISl,Isocortex,2376_AD PHF,VISl_right
2376_AD PHF_VISli_left,1.175994943,VISli,left,2376,AD PHF,1,FALSE,VISli,Isocortex,2376_AD PHF,VISli_left
2376_AD PHF_VISli_right,1.194288404,VISli,right,2376,AD PHF,1,FALSE,VISli,Isocortex,2376_AD PHF,VISli_right
2376_AD PHF_VISp_left,1.0796045,VISp,left,2376,AD PHF,1,FALSE,VISp,Isocortex,2376_AD PHF,VISp_left
2376_AD PHF_VISp_right,1.139725532,VISp,right,2376,AD PHF,1,FALSE,VISp,Isocortex,2376_AD PHF,VISp_right
2376_AD PHF_VISpl_left,0.354489161,VISpl,left,2376,AD PHF,0.354489161,FALSE,VISpl,Isocortex,2376_AD PHF,VISpl_left
2376_AD PHF_VISpl_right,0.750622935,VISpl,right,2376,AD PHF,0.750622935,FALSE,VISpl,Isocortex,2376_AD PHF,VISpl_right
2376_AD PHF_VISpm_left,1.253893538,VISpm,left,2376,AD PHF,1,FALSE,VISpm,Isocortex,2376_AD PHF,VISpm_left
2376_AD PHF_VISpm_right,1.10513981,VISpm,right,2376,AD PHF,1,FALSE,VISpm,Isocortex,2376_AD PHF,VISpm_right
2376_AD PHF_VISpor_left,0.971622323,VISpor,left,2376,AD PHF,0.971622323,FALSE,VISpor,Isocortex,2376_AD PHF,VISpor_left
2376_AD PHF_VISpor_right,1.079736408,VISpor,right,2376,AD PHF,1,FALSE,VISpor,Isocortex,2376_AD PHF,VISpor_right
2376_AD PHF_VISrl_left,1.163853725,VISrl,left,2376,AD PHF,1,FALSE,VISrl,Isocortex,2376_AD PHF,VISrl_left
2376_AD PHF_VISrl_right,1.179098408,VISrl,right,2376,AD PHF,1,FALSE,VISrl,Isocortex,2376_AD PHF,VISrl_right
2376_AD PHF_VL_left,0.14785668,VL,left,2376,AD PHF,0.14785668,TRUE,VL,VS,2376_AD PHF,VL_left
2376_AD PHF_VL_right,-0.010280547,VL,right,2376,AD PHF,0,TRUE,VL,VS,2376_AD PHF,VL_right
2376_AD PHF_VMH_left,0.617209342,VMH,left,2376,AD PHF,0.617209342,FALSE,VMH,HY,2376_AD PHF,VMH_left
2376_AD PHF_VMH_right,0.637848883,VMH,right,2376,AD PHF,0.637848883,FALSE,VMH,HY,2376_AD PHF,VMH_right
2376_AD PHF_VM_left,0.343779987,VM,left,2376,AD PHF,0.343779987,FALSE,VM,TH,2376_AD PHF,VM_left
2376_AD PHF_VM_right,0.332206984,VM,right,2376,AD PHF,0.332206984,FALSE,VM,TH,2376_AD PHF,VM_right
2376_AD PHF_VPL_left,0.478605123,VPL,left,2376,AD PHF,0.478605123,FALSE,VPL,TH,2376_AD PHF,VPL_left
2376_AD PHF_VPL_right,0.488911278,VPL,right,2376,AD PHF,0.488911278,FALSE,VPL,TH,2376_AD PHF,VPL_right
2376_AD PHF_VPM_left,0.636833985,VPM,left,2376,AD PHF,0.636833985,FALSE,VPM,TH,2376_AD PHF,VPM_left
2376_AD PHF_VPM_right,0.648725881,VPM,right,2376,AD PHF,0.648725881,FALSE,VPM,TH,2376_AD PHF,VPM_right
2376_AD PHF_VP_left,0.484322065,VP,left,2376,AD PHF,0.484322065,FALSE,VP,TH,2376_AD PHF,VP_left
2376_AD PHF_VP_right,0.549936366,VP,right,2376,AD PHF,0.549936366,FALSE,VP,TH,2376_AD PHF,VP_right
2376_AD PHF_Xi_left,0.123454733,Xi,left,2376,AD PHF,0.123454733,FALSE,Xi,TH,2376_AD PHF,Xi_left
2376_AD PHF_Xi_right,0.500626279,Xi,right,2376,AD PHF,0.500626279,FALSE,Xi,TH,2376_AD PHF,Xi_right
2376_AD PHF_ZI_left,0.356885008,ZI,left,2376,AD PHF,0.356885008,FALSE,ZI,HY,2376_AD PHF,ZI_left
2376_AD PHF_ZI_right,0.617466054,ZI,right,2376,AD PHF,0.617466054,FALSE,ZI,HY,2376_AD PHF,ZI_right
2376_AD PHF_alv_left,0.60453865,alv,left,2376,AD PHF,0.60453865,TRUE,alv,fiber tracts,2376_AD PHF,alv_left
2376_AD PHF_alv_right,0.604122414,alv,right,2376,AD PHF,0.604122414,TRUE,alv,fiber tracts,2376_AD PHF,alv_right
2376_AD PHF_amc_left,0.846044111,amc,left,2376,AD PHF,0.846044111,TRUE,amc,fiber tracts,2376_AD PHF,amc_left
2376_AD PHF_amc_right,0.759513553,amc,right,2376,AD PHF,0.759513553,TRUE,amc,fiber tracts,2376_AD PHF,amc_right
2376_AD PHF_ar_left,0.529782166,ar,left,2376,AD PHF,0.529782166,TRUE,ar,fiber tracts,2376_AD PHF,ar_left
2376_AD PHF_ar_right,0.365658436,ar,right,2376,AD PHF,0.365658436,TRUE,ar,fiber tracts,2376_AD PHF,ar_right
2376_AD PHF_bic_left,0.542479593,bic,left,2376,AD PHF,0.542479593,TRUE,bic,fiber tracts,2376_AD PHF,bic_left
2376_AD PHF_bic_right,-0.12935829,bic,right,2376,AD PHF,0,TRUE,bic,fiber tracts,2376_AD PHF,bic_right
2376_AD PHF_bsc_left,-0.214186459,bsc,left,2376,AD PHF,0,TRUE,bsc,fiber tracts,2376_AD PHF,bsc_left
2376_AD PHF_bsc_right,0.140968578,bsc,right,2376,AD PHF,0.140968578,TRUE,bsc,fiber tracts,2376_AD PHF,bsc_right
2376_AD PHF_cc_left,0.039044329,cc,left,2376,AD PHF,0.039044329,TRUE,cc,fiber tracts,2376_AD PHF,cc_left
2376_AD PHF_cc_right,0.207791464,cc,right,2376,AD PHF,0.207791464,TRUE,cc,fiber tracts,2376_AD PHF,cc_right
2376_AD PHF_ccg_left,-1.059966604,ccg,left,2376,AD PHF,0,TRUE,ccg,fiber tracts,2376_AD PHF,ccg_left
2376_AD PHF_ccg_right,-0.738695,ccg,right,2376,AD PHF,0,TRUE,ccg,fiber tracts,2376_AD PHF,ccg_right
2376_AD PHF_chpl_left,-0.028904008,chpl,left,2376,AD PHF,0,TRUE,chpl,VS,2376_AD PHF,chpl_left
2376_AD PHF_chpl_right,0.13830455,chpl,right,2376,AD PHF,0.13830455,TRUE,chpl,VS,2376_AD PHF,chpl_right
2376_AD PHF_cing_left,0.363284345,cing,left,2376,AD PHF,0.363284345,TRUE,cing,fiber tracts,2376_AD PHF,cing_left
2376_AD PHF_cing_right,0.372885113,cing,right,2376,AD PHF,0.372885113,TRUE,cing,fiber tracts,2376_AD PHF,cing_right
2376_AD PHF_cst_left,0.835240989,cst,left,2376,AD PHF,0.835240989,TRUE,cst,fiber tracts,2376_AD PHF,cst_left
2376_AD PHF_cst_right,0.684650567,cst,right,2376,AD PHF,0.684650567,TRUE,cst,fiber tracts,2376_AD PHF,cst_right
2376_AD PHF_dhc_left,0.542533892,dhc,left,2376,AD PHF,0.542533892,TRUE,dhc,fiber tracts,2376_AD PHF,dhc_left
2376_AD PHF_dhc_right,0.332199419,dhc,right,2376,AD PHF,0.332199419,TRUE,dhc,fiber tracts,2376_AD PHF,dhc_right
2376_AD PHF_dscp_left,-0.854900071,dscp,left,2376,AD PHF,0,TRUE,dscp,fiber tracts,2376_AD PHF,dscp_left
2376_AD PHF_dscp_right,0.133497732,dscp,right,2376,AD PHF,0.133497732,TRUE,dscp,fiber tracts,2376_AD PHF,dscp_right
2376_AD PHF_ec_left,0.47153574,ec,left,2376,AD PHF,0.47153574,TRUE,ec,fiber tracts,2376_AD PHF,ec_left
2376_AD PHF_ec_right,0.36625194,ec,right,2376,AD PHF,0.36625194,TRUE,ec,fiber tracts,2376_AD PHF,ec_right
2376_AD PHF_em_left,0.052568813,em,left,2376,AD PHF,0.052568813,TRUE,em,fiber tracts,2376_AD PHF,em_left
2376_AD PHF_em_right,0.697711729,em,right,2376,AD PHF,0.697711729,TRUE,em,fiber tracts,2376_AD PHF,em_right
2376_AD PHF_fi_left,0.638012429,fi,left,2376,AD PHF,0.638012429,TRUE,fi,fiber tracts,2376_AD PHF,fi_left
2376_AD PHF_fi_right,0.446735142,fi,right,2376,AD PHF,0.446735142,TRUE,fi,fiber tracts,2376_AD PHF,fi_right
2376_AD PHF_fiber tracts_left,0.486849902,fiber tracts,left,2376,AD PHF,0.486849902,TRUE,fiber tracts,fiber tracts,2376_AD PHF,fiber tracts_left
2376_AD PHF_fiber tracts_right,0.429724284,fiber tracts,right,2376,AD PHF,0.429724284,TRUE,fiber tracts,fiber tracts,2376_AD PHF,fiber tracts_right
2376_AD PHF_fr_left,-0.423960748,fr,left,2376,AD PHF,0,TRUE,fr,fiber tracts,2376_AD PHF,fr_left
2376_AD PHF_fr_right,-0.231816906,fr,right,2376,AD PHF,0,TRUE,fr,fiber tracts,2376_AD PHF,fr_right
2376_AD PHF_fx_left,0.695489516,fx,left,2376,AD PHF,0.695489516,TRUE,fx,fiber tracts,2376_AD PHF,fx_left
2376_AD PHF_fx_right,0.378296091,fx,right,2376,AD PHF,0.378296091,TRUE,fx,fiber tracts,2376_AD PHF,fx_right
2376_AD PHF_hbc_left,-0.211731555,hbc,left,2376,AD PHF,0,TRUE,hbc,fiber tracts,2376_AD PHF,hbc_left
2376_AD PHF_hbc_right,0.007001373,hbc,right,2376,AD PHF,0.007001373,TRUE,hbc,fiber tracts,2376_AD PHF,hbc_right
2376_AD PHF_int_left,0.243441025,int,left,2376,AD PHF,0.243441025,TRUE,int,fiber tracts,2376_AD PHF,int_left
2376_AD PHF_int_right,0.273217713,int,right,2376,AD PHF,0.273217713,TRUE,int,fiber tracts,2376_AD PHF,int_right
2376_AD PHF_ll_left,0.283880105,ll,left,2376,AD PHF,0.283880105,TRUE,ll,fiber tracts,2376_AD PHF,ll_left
2376_AD PHF_ll_right,-0.170900627,ll,right,2376,AD PHF,0,TRUE,ll,fiber tracts,2376_AD PHF,ll_right
2376_AD PHF_lotg_left,-0.259289166,lotg,left,2376,AD PHF,0,TRUE,In,fiber tracts,2376_AD PHF,lotg_left
2376_AD PHF_lotg_right,-0.133379621,lotg,right,2376,AD PHF,0,TRUE,In,fiber tracts,2376_AD PHF,lotg_right
2376_AD PHF_mcp_left,0.445305306,mcp,left,2376,AD PHF,0.445305306,TRUE,mcp,fiber tracts,2376_AD PHF,mcp_left
2376_AD PHF_mcp_right,-0.323175781,mcp,right,2376,AD PHF,0,TRUE,mcp,fiber tracts,2376_AD PHF,mcp_right
2376_AD PHF_ml_left,0.060881909,ml,left,2376,AD PHF,0.060881909,TRUE,ml,fiber tracts,2376_AD PHF,ml_left
2376_AD PHF_ml_right,0.26603288,ml,right,2376,AD PHF,0.26603288,TRUE,ml,fiber tracts,2376_AD PHF,ml_right
2376_AD PHF_mlf_left,-0.429899155,mlf,left,2376,AD PHF,0,TRUE,mlf,fiber tracts,2376_AD PHF,mlf_left
2376_AD PHF_mlf_right,0.427482331,mlf,right,2376,AD PHF,0.427482331,TRUE,mlf,fiber tracts,2376_AD PHF,mlf_right
2376_AD PHF_moV_left,0.295903905,moV,left,2376,AD PHF,0.295903905,TRUE,moV,fiber tracts,2376_AD PHF,moV_left
2376_AD PHF_moV_right,-0.274870137,moV,right,2376,AD PHF,0,TRUE,moV,fiber tracts,2376_AD PHF,moV_right
2376_AD PHF_mtg_left,-1.447812405,mtg,left,2376,AD PHF,0,TRUE,mtg,fiber tracts,2376_AD PHF,mtg_left
2376_AD PHF_mtg_right,-0.244031268,mtg,right,2376,AD PHF,0,TRUE,mtg,fiber tracts,2376_AD PHF,mtg_right
2376_AD PHF_mtt_left,0.429459678,mtt,left,2376,AD PHF,0.429459678,TRUE,mtt,fiber tracts,2376_AD PHF,mtt_left
2376_AD PHF_mtt_right,0.323437855,mtt,right,2376,AD PHF,0.323437855,TRUE,mtt,fiber tracts,2376_AD PHF,mtt_right
2376_AD PHF_nst_left,0.190176534,nst,left,2376,AD PHF,0.190176534,TRUE,nst,fiber tracts,2376_AD PHF,nst_left
2376_AD PHF_nst_right,0.197156637,nst,right,2376,AD PHF,0.197156637,TRUE,nst,fiber tracts,2376_AD PHF,nst_right
2376_AD PHF_opt_left,-0.068370942,opt,left,2376,AD PHF,0,TRUE,opt,fiber tracts,2376_AD PHF,opt_left
2376_AD PHF_opt_right,0.091149201,opt,right,2376,AD PHF,0.091149201,TRUE,opt,fiber tracts,2376_AD PHF,opt_right
2376_AD PHF_or_left,0.265530012,or,left,2376,AD PHF,0.265530012,TRUE,or,fiber tracts,2376_AD PHF,or_left
2376_AD PHF_or_right,0.242650957,or,right,2376,AD PHF,0.242650957,TRUE,or,fiber tracts,2376_AD PHF,or_right
2376_AD PHF_rust_left,0.587788329,rust,left,2376,AD PHF,0.587788329,TRUE,rust,fiber tracts,2376_AD PHF,rust_left
2376_AD PHF_rust_right,-0.275914036,rust,right,2376,AD PHF,0,TRUE,rust,fiber tracts,2376_AD PHF,rust_right
2376_AD PHF_sV_left,-0.078214859,sV,left,2376,AD PHF,0,TRUE,sV,fiber tracts,2376_AD PHF,sV_left
2376_AD PHF_sV_right,-2.38353705,sV,right,2376,AD PHF,0,TRUE,sV,fiber tracts,2376_AD PHF,sV_right
2376_AD PHF_scp_left,-0.592217926,scp,left,2376,AD PHF,0,TRUE,scp,fiber tracts,2376_AD PHF,scp_left
2376_AD PHF_scp_right,-0.023002013,scp,right,2376,AD PHF,0,TRUE,scp,fiber tracts,2376_AD PHF,scp_right
2376_AD PHF_scwm_left,0.12107126,scwm,left,2376,AD PHF,0.12107126,TRUE,scwm,fiber tracts,2376_AD PHF,scwm_left
2376_AD PHF_scwm_right,0.425553095,scwm,right,2376,AD PHF,0.425553095,TRUE,scwm,fiber tracts,2376_AD PHF,scwm_right
2376_AD PHF_sm_left,0.536306281,sm,left,2376,AD PHF,0.536306281,TRUE,sm,fiber tracts,2376_AD PHF,sm_left
2376_AD PHF_sm_right,0.431493254,sm,right,2376,AD PHF,0.431493254,TRUE,sm,fiber tracts,2376_AD PHF,sm_right
2376_AD PHF_st_left,0.607021705,st,left,2376,AD PHF,0.607021705,TRUE,st,fiber tracts,2376_AD PHF,st_left
2376_AD PHF_st_right,0.46746542,st,right,2376,AD PHF,0.46746542,TRUE,st,fiber tracts,2376_AD PHF,st_right
2376_AD PHF_stc_left,-0.170412944,stc,left,2376,AD PHF,0,TRUE,stc,fiber tracts,2376_AD PHF,stc_left
2376_AD PHF_stc_right,1.01103171,stc,right,2376,AD PHF,1,TRUE,stc,fiber tracts,2376_AD PHF,stc_right
2376_AD PHF_sup_left,0.645645383,sup,left,2376,AD PHF,0.645645383,TRUE,sup,fiber tracts,2376_AD PHF,sup_left
2376_AD PHF_sup_right,0.059992593,sup,right,2376,AD PHF,0.059992593,TRUE,sup,fiber tracts,2376_AD PHF,sup_right
2376_AD PHF_tspc_left,0.383091393,tspc,left,2376,AD PHF,0.383091393,TRUE,tspc,fiber tracts,2376_AD PHF,tspc_left
2376_AD PHF_tspc_right,0.445819487,tspc,right,2376,AD PHF,0.445819487,TRUE,tspc,fiber tracts,2376_AD PHF,tspc_right
2378_AD PHF_ACAd_left,0.572199377,ACAd,left,2378,AD PHF,0.572199377,FALSE,ACA,Isocortex,2378_AD PHF,ACAd_left
2378_AD PHF_ACAd_right,0.498502959,ACAd,right,2378,AD PHF,0.498502959,FALSE,ACA,Isocortex,2378_AD PHF,ACAd_right
2378_AD PHF_ACAv_left,0.628796928,ACAv,left,2378,AD PHF,0.628796928,FALSE,ACA,Isocortex,2378_AD PHF,ACAv_left
2378_AD PHF_ACAv_right,0.683773133,ACAv,right,2378,AD PHF,0.683773133,FALSE,ACA,Isocortex,2378_AD PHF,ACAv_right
2378_AD PHF_ACB_left,0.447396294,ACB,left,2378,AD PHF,0.447396294,FALSE,ACB,STR,2378_AD PHF,ACB_left
2378_AD PHF_ACB_right,0.553429447,ACB,right,2378,AD PHF,0.553429447,FALSE,ACB,STR,2378_AD PHF,ACB_right
2378_AD PHF_AId_left,0.895322404,AId,left,2378,AD PHF,0.895322404,FALSE,AI,Isocortex,2378_AD PHF,AId_left
2378_AD PHF_AId_right,0.9332159,AId,right,2378,AD PHF,0.9332159,FALSE,AI,Isocortex,2378_AD PHF,AId_right
2378_AD PHF_AIp_left,0.991918218,AIp,left,2378,AD PHF,0.991918218,FALSE,AI,Isocortex,2378_AD PHF,AIp_left
2378_AD PHF_AIp_right,0.921434159,AIp,right,2378,AD PHF,0.921434159,FALSE,AI,Isocortex,2378_AD PHF,AIp_right
2378_AD PHF_AIv_left,0.948483173,AIv,left,2378,AD PHF,0.948483173,FALSE,AI,Isocortex,2378_AD PHF,AIv_left
2378_AD PHF_AIv_right,0.909747307,AIv,right,2378,AD PHF,0.909747307,FALSE,AI,Isocortex,2378_AD PHF,AIv_right
2378_AD PHF_APr_left,0.730749589,APr,left,2378,AD PHF,0.730749589,FALSE,APr,HPF,2378_AD PHF,APr_left
2378_AD PHF_APr_right,0.890327153,APr,right,2378,AD PHF,0.890327153,FALSE,APr,HPF,2378_AD PHF,APr_right
2378_AD PHF_AQ_left,-1.70956361,AQ,left,2378,AD PHF,0,TRUE,AQ,VS,2378_AD PHF,AQ_left
2378_AD PHF_AQ_right,-0.487330119,AQ,right,2378,AD PHF,0,TRUE,AQ,VS,2378_AD PHF,AQ_right
2378_AD PHF_ARH_left,0.479669156,ARH,left,2378,AD PHF,0.479669156,FALSE,ARH,HY,2378_AD PHF,ARH_left
2378_AD PHF_ARH_right,1.185984398,ARH,right,2378,AD PHF,1,FALSE,ARH,HY,2378_AD PHF,ARH_right
2378_AD PHF_AT_left,0.049398854,AT,left,2378,AD PHF,0.049398854,FALSE,AT,MB,2378_AD PHF,AT_left
2378_AD PHF_AT_right,-0.904887468,AT,right,2378,AD PHF,0,FALSE,AT,MB,2378_AD PHF,AT_right
2378_AD PHF_AUDd_left,1.008324758,AUDd,left,2378,AD PHF,1,FALSE,AUDd,Isocortex,2378_AD PHF,AUDd_left
2378_AD PHF_AUDd_right,1.03938283,AUDd,right,2378,AD PHF,1,FALSE,AUDd,Isocortex,2378_AD PHF,AUDd_right
2378_AD PHF_AUDp_left,1.025639646,AUDp,left,2378,AD PHF,1,FALSE,AUDp,Isocortex,2378_AD PHF,AUDp_left
2378_AD PHF_AUDv_left,0.957761052,AUDv,left,2378,AD PHF,0.957761052,FALSE,AUDv,Isocortex,2378_AD PHF,AUDv_left
2378_AD PHF_AUDv_right,1.096399924,AUDv,right,2378,AD PHF,1,FALSE,AUDv,Isocortex,2378_AD PHF,AUDv_right
2378_AD PHF_AVPV_left,0.330919583,AVPV,left,2378,AD PHF,0.330919583,FALSE,AVPV,HY,2378_AD PHF,AVPV_left
2378_AD PHF_AVPV_right,0.451362836,AVPV,right,2378,AD PHF,0.451362836,FALSE,AVPV,HY,2378_AD PHF,AVPV_right
2378_AD PHF_BLA_left,0.636787332,BLA,left,2378,AD PHF,0.636787332,FALSE,BLA,CTXsp,2378_AD PHF,BLA_left
2378_AD PHF_BLA_right,0.767414641,BLA,right,2378,AD PHF,0.767414641,FALSE,BLA,CTXsp,2378_AD PHF,BLA_right
2378_AD PHF_BMA_left,0.64715688,BMA,left,2378,AD PHF,0.64715688,FALSE,BMA,CTXsp,2378_AD PHF,BMA_left
2378_AD PHF_BMA_right,0.807643106,BMA,right,2378,AD PHF,0.807643106,FALSE,BMA,CTXsp,2378_AD PHF,BMA_right
2378_AD PHF_CA1_left,0.797424383,CA1,left,2378,AD PHF,0.797424383,FALSE,CA1,HPF,2378_AD PHF,CA1_left
2378_AD PHF_CA1_right,0.794973971,CA1,right,2378,AD PHF,0.794973971,FALSE,CA1,HPF,2378_AD PHF,CA1_right
2378_AD PHF_CA2_left,0.621913584,CA2,left,2378,AD PHF,0.621913584,FALSE,CA2,HPF,2378_AD PHF,CA2_left
2378_AD PHF_CA2_right,0.75180581,CA2,right,2378,AD PHF,0.75180581,FALSE,CA2,HPF,2378_AD PHF,CA2_right
2378_AD PHF_CA3_left,0.592359792,CA3,left,2378,AD PHF,0.592359792,FALSE,CA3,HPF,2378_AD PHF,CA3_left
2378_AD PHF_CA3_right,0.649972187,CA3,right,2378,AD PHF,0.649972187,FALSE,CA3,HPF,2378_AD PHF,CA3_right
2378_AD PHF_CB_left,-2.013576889,CB,left,2378,AD PHF,0,FALSE,CB,CB,2378_AD PHF,CB_left
2378_AD PHF_CB_right,-0.770617233,CB,right,2378,AD PHF,0,FALSE,CB,CB,2378_AD PHF,CB_right
2378_AD PHF_CEA_left,0.455283308,CEA,left,2378,AD PHF,0.455283308,FALSE,CEA,STR,2378_AD PHF,CEA_left
2378_AD PHF_CEA_right,0.763946471,CEA,right,2378,AD PHF,0.763946471,FALSE,CEA,STR,2378_AD PHF,CEA_right
2378_AD PHF_CLA_left,0.638287235,CLA,left,2378,AD PHF,0.638287235,FALSE,CLA,CTXsp,2378_AD PHF,CLA_left
2378_AD PHF_CLA_right,0.637165162,CLA,right,2378,AD PHF,0.637165162,FALSE,CLA,CTXsp,2378_AD PHF,CLA_right
2378_AD PHF_CL_left,0.434574288,CL,left,2378,AD PHF,0.434574288,FALSE,CL,TH,2378_AD PHF,CL_left
2378_AD PHF_CL_right,0.658184826,CL,right,2378,AD PHF,0.658184826,FALSE,CL,TH,2378_AD PHF,CL_right
2378_AD PHF_CM_left,0.615134036,CM,left,2378,AD PHF,0.615134036,FALSE,CM,TH,2378_AD PHF,CM_left
2378_AD PHF_CM_right,0.513345169,CM,right,2378,AD PHF,0.513345169,FALSE,CM,TH,2378_AD PHF,CM_right
2378_AD PHF_COA_left,1.038263992,COA,left,2378,AD PHF,1,FALSE,COA,OLF,2378_AD PHF,COA_left
2378_AD PHF_COA_right,0.997062631,COA,right,2378,AD PHF,0.997062631,FALSE,COA,OLF,2378_AD PHF,COA_right
2378_AD PHF_COAp_left,1.007076074,COAp,left,2378,AD PHF,1,FALSE,COA,OLF,2378_AD PHF,COAp_left
2378_AD PHF_COAp_right,1.04912988,COAp,right,2378,AD PHF,1,FALSE,COA,OLF,2378_AD PHF,COAp_right
2378_AD PHF_CP_left,0.383320701,CP,left,2378,AD PHF,0.383320701,FALSE,CP,STR,2378_AD PHF,CP_left
2378_AD PHF_CP_right,0.440480166,CP,right,2378,AD PHF,0.440480166,FALSE,CP,STR,2378_AD PHF,CP_right
2378_AD PHF_CS_left,0.15074842,CS,left,2378,AD PHF,0.15074842,FALSE,CS,P,2378_AD PHF,CS_left
2378_AD PHF_CS_right,0.347404905,CS,right,2378,AD PHF,0.347404905,FALSE,CS,P,2378_AD PHF,CS_right
2378_AD PHF_CTXsp_left,0.64266763,CTXsp,left,2378,AD PHF,0.64266763,FALSE,CTXsp,CTXsp,2378_AD PHF,CTXsp_left
2378_AD PHF_CTXsp_right,0.743335906,CTXsp,right,2378,AD PHF,0.743335906,FALSE,CTXsp,CTXsp,2378_AD PHF,CTXsp_right
2378_AD PHF_DG_left,0.455040709,DG,left,2378,AD PHF,0.455040709,FALSE,DG,HPF,2378_AD PHF,DG_left
2378_AD PHF_DG_right,0.510452003,DG,right,2378,AD PHF,0.510452003,FALSE,DG,HPF,2378_AD PHF,DG_right
2378_AD PHF_DMH_left,0.33002439,DMH,left,2378,AD PHF,0.33002439,FALSE,DMH,HY,2378_AD PHF,DMH_left
2378_AD PHF_DMH_right,0.424543963,DMH,right,2378,AD PHF,0.424543963,FALSE,DMH,HY,2378_AD PHF,DMH_right
2378_AD PHF_DR_left,0.466774888,DR,left,2378,AD PHF,0.466774888,FALSE,DR,MB,2378_AD PHF,DR_left
2378_AD PHF_DR_right,0.193413657,DR,right,2378,AD PHF,0.193413657,FALSE,DR,MB,2378_AD PHF,DR_right
2378_AD PHF_ECT_left,1.014516629,ECT,left,2378,AD PHF,1,FALSE,ECT,Isocortex,2378_AD PHF,ECT_left
2378_AD PHF_ECT_right,0.982993615,ECT,right,2378,AD PHF,0.982993615,FALSE,ECT,Isocortex,2378_AD PHF,ECT_right
2378_AD PHF_ENTl_left,1.159325481,ENTl,left,2378,AD PHF,1,FALSE,ENT,HPF,2378_AD PHF,ENTl_left
2378_AD PHF_ENTl_right,0.994187969,ENTl,right,2378,AD PHF,0.994187969,FALSE,ENT,HPF,2378_AD PHF,ENTl_right
2378_AD PHF_ENTm_left,1.026640353,ENTm,left,2378,AD PHF,1,FALSE,ENT,HPF,2378_AD PHF,ENTm_left
2378_AD PHF_ENTm_right,0.902111692,ENTm,right,2378,AD PHF,0.902111692,FALSE,ENT,HPF,2378_AD PHF,ENTm_right
2378_AD PHF_EP_left,0.762633691,EP,left,2378,AD PHF,0.762633691,FALSE,EP,CTXsp,2378_AD PHF,EP_left
2378_AD PHF_EP_right,0.753348301,EP,right,2378,AD PHF,0.753348301,FALSE,EP,CTXsp,2378_AD PHF,EP_right
2378_AD PHF_Eth_left,0.718386369,Eth,left,2378,AD PHF,0.718386369,FALSE,Eth,TH,2378_AD PHF,Eth_left
2378_AD PHF_Eth_right,0.538685906,Eth,right,2378,AD PHF,0.538685906,FALSE,Eth,TH,2378_AD PHF,Eth_right
2378_AD PHF_FC_left,0.528662801,FC,left,2378,AD PHF,0.528662801,FALSE,FC,HPF,2378_AD PHF,FC_left
2378_AD PHF_FC_right,0.922013882,FC,right,2378,AD PHF,0.922013882,FALSE,FC,HPF,2378_AD PHF,FC_right
2378_AD PHF_GU_left,0.935140333,GU,left,2378,AD PHF,0.935140333,FALSE,GU,Isocortex,2378_AD PHF,GU_left
2378_AD PHF_GU_right,1.116040946,GU,right,2378,AD PHF,1,FALSE,GU,Isocortex,2378_AD PHF,GU_right
2378_AD PHF_HATA_left,1.008550331,HATA,left,2378,AD PHF,1,FALSE,HATA,HPF,2378_AD PHF,HATA_left
2378_AD PHF_HPF_left,0.483820957,HPF,left,2378,AD PHF,0.483820957,FALSE,HPF,HPF,2378_AD PHF,HPF_left
2378_AD PHF_HPF_right,0.346767635,HPF,right,2378,AD PHF,0.346767635,FALSE,HPF,HPF,2378_AD PHF,HPF_right
2378_AD PHF_HY_left,0.414284568,HY,left,2378,AD PHF,0.414284568,FALSE,HY,HY,2378_AD PHF,HY_left
2378_AD PHF_HY_right,0.398577997,HY,right,2378,AD PHF,0.398577997,FALSE,HY,HY,2378_AD PHF,HY_right
2378_AD PHF_IA_left,0.577147991,IA,left,2378,AD PHF,0.577147991,FALSE,IA,STR,2378_AD PHF,IA_left
2378_AD PHF_IA_right,0.6897443,IA,right,2378,AD PHF,0.6897443,FALSE,IA,STR,2378_AD PHF,IA_right
2378_AD PHF_IC_left,0.638831699,IC,left,2378,AD PHF,0.638831699,FALSE,IC,MB,2378_AD PHF,IC_left
2378_AD PHF_IC_right,0.489505225,IC,right,2378,AD PHF,0.489505225,FALSE,IC,MB,2378_AD PHF,IC_right
2378_AD PHF_IGL_left,0.030751832,IGL,left,2378,AD PHF,0.030751832,FALSE,IGL,TH,2378_AD PHF,IGL_left
2378_AD PHF_IG_left,0.568865181,IG,left,2378,AD PHF,0.568865181,FALSE,IG,HPF,2378_AD PHF,IG_left
2378_AD PHF_IG_right,0.609552562,IG,right,2378,AD PHF,0.609552562,FALSE,IG,HPF,2378_AD PHF,IG_right
2378_AD PHF_IIn_left,-5,IIn,left,2378,AD PHF,0,TRUE,IIn,fiber tracts,2378_AD PHF,IIn_left
2378_AD PHF_IIn_right,-5,IIn,right,2378,AD PHF,0,TRUE,IIn,fiber tracts,2378_AD PHF,IIn_right
2378_AD PHF_IMD_left,0.478693159,IMD,left,2378,AD PHF,0.478693159,FALSE,IMD,TH,2378_AD PHF,IMD_left
2378_AD PHF_IMD_right,0.60776499,IMD,right,2378,AD PHF,0.60776499,FALSE,IMD,TH,2378_AD PHF,IMD_right
2378_AD PHF_IV_left,0.261994012,IV,left,2378,AD PHF,0.261994012,FALSE,IV,MB,2378_AD PHF,IV_left
2378_AD PHF_IV_right,0.179328399,IV,right,2378,AD PHF,0.179328399,FALSE,IV,MB,2378_AD PHF,IV_right
2378_AD PHF_In_left,0.001645751,In,left,2378,AD PHF,0.001645751,TRUE,In,fiber tracts,2378_AD PHF,In_left
2378_AD PHF_In_right,0.149841516,In,right,2378,AD PHF,0.149841516,TRUE,In,fiber tracts,2378_AD PHF,In_right
2378_AD PHF_LA_left,0.618412364,LA,left,2378,AD PHF,0.618412364,FALSE,LA,CTXsp,2378_AD PHF,LA_left
2378_AD PHF_LA_right,0.833740174,LA,right,2378,AD PHF,0.833740174,FALSE,LA,CTXsp,2378_AD PHF,LA_right
2378_AD PHF_LGd_left,0.645301267,LGd,left,2378,AD PHF,0.645301267,FALSE,LGd,TH,2378_AD PHF,LGd_left
2378_AD PHF_LGd_right,0.683388945,LGd,right,2378,AD PHF,0.683388945,FALSE,LGd,TH,2378_AD PHF,LGd_right
2378_AD PHF_LGv_left,0.651477374,LGv,left,2378,AD PHF,0.651477374,FALSE,LGv,TH,2378_AD PHF,LGv_left
2378_AD PHF_LGv_right,0.984615084,LGv,right,2378,AD PHF,0.984615084,FALSE,LGv,TH,2378_AD PHF,LGv_right
2378_AD PHF_LHA_left,0.199626556,LHA,left,2378,AD PHF,0.199626556,FALSE,LHA,HY,2378_AD PHF,LHA_left
2378_AD PHF_LHA_right,0.296093429,LHA,right,2378,AD PHF,0.296093429,FALSE,LHA,HY,2378_AD PHF,LHA_right
2378_AD PHF_LH_left,0.164617285,LH,left,2378,AD PHF,0.164617285,FALSE,LH,TH,2378_AD PHF,LH_left
2378_AD PHF_LH_right,0.11082472,LH,right,2378,AD PHF,0.11082472,FALSE,LH,TH,2378_AD PHF,LH_right
2378_AD PHF_LPO_left,0.714107424,LPO,left,2378,AD PHF,0.714107424,FALSE,LPO,HY,2378_AD PHF,LPO_left
2378_AD PHF_LPO_right,0.717662299,LPO,right,2378,AD PHF,0.717662299,FALSE,LPO,HY,2378_AD PHF,LPO_right
2378_AD PHF_LP_left,0.603404874,LP,left,2378,AD PHF,0.603404874,FALSE,LP,TH,2378_AD PHF,LP_left
2378_AD PHF_LP_right,0.691383568,LP,right,2378,AD PHF,0.691383568,FALSE,LP,TH,2378_AD PHF,LP_right
2378_AD PHF_LS_left,0.757915913,LS,left,2378,AD PHF,0.757915913,FALSE,LS,STR,2378_AD PHF,LS_left
2378_AD PHF_LS_right,0.771937459,LS,right,2378,AD PHF,0.771937459,FALSE,LS,STR,2378_AD PHF,LS_right
2378_AD PHF_MB_left,0.342914757,MB,left,2378,AD PHF,0.342914757,FALSE,MB,MB,2378_AD PHF,MB_left
2378_AD PHF_MB_right,0.341408234,MB,right,2378,AD PHF,0.341408234,FALSE,MB,MB,2378_AD PHF,MB_right
2378_AD PHF_MD_left,0.405180165,MD,left,2378,AD PHF,0.405180165,FALSE,MD,TH,2378_AD PHF,MD_left
2378_AD PHF_MD_right,0.536732862,MD,right,2378,AD PHF,0.536732862,FALSE,MD,TH,2378_AD PHF,MD_right
2378_AD PHF_MEA_left,0.757543706,MEA,left,2378,AD PHF,0.757543706,FALSE,MEA,STR,2378_AD PHF,MEA_left
2378_AD PHF_MEA_right,0.932962881,MEA,right,2378,AD PHF,0.932962881,FALSE,MEA,STR,2378_AD PHF,MEA_right
2378_AD PHF_ME_left,-5,ME,left,2378,AD PHF,0,FALSE,ME,HY,2378_AD PHF,ME_left
2378_AD PHF_ME_right,-2.691506845,ME,right,2378,AD PHF,0,FALSE,ME,HY,2378_AD PHF,ME_right
2378_AD PHF_MH_left,-0.073055511,MH,left,2378,AD PHF,0,FALSE,MH,TH,2378_AD PHF,MH_left
2378_AD PHF_MH_right,0.088763486,MH,right,2378,AD PHF,0.088763486,FALSE,MH,TH,2378_AD PHF,MH_right
2378_AD PHF_MOp_left,0.719523617,MOp,left,2378,AD PHF,0.719523617,FALSE,MOp,Isocortex,2378_AD PHF,MOp_left
2378_AD PHF_MOp_right,0.729119094,MOp,right,2378,AD PHF,0.729119094,FALSE,MOp,Isocortex,2378_AD PHF,MOp_right
2378_AD PHF_MOs_left,0.761715962,MOs,left,2378,AD PHF,0.761715962,FALSE,MOs,Isocortex,2378_AD PHF,MOs_left
2378_AD PHF_MOs_right,0.812478939,MOs,right,2378,AD PHF,0.812478939,FALSE,MOs,Isocortex,2378_AD PHF,MOs_right
2378_AD PHF_MRN_left,0.339876627,MRN,left,2378,AD PHF,0.339876627,FALSE,MRN,MB,2378_AD PHF,MRN_left
2378_AD PHF_MRN_right,0.244642658,MRN,right,2378,AD PHF,0.244642658,FALSE,MRN,MB,2378_AD PHF,MRN_right
2378_AD PHF_MS_left,0.101110176,MS,left,2378,AD PHF,0.101110176,FALSE,MS,PAL,2378_AD PHF,MS_left
2378_AD PHF_MS_right,0.204475689,MS,right,2378,AD PHF,0.204475689,FALSE,MS,PAL,2378_AD PHF,MS_right
2378_AD PHF_NDB_left,0.450324822,NDB,left,2378,AD PHF,0.450324822,FALSE,NDB,PAL,2378_AD PHF,NDB_left
2378_AD PHF_NDB_right,0.525654843,NDB,right,2378,AD PHF,0.525654843,FALSE,NDB,PAL,2378_AD PHF,NDB_right
2378_AD PHF_NLL_left,0.3998851,NLL,left,2378,AD PHF,0.3998851,FALSE,NLL,P,2378_AD PHF,NLL_left
2378_AD PHF_NLL_right,0.291565118,NLL,right,2378,AD PHF,0.291565118,FALSE,NLL,P,2378_AD PHF,NLL_right
2378_AD PHF_OLF_left,0.688421781,OLF,left,2378,AD PHF,0.688421781,FALSE,OLF,OLF,2378_AD PHF,OLF_left
2378_AD PHF_OLF_right,0.833653292,OLF,right,2378,AD PHF,0.833653292,FALSE,OLF,OLF,2378_AD PHF,OLF_right
2378_AD PHF_OT_left,0.99795103,OT,left,2378,AD PHF,0.99795103,FALSE,OT,STR,2378_AD PHF,OT_left
2378_AD PHF_OT_right,0.91407935,OT,right,2378,AD PHF,0.91407935,FALSE,OT,STR,2378_AD PHF,OT_right
2378_AD PHF_PAA_left,1.216907869,PAA,left,2378,AD PHF,1,FALSE,PAA,OLF,2378_AD PHF,PAA_left
2378_AD PHF_PAA_right,1.252373324,PAA,right,2378,AD PHF,1,FALSE,PAA,OLF,2378_AD PHF,PAA_right
2378_AD PHF_PAG_left,0.269477318,PAG,left,2378,AD PHF,0.269477318,FALSE,PAG,MB,2378_AD PHF,PAG_left
2378_AD PHF_PAG_right,0.360331538,PAG,right,2378,AD PHF,0.360331538,FALSE,PAG,MB,2378_AD PHF,PAG_right
2378_AD PHF_PAL_left,0.490183087,PAL,left,2378,AD PHF,0.490183087,FALSE,PAL,PAL,2378_AD PHF,PAL_left
2378_AD PHF_PAL_right,0.341830119,PAL,right,2378,AD PHF,0.341830119,FALSE,PAL,PAL,2378_AD PHF,PAL_right
2378_AD PHF_PALd_left,0.382263733,PALd,left,2378,AD PHF,0.382263733,FALSE,PAL,PAL,2378_AD PHF,PALd_left
2378_AD PHF_PALd_right,0.218225068,PALd,right,2378,AD PHF,0.218225068,FALSE,PAL,PAL,2378_AD PHF,PALd_right
2378_AD PHF_PAR_left,0.67226103,PAR,left,2378,AD PHF,0.67226103,FALSE,PAR,HPF,2378_AD PHF,PAR_left
2378_AD PHF_PAR_right,0.750637099,PAR,right,2378,AD PHF,0.750637099,FALSE,PAR,HPF,2378_AD PHF,PAR_right
2378_AD PHF_PBG_left,0.414438376,PBG,left,2378,AD PHF,0.414438376,FALSE,PBG,MB,2378_AD PHF,PBG_left
2378_AD PHF_PBG_right,0.300284224,PBG,right,2378,AD PHF,0.300284224,FALSE,PBG,MB,2378_AD PHF,PBG_right
2378_AD PHF_PCN_left,0.559603896,PCN,left,2378,AD PHF,0.559603896,FALSE,PCN,TH,2378_AD PHF,PCN_left
2378_AD PHF_PCN_right,0.690814106,PCN,right,2378,AD PHF,0.690814106,FALSE,PCN,TH,2378_AD PHF,PCN_right
2378_AD PHF_PERI_left,1.025532266,PERI,left,2378,AD PHF,1,FALSE,PERI,Isocortex,2378_AD PHF,PERI_left
2378_AD PHF_PERI_right,0.690035551,PERI,right,2378,AD PHF,0.690035551,FALSE,PERI,Isocortex,2378_AD PHF,PERI_right
2378_AD PHF_PG_left,0.579767744,PG,left,2378,AD PHF,0.579767744,FALSE,PG,P,2378_AD PHF,PG_left
2378_AD PHF_PG_right,0.607054313,PG,right,2378,AD PHF,0.607054313,FALSE,PG,P,2378_AD PHF,PG_right
2378_AD PHF_PH_left,-0.0772035,PH,left,2378,AD PHF,0,FALSE,PH,HY,2378_AD PHF,PH_left
2378_AD PHF_PH_right,-0.448102026,PH,right,2378,AD PHF,0,FALSE,PH,HY,2378_AD PHF,PH_right
2378_AD PHF_PIR_left,0.987420594,PIR,left,2378,AD PHF,0.987420594,FALSE,PIR,OLF,2378_AD PHF,PIR_left
2378_AD PHF_PIR_right,1.006481466,PIR,right,2378,AD PHF,1,FALSE,PIR,OLF,2378_AD PHF,PIR_right
2378_AD PHF_POST_left,0.746757524,POST,left,2378,AD PHF,0.746757524,FALSE,POST,HPF,2378_AD PHF,POST_left
2378_AD PHF_POST_right,0.808630716,POST,right,2378,AD PHF,0.808630716,FALSE,POST,HPF,2378_AD PHF,POST_right
2378_AD PHF_PO_left,0.654545348,PO,left,2378,AD PHF,0.654545348,FALSE,PO,TH,2378_AD PHF,PO_left
2378_AD PHF_PO_right,0.700471212,PO,right,2378,AD PHF,0.700471212,FALSE,PO,TH,2378_AD PHF,PO_right
2378_AD PHF_PPN_left,0.291159977,PPN,left,2378,AD PHF,0.291159977,FALSE,PPN,MB,2378_AD PHF,PPN_left
2378_AD PHF_PPN_right,0.240675401,PPN,right,2378,AD PHF,0.240675401,FALSE,PPN,MB,2378_AD PHF,PPN_right
2378_AD PHF_PRE_left,0.770035523,PRE,left,2378,AD PHF,0.770035523,FALSE,PRE,HPF,2378_AD PHF,PRE_left
2378_AD PHF_PRE_right,0.892455047,PRE,right,2378,AD PHF,0.892455047,FALSE,PRE,HPF,2378_AD PHF,PRE_right
2378_AD PHF_PRNr_left,0.271237386,PRNr,left,2378,AD PHF,0.271237386,FALSE,PRNr,P,2378_AD PHF,PRNr_left
2378_AD PHF_PRNr_right,0.419149398,PRNr,right,2378,AD PHF,0.419149398,FALSE,PRNr,P,2378_AD PHF,PRNr_right
2378_AD PHF_PR_left,0.269727999,PR,left,2378,AD PHF,0.269727999,FALSE,PR,TH,2378_AD PHF,PR_left
2378_AD PHF_PR_right,0.011313234,PR,right,2378,AD PHF,0.011313234,FALSE,PR,TH,2378_AD PHF,PR_right
2378_AD PHF_PST_left,0.426041523,PST,left,2378,AD PHF,0.426041523,FALSE,PST,HY,2378_AD PHF,PST_left
2378_AD PHF_PST_right,0.277936724,PST,right,2378,AD PHF,0.277936724,FALSE,PST,HY,2378_AD PHF,PST_right
2378_AD PHF_PVT_left,0.158756367,PVT,left,2378,AD PHF,0.158756367,FALSE,PVT,TH,2378_AD PHF,PVT_left
2378_AD PHF_PVT_right,0.157729527,PVT,right,2378,AD PHF,0.157729527,FALSE,PVT,TH,2378_AD PHF,PVT_right
2378_AD PHF_PVZ_left,-1.119519887,PVZ,left,2378,AD PHF,0,FALSE,PVZ,HY,2378_AD PHF,PVZ_left
2378_AD PHF_PVZ_right,-0.022775921,PVZ,right,2378,AD PHF,0,FALSE,PVZ,HY,2378_AD PHF,PVZ_right
2378_AD PHF_P_left,0.237195973,P,left,2378,AD PHF,0.237195973,FALSE,P,P,2378_AD PHF,P_left
2378_AD PHF_P_right,0.241148899,P,right,2378,AD PHF,0.241148899,FALSE,P,P,2378_AD PHF,P_right
2378_AD PHF_Pa4_left,-0.346174358,Pa4,left,2378,AD PHF,0,FALSE,Pa4,MB,2378_AD PHF,Pa4_left
2378_AD PHF_Pa4_right,0.385293435,Pa4,right,2378,AD PHF,0.385293435,FALSE,Pa4,MB,2378_AD PHF,Pa4_right
2378_AD PHF_PeF_left,-0.642080904,PeF,left,2378,AD PHF,0,FALSE,PeF,HY,2378_AD PHF,PeF_left
2378_AD PHF_PeF_right,-0.441494642,PeF,right,2378,AD PHF,0,FALSE,PeF,HY,2378_AD PHF,PeF_right
2378_AD PHF_RE_left,0.349644562,RE,left,2378,AD PHF,0.349644562,FALSE,RE,TH,2378_AD PHF,RE_left
2378_AD PHF_RE_right,0.239311286,RE,right,2378,AD PHF,0.239311286,FALSE,RE,TH,2378_AD PHF,RE_right
2378_AD PHF_RH_left,0.26795246,RH,left,2378,AD PHF,0.26795246,FALSE,RH,TH,2378_AD PHF,RH_left
2378_AD PHF_RH_right,0.758095739,RH,right,2378,AD PHF,0.758095739,FALSE,RH,TH,2378_AD PHF,RH_right
2378_AD PHF_RSPagl_left,0.900426283,RSPagl,left,2378,AD PHF,0.900426283,FALSE,RSP,Isocortex,2378_AD PHF,RSPagl_left
2378_AD PHF_RSPagl_right,0.98648481,RSPagl,right,2378,AD PHF,0.98648481,FALSE,RSP,Isocortex,2378_AD PHF,RSPagl_right
2378_AD PHF_RSPd_left,0.803311116,RSPd,left,2378,AD PHF,0.803311116,FALSE,RSP,Isocortex,2378_AD PHF,RSPd_left
2378_AD PHF_RSPd_right,0.905241584,RSPd,right,2378,AD PHF,0.905241584,FALSE,RSP,Isocortex,2378_AD PHF,RSPd_right
2378_AD PHF_RSPv_left,0.671053392,RSPv,left,2378,AD PHF,0.671053392,FALSE,RSP,Isocortex,2378_AD PHF,RSPv_left
2378_AD PHF_RSPv_right,0.869004943,RSPv,right,2378,AD PHF,0.869004943,FALSE,RSP,Isocortex,2378_AD PHF,RSPv_right
2378_AD PHF_RT_left,0.718121662,RT,left,2378,AD PHF,0.718121662,FALSE,RT,TH,2378_AD PHF,RT_left
2378_AD PHF_RT_right,0.760539307,RT,right,2378,AD PHF,0.760539307,FALSE,RT,TH,2378_AD PHF,RT_right
2378_AD PHF_SAG_left,-0.00501345,SAG,left,2378,AD PHF,0,FALSE,SAG,MB,2378_AD PHF,SAG_left
2378_AD PHF_SAG_right,0.48604415,SAG,right,2378,AD PHF,0.48604415,FALSE,SAG,MB,2378_AD PHF,SAG_right
2378_AD PHF_SCm_left,0.465827217,SCm,left,2378,AD PHF,0.465827217,FALSE,MBmot,MB,2378_AD PHF,SCm_left
2378_AD PHF_SCm_right,0.381499756,SCm,right,2378,AD PHF,0.381499756,FALSE,MBmot,MB,2378_AD PHF,SCm_right
2378_AD PHF_SCs_left,0.575680681,SCs,left,2378,AD PHF,0.575680681,FALSE,MBsen,MB,2378_AD PHF,SCs_left
2378_AD PHF_SCs_right,0.682161846,SCs,right,2378,AD PHF,0.682161846,FALSE,MBsen,MB,2378_AD PHF,SCs_right
2378_AD PHF_SEZ_left,-0.26593458,SEZ,left,2378,AD PHF,0,TRUE,SEZ,VS,2378_AD PHF,SEZ_left
2378_AD PHF_SEZ_right,-0.846590959,SEZ,right,2378,AD PHF,0,TRUE,SEZ,VS,2378_AD PHF,SEZ_right
2378_AD PHF_SH_left,0.592930107,SH,left,2378,AD PHF,0.592930107,FALSE,SH,STR,2378_AD PHF,SH_left
2378_AD PHF_SH_right,0.536084078,SH,right,2378,AD PHF,0.536084078,FALSE,SH,STR,2378_AD PHF,SH_right
2378_AD PHF_SI_left,0.674750779,SI,left,2378,AD PHF,0.674750779,FALSE,SI,PAL,2378_AD PHF,SI_left
2378_AD PHF_SI_right,0.763615316,SI,right,2378,AD PHF,0.763615316,FALSE,SI,PAL,2378_AD PHF,SI_right
2378_AD PHF_SMT_left,0.293267464,SMT,left,2378,AD PHF,0.293267464,FALSE,SMT,TH,2378_AD PHF,SMT_left
2378_AD PHF_SMT_right,0.147685487,SMT,right,2378,AD PHF,0.147685487,FALSE,SMT,TH,2378_AD PHF,SMT_right
2378_AD PHF_SSp-bfd_left,0.934231451,SSp-bfd,left,2378,AD PHF,0.934231451,FALSE,SSp,Isocortex,2378_AD PHF,SSp-bfd_left
2378_AD PHF_SSp-bfd_right,0.93990583,SSp-bfd,right,2378,AD PHF,0.93990583,FALSE,SSp,Isocortex,2378_AD PHF,SSp-bfd_right
2378_AD PHF_SSp-m_left,0.917790135,SSp-m,left,2378,AD PHF,0.917790135,FALSE,SSp,Isocortex,2378_AD PHF,SSp-m_left
2378_AD PHF_SSp-m_right,0.945133853,SSp-m,right,2378,AD PHF,0.945133853,FALSE,SSp,Isocortex,2378_AD PHF,SSp-m_right
2378_AD PHF_SSp-ul_left,1.011048338,SSp-ul,left,2378,AD PHF,1,FALSE,SSp,Isocortex,2378_AD PHF,SSp-ul_left
2378_AD PHF_SSp-ul_right,1.080046303,SSp-ul,right,2378,AD PHF,1,FALSE,SSp,Isocortex,2378_AD PHF,SSp-ul_right
2378_AD PHF_SSs_left,1.073541844,SSs,left,2378,AD PHF,1,FALSE,SSs,Isocortex,2378_AD PHF,SSs_left
2378_AD PHF_SSs_right,1.001511878,SSs,right,2378,AD PHF,1,FALSE,SSs,Isocortex,2378_AD PHF,SSs_right
2378_AD PHF_STN_left,0.280478017,STN,left,2378,AD PHF,0.280478017,FALSE,STN,HY,2378_AD PHF,STN_left
2378_AD PHF_STN_right,0.578445733,STN,right,2378,AD PHF,0.578445733,FALSE,STN,HY,2378_AD PHF,STN_right
2378_AD PHF_STR_left,0.624361799,STR,left,2378,AD PHF,0.624361799,FALSE,STR,STR,2378_AD PHF,STR_left
2378_AD PHF_STR_right,0.666303573,STR,right,2378,AD PHF,0.666303573,FALSE,STR,STR,2378_AD PHF,STR_right
2378_AD PHF_SUB_left,0.704972177,SUB,left,2378,AD PHF,0.704972177,FALSE,SUB,HPF,2378_AD PHF,SUB_left
2378_AD PHF_SUB_right,0.598373429,SUB,right,2378,AD PHF,0.598373429,FALSE,SUB,HPF,2378_AD PHF,SUB_right
2378_AD PHF_TEa_left,1.030476808,TEa,left,2378,AD PHF,1,FALSE,TEa,Isocortex,2378_AD PHF,TEa_left
2378_AD PHF_TEa_right,1.017245397,TEa,right,2378,AD PHF,1,FALSE,TEa,Isocortex,2378_AD PHF,TEa_right
2378_AD PHF_TH_left,0.30660943,TH,left,2378,AD PHF,0.30660943,FALSE,TH,TH,2378_AD PHF,TH_left
2378_AD PHF_TH_right,0.446556079,TH,right,2378,AD PHF,0.446556079,FALSE,TH,TH,2378_AD PHF,TH_right
2378_AD PHF_TRN_left,0.476814966,TRN,left,2378,AD PHF,0.476814966,FALSE,TRN,P,2378_AD PHF,TRN_left
2378_AD PHF_TRN_right,0.44427237,TRN,right,2378,AD PHF,0.44427237,FALSE,TRN,P,2378_AD PHF,TRN_right
2378_AD PHF_TU_left,0.878081485,TU,left,2378,AD PHF,0.878081485,FALSE,TU,HY,2378_AD PHF,TU_left
2378_AD PHF_TU_right,0.797042183,TU,right,2378,AD PHF,0.797042183,FALSE,TU,HY,2378_AD PHF,TU_right
2378_AD PHF_V3_left,0.230469292,V3,left,2378,AD PHF,0.230469292,TRUE,V3,VS,2378_AD PHF,V3_left
2378_AD PHF_V3_right,0.302615172,V3,right,2378,AD PHF,0.302615172,TRUE,V3,VS,2378_AD PHF,V3_right
2378_AD PHF_VAL_left,0.325592251,VAL,left,2378,AD PHF,0.325592251,FALSE,VAL,TH,2378_AD PHF,VAL_left
2378_AD PHF_VAL_right,0.611909988,VAL,right,2378,AD PHF,0.611909988,FALSE,VAL,TH,2378_AD PHF,VAL_right
2378_AD PHF_VISC_left,0.660350407,VISC,left,2378,AD PHF,0.660350407,FALSE,VISC,Isocortex,2378_AD PHF,VISC_left
2378_AD PHF_VISC_right,0.878956787,VISC,right,2378,AD PHF,0.878956787,FALSE,VISC,Isocortex,2378_AD PHF,VISC_right
2378_AD PHF_VISa_left,0.778010957,VISa,left,2378,AD PHF,0.778010957,FALSE,VISa,Isocortex,2378_AD PHF,VISa_left
2378_AD PHF_VISa_right,0.971712498,VISa,right,2378,AD PHF,0.971712498,FALSE,VISa,Isocortex,2378_AD PHF,VISa_right
2378_AD PHF_VISam_left,0.833360045,VISam,left,2378,AD PHF,0.833360045,FALSE,VISam,Isocortex,2378_AD PHF,VISam_left
2378_AD PHF_VISam_right,0.899881771,VISam,right,2378,AD PHF,0.899881771,FALSE,VISam,Isocortex,2378_AD PHF,VISam_right
2378_AD PHF_VISl_left,1.239265207,VISl,left,2378,AD PHF,1,FALSE,VISl,Isocortex,2378_AD PHF,VISl_left
2378_AD PHF_VISl_right,1.190675178,VISl,right,2378,AD PHF,1,FALSE,VISl,Isocortex,2378_AD PHF,VISl_right
2378_AD PHF_VISli_left,1.442870842,VISli,left,2378,AD PHF,1,FALSE,VISli,Isocortex,2378_AD PHF,VISli_left
2378_AD PHF_VISli_right,1.459025614,VISli,right,2378,AD PHF,1,FALSE,VISli,Isocortex,2378_AD PHF,VISli_right
2378_AD PHF_VISp_left,1.127204568,VISp,left,2378,AD PHF,1,FALSE,VISp,Isocortex,2378_AD PHF,VISp_left
2378_AD PHF_VISp_right,1.102970611,VISp,right,2378,AD PHF,1,FALSE,VISp,Isocortex,2378_AD PHF,VISp_right
2378_AD PHF_VISpl_left,0.713054608,VISpl,left,2378,AD PHF,0.713054608,FALSE,VISpl,Isocortex,2378_AD PHF,VISpl_left
2378_AD PHF_VISpl_right,0.826776535,VISpl,right,2378,AD PHF,0.826776535,FALSE,VISpl,Isocortex,2378_AD PHF,VISpl_right
2378_AD PHF_VISpor_left,1.126802524,VISpor,left,2378,AD PHF,1,FALSE,VISpor,Isocortex,2378_AD PHF,VISpor_left
2378_AD PHF_VISpor_right,1.108228071,VISpor,right,2378,AD PHF,1,FALSE,VISpor,Isocortex,2378_AD PHF,VISpor_right
2378_AD PHF_VISrl_left,1.036361694,VISrl,left,2378,AD PHF,1,FALSE,VISrl,Isocortex,2378_AD PHF,VISrl_left
2378_AD PHF_VISrl_right,0.906837386,VISrl,right,2378,AD PHF,0.906837386,FALSE,VISrl,Isocortex,2378_AD PHF,VISrl_right
2378_AD PHF_VL_left,-0.290428014,VL,left,2378,AD PHF,0,TRUE,VL,VS,2378_AD PHF,VL_left
2378_AD PHF_VL_right,-0.359963902,VL,right,2378,AD PHF,0,TRUE,VL,VS,2378_AD PHF,VL_right
2378_AD PHF_VMH_left,0.861953248,VMH,left,2378,AD PHF,0.861953248,FALSE,VMH,HY,2378_AD PHF,VMH_left
2378_AD PHF_VMH_right,1.155364193,VMH,right,2378,AD PHF,1,FALSE,VMH,HY,2378_AD PHF,VMH_right
2378_AD PHF_VM_left,0.360249558,VM,left,2378,AD PHF,0.360249558,FALSE,VM,TH,2378_AD PHF,VM_left
2378_AD PHF_VM_right,0.527850028,VM,right,2378,AD PHF,0.527850028,FALSE,VM,TH,2378_AD PHF,VM_right
2378_AD PHF_VPL_left,0.284048649,VPL,left,2378,AD PHF,0.284048649,FALSE,VPL,TH,2378_AD PHF,VPL_left
2378_AD PHF_VPL_right,0.573661631,VPL,right,2378,AD PHF,0.573661631,FALSE,VPL,TH,2378_AD PHF,VPL_right
2378_AD PHF_VPM_left,0.475197533,VPM,left,2378,AD PHF,0.475197533,FALSE,VPM,TH,2378_AD PHF,VPM_left
2378_AD PHF_VPM_right,0.589961804,VPM,right,2378,AD PHF,0.589961804,FALSE,VPM,TH,2378_AD PHF,VPM_right
2378_AD PHF_VP_left,0.41175185,VP,left,2378,AD PHF,0.41175185,FALSE,VP,TH,2378_AD PHF,VP_left
2378_AD PHF_VP_right,0.314051451,VP,right,2378,AD PHF,0.314051451,FALSE,VP,TH,2378_AD PHF,VP_right
2378_AD PHF_Xi_left,0.423044281,Xi,left,2378,AD PHF,0.423044281,FALSE,Xi,TH,2378_AD PHF,Xi_left
2378_AD PHF_Xi_right,0.583292481,Xi,right,2378,AD PHF,0.583292481,FALSE,Xi,TH,2378_AD PHF,Xi_right
2378_AD PHF_ZI_left,0.556262184,ZI,left,2378,AD PHF,0.556262184,FALSE,ZI,HY,2378_AD PHF,ZI_left
2378_AD PHF_ZI_right,0.556343757,ZI,right,2378,AD PHF,0.556343757,FALSE,ZI,HY,2378_AD PHF,ZI_right
2378_AD PHF_alv_left,0.509554281,alv,left,2378,AD PHF,0.509554281,TRUE,alv,fiber tracts,2378_AD PHF,alv_left
2378_AD PHF_alv_right,0.737110216,alv,right,2378,AD PHF,0.737110216,TRUE,alv,fiber tracts,2378_AD PHF,alv_right
2378_AD PHF_amc_left,0.756546657,amc,left,2378,AD PHF,0.756546657,TRUE,amc,fiber tracts,2378_AD PHF,amc_left
2378_AD PHF_amc_right,0.812310018,amc,right,2378,AD PHF,0.812310018,TRUE,amc,fiber tracts,2378_AD PHF,amc_right
2378_AD PHF_ar_left,0.167749778,ar,left,2378,AD PHF,0.167749778,TRUE,ar,fiber tracts,2378_AD PHF,ar_left
2378_AD PHF_ar_right,0.234927888,ar,right,2378,AD PHF,0.234927888,TRUE,ar,fiber tracts,2378_AD PHF,ar_right
2378_AD PHF_bic_left,-0.094333076,bic,left,2378,AD PHF,0,TRUE,bic,fiber tracts,2378_AD PHF,bic_left
2378_AD PHF_bic_right,0.288986334,bic,right,2378,AD PHF,0.288986334,TRUE,bic,fiber tracts,2378_AD PHF,bic_right
2378_AD PHF_cc_left,0.097421573,cc,left,2378,AD PHF,0.097421573,TRUE,cc,fiber tracts,2378_AD PHF,cc_left
2378_AD PHF_cc_right,0.160835833,cc,right,2378,AD PHF,0.160835833,TRUE,cc,fiber tracts,2378_AD PHF,cc_right
2378_AD PHF_ccg_left,-0.027460968,ccg,left,2378,AD PHF,0,TRUE,ccg,fiber tracts,2378_AD PHF,ccg_left
2378_AD PHF_ccg_right,-0.09134878,ccg,right,2378,AD PHF,0,TRUE,ccg,fiber tracts,2378_AD PHF,ccg_right
2378_AD PHF_chpl_left,-0.132921335,chpl,left,2378,AD PHF,0,TRUE,chpl,VS,2378_AD PHF,chpl_left
2378_AD PHF_chpl_right,0.114235276,chpl,right,2378,AD PHF,0.114235276,TRUE,chpl,VS,2378_AD PHF,chpl_right
2378_AD PHF_cing_left,0.31815768,cing,left,2378,AD PHF,0.31815768,TRUE,cing,fiber tracts,2378_AD PHF,cing_left
2378_AD PHF_cing_right,0.202059252,cing,right,2378,AD PHF,0.202059252,TRUE,cing,fiber tracts,2378_AD PHF,cing_right
2378_AD PHF_cst_left,0.664201678,cst,left,2378,AD PHF,0.664201678,TRUE,cst,fiber tracts,2378_AD PHF,cst_left
2378_AD PHF_cst_right,0.491321726,cst,right,2378,AD PHF,0.491321726,TRUE,cst,fiber tracts,2378_AD PHF,cst_right
2378_AD PHF_dhc_left,0.205397561,dhc,left,2378,AD PHF,0.205397561,TRUE,dhc,fiber tracts,2378_AD PHF,dhc_left
2378_AD PHF_dhc_right,0.557586608,dhc,right,2378,AD PHF,0.557586608,TRUE,dhc,fiber tracts,2378_AD PHF,dhc_right
2378_AD PHF_dscp_left,-0.092687928,dscp,left,2378,AD PHF,0,TRUE,dscp,fiber tracts,2378_AD PHF,dscp_left
2378_AD PHF_dscp_right,-0.086984428,dscp,right,2378,AD PHF,0,TRUE,dscp,fiber tracts,2378_AD PHF,dscp_right
2378_AD PHF_ec_left,0.227370951,ec,left,2378,AD PHF,0.227370951,TRUE,ec,fiber tracts,2378_AD PHF,ec_left
2378_AD PHF_ec_right,0.572556624,ec,right,2378,AD PHF,0.572556624,TRUE,ec,fiber tracts,2378_AD PHF,ec_right
2378_AD PHF_em_left,0.816241617,em,left,2378,AD PHF,0.816241617,TRUE,em,fiber tracts,2378_AD PHF,em_left
2378_AD PHF_em_right,0.653695288,em,right,2378,AD PHF,0.653695288,TRUE,em,fiber tracts,2378_AD PHF,em_right
2378_AD PHF_fi_left,0.234767244,fi,left,2378,AD PHF,0.234767244,TRUE,fi,fiber tracts,2378_AD PHF,fi_left
2378_AD PHF_fi_right,0.29335084,fi,right,2378,AD PHF,0.29335084,TRUE,fi,fiber tracts,2378_AD PHF,fi_right
2378_AD PHF_fiber tracts_left,0.342269024,fiber tracts,left,2378,AD PHF,0.342269024,TRUE,fiber tracts,fiber tracts,2378_AD PHF,fiber tracts_left
2378_AD PHF_fiber tracts_right,0.24775802,fiber tracts,right,2378,AD PHF,0.24775802,TRUE,fiber tracts,fiber tracts,2378_AD PHF,fiber tracts_right
2378_AD PHF_fr_left,-0.319649097,fr,left,2378,AD PHF,0,TRUE,fr,fiber tracts,2378_AD PHF,fr_left
2378_AD PHF_fr_right,-0.32011167,fr,right,2378,AD PHF,0,TRUE,fr,fiber tracts,2378_AD PHF,fr_right
2378_AD PHF_fx_left,0.033294487,fx,left,2378,AD PHF,0.033294487,TRUE,fx,fiber tracts,2378_AD PHF,fx_left
2378_AD PHF_fx_right,0.069389657,fx,right,2378,AD PHF,0.069389657,TRUE,fx,fiber tracts,2378_AD PHF,fx_right
2378_AD PHF_hbc_left,0.357108565,hbc,left,2378,AD PHF,0.357108565,TRUE,hbc,fiber tracts,2378_AD PHF,hbc_left
2378_AD PHF_hbc_right,0.278149656,hbc,right,2378,AD PHF,0.278149656,TRUE,hbc,fiber tracts,2378_AD PHF,hbc_right
2378_AD PHF_int_left,0.088447252,int,left,2378,AD PHF,0.088447252,TRUE,int,fiber tracts,2378_AD PHF,int_left
2378_AD PHF_int_right,0.375281898,int,right,2378,AD PHF,0.375281898,TRUE,int,fiber tracts,2378_AD PHF,int_right
2378_AD PHF_ll_left,0.180234936,ll,left,2378,AD PHF,0.180234936,TRUE,ll,fiber tracts,2378_AD PHF,ll_left
2378_AD PHF_ll_right,0.281992938,ll,right,2378,AD PHF,0.281992938,TRUE,ll,fiber tracts,2378_AD PHF,ll_right
2378_AD PHF_lotg_left,0.644623046,lotg,left,2378,AD PHF,0.644623046,TRUE,In,fiber tracts,2378_AD PHF,lotg_left
2378_AD PHF_lotg_right,0.664016218,lotg,right,2378,AD PHF,0.664016218,TRUE,In,fiber tracts,2378_AD PHF,lotg_right
2378_AD PHF_mcp_left,0.025268845,mcp,left,2378,AD PHF,0.025268845,TRUE,mcp,fiber tracts,2378_AD PHF,mcp_left
2378_AD PHF_mcp_right,-0.014903305,mcp,right,2378,AD PHF,0,TRUE,mcp,fiber tracts,2378_AD PHF,mcp_right
2378_AD PHF_ml_left,0.409830134,ml,left,2378,AD PHF,0.409830134,TRUE,ml,fiber tracts,2378_AD PHF,ml_left
2378_AD PHF_ml_right,0.203218242,ml,right,2378,AD PHF,0.203218242,TRUE,ml,fiber tracts,2378_AD PHF,ml_right
2378_AD PHF_mlf_left,-0.093123488,mlf,left,2378,AD PHF,0,TRUE,mlf,fiber tracts,2378_AD PHF,mlf_left
2378_AD PHF_mlf_right,-0.388944338,mlf,right,2378,AD PHF,0,TRUE,mlf,fiber tracts,2378_AD PHF,mlf_right
2378_AD PHF_moV_left,0.397521178,moV,left,2378,AD PHF,0.397521178,TRUE,moV,fiber tracts,2378_AD PHF,moV_left
2378_AD PHF_moV_right,-0.479952281,moV,right,2378,AD PHF,0,TRUE,moV,fiber tracts,2378_AD PHF,moV_right
2378_AD PHF_mtg_left,0.664134701,mtg,left,2378,AD PHF,0.664134701,TRUE,mtg,fiber tracts,2378_AD PHF,mtg_left
2378_AD PHF_mtg_right,-0.12595466,mtg,right,2378,AD PHF,0,TRUE,mtg,fiber tracts,2378_AD PHF,mtg_right
2378_AD PHF_mtt_left,0.281742601,mtt,left,2378,AD PHF,0.281742601,TRUE,mtt,fiber tracts,2378_AD PHF,mtt_left
2378_AD PHF_mtt_right,0.334883282,mtt,right,2378,AD PHF,0.334883282,TRUE,mtt,fiber tracts,2378_AD PHF,mtt_right
2378_AD PHF_nst_left,0.257458692,nst,left,2378,AD PHF,0.257458692,TRUE,nst,fiber tracts,2378_AD PHF,nst_left
2378_AD PHF_nst_right,0.370631078,nst,right,2378,AD PHF,0.370631078,TRUE,nst,fiber tracts,2378_AD PHF,nst_right
2378_AD PHF_opt_left,-0.162698912,opt,left,2378,AD PHF,0,TRUE,opt,fiber tracts,2378_AD PHF,opt_left
2378_AD PHF_opt_right,0.445109179,opt,right,2378,AD PHF,0.445109179,TRUE,opt,fiber tracts,2378_AD PHF,opt_right
2378_AD PHF_or_left,0.179949762,or,left,2378,AD PHF,0.179949762,TRUE,or,fiber tracts,2378_AD PHF,or_left
2378_AD PHF_or_right,0.234618742,or,right,2378,AD PHF,0.234618742,TRUE,or,fiber tracts,2378_AD PHF,or_right
2378_AD PHF_rust_left,-0.115593132,rust,left,2378,AD PHF,0,TRUE,rust,fiber tracts,2378_AD PHF,rust_left
2378_AD PHF_rust_right,0.355077324,rust,right,2378,AD PHF,0.355077324,TRUE,rust,fiber tracts,2378_AD PHF,rust_right
2378_AD PHF_sV_left,-2.957513783,sV,left,2378,AD PHF,0,TRUE,sV,fiber tracts,2378_AD PHF,sV_left
2378_AD PHF_sV_right,-1.383791532,sV,right,2378,AD PHF,0,TRUE,sV,fiber tracts,2378_AD PHF,sV_right
2378_AD PHF_scp_left,0.244995914,scp,left,2378,AD PHF,0.244995914,TRUE,scp,fiber tracts,2378_AD PHF,scp_left
2378_AD PHF_scp_right,-0.101586468,scp,right,2378,AD PHF,0,TRUE,scp,fiber tracts,2378_AD PHF,scp_right
2378_AD PHF_scwm_left,0.128679341,scwm,left,2378,AD PHF,0.128679341,TRUE,scwm,fiber tracts,2378_AD PHF,scwm_left
2378_AD PHF_scwm_right,0.070585942,scwm,right,2378,AD PHF,0.070585942,TRUE,scwm,fiber tracts,2378_AD PHF,scwm_right
2378_AD PHF_st_left,0.353662144,st,left,2378,AD PHF,0.353662144,TRUE,st,fiber tracts,2378_AD PHF,st_left
2378_AD PHF_st_right,0.27545462,st,right,2378,AD PHF,0.27545462,TRUE,st,fiber tracts,2378_AD PHF,st_right
2378_AD PHF_stc_left,0.608632249,stc,left,2378,AD PHF,0.608632249,TRUE,stc,fiber tracts,2378_AD PHF,stc_left
2378_AD PHF_stc_right,0.412796764,stc,right,2378,AD PHF,0.412796764,TRUE,stc,fiber tracts,2378_AD PHF,stc_right
2378_AD PHF_sup_left,-0.030912049,sup,left,2378,AD PHF,0,TRUE,sup,fiber tracts,2378_AD PHF,sup_left
2378_AD PHF_sup_right,-0.518995887,sup,right,2378,AD PHF,0,TRUE,sup,fiber tracts,2378_AD PHF,sup_right
2378_AD PHF_tspc_left,0.279231905,tspc,left,2378,AD PHF,0.279231905,TRUE,tspc,fiber tracts,2378_AD PHF,tspc_left
2378_AD PHF_tspc_right,0.076672939,tspc,right,2378,AD PHF,0.076672939,TRUE,tspc,fiber tracts,2378_AD PHF,tspc_right
2414_AD PHF_ACAd_left,0.813325279,ACAd,left,2414,AD PHF,0.813325279,FALSE,ACA,Isocortex,2414_AD PHF,ACAd_left
2414_AD PHF_ACAd_right,0.886586948,ACAd,right,2414,AD PHF,0.886586948,FALSE,ACA,Isocortex,2414_AD PHF,ACAd_right
2414_AD PHF_ACAv_left,0.734440113,ACAv,left,2414,AD PHF,0.734440113,FALSE,ACA,Isocortex,2414_AD PHF,ACAv_left
2414_AD PHF_ACAv_right,0.802621251,ACAv,right,2414,AD PHF,0.802621251,FALSE,ACA,Isocortex,2414_AD PHF,ACAv_right
2414_AD PHF_ACB_left,0.429797613,ACB,left,2414,AD PHF,0.429797613,FALSE,ACB,STR,2414_AD PHF,ACB_left
2414_AD PHF_ACB_right,0.460483263,ACB,right,2414,AD PHF,0.460483263,FALSE,ACB,STR,2414_AD PHF,ACB_right
2414_AD PHF_AId_left,0.918614567,AId,left,2414,AD PHF,0.918614567,FALSE,AI,Isocortex,2414_AD PHF,AId_left
2414_AD PHF_AId_right,0.813619839,AId,right,2414,AD PHF,0.813619839,FALSE,AI,Isocortex,2414_AD PHF,AId_right
2414_AD PHF_AIp_left,0.592109382,AIp,left,2414,AD PHF,0.592109382,FALSE,AI,Isocortex,2414_AD PHF,AIp_left
2414_AD PHF_AIp_right,0.759799939,AIp,right,2414,AD PHF,0.759799939,FALSE,AI,Isocortex,2414_AD PHF,AIp_right
2414_AD PHF_AIv_left,0.839123213,AIv,left,2414,AD PHF,0.839123213,FALSE,AI,Isocortex,2414_AD PHF,AIv_left
2414_AD PHF_AIv_right,0.83893721,AIv,right,2414,AD PHF,0.83893721,FALSE,AI,Isocortex,2414_AD PHF,AIv_right
2414_AD PHF_ARH_left,0.115737772,ARH,left,2414,AD PHF,0.115737772,FALSE,ARH,HY,2414_AD PHF,ARH_left
2414_AD PHF_ARH_right,0.29431353,ARH,right,2414,AD PHF,0.29431353,FALSE,ARH,HY,2414_AD PHF,ARH_right
2414_AD PHF_AUDd_left,0.871050283,AUDd,left,2414,AD PHF,0.871050283,FALSE,AUDd,Isocortex,2414_AD PHF,AUDd_left
2414_AD PHF_AUDd_right,1.012715308,AUDd,right,2414,AD PHF,1,FALSE,AUDd,Isocortex,2414_AD PHF,AUDd_right
2414_AD PHF_AUDp_right,1.015775471,AUDp,right,2414,AD PHF,1,FALSE,AUDp,Isocortex,2414_AD PHF,AUDp_right
2414_AD PHF_AUDv_left,0.832961399,AUDv,left,2414,AD PHF,0.832961399,FALSE,AUDv,Isocortex,2414_AD PHF,AUDv_left
2414_AD PHF_AUDv_right,0.8430021,AUDv,right,2414,AD PHF,0.8430021,FALSE,AUDv,Isocortex,2414_AD PHF,AUDv_right
2414_AD PHF_BLA_left,0.57066666,BLA,left,2414,AD PHF,0.57066666,FALSE,BLA,CTXsp,2414_AD PHF,BLA_left
2414_AD PHF_BLA_right,0.740941826,BLA,right,2414,AD PHF,0.740941826,FALSE,BLA,CTXsp,2414_AD PHF,BLA_right
2414_AD PHF_BMA_left,0.629382346,BMA,left,2414,AD PHF,0.629382346,FALSE,BMA,CTXsp,2414_AD PHF,BMA_left
2414_AD PHF_BMA_right,0.819737421,BMA,right,2414,AD PHF,0.819737421,FALSE,BMA,CTXsp,2414_AD PHF,BMA_right
2414_AD PHF_CA1_left,0.866710227,CA1,left,2414,AD PHF,0.866710227,FALSE,CA1,HPF,2414_AD PHF,CA1_left
2414_AD PHF_CA1_right,0.894288183,CA1,right,2414,AD PHF,0.894288183,FALSE,CA1,HPF,2414_AD PHF,CA1_right
2414_AD PHF_CA2_left,1.008225774,CA2,left,2414,AD PHF,1,FALSE,CA2,HPF,2414_AD PHF,CA2_left
2414_AD PHF_CA2_right,1.009490734,CA2,right,2414,AD PHF,1,FALSE,CA2,HPF,2414_AD PHF,CA2_right
2414_AD PHF_CA3_left,0.729793825,CA3,left,2414,AD PHF,0.729793825,FALSE,CA3,HPF,2414_AD PHF,CA3_left
2414_AD PHF_CA3_right,0.772114382,CA3,right,2414,AD PHF,0.772114382,FALSE,CA3,HPF,2414_AD PHF,CA3_right
2414_AD PHF_CEA_left,0.715528487,CEA,left,2414,AD PHF,0.715528487,FALSE,CEA,STR,2414_AD PHF,CEA_left
2414_AD PHF_CEA_right,0.68236202,CEA,right,2414,AD PHF,0.68236202,FALSE,CEA,STR,2414_AD PHF,CEA_right
2414_AD PHF_CLA_left,0.774344414,CLA,left,2414,AD PHF,0.774344414,FALSE,CLA,CTXsp,2414_AD PHF,CLA_left
2414_AD PHF_CLA_right,0.58917988,CLA,right,2414,AD PHF,0.58917988,FALSE,CLA,CTXsp,2414_AD PHF,CLA_right
2414_AD PHF_CL_left,0.707390867,CL,left,2414,AD PHF,0.707390867,FALSE,CL,TH,2414_AD PHF,CL_left
2414_AD PHF_CL_right,0.721136841,CL,right,2414,AD PHF,0.721136841,FALSE,CL,TH,2414_AD PHF,CL_right
2414_AD PHF_CM_left,0.351912702,CM,left,2414,AD PHF,0.351912702,FALSE,CM,TH,2414_AD PHF,CM_left
2414_AD PHF_CM_right,0.755650498,CM,right,2414,AD PHF,0.755650498,FALSE,CM,TH,2414_AD PHF,CM_right
2414_AD PHF_COA_left,0.693725614,COA,left,2414,AD PHF,0.693725614,FALSE,COA,OLF,2414_AD PHF,COA_left
2414_AD PHF_COA_right,0.778255751,COA,right,2414,AD PHF,0.778255751,FALSE,COA,OLF,2414_AD PHF,COA_right
2414_AD PHF_COAp_left,0.830439854,COAp,left,2414,AD PHF,0.830439854,FALSE,COA,OLF,2414_AD PHF,COAp_left
2414_AD PHF_COAp_right,0.83519195,COAp,right,2414,AD PHF,0.83519195,FALSE,COA,OLF,2414_AD PHF,COAp_right
2414_AD PHF_CP_left,0.451775838,CP,left,2414,AD PHF,0.451775838,FALSE,CP,STR,2414_AD PHF,CP_left
2414_AD PHF_CP_right,0.509125713,CP,right,2414,AD PHF,0.509125713,FALSE,CP,STR,2414_AD PHF,CP_right
2414_AD PHF_CTXsp_left,0.481793838,CTXsp,left,2414,AD PHF,0.481793838,FALSE,CTXsp,CTXsp,2414_AD PHF,CTXsp_left
2414_AD PHF_CTXsp_right,0.750267417,CTXsp,right,2414,AD PHF,0.750267417,FALSE,CTXsp,CTXsp,2414_AD PHF,CTXsp_right
2414_AD PHF_DG_left,0.540121434,DG,left,2414,AD PHF,0.540121434,FALSE,DG,HPF,2414_AD PHF,DG_left
2414_AD PHF_DG_right,0.600868798,DG,right,2414,AD PHF,0.600868798,FALSE,DG,HPF,2414_AD PHF,DG_right
2414_AD PHF_DMH_left,0.440648358,DMH,left,2414,AD PHF,0.440648358,FALSE,DMH,HY,2414_AD PHF,DMH_left
2414_AD PHF_DMH_right,0.545552582,DMH,right,2414,AD PHF,0.545552582,FALSE,DMH,HY,2414_AD PHF,DMH_right
2414_AD PHF_ECT_right,0.803711763,ECT,right,2414,AD PHF,0.803711763,FALSE,ECT,Isocortex,2414_AD PHF,ECT_right
2414_AD PHF_ENTl_right,0.754522624,ENTl,right,2414,AD PHF,0.754522624,FALSE,ENT,HPF,2414_AD PHF,ENTl_right
2414_AD PHF_EP_left,0.615564039,EP,left,2414,AD PHF,0.615564039,FALSE,EP,CTXsp,2414_AD PHF,EP_left
2414_AD PHF_EP_right,0.736780861,EP,right,2414,AD PHF,0.736780861,FALSE,EP,CTXsp,2414_AD PHF,EP_right
2414_AD PHF_Eth_left,1.029581547,Eth,left,2414,AD PHF,1,FALSE,Eth,TH,2414_AD PHF,Eth_left
2414_AD PHF_Eth_right,0.99386085,Eth,right,2414,AD PHF,0.99386085,FALSE,Eth,TH,2414_AD PHF,Eth_right
2414_AD PHF_FC_left,0.967551516,FC,left,2414,AD PHF,0.967551516,FALSE,FC,HPF,2414_AD PHF,FC_left
2414_AD PHF_FC_right,0.762694294,FC,right,2414,AD PHF,0.762694294,FALSE,FC,HPF,2414_AD PHF,FC_right
2414_AD PHF_GU_left,0.996506677,GU,left,2414,AD PHF,0.996506677,FALSE,GU,Isocortex,2414_AD PHF,GU_left
2414_AD PHF_GU_right,0.892921535,GU,right,2414,AD PHF,0.892921535,FALSE,GU,Isocortex,2414_AD PHF,GU_right
2414_AD PHF_HPF_left,0.39083931,HPF,left,2414,AD PHF,0.39083931,FALSE,HPF,HPF,2414_AD PHF,HPF_left
2414_AD PHF_HPF_right,0.573884653,HPF,right,2414,AD PHF,0.573884653,FALSE,HPF,HPF,2414_AD PHF,HPF_right
2414_AD PHF_HY_left,0.416960198,HY,left,2414,AD PHF,0.416960198,FALSE,HY,HY,2414_AD PHF,HY_left
2414_AD PHF_HY_right,0.497099071,HY,right,2414,AD PHF,0.497099071,FALSE,HY,HY,2414_AD PHF,HY_right
2414_AD PHF_IA_left,0.273135758,IA,left,2414,AD PHF,0.273135758,FALSE,IA,STR,2414_AD PHF,IA_left
2414_AD PHF_IA_right,0.791484314,IA,right,2414,AD PHF,0.791484314,FALSE,IA,STR,2414_AD PHF,IA_right
2414_AD PHF_IG_left,0.369615018,IG,left,2414,AD PHF,0.369615018,FALSE,IG,HPF,2414_AD PHF,IG_left
2414_AD PHF_IG_right,0.349184079,IG,right,2414,AD PHF,0.349184079,FALSE,IG,HPF,2414_AD PHF,IG_right
2414_AD PHF_IIn_left,-5,IIn,left,2414,AD PHF,0,TRUE,IIn,fiber tracts,2414_AD PHF,IIn_left
2414_AD PHF_IIn_right,-5,IIn,right,2414,AD PHF,0,TRUE,IIn,fiber tracts,2414_AD PHF,IIn_right
2414_AD PHF_IMD_left,0.592172438,IMD,left,2414,AD PHF,0.592172438,FALSE,IMD,TH,2414_AD PHF,IMD_left
2414_AD PHF_IMD_right,0.663055209,IMD,right,2414,AD PHF,0.663055209,FALSE,IMD,TH,2414_AD PHF,IMD_right
2414_AD PHF_In_left,0.031461214,In,left,2414,AD PHF,0.031461214,TRUE,In,fiber tracts,2414_AD PHF,In_left
2414_AD PHF_In_right,0.131882719,In,right,2414,AD PHF,0.131882719,TRUE,In,fiber tracts,2414_AD PHF,In_right
2414_AD PHF_LA_left,0.57674621,LA,left,2414,AD PHF,0.57674621,FALSE,LA,CTXsp,2414_AD PHF,LA_left
2414_AD PHF_LA_right,0.807954912,LA,right,2414,AD PHF,0.807954912,FALSE,LA,CTXsp,2414_AD PHF,LA_right
2414_AD PHF_LD_left,0.68232535,LD,left,2414,AD PHF,0.68232535,FALSE,LD,TH,2414_AD PHF,LD_left
2414_AD PHF_LGd_left,0.876057528,LGd,left,2414,AD PHF,0.876057528,FALSE,LGd,TH,2414_AD PHF,LGd_left
2414_AD PHF_LGd_right,0.895305323,LGd,right,2414,AD PHF,0.895305323,FALSE,LGd,TH,2414_AD PHF,LGd_right
2414_AD PHF_LGv_left,0.39537164,LGv,left,2414,AD PHF,0.39537164,FALSE,LGv,TH,2414_AD PHF,LGv_left
2414_AD PHF_LGv_right,0.714053612,LGv,right,2414,AD PHF,0.714053612,FALSE,LGv,TH,2414_AD PHF,LGv_right
2414_AD PHF_LHA_left,0.432371003,LHA,left,2414,AD PHF,0.432371003,FALSE,LHA,HY,2414_AD PHF,LHA_left
2414_AD PHF_LHA_right,0.334377759,LHA,right,2414,AD PHF,0.334377759,FALSE,LHA,HY,2414_AD PHF,LHA_right
2414_AD PHF_LH_left,0.299223156,LH,left,2414,AD PHF,0.299223156,FALSE,LH,TH,2414_AD PHF,LH_left
2414_AD PHF_LH_right,0.410469925,LH,right,2414,AD PHF,0.410469925,FALSE,LH,TH,2414_AD PHF,LH_right
2414_AD PHF_LPO_left,0.141747463,LPO,left,2414,AD PHF,0.141747463,FALSE,LPO,HY,2414_AD PHF,LPO_left
2414_AD PHF_LPO_right,0.762056404,LPO,right,2414,AD PHF,0.762056404,FALSE,LPO,HY,2414_AD PHF,LPO_right
2414_AD PHF_LP_left,0.709020271,LP,left,2414,AD PHF,0.709020271,FALSE,LP,TH,2414_AD PHF,LP_left
2414_AD PHF_LP_right,0.808336134,LP,right,2414,AD PHF,0.808336134,FALSE,LP,TH,2414_AD PHF,LP_right
2414_AD PHF_LS_left,0.719090684,LS,left,2414,AD PHF,0.719090684,FALSE,LS,STR,2414_AD PHF,LS_left
2414_AD PHF_LS_right,0.68373845,LS,right,2414,AD PHF,0.68373845,FALSE,LS,STR,2414_AD PHF,LS_right
2414_AD PHF_MD_left,0.65640309,MD,left,2414,AD PHF,0.65640309,FALSE,MD,TH,2414_AD PHF,MD_left
2414_AD PHF_MD_right,0.664328977,MD,right,2414,AD PHF,0.664328977,FALSE,MD,TH,2414_AD PHF,MD_right
2414_AD PHF_MEA_left,0.709252337,MEA,left,2414,AD PHF,0.709252337,FALSE,MEA,STR,2414_AD PHF,MEA_left
2414_AD PHF_MEA_right,0.863790214,MEA,right,2414,AD PHF,0.863790214,FALSE,MEA,STR,2414_AD PHF,MEA_right
2414_AD PHF_ME_left,-5,ME,left,2414,AD PHF,0,FALSE,ME,HY,2414_AD PHF,ME_left
2414_AD PHF_ME_right,-5,ME,right,2414,AD PHF,0,FALSE,ME,HY,2414_AD PHF,ME_right
2414_AD PHF_MH_left,-0.169960626,MH,left,2414,AD PHF,0,FALSE,MH,TH,2414_AD PHF,MH_left
2414_AD PHF_MH_right,-0.335202761,MH,right,2414,AD PHF,0,FALSE,MH,TH,2414_AD PHF,MH_right
2414_AD PHF_MOp_left,0.978574518,MOp,left,2414,AD PHF,0.978574518,FALSE,MOp,Isocortex,2414_AD PHF,MOp_left
2414_AD PHF_MOp_right,1.05369677,MOp,right,2414,AD PHF,1,FALSE,MOp,Isocortex,2414_AD PHF,MOp_right
2414_AD PHF_MOs_left,0.973281257,MOs,left,2414,AD PHF,0.973281257,FALSE,MOs,Isocortex,2414_AD PHF,MOs_left
2414_AD PHF_MOs_right,1.09632482,MOs,right,2414,AD PHF,1,FALSE,MOs,Isocortex,2414_AD PHF,MOs_right
2414_AD PHF_MS_left,0.039119542,MS,left,2414,AD PHF,0.039119542,FALSE,MS,PAL,2414_AD PHF,MS_left
2414_AD PHF_MS_right,0.160563242,MS,right,2414,AD PHF,0.160563242,FALSE,MS,PAL,2414_AD PHF,MS_right
2414_AD PHF_NDB_left,0.384467837,NDB,left,2414,AD PHF,0.384467837,FALSE,NDB,PAL,2414_AD PHF,NDB_left
2414_AD PHF_NDB_right,0.414912,NDB,right,2414,AD PHF,0.414912,FALSE,NDB,PAL,2414_AD PHF,NDB_right
2414_AD PHF_OLF_left,0.687624408,OLF,left,2414,AD PHF,0.687624408,FALSE,OLF,OLF,2414_AD PHF,OLF_left
2414_AD PHF_OLF_right,0.622930198,OLF,right,2414,AD PHF,0.622930198,FALSE,OLF,OLF,2414_AD PHF,OLF_right
2414_AD PHF_OT_left,0.572240982,OT,left,2414,AD PHF,0.572240982,FALSE,OT,STR,2414_AD PHF,OT_left
2414_AD PHF_OT_right,0.574880589,OT,right,2414,AD PHF,0.574880589,FALSE,OT,STR,2414_AD PHF,OT_right
2414_AD PHF_PAA_left,0.52680324,PAA,left,2414,AD PHF,0.52680324,FALSE,PAA,OLF,2414_AD PHF,PAA_left
2414_AD PHF_PAA_right,0.906914052,PAA,right,2414,AD PHF,0.906914052,FALSE,PAA,OLF,2414_AD PHF,PAA_right
2414_AD PHF_PAL_left,0.404344167,PAL,left,2414,AD PHF,0.404344167,FALSE,PAL,PAL,2414_AD PHF,PAL_left
2414_AD PHF_PAL_right,0.538083757,PAL,right,2414,AD PHF,0.538083757,FALSE,PAL,PAL,2414_AD PHF,PAL_right
2414_AD PHF_PALd_left,0.3791727,PALd,left,2414,AD PHF,0.3791727,FALSE,PAL,PAL,2414_AD PHF,PALd_left
2414_AD PHF_PALd_right,0.73134851,PALd,right,2414,AD PHF,0.73134851,FALSE,PAL,PAL,2414_AD PHF,PALd_right
2414_AD PHF_PCN_left,0.630705186,PCN,left,2414,AD PHF,0.630705186,FALSE,PCN,TH,2414_AD PHF,PCN_left
2414_AD PHF_PCN_right,0.861428851,PCN,right,2414,AD PHF,0.861428851,FALSE,PCN,TH,2414_AD PHF,PCN_right
2414_AD PHF_PERI_right,0.631385005,PERI,right,2414,AD PHF,0.631385005,FALSE,PERI,Isocortex,2414_AD PHF,PERI_right
2414_AD PHF_PIR_left,0.712830215,PIR,left,2414,AD PHF,0.712830215,FALSE,PIR,OLF,2414_AD PHF,PIR_left
2414_AD PHF_PIR_right,0.672328434,PIR,right,2414,AD PHF,0.672328434,FALSE,PIR,OLF,2414_AD PHF,PIR_right
2414_AD PHF_PO_left,0.799129565,PO,left,2414,AD PHF,0.799129565,FALSE,PO,TH,2414_AD PHF,PO_left
2414_AD PHF_PO_right,0.856123328,PO,right,2414,AD PHF,0.856123328,FALSE,PO,TH,2414_AD PHF,PO_right
2414_AD PHF_PR_left,0.108278291,PR,left,2414,AD PHF,0.108278291,FALSE,PR,TH,2414_AD PHF,PR_left
2414_AD PHF_PR_right,0.299078202,PR,right,2414,AD PHF,0.299078202,FALSE,PR,TH,2414_AD PHF,PR_right
2414_AD PHF_PST_left,-5,PST,left,2414,AD PHF,0,FALSE,PST,HY,2414_AD PHF,PST_left
2414_AD PHF_PST_right,0.865183254,PST,right,2414,AD PHF,0.865183254,FALSE,PST,HY,2414_AD PHF,PST_right
2414_AD PHF_PVT_left,-0.238346807,PVT,left,2414,AD PHF,0,FALSE,PVT,TH,2414_AD PHF,PVT_left
2414_AD PHF_PVT_right,-0.0386923,PVT,right,2414,AD PHF,0,FALSE,PVT,TH,2414_AD PHF,PVT_right
2414_AD PHF_PVZ_left,-0.652448567,PVZ,left,2414,AD PHF,0,FALSE,PVZ,HY,2414_AD PHF,PVZ_left
2414_AD PHF_PVZ_right,0.273490338,PVZ,right,2414,AD PHF,0.273490338,FALSE,PVZ,HY,2414_AD PHF,PVZ_right
2414_AD PHF_PeF_left,-0.311630134,PeF,left,2414,AD PHF,0,FALSE,PeF,HY,2414_AD PHF,PeF_left
2414_AD PHF_RE_left,0.296093783,RE,left,2414,AD PHF,0.296093783,FALSE,RE,TH,2414_AD PHF,RE_left
2414_AD PHF_RE_right,0.220172037,RE,right,2414,AD PHF,0.220172037,FALSE,RE,TH,2414_AD PHF,RE_right
2414_AD PHF_RH_left,0.284062598,RH,left,2414,AD PHF,0.284062598,FALSE,RH,TH,2414_AD PHF,RH_left
2414_AD PHF_RH_right,0.861969087,RH,right,2414,AD PHF,0.861969087,FALSE,RH,TH,2414_AD PHF,RH_right
2414_AD PHF_RSPagl_left,1.085748234,RSPagl,left,2414,AD PHF,1,FALSE,RSP,Isocortex,2414_AD PHF,RSPagl_left
2414_AD PHF_RSPagl_right,1.112857174,RSPagl,right,2414,AD PHF,1,FALSE,RSP,Isocortex,2414_AD PHF,RSPagl_right
2414_AD PHF_RSPd_left,1.091870408,RSPd,left,2414,AD PHF,1,FALSE,RSP,Isocortex,2414_AD PHF,RSPd_left
2414_AD PHF_RSPd_right,1.173293569,RSPd,right,2414,AD PHF,1,FALSE,RSP,Isocortex,2414_AD PHF,RSPd_right
2414_AD PHF_RSPv_left,1.017079389,RSPv,left,2414,AD PHF,1,FALSE,RSP,Isocortex,2414_AD PHF,RSPv_left
2414_AD PHF_RSPv_right,1.054252724,RSPv,right,2414,AD PHF,1,FALSE,RSP,Isocortex,2414_AD PHF,RSPv_right
2414_AD PHF_RT_left,0.783327847,RT,left,2414,AD PHF,0.783327847,FALSE,RT,TH,2414_AD PHF,RT_left
2414_AD PHF_RT_right,0.844287058,RT,right,2414,AD PHF,0.844287058,FALSE,RT,TH,2414_AD PHF,RT_right
2414_AD PHF_SEZ_left,0.425289443,SEZ,left,2414,AD PHF,0.425289443,TRUE,SEZ,VS,2414_AD PHF,SEZ_left
2414_AD PHF_SEZ_right,0.19427815,SEZ,right,2414,AD PHF,0.19427815,TRUE,SEZ,VS,2414_AD PHF,SEZ_right
2414_AD PHF_SH_left,0.964656171,SH,left,2414,AD PHF,0.964656171,FALSE,SH,STR,2414_AD PHF,SH_left
2414_AD PHF_SH_right,1.008142752,SH,right,2414,AD PHF,1,FALSE,SH,STR,2414_AD PHF,SH_right
2414_AD PHF_SI_left,0.509566178,SI,left,2414,AD PHF,0.509566178,FALSE,SI,PAL,2414_AD PHF,SI_left
2414_AD PHF_SI_right,0.631578681,SI,right,2414,AD PHF,0.631578681,FALSE,SI,PAL,2414_AD PHF,SI_right
2414_AD PHF_SMT_left,0.585635635,SMT,left,2414,AD PHF,0.585635635,FALSE,SMT,TH,2414_AD PHF,SMT_left
2414_AD PHF_SMT_right,0.437511265,SMT,right,2414,AD PHF,0.437511265,FALSE,SMT,TH,2414_AD PHF,SMT_right
2414_AD PHF_SSp-bfd_left,0.934548328,SSp-bfd,left,2414,AD PHF,0.934548328,FALSE,SSp,Isocortex,2414_AD PHF,SSp-bfd_left
2414_AD PHF_SSp-bfd_right,1.142004571,SSp-bfd,right,2414,AD PHF,1,FALSE,SSp,Isocortex,2414_AD PHF,SSp-bfd_right
2414_AD PHF_SSp-m_left,1.07468106,SSp-m,left,2414,AD PHF,1,FALSE,SSp,Isocortex,2414_AD PHF,SSp-m_left
2414_AD PHF_SSp-m_right,1.00478989,SSp-m,right,2414,AD PHF,1,FALSE,SSp,Isocortex,2414_AD PHF,SSp-m_right
2414_AD PHF_SSp-tr_left,0.632689478,SSp-tr,left,2414,AD PHF,0.632689478,FALSE,SSp,Isocortex,2414_AD PHF,SSp-tr_left
2414_AD PHF_SSp-tr_right,0.186189713,SSp-tr,right,2414,AD PHF,0.186189713,FALSE,SSp,Isocortex,2414_AD PHF,SSp-tr_right
2414_AD PHF_SSp-ul_left,1.190549327,SSp-ul,left,2414,AD PHF,1,FALSE,SSp,Isocortex,2414_AD PHF,SSp-ul_left
2414_AD PHF_SSp-ul_right,1.256200684,SSp-ul,right,2414,AD PHF,1,FALSE,SSp,Isocortex,2414_AD PHF,SSp-ul_right
2414_AD PHF_SSs_left,0.855003076,SSs,left,2414,AD PHF,0.855003076,FALSE,SSs,Isocortex,2414_AD PHF,SSs_left
2414_AD PHF_SSs_right,1.005781861,SSs,right,2414,AD PHF,1,FALSE,SSs,Isocortex,2414_AD PHF,SSs_right
2414_AD PHF_STN_left,0.061041182,STN,left,2414,AD PHF,0.061041182,FALSE,STN,HY,2414_AD PHF,STN_left
2414_AD PHF_STN_right,0.413018928,STN,right,2414,AD PHF,0.413018928,FALSE,STN,HY,2414_AD PHF,STN_right
2414_AD PHF_STR_left,0.680158867,STR,left,2414,AD PHF,0.680158867,FALSE,STR,STR,2414_AD PHF,STR_left
2414_AD PHF_STR_right,0.690079948,STR,right,2414,AD PHF,0.690079948,FALSE,STR,STR,2414_AD PHF,STR_right
2414_AD PHF_TEa_left,0.812034455,TEa,left,2414,AD PHF,0.812034455,FALSE,TEa,Isocortex,2414_AD PHF,TEa_left
2414_AD PHF_TEa_right,0.833199292,TEa,right,2414,AD PHF,0.833199292,FALSE,TEa,Isocortex,2414_AD PHF,TEa_right
2414_AD PHF_TH_left,0.709276114,TH,left,2414,AD PHF,0.709276114,FALSE,TH,TH,2414_AD PHF,TH_left
2414_AD PHF_TH_right,0.475231746,TH,right,2414,AD PHF,0.475231746,FALSE,TH,TH,2414_AD PHF,TH_right
2414_AD PHF_TU_left,0.65654903,TU,left,2414,AD PHF,0.65654903,FALSE,TU,HY,2414_AD PHF,TU_left
2414_AD PHF_TU_right,0.634579248,TU,right,2414,AD PHF,0.634579248,FALSE,TU,HY,2414_AD PHF,TU_right
2414_AD PHF_V3_left,0.247293148,V3,left,2414,AD PHF,0.247293148,TRUE,V3,VS,2414_AD PHF,V3_left
2414_AD PHF_V3_right,0.191914317,V3,right,2414,AD PHF,0.191914317,TRUE,V3,VS,2414_AD PHF,V3_right
2414_AD PHF_VAL_left,0.802358275,VAL,left,2414,AD PHF,0.802358275,FALSE,VAL,TH,2414_AD PHF,VAL_left
2414_AD PHF_VAL_right,0.557159886,VAL,right,2414,AD PHF,0.557159886,FALSE,VAL,TH,2414_AD PHF,VAL_right
2414_AD PHF_VISC_left,0.59429794,VISC,left,2414,AD PHF,0.59429794,FALSE,VISC,Isocortex,2414_AD PHF,VISC_left
2414_AD PHF_VISC_right,0.546787649,VISC,right,2414,AD PHF,0.546787649,FALSE,VISC,Isocortex,2414_AD PHF,VISC_right
2414_AD PHF_VISa_left,1.021649156,VISa,left,2414,AD PHF,1,FALSE,VISa,Isocortex,2414_AD PHF,VISa_left
2414_AD PHF_VISa_right,1.111422016,VISa,right,2414,AD PHF,1,FALSE,VISa,Isocortex,2414_AD PHF,VISa_right
2414_AD PHF_VISam_left,1.131844618,VISam,left,2414,AD PHF,1,FALSE,VISam,Isocortex,2414_AD PHF,VISam_left
2414_AD PHF_VISam_right,1.097233495,VISam,right,2414,AD PHF,1,FALSE,VISam,Isocortex,2414_AD PHF,VISam_right
2414_AD PHF_VISrl_left,0.858305453,VISrl,left,2414,AD PHF,0.858305453,FALSE,VISrl,Isocortex,2414_AD PHF,VISrl_left
2414_AD PHF_VISrl_right,1.268636165,VISrl,right,2414,AD PHF,1,FALSE,VISrl,Isocortex,2414_AD PHF,VISrl_right
2414_AD PHF_VL_left,-0.276474504,VL,left,2414,AD PHF,0,TRUE,VL,VS,2414_AD PHF,VL_left
2414_AD PHF_VL_right,-0.211925474,VL,right,2414,AD PHF,0,TRUE,VL,VS,2414_AD PHF,VL_right
2414_AD PHF_VMH_left,0.589619728,VMH,left,2414,AD PHF,0.589619728,FALSE,VMH,HY,2414_AD PHF,VMH_left
2414_AD PHF_VMH_right,0.600555505,VMH,right,2414,AD PHF,0.600555505,FALSE,VMH,HY,2414_AD PHF,VMH_right
2414_AD PHF_VM_left,0.422210865,VM,left,2414,AD PHF,0.422210865,FALSE,VM,TH,2414_AD PHF,VM_left
2414_AD PHF_VM_right,0.549343111,VM,right,2414,AD PHF,0.549343111,FALSE,VM,TH,2414_AD PHF,VM_right
2414_AD PHF_VPL_left,0.475280723,VPL,left,2414,AD PHF,0.475280723,FALSE,VPL,TH,2414_AD PHF,VPL_left
2414_AD PHF_VPL_right,0.763863925,VPL,right,2414,AD PHF,0.763863925,FALSE,VPL,TH,2414_AD PHF,VPL_right
2414_AD PHF_VPM_left,0.670082949,VPM,left,2414,AD PHF,0.670082949,FALSE,VPM,TH,2414_AD PHF,VPM_left
2414_AD PHF_VPM_right,0.723983963,VPM,right,2414,AD PHF,0.723983963,FALSE,VPM,TH,2414_AD PHF,VPM_right
2414_AD PHF_Xi_left,0.625115546,Xi,left,2414,AD PHF,0.625115546,FALSE,Xi,TH,2414_AD PHF,Xi_left
2414_AD PHF_Xi_right,0.657258387,Xi,right,2414,AD PHF,0.657258387,FALSE,Xi,TH,2414_AD PHF,Xi_right
2414_AD PHF_ZI_left,0.612306544,ZI,left,2414,AD PHF,0.612306544,FALSE,ZI,HY,2414_AD PHF,ZI_left
2414_AD PHF_ZI_right,0.534213368,ZI,right,2414,AD PHF,0.534213368,FALSE,ZI,HY,2414_AD PHF,ZI_right
2414_AD PHF_alv_left,0.841470427,alv,left,2414,AD PHF,0.841470427,TRUE,alv,fiber tracts,2414_AD PHF,alv_left
2414_AD PHF_alv_right,0.880250317,alv,right,2414,AD PHF,0.880250317,TRUE,alv,fiber tracts,2414_AD PHF,alv_right
2414_AD PHF_amc_left,0.286150647,amc,left,2414,AD PHF,0.286150647,TRUE,amc,fiber tracts,2414_AD PHF,amc_left
2414_AD PHF_amc_right,0.5744656,amc,right,2414,AD PHF,0.5744656,TRUE,amc,fiber tracts,2414_AD PHF,amc_right
2414_AD PHF_ar_left,0.160390911,ar,left,2414,AD PHF,0.160390911,TRUE,ar,fiber tracts,2414_AD PHF,ar_left
2414_AD PHF_ar_right,0.581385009,ar,right,2414,AD PHF,0.581385009,TRUE,ar,fiber tracts,2414_AD PHF,ar_right
2414_AD PHF_cc_left,0.52564242,cc,left,2414,AD PHF,0.52564242,TRUE,cc,fiber tracts,2414_AD PHF,cc_left
2414_AD PHF_cc_right,0.485231439,cc,right,2414,AD PHF,0.485231439,TRUE,cc,fiber tracts,2414_AD PHF,cc_right
2414_AD PHF_ccg_left,0.18583933,ccg,left,2414,AD PHF,0.18583933,TRUE,ccg,fiber tracts,2414_AD PHF,ccg_left
2414_AD PHF_ccg_right,0.236754054,ccg,right,2414,AD PHF,0.236754054,TRUE,ccg,fiber tracts,2414_AD PHF,ccg_right
2414_AD PHF_chpl_left,-0.46031456,chpl,left,2414,AD PHF,0,TRUE,chpl,VS,2414_AD PHF,chpl_left
2414_AD PHF_chpl_right,-0.093008256,chpl,right,2414,AD PHF,0,TRUE,chpl,VS,2414_AD PHF,chpl_right
2414_AD PHF_cing_left,0.522543279,cing,left,2414,AD PHF,0.522543279,TRUE,cing,fiber tracts,2414_AD PHF,cing_left
2414_AD PHF_cing_right,0.40539329,cing,right,2414,AD PHF,0.40539329,TRUE,cing,fiber tracts,2414_AD PHF,cing_right
2414_AD PHF_dhc_left,0.389716492,dhc,left,2414,AD PHF,0.389716492,TRUE,dhc,fiber tracts,2414_AD PHF,dhc_left
2414_AD PHF_dhc_right,0.551947308,dhc,right,2414,AD PHF,0.551947308,TRUE,dhc,fiber tracts,2414_AD PHF,dhc_right
2414_AD PHF_ec_left,0.493018277,ec,left,2414,AD PHF,0.493018277,TRUE,ec,fiber tracts,2414_AD PHF,ec_left
2414_AD PHF_ec_right,0.451062003,ec,right,2414,AD PHF,0.451062003,TRUE,ec,fiber tracts,2414_AD PHF,ec_right
2414_AD PHF_em_left,0.25346224,em,left,2414,AD PHF,0.25346224,TRUE,em,fiber tracts,2414_AD PHF,em_left
2414_AD PHF_em_right,1.010562359,em,right,2414,AD PHF,1,TRUE,em,fiber tracts,2414_AD PHF,em_right
2414_AD PHF_fi_left,0.602897479,fi,left,2414,AD PHF,0.602897479,TRUE,fi,fiber tracts,2414_AD PHF,fi_left
2414_AD PHF_fi_right,0.564012472,fi,right,2414,AD PHF,0.564012472,TRUE,fi,fiber tracts,2414_AD PHF,fi_right
2414_AD PHF_fiber tracts_left,0.354472751,fiber tracts,left,2414,AD PHF,0.354472751,TRUE,fiber tracts,fiber tracts,2414_AD PHF,fiber tracts_left
2414_AD PHF_fiber tracts_right,0.344071833,fiber tracts,right,2414,AD PHF,0.344071833,TRUE,fiber tracts,fiber tracts,2414_AD PHF,fiber tracts_right
2414_AD PHF_fr_left,-0.08687317,fr,left,2414,AD PHF,0,TRUE,fr,fiber tracts,2414_AD PHF,fr_left
2414_AD PHF_fr_right,0.400086786,fr,right,2414,AD PHF,0.400086786,TRUE,fr,fiber tracts,2414_AD PHF,fr_right
2414_AD PHF_fx_left,0.038560281,fx,left,2414,AD PHF,0.038560281,TRUE,fx,fiber tracts,2414_AD PHF,fx_left
2414_AD PHF_fx_right,0.39755073,fx,right,2414,AD PHF,0.39755073,TRUE,fx,fiber tracts,2414_AD PHF,fx_right
2414_AD PHF_hbc_left,-0.327823289,hbc,left,2414,AD PHF,0,TRUE,hbc,fiber tracts,2414_AD PHF,hbc_left
2414_AD PHF_hbc_right,0.274039873,hbc,right,2414,AD PHF,0.274039873,TRUE,hbc,fiber tracts,2414_AD PHF,hbc_right
2414_AD PHF_int_left,0.254896525,int,left,2414,AD PHF,0.254896525,TRUE,int,fiber tracts,2414_AD PHF,int_left
2414_AD PHF_int_right,0.392261078,int,right,2414,AD PHF,0.392261078,TRUE,int,fiber tracts,2414_AD PHF,int_right
2414_AD PHF_lotg_left,0.352799505,lotg,left,2414,AD PHF,0.352799505,TRUE,In,fiber tracts,2414_AD PHF,lotg_left
2414_AD PHF_lotg_right,-0.160824589,lotg,right,2414,AD PHF,0,TRUE,In,fiber tracts,2414_AD PHF,lotg_right
2414_AD PHF_mtt_left,0.286837935,mtt,left,2414,AD PHF,0.286837935,TRUE,mtt,fiber tracts,2414_AD PHF,mtt_left
2414_AD PHF_mtt_right,0.466005915,mtt,right,2414,AD PHF,0.466005915,TRUE,mtt,fiber tracts,2414_AD PHF,mtt_right
2414_AD PHF_nst_left,0.186450124,nst,left,2414,AD PHF,0.186450124,TRUE,nst,fiber tracts,2414_AD PHF,nst_left
2414_AD PHF_nst_right,0.173114756,nst,right,2414,AD PHF,0.173114756,TRUE,nst,fiber tracts,2414_AD PHF,nst_right
2414_AD PHF_opt_left,-0.129139634,opt,left,2414,AD PHF,0,TRUE,opt,fiber tracts,2414_AD PHF,opt_left
2414_AD PHF_opt_right,0.277465283,opt,right,2414,AD PHF,0.277465283,TRUE,opt,fiber tracts,2414_AD PHF,opt_right
2414_AD PHF_or_left,0.330924692,or,left,2414,AD PHF,0.330924692,TRUE,or,fiber tracts,2414_AD PHF,or_left
2414_AD PHF_or_right,0.577504355,or,right,2414,AD PHF,0.577504355,TRUE,or,fiber tracts,2414_AD PHF,or_right
2414_AD PHF_scwm_left,0.391643885,scwm,left,2414,AD PHF,0.391643885,TRUE,scwm,fiber tracts,2414_AD PHF,scwm_left
2414_AD PHF_scwm_right,0.452805412,scwm,right,2414,AD PHF,0.452805412,TRUE,scwm,fiber tracts,2414_AD PHF,scwm_right
2414_AD PHF_sm_left,-0.841326672,sm,left,2414,AD PHF,0,TRUE,sm,fiber tracts,2414_AD PHF,sm_left
2414_AD PHF_sm_right,-0.033237624,sm,right,2414,AD PHF,0,TRUE,sm,fiber tracts,2414_AD PHF,sm_right
2414_AD PHF_st_left,0.979449712,st,left,2414,AD PHF,0.979449712,TRUE,st,fiber tracts,2414_AD PHF,st_left
2414_AD PHF_st_right,0.901693341,st,right,2414,AD PHF,0.901693341,TRUE,st,fiber tracts,2414_AD PHF,st_right
2414_AD PHF_stc_left,0.506285412,stc,left,2414,AD PHF,0.506285412,TRUE,stc,fiber tracts,2414_AD PHF,stc_left
2414_AD PHF_stc_right,0.577916433,stc,right,2414,AD PHF,0.577916433,TRUE,stc,fiber tracts,2414_AD PHF,stc_right
2414_AD PHF_sup_left,-0.194235796,sup,left,2414,AD PHF,0,TRUE,sup,fiber tracts,2414_AD PHF,sup_left
2414_AD PHF_sup_right,-0.064190713,sup,right,2414,AD PHF,0,TRUE,sup,fiber tracts,2414_AD PHF,sup_right
2418_AD PHF_ACAd_left,0.580867113,ACAd,left,2418,AD PHF,0.580867113,FALSE,ACA,Isocortex,2418_AD PHF,ACAd_left
2418_AD PHF_ACAd_right,0.561424158,ACAd,right,2418,AD PHF,0.561424158,FALSE,ACA,Isocortex,2418_AD PHF,ACAd_right
2418_AD PHF_ACAv_left,0.711271374,ACAv,left,2418,AD PHF,0.711271374,FALSE,ACA,Isocortex,2418_AD PHF,ACAv_left
2418_AD PHF_ACAv_right,0.663289161,ACAv,right,2418,AD PHF,0.663289161,FALSE,ACA,Isocortex,2418_AD PHF,ACAv_right
2418_AD PHF_ACB_left,0.669024306,ACB,left,2418,AD PHF,0.669024306,FALSE,ACB,STR,2418_AD PHF,ACB_left
2418_AD PHF_ACB_right,0.717259895,ACB,right,2418,AD PHF,0.717259895,FALSE,ACB,STR,2418_AD PHF,ACB_right
2418_AD PHF_AId_left,0.887174318,AId,left,2418,AD PHF,0.887174318,FALSE,AI,Isocortex,2418_AD PHF,AId_left
2418_AD PHF_AId_right,0.886031711,AId,right,2418,AD PHF,0.886031711,FALSE,AI,Isocortex,2418_AD PHF,AId_right
2418_AD PHF_AIp_left,0.8264502,AIp,left,2418,AD PHF,0.8264502,FALSE,AI,Isocortex,2418_AD PHF,AIp_left
2418_AD PHF_AIp_right,0.861525289,AIp,right,2418,AD PHF,0.861525289,FALSE,AI,Isocortex,2418_AD PHF,AIp_right
2418_AD PHF_AIv_left,1.00141372,AIv,left,2418,AD PHF,1,FALSE,AI,Isocortex,2418_AD PHF,AIv_left
2418_AD PHF_AIv_right,0.965624721,AIv,right,2418,AD PHF,0.965624721,FALSE,AI,Isocortex,2418_AD PHF,AIv_right
2418_AD PHF_APr_left,0.500792225,APr,left,2418,AD PHF,0.500792225,FALSE,APr,HPF,2418_AD PHF,APr_left
2418_AD PHF_APr_right,0.722407956,APr,right,2418,AD PHF,0.722407956,FALSE,APr,HPF,2418_AD PHF,APr_right
2418_AD PHF_AQ_left,-1.719644066,AQ,left,2418,AD PHF,0,TRUE,AQ,VS,2418_AD PHF,AQ_left
2418_AD PHF_AQ_right,-1.095042361,AQ,right,2418,AD PHF,0,TRUE,AQ,VS,2418_AD PHF,AQ_right
2418_AD PHF_ARH_left,0.419345938,ARH,left,2418,AD PHF,0.419345938,FALSE,ARH,HY,2418_AD PHF,ARH_left
2418_AD PHF_ARH_right,0.335143997,ARH,right,2418,AD PHF,0.335143997,FALSE,ARH,HY,2418_AD PHF,ARH_right
2418_AD PHF_AT_left,0.8612876,AT,left,2418,AD PHF,0.8612876,FALSE,AT,MB,2418_AD PHF,AT_left
2418_AD PHF_AT_right,-0.218284479,AT,right,2418,AD PHF,0,FALSE,AT,MB,2418_AD PHF,AT_right
2418_AD PHF_AUDd_left,0.879414589,AUDd,left,2418,AD PHF,0.879414589,FALSE,AUDd,Isocortex,2418_AD PHF,AUDd_left
2418_AD PHF_AUDd_right,0.784778039,AUDd,right,2418,AD PHF,0.784778039,FALSE,AUDd,Isocortex,2418_AD PHF,AUDd_right
2418_AD PHF_AUDp_left,1.108109141,AUDp,left,2418,AD PHF,1,FALSE,AUDp,Isocortex,2418_AD PHF,AUDp_left
2418_AD PHF_AUDp_right,1.175298717,AUDp,right,2418,AD PHF,1,FALSE,AUDp,Isocortex,2418_AD PHF,AUDp_right
2418_AD PHF_AUDv_left,0.859200121,AUDv,left,2418,AD PHF,0.859200121,FALSE,AUDv,Isocortex,2418_AD PHF,AUDv_left
2418_AD PHF_AUDv_right,0.794286749,AUDv,right,2418,AD PHF,0.794286749,FALSE,AUDv,Isocortex,2418_AD PHF,AUDv_right
2418_AD PHF_AVPV_left,0.581851054,AVPV,left,2418,AD PHF,0.581851054,FALSE,AVPV,HY,2418_AD PHF,AVPV_left
2418_AD PHF_AVPV_right,0.20680625,AVPV,right,2418,AD PHF,0.20680625,FALSE,AVPV,HY,2418_AD PHF,AVPV_right
2418_AD PHF_BLA_left,0.705800169,BLA,left,2418,AD PHF,0.705800169,FALSE,BLA,CTXsp,2418_AD PHF,BLA_left
2418_AD PHF_BLA_right,0.809513478,BLA,right,2418,AD PHF,0.809513478,FALSE,BLA,CTXsp,2418_AD PHF,BLA_right
2418_AD PHF_BMA_left,0.74258322,BMA,left,2418,AD PHF,0.74258322,FALSE,BMA,CTXsp,2418_AD PHF,BMA_left
2418_AD PHF_BMA_right,0.91563436,BMA,right,2418,AD PHF,0.91563436,FALSE,BMA,CTXsp,2418_AD PHF,BMA_right
2418_AD PHF_CA1_left,0.700134859,CA1,left,2418,AD PHF,0.700134859,FALSE,CA1,HPF,2418_AD PHF,CA1_left
2418_AD PHF_CA1_right,0.699393716,CA1,right,2418,AD PHF,0.699393716,FALSE,CA1,HPF,2418_AD PHF,CA1_right
2418_AD PHF_CA2_left,0.488524952,CA2,left,2418,AD PHF,0.488524952,FALSE,CA2,HPF,2418_AD PHF,CA2_left
2418_AD PHF_CA2_right,0.567955744,CA2,right,2418,AD PHF,0.567955744,FALSE,CA2,HPF,2418_AD PHF,CA2_right
2418_AD PHF_CA3_left,0.65616803,CA3,left,2418,AD PHF,0.65616803,FALSE,CA3,HPF,2418_AD PHF,CA3_left
2418_AD PHF_CA3_right,0.573400049,CA3,right,2418,AD PHF,0.573400049,FALSE,CA3,HPF,2418_AD PHF,CA3_right
2418_AD PHF_CB_left,-0.487922321,CB,left,2418,AD PHF,0,FALSE,CB,CB,2418_AD PHF,CB_left
2418_AD PHF_CB_right,-0.702340307,CB,right,2418,AD PHF,0,FALSE,CB,CB,2418_AD PHF,CB_right
2418_AD PHF_CEA_left,0.651343602,CEA,left,2418,AD PHF,0.651343602,FALSE,CEA,STR,2418_AD PHF,CEA_left
2418_AD PHF_CEA_right,0.748520323,CEA,right,2418,AD PHF,0.748520323,FALSE,CEA,STR,2418_AD PHF,CEA_right
2418_AD PHF_CLA_left,0.581517828,CLA,left,2418,AD PHF,0.581517828,FALSE,CLA,CTXsp,2418_AD PHF,CLA_left
2418_AD PHF_CLA_right,0.731496074,CLA,right,2418,AD PHF,0.731496074,FALSE,CLA,CTXsp,2418_AD PHF,CLA_right
2418_AD PHF_CL_left,0.402471875,CL,left,2418,AD PHF,0.402471875,FALSE,CL,TH,2418_AD PHF,CL_left
2418_AD PHF_CL_right,0.660391483,CL,right,2418,AD PHF,0.660391483,FALSE,CL,TH,2418_AD PHF,CL_right
2418_AD PHF_CM_left,0.437517541,CM,left,2418,AD PHF,0.437517541,FALSE,CM,TH,2418_AD PHF,CM_left
2418_AD PHF_CM_right,0.437068062,CM,right,2418,AD PHF,0.437068062,FALSE,CM,TH,2418_AD PHF,CM_right
2418_AD PHF_COA_left,0.83088049,COA,left,2418,AD PHF,0.83088049,FALSE,COA,OLF,2418_AD PHF,COA_left
2418_AD PHF_COA_right,1.012951361,COA,right,2418,AD PHF,1,FALSE,COA,OLF,2418_AD PHF,COA_right
2418_AD PHF_COAp_left,0.954224926,COAp,left,2418,AD PHF,0.954224926,FALSE,COA,OLF,2418_AD PHF,COAp_left
2418_AD PHF_COAp_right,1.085494204,COAp,right,2418,AD PHF,1,FALSE,COA,OLF,2418_AD PHF,COAp_right
2418_AD PHF_CP_left,0.546042552,CP,left,2418,AD PHF,0.546042552,FALSE,CP,STR,2418_AD PHF,CP_left
2418_AD PHF_CP_right,0.612284402,CP,right,2418,AD PHF,0.612284402,FALSE,CP,STR,2418_AD PHF,CP_right
2418_AD PHF_CS_left,0.439589887,CS,left,2418,AD PHF,0.439589887,FALSE,CS,P,2418_AD PHF,CS_left
2418_AD PHF_CS_right,0.258794672,CS,right,2418,AD PHF,0.258794672,FALSE,CS,P,2418_AD PHF,CS_right
2418_AD PHF_CTXsp_left,0.683819394,CTXsp,left,2418,AD PHF,0.683819394,FALSE,CTXsp,CTXsp,2418_AD PHF,CTXsp_left
2418_AD PHF_CTXsp_right,0.806211693,CTXsp,right,2418,AD PHF,0.806211693,FALSE,CTXsp,CTXsp,2418_AD PHF,CTXsp_right
2418_AD PHF_DG_left,0.430128381,DG,left,2418,AD PHF,0.430128381,FALSE,DG,HPF,2418_AD PHF,DG_left
2418_AD PHF_DG_right,0.433553853,DG,right,2418,AD PHF,0.433553853,FALSE,DG,HPF,2418_AD PHF,DG_right
2418_AD PHF_DMH_left,0.428528435,DMH,left,2418,AD PHF,0.428528435,FALSE,DMH,HY,2418_AD PHF,DMH_left
2418_AD PHF_DMH_right,0.505357503,DMH,right,2418,AD PHF,0.505357503,FALSE,DMH,HY,2418_AD PHF,DMH_right
2418_AD PHF_DR_left,0.546435273,DR,left,2418,AD PHF,0.546435273,FALSE,DR,MB,2418_AD PHF,DR_left
2418_AD PHF_DR_right,0.647290292,DR,right,2418,AD PHF,0.647290292,FALSE,DR,MB,2418_AD PHF,DR_right
2418_AD PHF_ECT_left,1.044487542,ECT,left,2418,AD PHF,1,FALSE,ECT,Isocortex,2418_AD PHF,ECT_left
2418_AD PHF_ECT_right,1.006973953,ECT,right,2418,AD PHF,1,FALSE,ECT,Isocortex,2418_AD PHF,ECT_right
2418_AD PHF_ENTl_left,1.088855876,ENTl,left,2418,AD PHF,1,FALSE,ENT,HPF,2418_AD PHF,ENTl_left
2418_AD PHF_ENTl_right,0.988039015,ENTl,right,2418,AD PHF,0.988039015,FALSE,ENT,HPF,2418_AD PHF,ENTl_right
2418_AD PHF_ENTm_left,1.054825485,ENTm,left,2418,AD PHF,1,FALSE,ENT,HPF,2418_AD PHF,ENTm_left
2418_AD PHF_ENTm_right,0.911556521,ENTm,right,2418,AD PHF,0.911556521,FALSE,ENT,HPF,2418_AD PHF,ENTm_right
2418_AD PHF_EP_left,0.648208874,EP,left,2418,AD PHF,0.648208874,FALSE,EP,CTXsp,2418_AD PHF,EP_left
2418_AD PHF_EP_right,0.774946891,EP,right,2418,AD PHF,0.774946891,FALSE,EP,CTXsp,2418_AD PHF,EP_right
2418_AD PHF_Eth_left,0.570403913,Eth,left,2418,AD PHF,0.570403913,FALSE,Eth,TH,2418_AD PHF,Eth_left
2418_AD PHF_Eth_right,0.461339468,Eth,right,2418,AD PHF,0.461339468,FALSE,Eth,TH,2418_AD PHF,Eth_right
2418_AD PHF_FC_left,0.700440461,FC,left,2418,AD PHF,0.700440461,FALSE,FC,HPF,2418_AD PHF,FC_left
2418_AD PHF_FC_right,0.702443069,FC,right,2418,AD PHF,0.702443069,FALSE,FC,HPF,2418_AD PHF,FC_right
2418_AD PHF_GU_left,0.986676048,GU,left,2418,AD PHF,0.986676048,FALSE,GU,Isocortex,2418_AD PHF,GU_left
2418_AD PHF_GU_right,0.994014888,GU,right,2418,AD PHF,0.994014888,FALSE,GU,Isocortex,2418_AD PHF,GU_right
2418_AD PHF_HATA_left,1.115531454,HATA,left,2418,AD PHF,1,FALSE,HATA,HPF,2418_AD PHF,HATA_left
2418_AD PHF_HATA_right,1.060157675,HATA,right,2418,AD PHF,1,FALSE,HATA,HPF,2418_AD PHF,HATA_right
2418_AD PHF_HPF_left,0.255133803,HPF,left,2418,AD PHF,0.255133803,FALSE,HPF,HPF,2418_AD PHF,HPF_left
2418_AD PHF_HPF_right,0.474424902,HPF,right,2418,AD PHF,0.474424902,FALSE,HPF,HPF,2418_AD PHF,HPF_right
2418_AD PHF_HY_left,0.574986841,HY,left,2418,AD PHF,0.574986841,FALSE,HY,HY,2418_AD PHF,HY_left
2418_AD PHF_HY_right,0.598684655,HY,right,2418,AD PHF,0.598684655,FALSE,HY,HY,2418_AD PHF,HY_right
2418_AD PHF_IA_left,0.620387464,IA,left,2418,AD PHF,0.620387464,FALSE,IA,STR,2418_AD PHF,IA_left
2418_AD PHF_IA_right,0.539813827,IA,right,2418,AD PHF,0.539813827,FALSE,IA,STR,2418_AD PHF,IA_right
2418_AD PHF_IC_left,0.522689601,IC,left,2418,AD PHF,0.522689601,FALSE,IC,MB,2418_AD PHF,IC_left
2418_AD PHF_IC_right,0.660431185,IC,right,2418,AD PHF,0.660431185,FALSE,IC,MB,2418_AD PHF,IC_right
2418_AD PHF_IG_left,0.354072181,IG,left,2418,AD PHF,0.354072181,FALSE,IG,HPF,2418_AD PHF,IG_left
2418_AD PHF_IG_right,0.689555341,IG,right,2418,AD PHF,0.689555341,FALSE,IG,HPF,2418_AD PHF,IG_right
2418_AD PHF_IIn_left,-2.334459945,IIn,left,2418,AD PHF,0,TRUE,IIn,fiber tracts,2418_AD PHF,IIn_left
2418_AD PHF_IIn_right,-2.519527299,IIn,right,2418,AD PHF,0,TRUE,IIn,fiber tracts,2418_AD PHF,IIn_right
2418_AD PHF_IMD_left,0.507312404,IMD,left,2418,AD PHF,0.507312404,FALSE,IMD,TH,2418_AD PHF,IMD_left
2418_AD PHF_IMD_right,0.614122947,IMD,right,2418,AD PHF,0.614122947,FALSE,IMD,TH,2418_AD PHF,IMD_right
2418_AD PHF_IV_left,0.27850276,IV,left,2418,AD PHF,0.27850276,FALSE,IV,MB,2418_AD PHF,IV_left
2418_AD PHF_In_left,0.387330596,In,left,2418,AD PHF,0.387330596,TRUE,In,fiber tracts,2418_AD PHF,In_left
2418_AD PHF_In_right,0.560093299,In,right,2418,AD PHF,0.560093299,TRUE,In,fiber tracts,2418_AD PHF,In_right
2418_AD PHF_LA_left,0.708426624,LA,left,2418,AD PHF,0.708426624,FALSE,LA,CTXsp,2418_AD PHF,LA_left
2418_AD PHF_LA_right,0.796734982,LA,right,2418,AD PHF,0.796734982,FALSE,LA,CTXsp,2418_AD PHF,LA_right
2418_AD PHF_LGd_left,0.677372907,LGd,left,2418,AD PHF,0.677372907,FALSE,LGd,TH,2418_AD PHF,LGd_left
2418_AD PHF_LGd_right,0.615964873,LGd,right,2418,AD PHF,0.615964873,FALSE,LGd,TH,2418_AD PHF,LGd_right
2418_AD PHF_LGv_left,0.302621156,LGv,left,2418,AD PHF,0.302621156,FALSE,LGv,TH,2418_AD PHF,LGv_left
2418_AD PHF_LGv_right,0.361699179,LGv,right,2418,AD PHF,0.361699179,FALSE,LGv,TH,2418_AD PHF,LGv_right
2418_AD PHF_LHA_left,0.438812572,LHA,left,2418,AD PHF,0.438812572,FALSE,LHA,HY,2418_AD PHF,LHA_left
2418_AD PHF_LHA_right,0.468493969,LHA,right,2418,AD PHF,0.468493969,FALSE,LHA,HY,2418_AD PHF,LHA_right
2418_AD PHF_LH_left,0.016938402,LH,left,2418,AD PHF,0.016938402,FALSE,LH,TH,2418_AD PHF,LH_left
2418_AD PHF_LH_right,0.144102234,LH,right,2418,AD PHF,0.144102234,FALSE,LH,TH,2418_AD PHF,LH_right
2418_AD PHF_LPO_left,0.65704112,LPO,left,2418,AD PHF,0.65704112,FALSE,LPO,HY,2418_AD PHF,LPO_left
2418_AD PHF_LPO_right,0.990768629,LPO,right,2418,AD PHF,0.990768629,FALSE,LPO,HY,2418_AD PHF,LPO_right
2418_AD PHF_LP_left,0.598472532,LP,left,2418,AD PHF,0.598472532,FALSE,LP,TH,2418_AD PHF,LP_left
2418_AD PHF_LP_right,0.705803554,LP,right,2418,AD PHF,0.705803554,FALSE,LP,TH,2418_AD PHF,LP_right
2418_AD PHF_LS_left,0.784007171,LS,left,2418,AD PHF,0.784007171,FALSE,LS,STR,2418_AD PHF,LS_left
2418_AD PHF_LS_right,0.805636039,LS,right,2418,AD PHF,0.805636039,FALSE,LS,STR,2418_AD PHF,LS_right
2418_AD PHF_MB_left,0.483044682,MB,left,2418,AD PHF,0.483044682,FALSE,MB,MB,2418_AD PHF,MB_left
2418_AD PHF_MB_right,0.505986824,MB,right,2418,AD PHF,0.505986824,FALSE,MB,MB,2418_AD PHF,MB_right
2418_AD PHF_MD_left,0.633603283,MD,left,2418,AD PHF,0.633603283,FALSE,MD,TH,2418_AD PHF,MD_left
2418_AD PHF_MD_right,0.684929941,MD,right,2418,AD PHF,0.684929941,FALSE,MD,TH,2418_AD PHF,MD_right
2418_AD PHF_MEA_left,0.786685711,MEA,left,2418,AD PHF,0.786685711,FALSE,MEA,STR,2418_AD PHF,MEA_left
2418_AD PHF_MEA_right,0.895760535,MEA,right,2418,AD PHF,0.895760535,FALSE,MEA,STR,2418_AD PHF,MEA_right
2418_AD PHF_ME_left,-1.851772747,ME,left,2418,AD PHF,0,FALSE,ME,HY,2418_AD PHF,ME_left
2418_AD PHF_ME_right,-5,ME,right,2418,AD PHF,0,FALSE,ME,HY,2418_AD PHF,ME_right
2418_AD PHF_MH_left,-0.345256846,MH,left,2418,AD PHF,0,FALSE,MH,TH,2418_AD PHF,MH_left
2418_AD PHF_MH_right,-0.214579845,MH,right,2418,AD PHF,0,FALSE,MH,TH,2418_AD PHF,MH_right
2418_AD PHF_MOp_left,0.755333571,MOp,left,2418,AD PHF,0.755333571,FALSE,MOp,Isocortex,2418_AD PHF,MOp_left
2418_AD PHF_MOp_right,0.764999165,MOp,right,2418,AD PHF,0.764999165,FALSE,MOp,Isocortex,2418_AD PHF,MOp_right
2418_AD PHF_MOs_left,0.850001236,MOs,left,2418,AD PHF,0.850001236,FALSE,MOs,Isocortex,2418_AD PHF,MOs_left
2418_AD PHF_MOs_right,0.806391601,MOs,right,2418,AD PHF,0.806391601,FALSE,MOs,Isocortex,2418_AD PHF,MOs_right
2418_AD PHF_MRN_left,0.381960372,MRN,left,2418,AD PHF,0.381960372,FALSE,MRN,MB,2418_AD PHF,MRN_left
2418_AD PHF_MRN_right,0.473614858,MRN,right,2418,AD PHF,0.473614858,FALSE,MRN,MB,2418_AD PHF,MRN_right
2418_AD PHF_MS_left,0.322035144,MS,left,2418,AD PHF,0.322035144,FALSE,MS,PAL,2418_AD PHF,MS_left
2418_AD PHF_MS_right,0.266388887,MS,right,2418,AD PHF,0.266388887,FALSE,MS,PAL,2418_AD PHF,MS_right
2418_AD PHF_NDB_left,0.514860258,NDB,left,2418,AD PHF,0.514860258,FALSE,NDB,PAL,2418_AD PHF,NDB_left
2418_AD PHF_NDB_right,0.585618051,NDB,right,2418,AD PHF,0.585618051,FALSE,NDB,PAL,2418_AD PHF,NDB_right
2418_AD PHF_NLL_left,0.258833448,NLL,left,2418,AD PHF,0.258833448,FALSE,NLL,P,2418_AD PHF,NLL_left
2418_AD PHF_NLL_right,0.29379878,NLL,right,2418,AD PHF,0.29379878,FALSE,NLL,P,2418_AD PHF,NLL_right
2418_AD PHF_OLF_left,0.724631153,OLF,left,2418,AD PHF,0.724631153,FALSE,OLF,OLF,2418_AD PHF,OLF_left
2418_AD PHF_OLF_right,0.828102695,OLF,right,2418,AD PHF,0.828102695,FALSE,OLF,OLF,2418_AD PHF,OLF_right
2418_AD PHF_OT_left,0.811948148,OT,left,2418,AD PHF,0.811948148,FALSE,OT,STR,2418_AD PHF,OT_left
2418_AD PHF_OT_right,0.859550629,OT,right,2418,AD PHF,0.859550629,FALSE,OT,STR,2418_AD PHF,OT_right
2418_AD PHF_PAA_left,0.887715452,PAA,left,2418,AD PHF,0.887715452,FALSE,PAA,OLF,2418_AD PHF,PAA_left
2418_AD PHF_PAA_right,1.041236079,PAA,right,2418,AD PHF,1,FALSE,PAA,OLF,2418_AD PHF,PAA_right
2418_AD PHF_PAG_left,0.418554956,PAG,left,2418,AD PHF,0.418554956,FALSE,PAG,MB,2418_AD PHF,PAG_left
2418_AD PHF_PAG_right,0.527024592,PAG,right,2418,AD PHF,0.527024592,FALSE,PAG,MB,2418_AD PHF,PAG_right
2418_AD PHF_PAL_left,0.398256832,PAL,left,2418,AD PHF,0.398256832,FALSE,PAL,PAL,2418_AD PHF,PAL_left
2418_AD PHF_PAL_right,0.502106084,PAL,right,2418,AD PHF,0.502106084,FALSE,PAL,PAL,2418_AD PHF,PAL_right
2418_AD PHF_PALd_left,0.262590017,PALd,left,2418,AD PHF,0.262590017,FALSE,PAL,PAL,2418_AD PHF,PALd_left
2418_AD PHF_PALd_right,0.4961968,PALd,right,2418,AD PHF,0.4961968,FALSE,PAL,PAL,2418_AD PHF,PALd_right
2418_AD PHF_PAR_left,0.722202104,PAR,left,2418,AD PHF,0.722202104,FALSE,PAR,HPF,2418_AD PHF,PAR_left
2418_AD PHF_PAR_right,0.865574295,PAR,right,2418,AD PHF,0.865574295,FALSE,PAR,HPF,2418_AD PHF,PAR_right
2418_AD PHF_PBG_left,-0.187185479,PBG,left,2418,AD PHF,0,FALSE,PBG,MB,2418_AD PHF,PBG_left
2418_AD PHF_PBG_right,0.467223688,PBG,right,2418,AD PHF,0.467223688,FALSE,PBG,MB,2418_AD PHF,PBG_right
2418_AD PHF_PCN_left,0.269313905,PCN,left,2418,AD PHF,0.269313905,FALSE,PCN,TH,2418_AD PHF,PCN_left
2418_AD PHF_PCN_right,0.802362499,PCN,right,2418,AD PHF,0.802362499,FALSE,PCN,TH,2418_AD PHF,PCN_right
2418_AD PHF_PERI_left,1.126737674,PERI,left,2418,AD PHF,1,FALSE,PERI,Isocortex,2418_AD PHF,PERI_left
2418_AD PHF_PERI_right,0.028792876,PERI,right,2418,AD PHF,0.028792876,FALSE,PERI,Isocortex,2418_AD PHF,PERI_right
2418_AD PHF_PG_left,0.804370605,PG,left,2418,AD PHF,0.804370605,FALSE,PG,P,2418_AD PHF,PG_left
2418_AD PHF_PG_right,0.762726678,PG,right,2418,AD PHF,0.762726678,FALSE,PG,P,2418_AD PHF,PG_right
2418_AD PHF_PIR_left,0.950594165,PIR,left,2418,AD PHF,0.950594165,FALSE,PIR,OLF,2418_AD PHF,PIR_left
2418_AD PHF_PIR_right,0.936004176,PIR,right,2418,AD PHF,0.936004176,FALSE,PIR,OLF,2418_AD PHF,PIR_right
2418_AD PHF_POST_left,0.681201626,POST,left,2418,AD PHF,0.681201626,FALSE,POST,HPF,2418_AD PHF,POST_left
2418_AD PHF_POST_right,0.643787375,POST,right,2418,AD PHF,0.643787375,FALSE,POST,HPF,2418_AD PHF,POST_right
2418_AD PHF_PO_left,0.684987036,PO,left,2418,AD PHF,0.684987036,FALSE,PO,TH,2418_AD PHF,PO_left
2418_AD PHF_PO_right,0.801927137,PO,right,2418,AD PHF,0.801927137,FALSE,PO,TH,2418_AD PHF,PO_right
2418_AD PHF_PPN_left,0.434737805,PPN,left,2418,AD PHF,0.434737805,FALSE,PPN,MB,2418_AD PHF,PPN_left
2418_AD PHF_PPN_right,0.15247162,PPN,right,2418,AD PHF,0.15247162,FALSE,PPN,MB,2418_AD PHF,PPN_right
2418_AD PHF_PRE_left,0.810575109,PRE,left,2418,AD PHF,0.810575109,FALSE,PRE,HPF,2418_AD PHF,PRE_left
2418_AD PHF_PRE_right,0.943439558,PRE,right,2418,AD PHF,0.943439558,FALSE,PRE,HPF,2418_AD PHF,PRE_right
2418_AD PHF_PRNr_left,0.464559957,PRNr,left,2418,AD PHF,0.464559957,FALSE,PRNr,P,2418_AD PHF,PRNr_left
2418_AD PHF_PRNr_right,0.541558478,PRNr,right,2418,AD PHF,0.541558478,FALSE,PRNr,P,2418_AD PHF,PRNr_right
2418_AD PHF_PR_left,0.243407013,PR,left,2418,AD PHF,0.243407013,FALSE,PR,TH,2418_AD PHF,PR_left
2418_AD PHF_PR_right,0.259772152,PR,right,2418,AD PHF,0.259772152,FALSE,PR,TH,2418_AD PHF,PR_right
2418_AD PHF_PST_left,0.221192934,PST,left,2418,AD PHF,0.221192934,FALSE,PST,HY,2418_AD PHF,PST_left
2418_AD PHF_PST_right,-0.745162329,PST,right,2418,AD PHF,0,FALSE,PST,HY,2418_AD PHF,PST_right
2418_AD PHF_PVT_left,0.05084567,PVT,left,2418,AD PHF,0.05084567,FALSE,PVT,TH,2418_AD PHF,PVT_left
2418_AD PHF_PVT_right,-0.307400493,PVT,right,2418,AD PHF,0,FALSE,PVT,TH,2418_AD PHF,PVT_right
2418_AD PHF_PVZ_left,-0.249982194,PVZ,left,2418,AD PHF,0,FALSE,PVZ,HY,2418_AD PHF,PVZ_left
2418_AD PHF_PVZ_right,0.292593725,PVZ,right,2418,AD PHF,0.292593725,FALSE,PVZ,HY,2418_AD PHF,PVZ_right
2418_AD PHF_P_left,0.517630976,P,left,2418,AD PHF,0.517630976,FALSE,P,P,2418_AD PHF,P_left
2418_AD PHF_P_right,0.714088147,P,right,2418,AD PHF,0.714088147,FALSE,P,P,2418_AD PHF,P_right
2418_AD PHF_Pa4_left,0.223319773,Pa4,left,2418,AD PHF,0.223319773,FALSE,Pa4,MB,2418_AD PHF,Pa4_left
2418_AD PHF_Pa4_right,-0.474065959,Pa4,right,2418,AD PHF,0,FALSE,Pa4,MB,2418_AD PHF,Pa4_right
2418_AD PHF_PeF_left,0.313700811,PeF,left,2418,AD PHF,0.313700811,FALSE,PeF,HY,2418_AD PHF,PeF_left
2418_AD PHF_PeF_right,0.052162892,PeF,right,2418,AD PHF,0.052162892,FALSE,PeF,HY,2418_AD PHF,PeF_right
2418_AD PHF_RE_left,0.341320569,RE,left,2418,AD PHF,0.341320569,FALSE,RE,TH,2418_AD PHF,RE_left
2418_AD PHF_RE_right,0.617971731,RE,right,2418,AD PHF,0.617971731,FALSE,RE,TH,2418_AD PHF,RE_right
2418_AD PHF_RH_left,0.740160653,RH,left,2418,AD PHF,0.740160653,FALSE,RH,TH,2418_AD PHF,RH_left
2418_AD PHF_RH_right,0.817404458,RH,right,2418,AD PHF,0.817404458,FALSE,RH,TH,2418_AD PHF,RH_right
2418_AD PHF_RSPagl_left,0.816645586,RSPagl,left,2418,AD PHF,0.816645586,FALSE,RSP,Isocortex,2418_AD PHF,RSPagl_left
2418_AD PHF_RSPagl_right,0.881064905,RSPagl,right,2418,AD PHF,0.881064905,FALSE,RSP,Isocortex,2418_AD PHF,RSPagl_right
2418_AD PHF_RSPd_left,0.818377104,RSPd,left,2418,AD PHF,0.818377104,FALSE,RSP,Isocortex,2418_AD PHF,RSPd_left
2418_AD PHF_RSPd_right,0.795007223,RSPd,right,2418,AD PHF,0.795007223,FALSE,RSP,Isocortex,2418_AD PHF,RSPd_right
2418_AD PHF_RSPv_left,0.577337917,RSPv,left,2418,AD PHF,0.577337917,FALSE,RSP,Isocortex,2418_AD PHF,RSPv_left
2418_AD PHF_RSPv_right,0.628096705,RSPv,right,2418,AD PHF,0.628096705,FALSE,RSP,Isocortex,2418_AD PHF,RSPv_right
2418_AD PHF_RT_left,0.742866031,RT,left,2418,AD PHF,0.742866031,FALSE,RT,TH,2418_AD PHF,RT_left
2418_AD PHF_RT_right,0.699440181,RT,right,2418,AD PHF,0.699440181,FALSE,RT,TH,2418_AD PHF,RT_right
2418_AD PHF_SAG_left,0.143984333,SAG,left,2418,AD PHF,0.143984333,FALSE,SAG,MB,2418_AD PHF,SAG_left
2418_AD PHF_SAG_right,0.225301282,SAG,right,2418,AD PHF,0.225301282,FALSE,SAG,MB,2418_AD PHF,SAG_right
2418_AD PHF_SCm_left,0.493365143,SCm,left,2418,AD PHF,0.493365143,FALSE,MBmot,MB,2418_AD PHF,SCm_left
2418_AD PHF_SCm_right,0.60839352,SCm,right,2418,AD PHF,0.60839352,FALSE,MBmot,MB,2418_AD PHF,SCm_right
2418_AD PHF_SCs_left,0.615865425,SCs,left,2418,AD PHF,0.615865425,FALSE,MBsen,MB,2418_AD PHF,SCs_left
2418_AD PHF_SCs_right,0.775453791,SCs,right,2418,AD PHF,0.775453791,FALSE,MBsen,MB,2418_AD PHF,SCs_right
2418_AD PHF_SEZ_left,-0.123318286,SEZ,left,2418,AD PHF,0,TRUE,SEZ,VS,2418_AD PHF,SEZ_left
2418_AD PHF_SEZ_right,-0.653554452,SEZ,right,2418,AD PHF,0,TRUE,SEZ,VS,2418_AD PHF,SEZ_right
2418_AD PHF_SI_left,0.734356287,SI,left,2418,AD PHF,0.734356287,FALSE,SI,PAL,2418_AD PHF,SI_left
2418_AD PHF_SI_right,0.857616876,SI,right,2418,AD PHF,0.857616876,FALSE,SI,PAL,2418_AD PHF,SI_right
2418_AD PHF_SMT_left,0.545189079,SMT,left,2418,AD PHF,0.545189079,FALSE,SMT,TH,2418_AD PHF,SMT_left
2418_AD PHF_SMT_right,0.459072702,SMT,right,2418,AD PHF,0.459072702,FALSE,SMT,TH,2418_AD PHF,SMT_right
2418_AD PHF_SSp-bfd_left,0.809246732,SSp-bfd,left,2418,AD PHF,0.809246732,FALSE,SSp,Isocortex,2418_AD PHF,SSp-bfd_left
2418_AD PHF_SSp-bfd_right,0.674346137,SSp-bfd,right,2418,AD PHF,0.674346137,FALSE,SSp,Isocortex,2418_AD PHF,SSp-bfd_right
2418_AD PHF_SSp-ll_left,1.023521252,SSp-ll,left,2418,AD PHF,1,FALSE,SSp,Isocortex,2418_AD PHF,SSp-ll_left
2418_AD PHF_SSp-m_left,0.906363221,SSp-m,left,2418,AD PHF,0.906363221,FALSE,SSp,Isocortex,2418_AD PHF,SSp-m_left
2418_AD PHF_SSp-m_right,0.973854851,SSp-m,right,2418,AD PHF,0.973854851,FALSE,SSp,Isocortex,2418_AD PHF,SSp-m_right
2418_AD PHF_SSp-ul_left,0.910171542,SSp-ul,left,2418,AD PHF,0.910171542,FALSE,SSp,Isocortex,2418_AD PHF,SSp-ul_left
2418_AD PHF_SSp-ul_right,0.871041152,SSp-ul,right,2418,AD PHF,0.871041152,FALSE,SSp,Isocortex,2418_AD PHF,SSp-ul_right
2418_AD PHF_SSp-un_left,1.035856679,SSp-un,left,2418,AD PHF,1,FALSE,SSp,Isocortex,2418_AD PHF,SSp-un_left
2418_AD PHF_SSp-un_right,1.012469983,SSp-un,right,2418,AD PHF,1,FALSE,SSp,Isocortex,2418_AD PHF,SSp-un_right
2418_AD PHF_SSs_left,0.9221767,SSs,left,2418,AD PHF,0.9221767,FALSE,SSs,Isocortex,2418_AD PHF,SSs_left
2418_AD PHF_SSs_right,0.85371102,SSs,right,2418,AD PHF,0.85371102,FALSE,SSs,Isocortex,2418_AD PHF,SSs_right
2418_AD PHF_STN_left,0.636569081,STN,left,2418,AD PHF,0.636569081,FALSE,STN,HY,2418_AD PHF,STN_left
2418_AD PHF_STN_right,0.24480155,STN,right,2418,AD PHF,0.24480155,FALSE,STN,HY,2418_AD PHF,STN_right
2418_AD PHF_STR_left,0.686717789,STR,left,2418,AD PHF,0.686717789,FALSE,STR,STR,2418_AD PHF,STR_left
2418_AD PHF_STR_right,0.710652365,STR,right,2418,AD PHF,0.710652365,FALSE,STR,STR,2418_AD PHF,STR_right
2418_AD PHF_SUB_left,0.86097058,SUB,left,2418,AD PHF,0.86097058,FALSE,SUB,HPF,2418_AD PHF,SUB_left
2418_AD PHF_SUB_right,0.713532816,SUB,right,2418,AD PHF,0.713532816,FALSE,SUB,HPF,2418_AD PHF,SUB_right
2418_AD PHF_TEa_left,0.93801053,TEa,left,2418,AD PHF,0.93801053,FALSE,TEa,Isocortex,2418_AD PHF,TEa_left
2418_AD PHF_TEa_right,0.89165785,TEa,right,2418,AD PHF,0.89165785,FALSE,TEa,Isocortex,2418_AD PHF,TEa_right
2418_AD PHF_TH_left,0.523777225,TH,left,2418,AD PHF,0.523777225,FALSE,TH,TH,2418_AD PHF,TH_left
2418_AD PHF_TH_right,0.75807575,TH,right,2418,AD PHF,0.75807575,FALSE,TH,TH,2418_AD PHF,TH_right
2418_AD PHF_TRN_left,0.747109386,TRN,left,2418,AD PHF,0.747109386,FALSE,TRN,P,2418_AD PHF,TRN_left
2418_AD PHF_TRN_right,0.648283019,TRN,right,2418,AD PHF,0.648283019,FALSE,TRN,P,2418_AD PHF,TRN_right
2418_AD PHF_TU_left,0.814893524,TU,left,2418,AD PHF,0.814893524,FALSE,TU,HY,2418_AD PHF,TU_left
2418_AD PHF_TU_right,0.93909123,TU,right,2418,AD PHF,0.93909123,FALSE,TU,HY,2418_AD PHF,TU_right
2418_AD PHF_V3_left,-0.028754913,V3,left,2418,AD PHF,0,TRUE,V3,VS,2418_AD PHF,V3_left
2418_AD PHF_V3_right,-0.204966183,V3,right,2418,AD PHF,0,TRUE,V3,VS,2418_AD PHF,V3_right
2418_AD PHF_VAL_left,0.126836876,VAL,left,2418,AD PHF,0.126836876,FALSE,VAL,TH,2418_AD PHF,VAL_left
2418_AD PHF_VAL_right,0.686845462,VAL,right,2418,AD PHF,0.686845462,FALSE,VAL,TH,2418_AD PHF,VAL_right
2418_AD PHF_VISC_left,0.542298319,VISC,left,2418,AD PHF,0.542298319,FALSE,VISC,Isocortex,2418_AD PHF,VISC_left
2418_AD PHF_VISC_right,0.736399847,VISC,right,2418,AD PHF,0.736399847,FALSE,VISC,Isocortex,2418_AD PHF,VISC_right
2418_AD PHF_VISa_left,0.818650963,VISa,left,2418,AD PHF,0.818650963,FALSE,VISa,Isocortex,2418_AD PHF,VISa_left
2418_AD PHF_VISa_right,0.701247653,VISa,right,2418,AD PHF,0.701247653,FALSE,VISa,Isocortex,2418_AD PHF,VISa_right
2418_AD PHF_VISam_left,0.827114258,VISam,left,2418,AD PHF,0.827114258,FALSE,VISam,Isocortex,2418_AD PHF,VISam_left
2418_AD PHF_VISam_right,0.859000582,VISam,right,2418,AD PHF,0.859000582,FALSE,VISam,Isocortex,2418_AD PHF,VISam_right
2418_AD PHF_VISl_left,1.135596252,VISl,left,2418,AD PHF,1,FALSE,VISl,Isocortex,2418_AD PHF,VISl_left
2418_AD PHF_VISl_right,1.048178098,VISl,right,2418,AD PHF,1,FALSE,VISl,Isocortex,2418_AD PHF,VISl_right
2418_AD PHF_VISli_left,1.121415642,VISli,left,2418,AD PHF,1,FALSE,VISli,Isocortex,2418_AD PHF,VISli_left
2418_AD PHF_VISp_left,0.963286993,VISp,left,2418,AD PHF,0.963286993,FALSE,VISp,Isocortex,2418_AD PHF,VISp_left
2418_AD PHF_VISp_right,1.007574656,VISp,right,2418,AD PHF,1,FALSE,VISp,Isocortex,2418_AD PHF,VISp_right
2418_AD PHF_VISpl_left,0.64716575,VISpl,left,2418,AD PHF,0.64716575,FALSE,VISpl,Isocortex,2418_AD PHF,VISpl_left
2418_AD PHF_VISpl_right,0.827436517,VISpl,right,2418,AD PHF,0.827436517,FALSE,VISpl,Isocortex,2418_AD PHF,VISpl_right
2418_AD PHF_VISpor_left,1.153573571,VISpor,left,2418,AD PHF,1,FALSE,VISpor,Isocortex,2418_AD PHF,VISpor_left
2418_AD PHF_VISpor_right,1.040522318,VISpor,right,2418,AD PHF,1,FALSE,VISpor,Isocortex,2418_AD PHF,VISpor_right
2418_AD PHF_VISrl_left,0.949195983,VISrl,left,2418,AD PHF,0.949195983,FALSE,VISrl,Isocortex,2418_AD PHF,VISrl_left
2418_AD PHF_VISrl_right,0.815840825,VISrl,right,2418,AD PHF,0.815840825,FALSE,VISrl,Isocortex,2418_AD PHF,VISrl_right
2418_AD PHF_VL_left,0.025332914,VL,left,2418,AD PHF,0.025332914,TRUE,VL,VS,2418_AD PHF,VL_left
2418_AD PHF_VL_right,0.285605694,VL,right,2418,AD PHF,0.285605694,TRUE,VL,VS,2418_AD PHF,VL_right
2418_AD PHF_VMH_left,0.803438371,VMH,left,2418,AD PHF,0.803438371,FALSE,VMH,HY,2418_AD PHF,VMH_left
2418_AD PHF_VMH_right,0.777521958,VMH,right,2418,AD PHF,0.777521958,FALSE,VMH,HY,2418_AD PHF,VMH_right
2418_AD PHF_VM_left,0.634928881,VM,left,2418,AD PHF,0.634928881,FALSE,VM,TH,2418_AD PHF,VM_left
2418_AD PHF_VM_right,0.497568879,VM,right,2418,AD PHF,0.497568879,FALSE,VM,TH,2418_AD PHF,VM_right
2418_AD PHF_VPL_left,0.584922199,VPL,left,2418,AD PHF,0.584922199,FALSE,VPL,TH,2418_AD PHF,VPL_left
2418_AD PHF_VPL_right,0.661030247,VPL,right,2418,AD PHF,0.661030247,FALSE,VPL,TH,2418_AD PHF,VPL_right
2418_AD PHF_VPM_left,0.658555231,VPM,left,2418,AD PHF,0.658555231,FALSE,VPM,TH,2418_AD PHF,VPM_left
2418_AD PHF_VPM_right,0.509254298,VPM,right,2418,AD PHF,0.509254298,FALSE,VPM,TH,2418_AD PHF,VPM_right
2418_AD PHF_VP_left,-0.084602745,VP,left,2418,AD PHF,0,FALSE,VP,TH,2418_AD PHF,VP_left
2418_AD PHF_VP_right,-5,VP,right,2418,AD PHF,0,FALSE,VP,TH,2418_AD PHF,VP_right
2418_AD PHF_Xi_left,0.189920419,Xi,left,2418,AD PHF,0.189920419,FALSE,Xi,TH,2418_AD PHF,Xi_left
2418_AD PHF_Xi_right,0.304623379,Xi,right,2418,AD PHF,0.304623379,FALSE,Xi,TH,2418_AD PHF,Xi_right
2418_AD PHF_ZI_left,0.518954098,ZI,left,2418,AD PHF,0.518954098,FALSE,ZI,HY,2418_AD PHF,ZI_left
2418_AD PHF_ZI_right,0.622364277,ZI,right,2418,AD PHF,0.622364277,FALSE,ZI,HY,2418_AD PHF,ZI_right
2418_AD PHF_alv_left,0.615206331,alv,left,2418,AD PHF,0.615206331,TRUE,alv,fiber tracts,2418_AD PHF,alv_left
2418_AD PHF_alv_right,0.669675975,alv,right,2418,AD PHF,0.669675975,TRUE,alv,fiber tracts,2418_AD PHF,alv_right
2418_AD PHF_amc_left,0.755414354,amc,left,2418,AD PHF,0.755414354,TRUE,amc,fiber tracts,2418_AD PHF,amc_left
2418_AD PHF_amc_right,0.73957873,amc,right,2418,AD PHF,0.73957873,TRUE,amc,fiber tracts,2418_AD PHF,amc_right
2418_AD PHF_ar_left,0.406629869,ar,left,2418,AD PHF,0.406629869,TRUE,ar,fiber tracts,2418_AD PHF,ar_left
2418_AD PHF_ar_right,0.218722694,ar,right,2418,AD PHF,0.218722694,TRUE,ar,fiber tracts,2418_AD PHF,ar_right
2418_AD PHF_bic_left,0.23784597,bic,left,2418,AD PHF,0.23784597,TRUE,bic,fiber tracts,2418_AD PHF,bic_left
2418_AD PHF_bic_right,0.675657323,bic,right,2418,AD PHF,0.675657323,TRUE,bic,fiber tracts,2418_AD PHF,bic_right
2418_AD PHF_cc_left,0.269208521,cc,left,2418,AD PHF,0.269208521,TRUE,cc,fiber tracts,2418_AD PHF,cc_left
2418_AD PHF_cc_right,0.154182379,cc,right,2418,AD PHF,0.154182379,TRUE,cc,fiber tracts,2418_AD PHF,cc_right
2418_AD PHF_ccg_left,0.427902268,ccg,left,2418,AD PHF,0.427902268,TRUE,ccg,fiber tracts,2418_AD PHF,ccg_left
2418_AD PHF_ccg_right,0.506451539,ccg,right,2418,AD PHF,0.506451539,TRUE,ccg,fiber tracts,2418_AD PHF,ccg_right
2418_AD PHF_chpl_left,-0.968556453,chpl,left,2418,AD PHF,0,TRUE,chpl,VS,2418_AD PHF,chpl_left
2418_AD PHF_chpl_right,0.061317663,chpl,right,2418,AD PHF,0.061317663,TRUE,chpl,VS,2418_AD PHF,chpl_right
2418_AD PHF_cing_left,0.389350341,cing,left,2418,AD PHF,0.389350341,TRUE,cing,fiber tracts,2418_AD PHF,cing_left
2418_AD PHF_cing_right,0.298329989,cing,right,2418,AD PHF,0.298329989,TRUE,cing,fiber tracts,2418_AD PHF,cing_right
2418_AD PHF_cst_left,0.973226643,cst,left,2418,AD PHF,0.973226643,TRUE,cst,fiber tracts,2418_AD PHF,cst_left
2418_AD PHF_cst_right,0.264757775,cst,right,2418,AD PHF,0.264757775,TRUE,cst,fiber tracts,2418_AD PHF,cst_right
2418_AD PHF_dhc_left,0.335516748,dhc,left,2418,AD PHF,0.335516748,TRUE,dhc,fiber tracts,2418_AD PHF,dhc_left
2418_AD PHF_dhc_right,0.166994379,dhc,right,2418,AD PHF,0.166994379,TRUE,dhc,fiber tracts,2418_AD PHF,dhc_right
2418_AD PHF_dscp_left,-0.024334165,dscp,left,2418,AD PHF,0,TRUE,dscp,fiber tracts,2418_AD PHF,dscp_left
2418_AD PHF_dscp_right,-0.071932627,dscp,right,2418,AD PHF,0,TRUE,dscp,fiber tracts,2418_AD PHF,dscp_right
2418_AD PHF_ec_left,0.43944151,ec,left,2418,AD PHF,0.43944151,TRUE,ec,fiber tracts,2418_AD PHF,ec_left
2418_AD PHF_ec_right,0.576908434,ec,right,2418,AD PHF,0.576908434,TRUE,ec,fiber tracts,2418_AD PHF,ec_right
2418_AD PHF_em_left,-0.057700667,em,left,2418,AD PHF,0,TRUE,em,fiber tracts,2418_AD PHF,em_left
2418_AD PHF_em_right,1.268630981,em,right,2418,AD PHF,1,TRUE,em,fiber tracts,2418_AD PHF,em_right
2418_AD PHF_fi_left,0.353708698,fi,left,2418,AD PHF,0.353708698,TRUE,fi,fiber tracts,2418_AD PHF,fi_left
2418_AD PHF_fi_right,0.389306245,fi,right,2418,AD PHF,0.389306245,TRUE,fi,fiber tracts,2418_AD PHF,fi_right
2418_AD PHF_fiber tracts_left,0.472144039,fiber tracts,left,2418,AD PHF,0.472144039,TRUE,fiber tracts,fiber tracts,2418_AD PHF,fiber tracts_left
2418_AD PHF_fiber tracts_right,0.407160771,fiber tracts,right,2418,AD PHF,0.407160771,TRUE,fiber tracts,fiber tracts,2418_AD PHF,fiber tracts_right
2418_AD PHF_fr_left,0.067185832,fr,left,2418,AD PHF,0.067185832,TRUE,fr,fiber tracts,2418_AD PHF,fr_left
2418_AD PHF_fr_right,-0.076184429,fr,right,2418,AD PHF,0,TRUE,fr,fiber tracts,2418_AD PHF,fr_right
2418_AD PHF_fx_left,0.61441863,fx,left,2418,AD PHF,0.61441863,TRUE,fx,fiber tracts,2418_AD PHF,fx_left
2418_AD PHF_fx_right,0.368194481,fx,right,2418,AD PHF,0.368194481,TRUE,fx,fiber tracts,2418_AD PHF,fx_right
2418_AD PHF_hbc_left,-0.570303135,hbc,left,2418,AD PHF,0,TRUE,hbc,fiber tracts,2418_AD PHF,hbc_left
2418_AD PHF_hbc_right,0.208887045,hbc,right,2418,AD PHF,0.208887045,TRUE,hbc,fiber tracts,2418_AD PHF,hbc_right
2418_AD PHF_int_left,0.439016611,int,left,2418,AD PHF,0.439016611,TRUE,int,fiber tracts,2418_AD PHF,int_left
2418_AD PHF_int_right,0.346063439,int,right,2418,AD PHF,0.346063439,TRUE,int,fiber tracts,2418_AD PHF,int_right
2418_AD PHF_ll_left,0.60199516,ll,left,2418,AD PHF,0.60199516,TRUE,ll,fiber tracts,2418_AD PHF,ll_left
2418_AD PHF_ll_right,0.36098822,ll,right,2418,AD PHF,0.36098822,TRUE,ll,fiber tracts,2418_AD PHF,ll_right
2418_AD PHF_lotg_left,0.897144106,lotg,left,2418,AD PHF,0.897144106,TRUE,In,fiber tracts,2418_AD PHF,lotg_left
2418_AD PHF_lotg_right,0.195592948,lotg,right,2418,AD PHF,0.195592948,TRUE,In,fiber tracts,2418_AD PHF,lotg_right
2418_AD PHF_mcp_left,0.242230031,mcp,left,2418,AD PHF,0.242230031,TRUE,mcp,fiber tracts,2418_AD PHF,mcp_left
2418_AD PHF_mcp_right,0.193438079,mcp,right,2418,AD PHF,0.193438079,TRUE,mcp,fiber tracts,2418_AD PHF,mcp_right
2418_AD PHF_ml_left,0.580667455,ml,left,2418,AD PHF,0.580667455,TRUE,ml,fiber tracts,2418_AD PHF,ml_left
2418_AD PHF_ml_right,0.952223471,ml,right,2418,AD PHF,0.952223471,TRUE,ml,fiber tracts,2418_AD PHF,ml_right
2418_AD PHF_mlf_left,-0.233099373,mlf,left,2418,AD PHF,0,TRUE,mlf,fiber tracts,2418_AD PHF,mlf_left
2418_AD PHF_mlf_right,-0.130253841,mlf,right,2418,AD PHF,0,TRUE,mlf,fiber tracts,2418_AD PHF,mlf_right
2418_AD PHF_moV_left,-0.44685541,moV,left,2418,AD PHF,0,TRUE,moV,fiber tracts,2418_AD PHF,moV_left
2418_AD PHF_moV_right,-0.017487772,moV,right,2418,AD PHF,0,TRUE,moV,fiber tracts,2418_AD PHF,moV_right
2418_AD PHF_mtg_left,0.484773015,mtg,left,2418,AD PHF,0.484773015,TRUE,mtg,fiber tracts,2418_AD PHF,mtg_left
2418_AD PHF_mtg_right,-0.164269689,mtg,right,2418,AD PHF,0,TRUE,mtg,fiber tracts,2418_AD PHF,mtg_right
2418_AD PHF_mtt_left,0.532338681,mtt,left,2418,AD PHF,0.532338681,TRUE,mtt,fiber tracts,2418_AD PHF,mtt_left
2418_AD PHF_mtt_right,0.416692135,mtt,right,2418,AD PHF,0.416692135,TRUE,mtt,fiber tracts,2418_AD PHF,mtt_right
2418_AD PHF_nst_left,0.396190462,nst,left,2418,AD PHF,0.396190462,TRUE,nst,fiber tracts,2418_AD PHF,nst_left
2418_AD PHF_nst_right,0.500239874,nst,right,2418,AD PHF,0.500239874,TRUE,nst,fiber tracts,2418_AD PHF,nst_right
2418_AD PHF_opt_left,0.232561245,opt,left,2418,AD PHF,0.232561245,TRUE,opt,fiber tracts,2418_AD PHF,opt_left
2418_AD PHF_opt_right,0.100126995,opt,right,2418,AD PHF,0.100126995,TRUE,opt,fiber tracts,2418_AD PHF,opt_right
2418_AD PHF_or_left,0.306190689,or,left,2418,AD PHF,0.306190689,TRUE,or,fiber tracts,2418_AD PHF,or_left
2418_AD PHF_or_right,0.285774946,or,right,2418,AD PHF,0.285774946,TRUE,or,fiber tracts,2418_AD PHF,or_right
2418_AD PHF_rust_left,0.463373594,rust,left,2418,AD PHF,0.463373594,TRUE,rust,fiber tracts,2418_AD PHF,rust_left
2418_AD PHF_rust_right,0.513134145,rust,right,2418,AD PHF,0.513134145,TRUE,rust,fiber tracts,2418_AD PHF,rust_right
2418_AD PHF_sV_left,-2.029726194,sV,left,2418,AD PHF,0,TRUE,sV,fiber tracts,2418_AD PHF,sV_left
2418_AD PHF_sV_right,-0.967985403,sV,right,2418,AD PHF,0,TRUE,sV,fiber tracts,2418_AD PHF,sV_right
2418_AD PHF_scp_left,0.732525014,scp,left,2418,AD PHF,0.732525014,TRUE,scp,fiber tracts,2418_AD PHF,scp_left
2418_AD PHF_scp_right,0.253862335,scp,right,2418,AD PHF,0.253862335,TRUE,scp,fiber tracts,2418_AD PHF,scp_right
2418_AD PHF_scwm_left,0.402583185,scwm,left,2418,AD PHF,0.402583185,TRUE,scwm,fiber tracts,2418_AD PHF,scwm_left
2418_AD PHF_scwm_right,0.367355993,scwm,right,2418,AD PHF,0.367355993,TRUE,scwm,fiber tracts,2418_AD PHF,scwm_right
2418_AD PHF_st_left,0.593290088,st,left,2418,AD PHF,0.593290088,TRUE,st,fiber tracts,2418_AD PHF,st_left
2418_AD PHF_st_right,0.699853191,st,right,2418,AD PHF,0.699853191,TRUE,st,fiber tracts,2418_AD PHF,st_right
2418_AD PHF_stc_left,0.750705192,stc,left,2418,AD PHF,0.750705192,TRUE,stc,fiber tracts,2418_AD PHF,stc_left
2418_AD PHF_stc_right,0.93998461,stc,right,2418,AD PHF,0.93998461,TRUE,stc,fiber tracts,2418_AD PHF,stc_right
2418_AD PHF_sup_left,0.185102496,sup,left,2418,AD PHF,0.185102496,TRUE,sup,fiber tracts,2418_AD PHF,sup_left
2418_AD PHF_sup_right,-0.040664713,sup,right,2418,AD PHF,0,TRUE,sup,fiber tracts,2418_AD PHF,sup_right
2418_AD PHF_tspc_left,0.372107343,tspc,left,2418,AD PHF,0.372107343,TRUE,tspc,fiber tracts,2418_AD PHF,tspc_left
2418_AD PHF_tspc_right,0.455932963,tspc,right,2418,AD PHF,0.455932963,TRUE,tspc,fiber tracts,2418_AD PHF,tspc_right
2420_AD PHF_ACAd_left,1.035700002,ACAd,left,2420,AD PHF,1,FALSE,ACA,Isocortex,2420_AD PHF,ACAd_left
2420_AD PHF_ACAd_right,0.965420802,ACAd,right,2420,AD PHF,0.965420802,FALSE,ACA,Isocortex,2420_AD PHF,ACAd_right
2420_AD PHF_ACAv_left,0.90189076,ACAv,left,2420,AD PHF,0.90189076,FALSE,ACA,Isocortex,2420_AD PHF,ACAv_left
2420_AD PHF_ACAv_right,0.939384895,ACAv,right,2420,AD PHF,0.939384895,FALSE,ACA,Isocortex,2420_AD PHF,ACAv_right
2420_AD PHF_ACB_left,0.849374644,ACB,left,2420,AD PHF,0.849374644,FALSE,ACB,STR,2420_AD PHF,ACB_left
2420_AD PHF_ACB_right,0.876611374,ACB,right,2420,AD PHF,0.876611374,FALSE,ACB,STR,2420_AD PHF,ACB_right
2420_AD PHF_AId_left,1.058432884,AId,left,2420,AD PHF,1,FALSE,AI,Isocortex,2420_AD PHF,AId_left
2420_AD PHF_AId_right,1.121056161,AId,right,2420,AD PHF,1,FALSE,AI,Isocortex,2420_AD PHF,AId_right
2420_AD PHF_AIp_left,1.012936284,AIp,left,2420,AD PHF,1,FALSE,AI,Isocortex,2420_AD PHF,AIp_left
2420_AD PHF_AIp_right,0.953724279,AIp,right,2420,AD PHF,0.953724279,FALSE,AI,Isocortex,2420_AD PHF,AIp_right
2420_AD PHF_AIv_left,0.94293998,AIv,left,2420,AD PHF,0.94293998,FALSE,AI,Isocortex,2420_AD PHF,AIv_left
2420_AD PHF_AIv_right,1.131532779,AIv,right,2420,AD PHF,1,FALSE,AI,Isocortex,2420_AD PHF,AIv_right
2420_AD PHF_APr_left,0.878673737,APr,left,2420,AD PHF,0.878673737,FALSE,APr,HPF,2420_AD PHF,APr_left
2420_AD PHF_APr_right,0.906306217,APr,right,2420,AD PHF,0.906306217,FALSE,APr,HPF,2420_AD PHF,APr_right
2420_AD PHF_AQ_left,-1.579973246,AQ,left,2420,AD PHF,0,TRUE,AQ,VS,2420_AD PHF,AQ_left
2420_AD PHF_AQ_right,-0.916532181,AQ,right,2420,AD PHF,0,TRUE,AQ,VS,2420_AD PHF,AQ_right
2420_AD PHF_ARH_left,-0.519961589,ARH,left,2420,AD PHF,0,FALSE,ARH,HY,2420_AD PHF,ARH_left
2420_AD PHF_ARH_right,-0.551251038,ARH,right,2420,AD PHF,0,FALSE,ARH,HY,2420_AD PHF,ARH_right
2420_AD PHF_AT_left,-0.313739464,AT,left,2420,AD PHF,0,FALSE,AT,MB,2420_AD PHF,AT_left
2420_AD PHF_AT_right,0.560445214,AT,right,2420,AD PHF,0.560445214,FALSE,AT,MB,2420_AD PHF,AT_right
2420_AD PHF_AUDd_left,1.116388815,AUDd,left,2420,AD PHF,1,FALSE,AUDd,Isocortex,2420_AD PHF,AUDd_left
2420_AD PHF_AUDd_right,0.985971262,AUDd,right,2420,AD PHF,0.985971262,FALSE,AUDd,Isocortex,2420_AD PHF,AUDd_right
2420_AD PHF_AUDv_left,1.079865787,AUDv,left,2420,AD PHF,1,FALSE,AUDv,Isocortex,2420_AD PHF,AUDv_left
2420_AD PHF_AUDv_right,1.090743131,AUDv,right,2420,AD PHF,1,FALSE,AUDv,Isocortex,2420_AD PHF,AUDv_right
2420_AD PHF_BLA_left,0.999850172,BLA,left,2420,AD PHF,0.999850172,FALSE,BLA,CTXsp,2420_AD PHF,BLA_left
2420_AD PHF_BLA_right,1.047825421,BLA,right,2420,AD PHF,1,FALSE,BLA,CTXsp,2420_AD PHF,BLA_right
2420_AD PHF_BMA_left,0.971559814,BMA,left,2420,AD PHF,0.971559814,FALSE,BMA,CTXsp,2420_AD PHF,BMA_left
2420_AD PHF_BMA_right,1.020250345,BMA,right,2420,AD PHF,1,FALSE,BMA,CTXsp,2420_AD PHF,BMA_right
2420_AD PHF_CA1_left,0.881897261,CA1,left,2420,AD PHF,0.881897261,FALSE,CA1,HPF,2420_AD PHF,CA1_left
2420_AD PHF_CA1_right,0.880724995,CA1,right,2420,AD PHF,0.880724995,FALSE,CA1,HPF,2420_AD PHF,CA1_right
2420_AD PHF_CA2_left,0.962443004,CA2,left,2420,AD PHF,0.962443004,FALSE,CA2,HPF,2420_AD PHF,CA2_left
2420_AD PHF_CA2_right,0.807143364,CA2,right,2420,AD PHF,0.807143364,FALSE,CA2,HPF,2420_AD PHF,CA2_right
2420_AD PHF_CA3_left,0.874782881,CA3,left,2420,AD PHF,0.874782881,FALSE,CA3,HPF,2420_AD PHF,CA3_left
2420_AD PHF_CA3_right,0.853130112,CA3,right,2420,AD PHF,0.853130112,FALSE,CA3,HPF,2420_AD PHF,CA3_right
2420_AD PHF_CB_left,-0.361425073,CB,left,2420,AD PHF,0,FALSE,CB,CB,2420_AD PHF,CB_left
2420_AD PHF_CB_right,-1.234354961,CB,right,2420,AD PHF,0,FALSE,CB,CB,2420_AD PHF,CB_right
2420_AD PHF_CEA_left,0.928120427,CEA,left,2420,AD PHF,0.928120427,FALSE,CEA,STR,2420_AD PHF,CEA_left
2420_AD PHF_CEA_right,0.929228275,CEA,right,2420,AD PHF,0.929228275,FALSE,CEA,STR,2420_AD PHF,CEA_right
2420_AD PHF_CLA_left,1.063459734,CLA,left,2420,AD PHF,1,FALSE,CLA,CTXsp,2420_AD PHF,CLA_left
2420_AD PHF_CLA_right,1.077786365,CLA,right,2420,AD PHF,1,FALSE,CLA,CTXsp,2420_AD PHF,CLA_right
2420_AD PHF_CL_left,0.721940834,CL,left,2420,AD PHF,0.721940834,FALSE,CL,TH,2420_AD PHF,CL_left
2420_AD PHF_CL_right,0.642444353,CL,right,2420,AD PHF,0.642444353,FALSE,CL,TH,2420_AD PHF,CL_right
2420_AD PHF_CM_left,0.583247832,CM,left,2420,AD PHF,0.583247832,FALSE,CM,TH,2420_AD PHF,CM_left
2420_AD PHF_CM_right,0.774411763,CM,right,2420,AD PHF,0.774411763,FALSE,CM,TH,2420_AD PHF,CM_right
2420_AD PHF_COA_left,0.930102131,COA,left,2420,AD PHF,0.930102131,FALSE,COA,OLF,2420_AD PHF,COA_left
2420_AD PHF_COA_right,0.995641019,COA,right,2420,AD PHF,0.995641019,FALSE,COA,OLF,2420_AD PHF,COA_right
2420_AD PHF_COAp_left,0.948133063,COAp,left,2420,AD PHF,0.948133063,FALSE,COA,OLF,2420_AD PHF,COAp_left
2420_AD PHF_COAp_right,1.009381101,COAp,right,2420,AD PHF,1,FALSE,COA,OLF,2420_AD PHF,COAp_right
2420_AD PHF_CP_left,0.794060259,CP,left,2420,AD PHF,0.794060259,FALSE,CP,STR,2420_AD PHF,CP_left
2420_AD PHF_CP_right,0.807100417,CP,right,2420,AD PHF,0.807100417,FALSE,CP,STR,2420_AD PHF,CP_right
2420_AD PHF_CS_left,0.564535869,CS,left,2420,AD PHF,0.564535869,FALSE,CS,P,2420_AD PHF,CS_left
2420_AD PHF_CS_right,0.303838209,CS,right,2420,AD PHF,0.303838209,FALSE,CS,P,2420_AD PHF,CS_right
2420_AD PHF_CTXsp_left,0.95376355,CTXsp,left,2420,AD PHF,0.95376355,FALSE,CTXsp,CTXsp,2420_AD PHF,CTXsp_left
2420_AD PHF_CTXsp_right,0.996588835,CTXsp,right,2420,AD PHF,0.996588835,FALSE,CTXsp,CTXsp,2420_AD PHF,CTXsp_right
2420_AD PHF_CUN_left,0.595537664,CUN,left,2420,AD PHF,0.595537664,FALSE,CUN,MB,2420_AD PHF,CUN_left
2420_AD PHF_DG_left,0.564086937,DG,left,2420,AD PHF,0.564086937,FALSE,DG,HPF,2420_AD PHF,DG_left
2420_AD PHF_DG_right,0.664274991,DG,right,2420,AD PHF,0.664274991,FALSE,DG,HPF,2420_AD PHF,DG_right
2420_AD PHF_DMH_left,0.575222136,DMH,left,2420,AD PHF,0.575222136,FALSE,DMH,HY,2420_AD PHF,DMH_left
2420_AD PHF_DMH_right,0.649284577,DMH,right,2420,AD PHF,0.649284577,FALSE,DMH,HY,2420_AD PHF,DMH_right
2420_AD PHF_DR_left,0.635990717,DR,left,2420,AD PHF,0.635990717,FALSE,DR,MB,2420_AD PHF,DR_left
2420_AD PHF_DR_right,0.339836898,DR,right,2420,AD PHF,0.339836898,FALSE,DR,MB,2420_AD PHF,DR_right
2420_AD PHF_ECT_left,1.093424029,ECT,left,2420,AD PHF,1,FALSE,ECT,Isocortex,2420_AD PHF,ECT_left
2420_AD PHF_ECT_right,1.185588629,ECT,right,2420,AD PHF,1,FALSE,ECT,Isocortex,2420_AD PHF,ECT_right
2420_AD PHF_ENTl_left,1.178402911,ENTl,left,2420,AD PHF,1,FALSE,ENT,HPF,2420_AD PHF,ENTl_left
2420_AD PHF_ENTl_right,1.240666139,ENTl,right,2420,AD PHF,1,FALSE,ENT,HPF,2420_AD PHF,ENTl_right
2420_AD PHF_ENTm_left,1.031535679,ENTm,left,2420,AD PHF,1,FALSE,ENT,HPF,2420_AD PHF,ENTm_left
2420_AD PHF_ENTm_right,1.275890896,ENTm,right,2420,AD PHF,1,FALSE,ENT,HPF,2420_AD PHF,ENTm_right
2420_AD PHF_EP_left,0.957493854,EP,left,2420,AD PHF,0.957493854,FALSE,EP,CTXsp,2420_AD PHF,EP_left
2420_AD PHF_EP_right,1.040774129,EP,right,2420,AD PHF,1,FALSE,EP,CTXsp,2420_AD PHF,EP_right
2420_AD PHF_Eth_left,1.031520992,Eth,left,2420,AD PHF,1,FALSE,Eth,TH,2420_AD PHF,Eth_left
2420_AD PHF_Eth_right,1.049236377,Eth,right,2420,AD PHF,1,FALSE,Eth,TH,2420_AD PHF,Eth_right
2420_AD PHF_FC_left,0.669125177,FC,left,2420,AD PHF,0.669125177,FALSE,FC,HPF,2420_AD PHF,FC_left
2420_AD PHF_FC_right,0.483030821,FC,right,2420,AD PHF,0.483030821,FALSE,FC,HPF,2420_AD PHF,FC_right
2420_AD PHF_GU_left,1.10659149,GU,left,2420,AD PHF,1,FALSE,GU,Isocortex,2420_AD PHF,GU_left
2420_AD PHF_GU_right,1.161505849,GU,right,2420,AD PHF,1,FALSE,GU,Isocortex,2420_AD PHF,GU_right
2420_AD PHF_HATA_right,1.113787234,HATA,right,2420,AD PHF,1,FALSE,HATA,HPF,2420_AD PHF,HATA_right
2420_AD PHF_HPF_left,0.230384333,HPF,left,2420,AD PHF,0.230384333,FALSE,HPF,HPF,2420_AD PHF,HPF_left
2420_AD PHF_HPF_right,0.706812282,HPF,right,2420,AD PHF,0.706812282,FALSE,HPF,HPF,2420_AD PHF,HPF_right
2420_AD PHF_HY_left,0.569648439,HY,left,2420,AD PHF,0.569648439,FALSE,HY,HY,2420_AD PHF,HY_left
2420_AD PHF_HY_right,0.609756185,HY,right,2420,AD PHF,0.609756185,FALSE,HY,HY,2420_AD PHF,HY_right
2420_AD PHF_IA_left,0.876553287,IA,left,2420,AD PHF,0.876553287,FALSE,IA,STR,2420_AD PHF,IA_left
2420_AD PHF_IA_right,0.827997606,IA,right,2420,AD PHF,0.827997606,FALSE,IA,STR,2420_AD PHF,IA_right
2420_AD PHF_IC_left,0.612361867,IC,left,2420,AD PHF,0.612361867,FALSE,IC,MB,2420_AD PHF,IC_left
2420_AD PHF_IC_right,0.762543836,IC,right,2420,AD PHF,0.762543836,FALSE,IC,MB,2420_AD PHF,IC_right
2420_AD PHF_IG_left,0.706933361,IG,left,2420,AD PHF,0.706933361,FALSE,IG,HPF,2420_AD PHF,IG_left
2420_AD PHF_IG_right,0.826720705,IG,right,2420,AD PHF,0.826720705,FALSE,IG,HPF,2420_AD PHF,IG_right
2420_AD PHF_IMD_left,0.639463282,IMD,left,2420,AD PHF,0.639463282,FALSE,IMD,TH,2420_AD PHF,IMD_left
2420_AD PHF_IMD_right,0.925056278,IMD,right,2420,AD PHF,0.925056278,FALSE,IMD,TH,2420_AD PHF,IMD_right
2420_AD PHF_IV_left,-0.009200452,IV,left,2420,AD PHF,0,FALSE,IV,MB,2420_AD PHF,IV_left
2420_AD PHF_IV_right,0.498537009,IV,right,2420,AD PHF,0.498537009,FALSE,IV,MB,2420_AD PHF,IV_right
2420_AD PHF_In_left,0.72248812,In,left,2420,AD PHF,0.72248812,TRUE,In,fiber tracts,2420_AD PHF,In_left
2420_AD PHF_In_right,0.737291229,In,right,2420,AD PHF,0.737291229,TRUE,In,fiber tracts,2420_AD PHF,In_right
2420_AD PHF_LA_left,1.012632507,LA,left,2420,AD PHF,1,FALSE,LA,CTXsp,2420_AD PHF,LA_left
2420_AD PHF_LA_right,0.938614874,LA,right,2420,AD PHF,0.938614874,FALSE,LA,CTXsp,2420_AD PHF,LA_right
2420_AD PHF_LD_left,1.106554713,LD,left,2420,AD PHF,1,FALSE,LD,TH,2420_AD PHF,LD_left
2420_AD PHF_LD_right,1.219242727,LD,right,2420,AD PHF,1,FALSE,LD,TH,2420_AD PHF,LD_right
2420_AD PHF_LGd_left,0.762089507,LGd,left,2420,AD PHF,0.762089507,FALSE,LGd,TH,2420_AD PHF,LGd_left
2420_AD PHF_LGd_right,0.991056577,LGd,right,2420,AD PHF,0.991056577,FALSE,LGd,TH,2420_AD PHF,LGd_right
2420_AD PHF_LGv_left,0.536705845,LGv,left,2420,AD PHF,0.536705845,FALSE,LGv,TH,2420_AD PHF,LGv_left
2420_AD PHF_LGv_right,1.164664689,LGv,right,2420,AD PHF,1,FALSE,LGv,TH,2420_AD PHF,LGv_right
2420_AD PHF_LHA_left,0.378031517,LHA,left,2420,AD PHF,0.378031517,FALSE,LHA,HY,2420_AD PHF,LHA_left
2420_AD PHF_LHA_right,0.375448948,LHA,right,2420,AD PHF,0.375448948,FALSE,LHA,HY,2420_AD PHF,LHA_right
2420_AD PHF_LH_left,0.363390305,LH,left,2420,AD PHF,0.363390305,FALSE,LH,TH,2420_AD PHF,LH_left
2420_AD PHF_LH_right,0.356771663,LH,right,2420,AD PHF,0.356771663,FALSE,LH,TH,2420_AD PHF,LH_right
2420_AD PHF_LP_left,0.871119401,LP,left,2420,AD PHF,0.871119401,FALSE,LP,TH,2420_AD PHF,LP_left
2420_AD PHF_LP_right,0.957550699,LP,right,2420,AD PHF,0.957550699,FALSE,LP,TH,2420_AD PHF,LP_right
2420_AD PHF_LS_left,1.028245618,LS,left,2420,AD PHF,1,FALSE,LS,STR,2420_AD PHF,LS_left
2420_AD PHF_LS_right,0.972561664,LS,right,2420,AD PHF,0.972561664,FALSE,LS,STR,2420_AD PHF,LS_right
2420_AD PHF_MB_left,0.500440327,MB,left,2420,AD PHF,0.500440327,FALSE,MB,MB,2420_AD PHF,MB_left
2420_AD PHF_MB_right,0.610504008,MB,right,2420,AD PHF,0.610504008,FALSE,MB,MB,2420_AD PHF,MB_right
2420_AD PHF_MD_left,0.860692699,MD,left,2420,AD PHF,0.860692699,FALSE,MD,TH,2420_AD PHF,MD_left
2420_AD PHF_MD_right,0.851390037,MD,right,2420,AD PHF,0.851390037,FALSE,MD,TH,2420_AD PHF,MD_right
2420_AD PHF_MEA_left,0.820932168,MEA,left,2420,AD PHF,0.820932168,FALSE,MEA,STR,2420_AD PHF,MEA_left
2420_AD PHF_MEA_right,0.913689945,MEA,right,2420,AD PHF,0.913689945,FALSE,MEA,STR,2420_AD PHF,MEA_right
2420_AD PHF_ME_left,-1.583870796,ME,left,2420,AD PHF,0,FALSE,ME,HY,2420_AD PHF,ME_left
2420_AD PHF_ME_right,-5,ME,right,2420,AD PHF,0,FALSE,ME,HY,2420_AD PHF,ME_right
2420_AD PHF_MH_left,0.127217112,MH,left,2420,AD PHF,0.127217112,FALSE,MH,TH,2420_AD PHF,MH_left
2420_AD PHF_MH_right,0.108463471,MH,right,2420,AD PHF,0.108463471,FALSE,MH,TH,2420_AD PHF,MH_right
2420_AD PHF_MOp_left,1.019248146,MOp,left,2420,AD PHF,1,FALSE,MOp,Isocortex,2420_AD PHF,MOp_left
2420_AD PHF_MOp_right,0.987946049,MOp,right,2420,AD PHF,0.987946049,FALSE,MOp,Isocortex,2420_AD PHF,MOp_right
2420_AD PHF_MOs_left,1.062351775,MOs,left,2420,AD PHF,1,FALSE,MOs,Isocortex,2420_AD PHF,MOs_left
2420_AD PHF_MOs_right,1.063169323,MOs,right,2420,AD PHF,1,FALSE,MOs,Isocortex,2420_AD PHF,MOs_right
2420_AD PHF_MRN_left,0.507045209,MRN,left,2420,AD PHF,0.507045209,FALSE,MRN,MB,2420_AD PHF,MRN_left
2420_AD PHF_MRN_right,0.539322749,MRN,right,2420,AD PHF,0.539322749,FALSE,MRN,MB,2420_AD PHF,MRN_right
2420_AD PHF_MS_left,0.364120787,MS,left,2420,AD PHF,0.364120787,FALSE,MS,PAL,2420_AD PHF,MS_left
2420_AD PHF_MS_right,0.670147181,MS,right,2420,AD PHF,0.670147181,FALSE,MS,PAL,2420_AD PHF,MS_right
2420_AD PHF_NDB_left,0.689110805,NDB,left,2420,AD PHF,0.689110805,FALSE,NDB,PAL,2420_AD PHF,NDB_left
2420_AD PHF_NDB_right,0.664810558,NDB,right,2420,AD PHF,0.664810558,FALSE,NDB,PAL,2420_AD PHF,NDB_right
2420_AD PHF_NLL_left,0.511512018,NLL,left,2420,AD PHF,0.511512018,FALSE,NLL,P,2420_AD PHF,NLL_left
2420_AD PHF_NLL_right,0.540473682,NLL,right,2420,AD PHF,0.540473682,FALSE,NLL,P,2420_AD PHF,NLL_right
2420_AD PHF_OLF_left,0.90216178,OLF,left,2420,AD PHF,0.90216178,FALSE,OLF,OLF,2420_AD PHF,OLF_left
2420_AD PHF_OLF_right,1.090296484,OLF,right,2420,AD PHF,1,FALSE,OLF,OLF,2420_AD PHF,OLF_right
2420_AD PHF_OT_left,0.977529835,OT,left,2420,AD PHF,0.977529835,FALSE,OT,STR,2420_AD PHF,OT_left
2420_AD PHF_OT_right,0.959858405,OT,right,2420,AD PHF,0.959858405,FALSE,OT,STR,2420_AD PHF,OT_right
2420_AD PHF_PAA_left,1.046728506,PAA,left,2420,AD PHF,1,FALSE,PAA,OLF,2420_AD PHF,PAA_left
2420_AD PHF_PAA_right,0.990596705,PAA,right,2420,AD PHF,0.990596705,FALSE,PAA,OLF,2420_AD PHF,PAA_right
2420_AD PHF_PAG_left,0.404207819,PAG,left,2420,AD PHF,0.404207819,FALSE,PAG,MB,2420_AD PHF,PAG_left
2420_AD PHF_PAG_right,0.464052008,PAG,right,2420,AD PHF,0.464052008,FALSE,PAG,MB,2420_AD PHF,PAG_right
2420_AD PHF_PAL_left,0.614545011,PAL,left,2420,AD PHF,0.614545011,FALSE,PAL,PAL,2420_AD PHF,PAL_left
2420_AD PHF_PAL_right,0.751263224,PAL,right,2420,AD PHF,0.751263224,FALSE,PAL,PAL,2420_AD PHF,PAL_right
2420_AD PHF_PALd_left,0.665459576,PALd,left,2420,AD PHF,0.665459576,FALSE,PAL,PAL,2420_AD PHF,PALd_left
2420_AD PHF_PALd_right,0.956589561,PALd,right,2420,AD PHF,0.956589561,FALSE,PAL,PAL,2420_AD PHF,PALd_right
2420_AD PHF_PAR_left,1.004472906,PAR,left,2420,AD PHF,1,FALSE,PAR,HPF,2420_AD PHF,PAR_left
2420_AD PHF_PAR_right,0.928619754,PAR,right,2420,AD PHF,0.928619754,FALSE,PAR,HPF,2420_AD PHF,PAR_right
2420_AD PHF_PBG_left,0.944665309,PBG,left,2420,AD PHF,0.944665309,FALSE,PBG,MB,2420_AD PHF,PBG_left
2420_AD PHF_PBG_right,0.425674715,PBG,right,2420,AD PHF,0.425674715,FALSE,PBG,MB,2420_AD PHF,PBG_right
2420_AD PHF_PC5_left,0.692607737,PC5,left,2420,AD PHF,0.692607737,FALSE,PC5,P,2420_AD PHF,PC5_left
2420_AD PHF_PCN_left,0.86234917,PCN,left,2420,AD PHF,0.86234917,FALSE,PCN,TH,2420_AD PHF,PCN_left
2420_AD PHF_PCN_right,0.980118017,PCN,right,2420,AD PHF,0.980118017,FALSE,PCN,TH,2420_AD PHF,PCN_right
2420_AD PHF_PERI_left,0.910643746,PERI,left,2420,AD PHF,0.910643746,FALSE,PERI,Isocortex,2420_AD PHF,PERI_left
2420_AD PHF_PERI_right,1.169675809,PERI,right,2420,AD PHF,1,FALSE,PERI,Isocortex,2420_AD PHF,PERI_right
2420_AD PHF_PG_left,0.908017014,PG,left,2420,AD PHF,0.908017014,FALSE,PG,P,2420_AD PHF,PG_left
2420_AD PHF_PG_right,0.99083779,PG,right,2420,AD PHF,0.99083779,FALSE,PG,P,2420_AD PHF,PG_right
2420_AD PHF_PH_left,0.150016261,PH,left,2420,AD PHF,0.150016261,FALSE,PH,HY,2420_AD PHF,PH_left
2420_AD PHF_PH_right,-0.014756907,PH,right,2420,AD PHF,0,FALSE,PH,HY,2420_AD PHF,PH_right
2420_AD PHF_PIR_left,1.046479962,PIR,left,2420,AD PHF,1,FALSE,PIR,OLF,2420_AD PHF,PIR_left
2420_AD PHF_PIR_right,1.005551359,PIR,right,2420,AD PHF,1,FALSE,PIR,OLF,2420_AD PHF,PIR_right
2420_AD PHF_POST_right,0.730204757,POST,right,2420,AD PHF,0.730204757,FALSE,POST,HPF,2420_AD PHF,POST_right
2420_AD PHF_PO_left,0.960396339,PO,left,2420,AD PHF,0.960396339,FALSE,PO,TH,2420_AD PHF,PO_left
2420_AD PHF_PO_right,0.966304273,PO,right,2420,AD PHF,0.966304273,FALSE,PO,TH,2420_AD PHF,PO_right
2420_AD PHF_PPN_left,0.497520025,PPN,left,2420,AD PHF,0.497520025,FALSE,PPN,MB,2420_AD PHF,PPN_left
2420_AD PHF_PPN_right,0.472571716,PPN,right,2420,AD PHF,0.472571716,FALSE,PPN,MB,2420_AD PHF,PPN_right
2420_AD PHF_PRE_left,0.749410857,PRE,left,2420,AD PHF,0.749410857,FALSE,PRE,HPF,2420_AD PHF,PRE_left
2420_AD PHF_PRE_right,0.949901911,PRE,right,2420,AD PHF,0.949901911,FALSE,PRE,HPF,2420_AD PHF,PRE_right
2420_AD PHF_PRNr_left,0.570065103,PRNr,left,2420,AD PHF,0.570065103,FALSE,PRNr,P,2420_AD PHF,PRNr_left
2420_AD PHF_PRNr_right,0.612235955,PRNr,right,2420,AD PHF,0.612235955,FALSE,PRNr,P,2420_AD PHF,PRNr_right
2420_AD PHF_PR_left,0.486238467,PR,left,2420,AD PHF,0.486238467,FALSE,PR,TH,2420_AD PHF,PR_left
2420_AD PHF_PR_right,0.469881293,PR,right,2420,AD PHF,0.469881293,FALSE,PR,TH,2420_AD PHF,PR_right
2420_AD PHF_PST_left,0.089637621,PST,left,2420,AD PHF,0.089637621,FALSE,PST,HY,2420_AD PHF,PST_left
2420_AD PHF_PST_right,-0.148792702,PST,right,2420,AD PHF,0,FALSE,PST,HY,2420_AD PHF,PST_right
2420_AD PHF_PSV_left,-0.308513769,PSV,left,2420,AD PHF,0,FALSE,PSV,P,2420_AD PHF,PSV_left
2420_AD PHF_PVT_left,0.188378023,PVT,left,2420,AD PHF,0.188378023,FALSE,PVT,TH,2420_AD PHF,PVT_left
2420_AD PHF_PVT_right,0.292322156,PVT,right,2420,AD PHF,0.292322156,FALSE,PVT,TH,2420_AD PHF,PVT_right
2420_AD PHF_PVZ_left,-0.113971712,PVZ,left,2420,AD PHF,0,FALSE,PVZ,HY,2420_AD PHF,PVZ_left
2420_AD PHF_PVZ_right,-0.148647562,PVZ,right,2420,AD PHF,0,FALSE,PVZ,HY,2420_AD PHF,PVZ_right
2420_AD PHF_P_left,0.735785156,P,left,2420,AD PHF,0.735785156,FALSE,P,P,2420_AD PHF,P_left
2420_AD PHF_P_right,0.861398269,P,right,2420,AD PHF,0.861398269,FALSE,P,P,2420_AD PHF,P_right
2420_AD PHF_Pa4_left,-0.154443724,Pa4,left,2420,AD PHF,0,FALSE,Pa4,MB,2420_AD PHF,Pa4_left
2420_AD PHF_Pa4_right,0.069258108,Pa4,right,2420,AD PHF,0.069258108,FALSE,Pa4,MB,2420_AD PHF,Pa4_right
2420_AD PHF_PeF_left,0.695053066,PeF,left,2420,AD PHF,0.695053066,FALSE,PeF,HY,2420_AD PHF,PeF_left
2420_AD PHF_PeF_right,0.439887182,PeF,right,2420,AD PHF,0.439887182,FALSE,PeF,HY,2420_AD PHF,PeF_right
2420_AD PHF_RE_left,0.317095338,RE,left,2420,AD PHF,0.317095338,FALSE,RE,TH,2420_AD PHF,RE_left
2420_AD PHF_RE_right,0.43980387,RE,right,2420,AD PHF,0.43980387,FALSE,RE,TH,2420_AD PHF,RE_right
2420_AD PHF_RH_left,0.904585441,RH,left,2420,AD PHF,0.904585441,FALSE,RH,TH,2420_AD PHF,RH_left
2420_AD PHF_RH_right,0.681050998,RH,right,2420,AD PHF,0.681050998,FALSE,RH,TH,2420_AD PHF,RH_right
2420_AD PHF_RSPagl_left,0.941790593,RSPagl,left,2420,AD PHF,0.941790593,FALSE,RSP,Isocortex,2420_AD PHF,RSPagl_left
2420_AD PHF_RSPagl_right,0.896248571,RSPagl,right,2420,AD PHF,0.896248571,FALSE,RSP,Isocortex,2420_AD PHF,RSPagl_right
2420_AD PHF_RSPd_left,0.938092862,RSPd,left,2420,AD PHF,0.938092862,FALSE,RSP,Isocortex,2420_AD PHF,RSPd_left
2420_AD PHF_RSPd_right,0.94404956,RSPd,right,2420,AD PHF,0.94404956,FALSE,RSP,Isocortex,2420_AD PHF,RSPd_right
2420_AD PHF_RSPv_left,0.879244863,RSPv,left,2420,AD PHF,0.879244863,FALSE,RSP,Isocortex,2420_AD PHF,RSPv_left
2420_AD PHF_RSPv_right,0.887117126,RSPv,right,2420,AD PHF,0.887117126,FALSE,RSP,Isocortex,2420_AD PHF,RSPv_right
2420_AD PHF_RT_left,0.944636016,RT,left,2420,AD PHF,0.944636016,FALSE,RT,TH,2420_AD PHF,RT_left
2420_AD PHF_RT_right,0.803338449,RT,right,2420,AD PHF,0.803338449,FALSE,RT,TH,2420_AD PHF,RT_right
2420_AD PHF_SAG_left,-0.182619415,SAG,left,2420,AD PHF,0,FALSE,SAG,MB,2420_AD PHF,SAG_left
2420_AD PHF_SAG_right,0.57108887,SAG,right,2420,AD PHF,0.57108887,FALSE,SAG,MB,2420_AD PHF,SAG_right
2420_AD PHF_SCm_left,0.64007635,SCm,left,2420,AD PHF,0.64007635,FALSE,MBmot,MB,2420_AD PHF,SCm_left
2420_AD PHF_SCm_right,0.611504977,SCm,right,2420,AD PHF,0.611504977,FALSE,MBmot,MB,2420_AD PHF,SCm_right
2420_AD PHF_SCs_left,0.80074408,SCs,left,2420,AD PHF,0.80074408,FALSE,MBsen,MB,2420_AD PHF,SCs_left
2420_AD PHF_SCs_right,0.732129052,SCs,right,2420,AD PHF,0.732129052,FALSE,MBsen,MB,2420_AD PHF,SCs_right
2420_AD PHF_SEZ_left,0.375387957,SEZ,left,2420,AD PHF,0.375387957,TRUE,SEZ,VS,2420_AD PHF,SEZ_left
2420_AD PHF_SEZ_right,-0.173776717,SEZ,right,2420,AD PHF,0,TRUE,SEZ,VS,2420_AD PHF,SEZ_right
2420_AD PHF_SH_left,1.154777002,SH,left,2420,AD PHF,1,FALSE,SH,STR,2420_AD PHF,SH_left
2420_AD PHF_SH_right,1.134670507,SH,right,2420,AD PHF,1,FALSE,SH,STR,2420_AD PHF,SH_right
2420_AD PHF_SI_left,0.919640477,SI,left,2420,AD PHF,0.919640477,FALSE,SI,PAL,2420_AD PHF,SI_left
2420_AD PHF_SI_right,0.963228098,SI,right,2420,AD PHF,0.963228098,FALSE,SI,PAL,2420_AD PHF,SI_right
2420_AD PHF_SMT_left,0.833139185,SMT,left,2420,AD PHF,0.833139185,FALSE,SMT,TH,2420_AD PHF,SMT_left
2420_AD PHF_SMT_right,0.60418044,SMT,right,2420,AD PHF,0.60418044,FALSE,SMT,TH,2420_AD PHF,SMT_right
2420_AD PHF_SOC_left,0.801193758,SOC,left,2420,AD PHF,0.801193758,FALSE,SOC,P,2420_AD PHF,SOC_left
2420_AD PHF_SSp-bfd_left,0.911457364,SSp-bfd,left,2420,AD PHF,0.911457364,FALSE,SSp,Isocortex,2420_AD PHF,SSp-bfd_left
2420_AD PHF_SSp-bfd_right,0.820456094,SSp-bfd,right,2420,AD PHF,0.820456094,FALSE,SSp,Isocortex,2420_AD PHF,SSp-bfd_right
2420_AD PHF_SSp-m_left,1.150830236,SSp-m,left,2420,AD PHF,1,FALSE,SSp,Isocortex,2420_AD PHF,SSp-m_left
2420_AD PHF_SSp-m_right,1.170812363,SSp-m,right,2420,AD PHF,1,FALSE,SSp,Isocortex,2420_AD PHF,SSp-m_right
2420_AD PHF_SSp-tr_left,-0.053791172,SSp-tr,left,2420,AD PHF,0,FALSE,SSp,Isocortex,2420_AD PHF,SSp-tr_left
2420_AD PHF_SSp-tr_right,0.532051029,SSp-tr,right,2420,AD PHF,0.532051029,FALSE,SSp,Isocortex,2420_AD PHF,SSp-tr_right
2420_AD PHF_SSp-ul_left,1.121620162,SSp-ul,left,2420,AD PHF,1,FALSE,SSp,Isocortex,2420_AD PHF,SSp-ul_left
2420_AD PHF_SSp-ul_right,1.481133755,SSp-ul,right,2420,AD PHF,1,FALSE,SSp,Isocortex,2420_AD PHF,SSp-ul_right
2420_AD PHF_SSs_left,0.956948112,SSs,left,2420,AD PHF,0.956948112,FALSE,SSs,Isocortex,2420_AD PHF,SSs_left
2420_AD PHF_SSs_right,0.880088005,SSs,right,2420,AD PHF,0.880088005,FALSE,SSs,Isocortex,2420_AD PHF,SSs_right
2420_AD PHF_STN_left,0.67201232,STN,left,2420,AD PHF,0.67201232,FALSE,STN,HY,2420_AD PHF,STN_left
2420_AD PHF_STN_right,0.542280474,STN,right,2420,AD PHF,0.542280474,FALSE,STN,HY,2420_AD PHF,STN_right
2420_AD PHF_STR_left,0.920153175,STR,left,2420,AD PHF,0.920153175,FALSE,STR,STR,2420_AD PHF,STR_left
2420_AD PHF_STR_right,0.947708928,STR,right,2420,AD PHF,0.947708928,FALSE,STR,STR,2420_AD PHF,STR_right
2420_AD PHF_SUB_right,0.959521226,SUB,right,2420,AD PHF,0.959521226,FALSE,SUB,HPF,2420_AD PHF,SUB_right
2420_AD PHF_TEa_left,1.129832964,TEa,left,2420,AD PHF,1,FALSE,TEa,Isocortex,2420_AD PHF,TEa_left
2420_AD PHF_TEa_right,1.199664738,TEa,right,2420,AD PHF,1,FALSE,TEa,Isocortex,2420_AD PHF,TEa_right
2420_AD PHF_TH_left,0.429846477,TH,left,2420,AD PHF,0.429846477,FALSE,TH,TH,2420_AD PHF,TH_left
2420_AD PHF_TH_right,0.915950933,TH,right,2420,AD PHF,0.915950933,FALSE,TH,TH,2420_AD PHF,TH_right
2420_AD PHF_TRN_left,0.788564258,TRN,left,2420,AD PHF,0.788564258,FALSE,TRN,P,2420_AD PHF,TRN_left
2420_AD PHF_TRN_right,0.82802907,TRN,right,2420,AD PHF,0.82802907,FALSE,TRN,P,2420_AD PHF,TRN_right
2420_AD PHF_TU_left,0.795508619,TU,left,2420,AD PHF,0.795508619,FALSE,TU,HY,2420_AD PHF,TU_left
2420_AD PHF_TU_right,0.682233003,TU,right,2420,AD PHF,0.682233003,FALSE,TU,HY,2420_AD PHF,TU_right
2420_AD PHF_V3_left,-0.485570248,V3,left,2420,AD PHF,0,TRUE,V3,VS,2420_AD PHF,V3_left
2420_AD PHF_V3_right,0.127943695,V3,right,2420,AD PHF,0.127943695,TRUE,V3,VS,2420_AD PHF,V3_right
2420_AD PHF_VAL_left,0.838915279,VAL,left,2420,AD PHF,0.838915279,FALSE,VAL,TH,2420_AD PHF,VAL_left
2420_AD PHF_VAL_right,0.739124238,VAL,right,2420,AD PHF,0.739124238,FALSE,VAL,TH,2420_AD PHF,VAL_right
2420_AD PHF_VISC_left,1.00903505,VISC,left,2420,AD PHF,1,FALSE,VISC,Isocortex,2420_AD PHF,VISC_left
2420_AD PHF_VISC_right,0.948569095,VISC,right,2420,AD PHF,0.948569095,FALSE,VISC,Isocortex,2420_AD PHF,VISC_right
2420_AD PHF_VISa_left,0.875586072,VISa,left,2420,AD PHF,0.875586072,FALSE,VISa,Isocortex,2420_AD PHF,VISa_left
2420_AD PHF_VISa_right,0.822642052,VISa,right,2420,AD PHF,0.822642052,FALSE,VISa,Isocortex,2420_AD PHF,VISa_right
2420_AD PHF_VISam_left,0.948112454,VISam,left,2420,AD PHF,0.948112454,FALSE,VISam,Isocortex,2420_AD PHF,VISam_left
2420_AD PHF_VISam_right,0.948517612,VISam,right,2420,AD PHF,0.948517612,FALSE,VISam,Isocortex,2420_AD PHF,VISam_right
2420_AD PHF_VISl_left,1.303461533,VISl,left,2420,AD PHF,1,FALSE,VISl,Isocortex,2420_AD PHF,VISl_left
2420_AD PHF_VISl_right,0.965234458,VISl,right,2420,AD PHF,0.965234458,FALSE,VISl,Isocortex,2420_AD PHF,VISl_right
2420_AD PHF_VISli_right,1.045702109,VISli,right,2420,AD PHF,1,FALSE,VISli,Isocortex,2420_AD PHF,VISli_right
2420_AD PHF_VISp_left,1.174717174,VISp,left,2420,AD PHF,1,FALSE,VISp,Isocortex,2420_AD PHF,VISp_left
2420_AD PHF_VISp_right,0.955853993,VISp,right,2420,AD PHF,0.955853993,FALSE,VISp,Isocortex,2420_AD PHF,VISp_right
2420_AD PHF_VISpl_left,1.066560933,VISpl,left,2420,AD PHF,1,FALSE,VISpl,Isocortex,2420_AD PHF,VISpl_left
2420_AD PHF_VISpl_right,0.69599356,VISpl,right,2420,AD PHF,0.69599356,FALSE,VISpl,Isocortex,2420_AD PHF,VISpl_right
2420_AD PHF_VISpor_left,1.192326639,VISpor,left,2420,AD PHF,1,FALSE,VISpor,Isocortex,2420_AD PHF,VISpor_left
2420_AD PHF_VISpor_right,1.067904076,VISpor,right,2420,AD PHF,1,FALSE,VISpor,Isocortex,2420_AD PHF,VISpor_right
2420_AD PHF_VISrl_left,1.201270058,VISrl,left,2420,AD PHF,1,FALSE,VISrl,Isocortex,2420_AD PHF,VISrl_left
2420_AD PHF_VISrl_right,0.924970181,VISrl,right,2420,AD PHF,0.924970181,FALSE,VISrl,Isocortex,2420_AD PHF,VISrl_right
2420_AD PHF_VL_left,0.105928373,VL,left,2420,AD PHF,0.105928373,TRUE,VL,VS,2420_AD PHF,VL_left
2420_AD PHF_VL_right,-0.17799296,VL,right,2420,AD PHF,0,TRUE,VL,VS,2420_AD PHF,VL_right
2420_AD PHF_VMH_left,0.677180311,VMH,left,2420,AD PHF,0.677180311,FALSE,VMH,HY,2420_AD PHF,VMH_left
2420_AD PHF_VMH_right,0.631648007,VMH,right,2420,AD PHF,0.631648007,FALSE,VMH,HY,2420_AD PHF,VMH_right
2420_AD PHF_VM_left,0.672025786,VM,left,2420,AD PHF,0.672025786,FALSE,VM,TH,2420_AD PHF,VM_left
2420_AD PHF_VM_right,0.668510305,VM,right,2420,AD PHF,0.668510305,FALSE,VM,TH,2420_AD PHF,VM_right
2420_AD PHF_VPL_left,0.863172681,VPL,left,2420,AD PHF,0.863172681,FALSE,VPL,TH,2420_AD PHF,VPL_left
2420_AD PHF_VPL_right,0.868340847,VPL,right,2420,AD PHF,0.868340847,FALSE,VPL,TH,2420_AD PHF,VPL_right
2420_AD PHF_VPM_left,0.778197318,VPM,left,2420,AD PHF,0.778197318,FALSE,VPM,TH,2420_AD PHF,VPM_left
2420_AD PHF_VPM_right,0.726052007,VPM,right,2420,AD PHF,0.726052007,FALSE,VPM,TH,2420_AD PHF,VPM_right
2420_AD PHF_Xi_left,0.576405152,Xi,left,2420,AD PHF,0.576405152,FALSE,Xi,TH,2420_AD PHF,Xi_left
2420_AD PHF_Xi_right,0.914431458,Xi,right,2420,AD PHF,0.914431458,FALSE,Xi,TH,2420_AD PHF,Xi_right
2420_AD PHF_ZI_left,0.50129748,ZI,left,2420,AD PHF,0.50129748,FALSE,ZI,HY,2420_AD PHF,ZI_left
2420_AD PHF_ZI_right,0.576341517,ZI,right,2420,AD PHF,0.576341517,FALSE,ZI,HY,2420_AD PHF,ZI_right
2420_AD PHF_alv_left,0.955804034,alv,left,2420,AD PHF,0.955804034,TRUE,alv,fiber tracts,2420_AD PHF,alv_left
2420_AD PHF_alv_right,0.851589005,alv,right,2420,AD PHF,0.851589005,TRUE,alv,fiber tracts,2420_AD PHF,alv_right
2420_AD PHF_amc_left,0.941114235,amc,left,2420,AD PHF,0.941114235,TRUE,amc,fiber tracts,2420_AD PHF,amc_left
2420_AD PHF_amc_right,0.95699767,amc,right,2420,AD PHF,0.95699767,TRUE,amc,fiber tracts,2420_AD PHF,amc_right
2420_AD PHF_ar_left,0.702163773,ar,left,2420,AD PHF,0.702163773,TRUE,ar,fiber tracts,2420_AD PHF,ar_left
2420_AD PHF_ar_right,0.653392504,ar,right,2420,AD PHF,0.653392504,TRUE,ar,fiber tracts,2420_AD PHF,ar_right
2420_AD PHF_bic_left,0.558897386,bic,left,2420,AD PHF,0.558897386,TRUE,bic,fiber tracts,2420_AD PHF,bic_left
2420_AD PHF_bic_right,0.63403096,bic,right,2420,AD PHF,0.63403096,TRUE,bic,fiber tracts,2420_AD PHF,bic_right
2420_AD PHF_cc_left,0.613107887,cc,left,2420,AD PHF,0.613107887,TRUE,cc,fiber tracts,2420_AD PHF,cc_left
2420_AD PHF_cc_right,0.497213548,cc,right,2420,AD PHF,0.497213548,TRUE,cc,fiber tracts,2420_AD PHF,cc_right
2420_AD PHF_ccg_left,0.380547458,ccg,left,2420,AD PHF,0.380547458,TRUE,ccg,fiber tracts,2420_AD PHF,ccg_left
2420_AD PHF_ccg_right,0.359489053,ccg,right,2420,AD PHF,0.359489053,TRUE,ccg,fiber tracts,2420_AD PHF,ccg_right
2420_AD PHF_chpl_left,-1.432588155,chpl,left,2420,AD PHF,0,TRUE,chpl,VS,2420_AD PHF,chpl_left
2420_AD PHF_chpl_right,0.132804604,chpl,right,2420,AD PHF,0.132804604,TRUE,chpl,VS,2420_AD PHF,chpl_right
2420_AD PHF_cing_left,0.597922737,cing,left,2420,AD PHF,0.597922737,TRUE,cing,fiber tracts,2420_AD PHF,cing_left
2420_AD PHF_cing_right,0.373745251,cing,right,2420,AD PHF,0.373745251,TRUE,cing,fiber tracts,2420_AD PHF,cing_right
2420_AD PHF_cst_left,0.940645651,cst,left,2420,AD PHF,0.940645651,TRUE,cst,fiber tracts,2420_AD PHF,cst_left
2420_AD PHF_cst_right,0.929916276,cst,right,2420,AD PHF,0.929916276,TRUE,cst,fiber tracts,2420_AD PHF,cst_right
2420_AD PHF_dhc_left,0.364234634,dhc,left,2420,AD PHF,0.364234634,TRUE,dhc,fiber tracts,2420_AD PHF,dhc_left
2420_AD PHF_dhc_right,0.762558642,dhc,right,2420,AD PHF,0.762558642,TRUE,dhc,fiber tracts,2420_AD PHF,dhc_right
2420_AD PHF_dscp_left,0.453486523,dscp,left,2420,AD PHF,0.453486523,TRUE,dscp,fiber tracts,2420_AD PHF,dscp_left
2420_AD PHF_dscp_right,-0.041011502,dscp,right,2420,AD PHF,0,TRUE,dscp,fiber tracts,2420_AD PHF,dscp_right
2420_AD PHF_ec_left,1.019816752,ec,left,2420,AD PHF,1,TRUE,ec,fiber tracts,2420_AD PHF,ec_left
2420_AD PHF_ec_right,0.763124764,ec,right,2420,AD PHF,0.763124764,TRUE,ec,fiber tracts,2420_AD PHF,ec_right
2420_AD PHF_em_left,0.750701808,em,left,2420,AD PHF,0.750701808,TRUE,em,fiber tracts,2420_AD PHF,em_left
2420_AD PHF_em_right,0.706443144,em,right,2420,AD PHF,0.706443144,TRUE,em,fiber tracts,2420_AD PHF,em_right
2420_AD PHF_fi_left,0.679022418,fi,left,2420,AD PHF,0.679022418,TRUE,fi,fiber tracts,2420_AD PHF,fi_left
2420_AD PHF_fi_right,0.582563016,fi,right,2420,AD PHF,0.582563016,TRUE,fi,fiber tracts,2420_AD PHF,fi_right
2420_AD PHF_fiber tracts_left,0.736939956,fiber tracts,left,2420,AD PHF,0.736939956,TRUE,fiber tracts,fiber tracts,2420_AD PHF,fiber tracts_left
2420_AD PHF_fiber tracts_right,0.608857794,fiber tracts,right,2420,AD PHF,0.608857794,TRUE,fiber tracts,fiber tracts,2420_AD PHF,fiber tracts_right
2420_AD PHF_fr_left,0.210566774,fr,left,2420,AD PHF,0.210566774,TRUE,fr,fiber tracts,2420_AD PHF,fr_left
2420_AD PHF_fr_right,0.196296176,fr,right,2420,AD PHF,0.196296176,TRUE,fr,fiber tracts,2420_AD PHF,fr_right
2420_AD PHF_fx_left,0.322942565,fx,left,2420,AD PHF,0.322942565,TRUE,fx,fiber tracts,2420_AD PHF,fx_left
2420_AD PHF_fx_right,0.395627382,fx,right,2420,AD PHF,0.395627382,TRUE,fx,fiber tracts,2420_AD PHF,fx_right
2420_AD PHF_hbc_left,0.985848723,hbc,left,2420,AD PHF,0.985848723,TRUE,hbc,fiber tracts,2420_AD PHF,hbc_left
2420_AD PHF_hbc_right,0.555835716,hbc,right,2420,AD PHF,0.555835716,TRUE,hbc,fiber tracts,2420_AD PHF,hbc_right
2420_AD PHF_int_left,0.580613464,int,left,2420,AD PHF,0.580613464,TRUE,int,fiber tracts,2420_AD PHF,int_left
2420_AD PHF_int_right,0.592379392,int,right,2420,AD PHF,0.592379392,TRUE,int,fiber tracts,2420_AD PHF,int_right
2420_AD PHF_ll_left,0.268975259,ll,left,2420,AD PHF,0.268975259,TRUE,ll,fiber tracts,2420_AD PHF,ll_left
2420_AD PHF_ll_right,0.289753015,ll,right,2420,AD PHF,0.289753015,TRUE,ll,fiber tracts,2420_AD PHF,ll_right
2420_AD PHF_lotg_left,0.55198868,lotg,left,2420,AD PHF,0.55198868,TRUE,In,fiber tracts,2420_AD PHF,lotg_left
2420_AD PHF_lotg_right,0.745260266,lotg,right,2420,AD PHF,0.745260266,TRUE,In,fiber tracts,2420_AD PHF,lotg_right
2420_AD PHF_mcp_left,0.24723927,mcp,left,2420,AD PHF,0.24723927,TRUE,mcp,fiber tracts,2420_AD PHF,mcp_left
2420_AD PHF_mcp_right,0.022610988,mcp,right,2420,AD PHF,0.022610988,TRUE,mcp,fiber tracts,2420_AD PHF,mcp_right
2420_AD PHF_ml_left,0.291285816,ml,left,2420,AD PHF,0.291285816,TRUE,ml,fiber tracts,2420_AD PHF,ml_left
2420_AD PHF_ml_right,0.504393261,ml,right,2420,AD PHF,0.504393261,TRUE,ml,fiber tracts,2420_AD PHF,ml_right
2420_AD PHF_mlf_left,0.461790023,mlf,left,2420,AD PHF,0.461790023,TRUE,mlf,fiber tracts,2420_AD PHF,mlf_left
2420_AD PHF_mlf_right,0.371951344,mlf,right,2420,AD PHF,0.371951344,TRUE,mlf,fiber tracts,2420_AD PHF,mlf_right
2420_AD PHF_moV_left,0.604433473,moV,left,2420,AD PHF,0.604433473,TRUE,moV,fiber tracts,2420_AD PHF,moV_left
2420_AD PHF_moV_right,0.273865746,moV,right,2420,AD PHF,0.273865746,TRUE,moV,fiber tracts,2420_AD PHF,moV_right
2420_AD PHF_mtg_left,-0.417080236,mtg,left,2420,AD PHF,0,TRUE,mtg,fiber tracts,2420_AD PHF,mtg_left
2420_AD PHF_mtg_right,0.608014463,mtg,right,2420,AD PHF,0.608014463,TRUE,mtg,fiber tracts,2420_AD PHF,mtg_right
2420_AD PHF_mtt_left,0.71090931,mtt,left,2420,AD PHF,0.71090931,TRUE,mtt,fiber tracts,2420_AD PHF,mtt_left
2420_AD PHF_mtt_right,0.669984107,mtt,right,2420,AD PHF,0.669984107,TRUE,mtt,fiber tracts,2420_AD PHF,mtt_right
2420_AD PHF_nst_left,0.676055215,nst,left,2420,AD PHF,0.676055215,TRUE,nst,fiber tracts,2420_AD PHF,nst_left
2420_AD PHF_nst_right,0.593825553,nst,right,2420,AD PHF,0.593825553,TRUE,nst,fiber tracts,2420_AD PHF,nst_right
2420_AD PHF_opt_left,-0.15006189,opt,left,2420,AD PHF,0,TRUE,opt,fiber tracts,2420_AD PHF,opt_left
2420_AD PHF_opt_right,0.569163819,opt,right,2420,AD PHF,0.569163819,TRUE,opt,fiber tracts,2420_AD PHF,opt_right
2420_AD PHF_or_left,0.531317358,or,left,2420,AD PHF,0.531317358,TRUE,or,fiber tracts,2420_AD PHF,or_left
2420_AD PHF_or_right,0.486338133,or,right,2420,AD PHF,0.486338133,TRUE,or,fiber tracts,2420_AD PHF,or_right
2420_AD PHF_rust_left,0.29063384,rust,left,2420,AD PHF,0.29063384,TRUE,rust,fiber tracts,2420_AD PHF,rust_left
2420_AD PHF_rust_right,0.11045504,rust,right,2420,AD PHF,0.11045504,TRUE,rust,fiber tracts,2420_AD PHF,rust_right
2420_AD PHF_sV_left,-0.394343515,sV,left,2420,AD PHF,0,TRUE,sV,fiber tracts,2420_AD PHF,sV_left
2420_AD PHF_sV_right,-1.401092724,sV,right,2420,AD PHF,0,TRUE,sV,fiber tracts,2420_AD PHF,sV_right
2420_AD PHF_scp_left,0.491804356,scp,left,2420,AD PHF,0.491804356,TRUE,scp,fiber tracts,2420_AD PHF,scp_left
2420_AD PHF_scp_right,0.570155634,scp,right,2420,AD PHF,0.570155634,TRUE,scp,fiber tracts,2420_AD PHF,scp_right
2420_AD PHF_sctv_left,-0.174761049,sctv,left,2420,AD PHF,0,TRUE,sctv,fiber tracts,2420_AD PHF,sctv_left
2420_AD PHF_scwm_left,0.609774736,scwm,left,2420,AD PHF,0.609774736,TRUE,scwm,fiber tracts,2420_AD PHF,scwm_left
2420_AD PHF_scwm_right,0.567714985,scwm,right,2420,AD PHF,0.567714985,TRUE,scwm,fiber tracts,2420_AD PHF,scwm_right
2420_AD PHF_st_left,0.717414098,st,left,2420,AD PHF,0.717414098,TRUE,st,fiber tracts,2420_AD PHF,st_left
2420_AD PHF_st_right,0.769393576,st,right,2420,AD PHF,0.769393576,TRUE,st,fiber tracts,2420_AD PHF,st_right
2420_AD PHF_stc_left,0.408300587,stc,left,2420,AD PHF,0.408300587,TRUE,stc,fiber tracts,2420_AD PHF,stc_left
2420_AD PHF_stc_right,0.727794856,stc,right,2420,AD PHF,0.727794856,TRUE,stc,fiber tracts,2420_AD PHF,stc_right
2420_AD PHF_sup_left,0.431239289,sup,left,2420,AD PHF,0.431239289,TRUE,sup,fiber tracts,2420_AD PHF,sup_left
2420_AD PHF_sup_right,-0.210424255,sup,right,2420,AD PHF,0,TRUE,sup,fiber tracts,2420_AD PHF,sup_right
2420_AD PHF_tspc_left,0.171505182,tspc,left,2420,AD PHF,0.171505182,TRUE,tspc,fiber tracts,2420_AD PHF,tspc_left
2420_AD PHF_tspc_right,0.604392208,tspc,right,2420,AD PHF,0.604392208,TRUE,tspc,fiber tracts,2420_AD PHF,tspc_right
3227_none_ACAd_left,0.857512575,ACAd,left,3227,none,0.857512575,FALSE,ACA,Isocortex,3227_none,ACAd_left
3227_none_ACAd_right,0.811843989,ACAd,right,3227,none,0.811843989,FALSE,ACA,Isocortex,3227_none,ACAd_right
3227_none_ACAv_left,0.895931689,ACAv,left,3227,none,0.895931689,FALSE,ACA,Isocortex,3227_none,ACAv_left
3227_none_ACAv_right,0.846015021,ACAv,right,3227,none,0.846015021,FALSE,ACA,Isocortex,3227_none,ACAv_right
3227_none_ACB_left,0.6703835,ACB,left,3227,none,0.6703835,FALSE,ACB,STR,3227_none,ACB_left
3227_none_ACB_right,0.734003116,ACB,right,3227,none,0.734003116,FALSE,ACB,STR,3227_none,ACB_right
3227_none_AId_left,0.943467549,AId,left,3227,none,0.943467549,FALSE,AI,Isocortex,3227_none,AId_left
3227_none_AId_right,0.919682463,AId,right,3227,none,0.919682463,FALSE,AI,Isocortex,3227_none,AId_right
3227_none_AIp_left,0.927353738,AIp,left,3227,none,0.927353738,FALSE,AI,Isocortex,3227_none,AIp_left
3227_none_AIp_right,0.752481949,AIp,right,3227,none,0.752481949,FALSE,AI,Isocortex,3227_none,AIp_right
3227_none_AIv_left,0.784271653,AIv,left,3227,none,0.784271653,FALSE,AI,Isocortex,3227_none,AIv_left
3227_none_AIv_right,0.80584126,AIv,right,3227,none,0.80584126,FALSE,AI,Isocortex,3227_none,AIv_right
3227_none_APr_left,0.988493784,APr,left,3227,none,0.988493784,FALSE,APr,HPF,3227_none,APr_left
3227_none_APr_right,0.892517444,APr,right,3227,none,0.892517444,FALSE,APr,HPF,3227_none,APr_right
3227_none_AQ_left,-2.12034578,AQ,left,3227,none,0,TRUE,AQ,VS,3227_none,AQ_left
3227_none_AQ_right,-2.11962759,AQ,right,3227,none,0,TRUE,AQ,VS,3227_none,AQ_right
3227_none_ARH_left,-0.297335356,ARH,left,3227,none,0,FALSE,ARH,HY,3227_none,ARH_left
3227_none_ARH_right,-0.267625318,ARH,right,3227,none,0,FALSE,ARH,HY,3227_none,ARH_right
3227_none_AT_left,-0.09089454,AT,left,3227,none,0,FALSE,AT,MB,3227_none,AT_left
3227_none_AT_right,0.078540708,AT,right,3227,none,0.078540708,FALSE,AT,MB,3227_none,AT_right
3227_none_AUDd_left,1.034952958,AUDd,left,3227,none,1,FALSE,AUDd,Isocortex,3227_none,AUDd_left
3227_none_AUDd_right,0.893379288,AUDd,right,3227,none,0.893379288,FALSE,AUDd,Isocortex,3227_none,AUDd_right
3227_none_AUDp_left,0.962014947,AUDp,left,3227,none,0.962014947,FALSE,AUDp,Isocortex,3227_none,AUDp_left
3227_none_AUDv_left,0.993050416,AUDv,left,3227,none,0.993050416,FALSE,AUDv,Isocortex,3227_none,AUDv_left
3227_none_AUDv_right,0.830312973,AUDv,right,3227,none,0.830312973,FALSE,AUDv,Isocortex,3227_none,AUDv_right
3227_none_BLA_left,0.88946629,BLA,left,3227,none,0.88946629,FALSE,BLA,CTXsp,3227_none,BLA_left
3227_none_BLA_right,0.884140933,BLA,right,3227,none,0.884140933,FALSE,BLA,CTXsp,3227_none,BLA_right
3227_none_BMA_left,0.811854266,BMA,left,3227,none,0.811854266,FALSE,BMA,CTXsp,3227_none,BMA_left
3227_none_BMA_right,0.781249268,BMA,right,3227,none,0.781249268,FALSE,BMA,CTXsp,3227_none,BMA_right
3227_none_CA1_left,0.945966693,CA1,left,3227,none,0.945966693,FALSE,CA1,HPF,3227_none,CA1_left
3227_none_CA1_right,0.910848668,CA1,right,3227,none,0.910848668,FALSE,CA1,HPF,3227_none,CA1_right
3227_none_CA2_left,0.961671827,CA2,left,3227,none,0.961671827,FALSE,CA2,HPF,3227_none,CA2_left
3227_none_CA2_right,0.767803926,CA2,right,3227,none,0.767803926,FALSE,CA2,HPF,3227_none,CA2_right
3227_none_CA3_left,0.789280437,CA3,left,3227,none,0.789280437,FALSE,CA3,HPF,3227_none,CA3_left
3227_none_CA3_right,0.896927629,CA3,right,3227,none,0.896927629,FALSE,CA3,HPF,3227_none,CA3_right
3227_none_CB_left,-0.380749515,CB,left,3227,none,0,FALSE,CB,CB,3227_none,CB_left
3227_none_CB_right,-0.657571278,CB,right,3227,none,0,FALSE,CB,CB,3227_none,CB_right
3227_none_CEA_left,0.724691661,CEA,left,3227,none,0.724691661,FALSE,CEA,STR,3227_none,CEA_left
3227_none_CEA_right,0.71721313,CEA,right,3227,none,0.71721313,FALSE,CEA,STR,3227_none,CEA_right
3227_none_CLA_left,0.814704581,CLA,left,3227,none,0.814704581,FALSE,CLA,CTXsp,3227_none,CLA_left
3227_none_CLA_right,0.754691037,CLA,right,3227,none,0.754691037,FALSE,CLA,CTXsp,3227_none,CLA_right
3227_none_CL_left,0.628044943,CL,left,3227,none,0.628044943,FALSE,CL,TH,3227_none,CL_left
3227_none_CL_right,0.680009541,CL,right,3227,none,0.680009541,FALSE,CL,TH,3227_none,CL_right
3227_none_CM_left,0.490890597,CM,left,3227,none,0.490890597,FALSE,CM,TH,3227_none,CM_left
3227_none_CM_right,0.64580636,CM,right,3227,none,0.64580636,FALSE,CM,TH,3227_none,CM_right
3227_none_COA_left,0.839444924,COA,left,3227,none,0.839444924,FALSE,COA,OLF,3227_none,COA_left
3227_none_COA_right,0.79213896,COA,right,3227,none,0.79213896,FALSE,COA,OLF,3227_none,COA_right
3227_none_COAp_left,0.844138114,COAp,left,3227,none,0.844138114,FALSE,COA,OLF,3227_none,COAp_left
3227_none_COAp_right,0.699447022,COAp,right,3227,none,0.699447022,FALSE,COA,OLF,3227_none,COAp_right
3227_none_CP_left,0.609952378,CP,left,3227,none,0.609952378,FALSE,CP,STR,3227_none,CP_left
3227_none_CP_right,0.639503421,CP,right,3227,none,0.639503421,FALSE,CP,STR,3227_none,CP_right
3227_none_CS_left,0.300787907,CS,left,3227,none,0.300787907,FALSE,CS,P,3227_none,CS_left
3227_none_CS_right,0.107940308,CS,right,3227,none,0.107940308,FALSE,CS,P,3227_none,CS_right
3227_none_CTXsp_left,0.669719617,CTXsp,left,3227,none,0.669719617,FALSE,CTXsp,CTXsp,3227_none,CTXsp_left
3227_none_CTXsp_right,0.785927276,CTXsp,right,3227,none,0.785927276,FALSE,CTXsp,CTXsp,3227_none,CTXsp_right
3227_none_DG_left,0.587740127,DG,left,3227,none,0.587740127,FALSE,DG,HPF,3227_none,DG_left
3227_none_DG_right,0.584747821,DG,right,3227,none,0.584747821,FALSE,DG,HPF,3227_none,DG_right
3227_none_DMH_left,0.286030654,DMH,left,3227,none,0.286030654,FALSE,DMH,HY,3227_none,DMH_left
3227_none_DMH_right,0.256273764,DMH,right,3227,none,0.256273764,FALSE,DMH,HY,3227_none,DMH_right
3227_none_DR_left,0.087852849,DR,left,3227,none,0.087852849,FALSE,DR,MB,3227_none,DR_left
3227_none_DR_right,0.292997218,DR,right,3227,none,0.292997218,FALSE,DR,MB,3227_none,DR_right
3227_none_ECT_left,0.892295274,ECT,left,3227,none,0.892295274,FALSE,ECT,Isocortex,3227_none,ECT_left
3227_none_ECT_right,0.857029308,ECT,right,3227,none,0.857029308,FALSE,ECT,Isocortex,3227_none,ECT_right
3227_none_ENTl_left,0.960092733,ENTl,left,3227,none,0.960092733,FALSE,ENT,HPF,3227_none,ENTl_left
3227_none_ENTl_right,0.96786149,ENTl,right,3227,none,0.96786149,FALSE,ENT,HPF,3227_none,ENTl_right
3227_none_ENTm_left,0.928294209,ENTm,left,3227,none,0.928294209,FALSE,ENT,HPF,3227_none,ENTm_left
3227_none_ENTm_right,1.032252934,ENTm,right,3227,none,1,FALSE,ENT,HPF,3227_none,ENTm_right
3227_none_EP_left,0.767343402,EP,left,3227,none,0.767343402,FALSE,EP,CTXsp,3227_none,EP_left
3227_none_EP_right,0.823031601,EP,right,3227,none,0.823031601,FALSE,EP,CTXsp,3227_none,EP_right
3227_none_Eth_left,0.574599403,Eth,left,3227,none,0.574599403,FALSE,Eth,TH,3227_none,Eth_left
3227_none_Eth_right,0.673599981,Eth,right,3227,none,0.673599981,FALSE,Eth,TH,3227_none,Eth_right
3227_none_FC_left,0.90171302,FC,left,3227,none,0.90171302,FALSE,FC,HPF,3227_none,FC_left
3227_none_FC_right,0.853402124,FC,right,3227,none,0.853402124,FALSE,FC,HPF,3227_none,FC_right
3227_none_GU_left,0.994415208,GU,left,3227,none,0.994415208,FALSE,GU,Isocortex,3227_none,GU_left
3227_none_GU_right,0.801289733,GU,right,3227,none,0.801289733,FALSE,GU,Isocortex,3227_none,GU_right
3227_none_HPF_left,0.988926742,HPF,left,3227,none,0.988926742,FALSE,HPF,HPF,3227_none,HPF_left
3227_none_HPF_right,0.458101685,HPF,right,3227,none,0.458101685,FALSE,HPF,HPF,3227_none,HPF_right
3227_none_HY_left,0.514306021,HY,left,3227,none,0.514306021,FALSE,HY,HY,3227_none,HY_left
3227_none_HY_right,0.455381676,HY,right,3227,none,0.455381676,FALSE,HY,HY,3227_none,HY_right
3227_none_IA_left,0.881797892,IA,left,3227,none,0.881797892,FALSE,IA,STR,3227_none,IA_left
3227_none_IA_right,0.738363252,IA,right,3227,none,0.738363252,FALSE,IA,STR,3227_none,IA_right
3227_none_IC_left,0.619024801,IC,left,3227,none,0.619024801,FALSE,IC,MB,3227_none,IC_left
3227_none_IC_right,0.526549869,IC,right,3227,none,0.526549869,FALSE,IC,MB,3227_none,IC_right
3227_none_IGL_left,0.299568856,IGL,left,3227,none,0.299568856,FALSE,IGL,TH,3227_none,IGL_left
3227_none_IG_left,0.650190192,IG,left,3227,none,0.650190192,FALSE,IG,HPF,3227_none,IG_left
3227_none_IG_right,0.806241171,IG,right,3227,none,0.806241171,FALSE,IG,HPF,3227_none,IG_right
3227_none_IIn_left,-5,IIn,left,3227,none,0,TRUE,IIn,fiber tracts,3227_none,IIn_left
3227_none_IIn_right,-5,IIn,right,3227,none,0,TRUE,IIn,fiber tracts,3227_none,IIn_right
3227_none_IMD_left,0.558446329,IMD,left,3227,none,0.558446329,FALSE,IMD,TH,3227_none,IMD_left
3227_none_IMD_right,0.826412428,IMD,right,3227,none,0.826412428,FALSE,IMD,TH,3227_none,IMD_right
3227_none_IV_left,0.305416341,IV,left,3227,none,0.305416341,FALSE,IV,MB,3227_none,IV_left
3227_none_IV_right,-0.170718302,IV,right,3227,none,0,FALSE,IV,MB,3227_none,IV_right
3227_none_In_left,0.472281347,In,left,3227,none,0.472281347,TRUE,In,fiber tracts,3227_none,In_left
3227_none_In_right,0.367225562,In,right,3227,none,0.367225562,TRUE,In,fiber tracts,3227_none,In_right
3227_none_LA_left,0.945580656,LA,left,3227,none,0.945580656,FALSE,LA,CTXsp,3227_none,LA_left
3227_none_LA_right,0.884411388,LA,right,3227,none,0.884411388,FALSE,LA,CTXsp,3227_none,LA_right
3227_none_LD_left,0.877593359,LD,left,3227,none,0.877593359,FALSE,LD,TH,3227_none,LD_left
3227_none_LD_right,0.601626115,LD,right,3227,none,0.601626115,FALSE,LD,TH,3227_none,LD_right
3227_none_LGd_left,0.911645045,LGd,left,3227,none,0.911645045,FALSE,LGd,TH,3227_none,LGd_left
3227_none_LGd_right,0.692202751,LGd,right,3227,none,0.692202751,FALSE,LGd,TH,3227_none,LGd_right
3227_none_LGv_left,0.529843605,LGv,left,3227,none,0.529843605,FALSE,LGv,TH,3227_none,LGv_left
3227_none_LGv_right,0.802278471,LGv,right,3227,none,0.802278471,FALSE,LGv,TH,3227_none,LGv_right
3227_none_LHA_left,0.221664504,LHA,left,3227,none,0.221664504,FALSE,LHA,HY,3227_none,LHA_left
3227_none_LHA_right,0.365346415,LHA,right,3227,none,0.365346415,FALSE,LHA,HY,3227_none,LHA_right
3227_none_LH_left,0.248005481,LH,left,3227,none,0.248005481,FALSE,LH,TH,3227_none,LH_left
3227_none_LH_right,0.053348202,LH,right,3227,none,0.053348202,FALSE,LH,TH,3227_none,LH_right
3227_none_LPO_left,0.674965164,LPO,left,3227,none,0.674965164,FALSE,LPO,HY,3227_none,LPO_left
3227_none_LPO_right,0.53042929,LPO,right,3227,none,0.53042929,FALSE,LPO,HY,3227_none,LPO_right
3227_none_LP_left,0.811169845,LP,left,3227,none,0.811169845,FALSE,LP,TH,3227_none,LP_left
3227_none_LP_right,0.845230401,LP,right,3227,none,0.845230401,FALSE,LP,TH,3227_none,LP_right
3227_none_LS_left,0.856729365,LS,left,3227,none,0.856729365,FALSE,LS,STR,3227_none,LS_left
3227_none_LS_right,0.869502326,LS,right,3227,none,0.869502326,FALSE,LS,STR,3227_none,LS_right
3227_none_MB_left,0.467630307,MB,left,3227,none,0.467630307,FALSE,MB,MB,3227_none,MB_left
3227_none_MB_right,0.493548458,MB,right,3227,none,0.493548458,FALSE,MB,MB,3227_none,MB_right
3227_none_MD_left,0.495022581,MD,left,3227,none,0.495022581,FALSE,MD,TH,3227_none,MD_left
3227_none_MD_right,0.760701053,MD,right,3227,none,0.760701053,FALSE,MD,TH,3227_none,MD_right
3227_none_MEA_left,0.727922778,MEA,left,3227,none,0.727922778,FALSE,MEA,STR,3227_none,MEA_left
3227_none_MEA_right,0.82298807,MEA,right,3227,none,0.82298807,FALSE,MEA,STR,3227_none,MEA_right
3227_none_ME_left,-2.193656244,ME,left,3227,none,0,FALSE,ME,HY,3227_none,ME_left
3227_none_ME_right,-2.497346181,ME,right,3227,none,0,FALSE,ME,HY,3227_none,ME_right
3227_none_MH_left,-0.38042553,MH,left,3227,none,0,FALSE,MH,TH,3227_none,MH_left
3227_none_MH_right,-0.262921456,MH,right,3227,none,0,FALSE,MH,TH,3227_none,MH_right
3227_none_MOp_left,0.992327246,MOp,left,3227,none,0.992327246,FALSE,MOp,Isocortex,3227_none,MOp_left
3227_none_MOp_right,0.880468802,MOp,right,3227,none,0.880468802,FALSE,MOp,Isocortex,3227_none,MOp_right
3227_none_MOs_left,0.947222475,MOs,left,3227,none,0.947222475,FALSE,MOs,Isocortex,3227_none,MOs_left
3227_none_MOs_right,0.905753797,MOs,right,3227,none,0.905753797,FALSE,MOs,Isocortex,3227_none,MOs_right
3227_none_MRN_left,0.349390677,MRN,left,3227,none,0.349390677,FALSE,MRN,MB,3227_none,MRN_left
3227_none_MRN_right,0.22498775,MRN,right,3227,none,0.22498775,FALSE,MRN,MB,3227_none,MRN_right
3227_none_MS_left,0.488461944,MS,left,3227,none,0.488461944,FALSE,MS,PAL,3227_none,MS_left
3227_none_MS_right,0.0488476,MS,right,3227,none,0.0488476,FALSE,MS,PAL,3227_none,MS_right
3227_none_NDB_left,0.469775479,NDB,left,3227,none,0.469775479,FALSE,NDB,PAL,3227_none,NDB_left
3227_none_NDB_right,0.438443039,NDB,right,3227,none,0.438443039,FALSE,NDB,PAL,3227_none,NDB_right
3227_none_NLL_left,0.180590803,NLL,left,3227,none,0.180590803,FALSE,NLL,P,3227_none,NLL_left
3227_none_NLL_right,0.421463834,NLL,right,3227,none,0.421463834,FALSE,NLL,P,3227_none,NLL_right
3227_none_OLF_left,0.758979772,OLF,left,3227,none,0.758979772,FALSE,OLF,OLF,3227_none,OLF_left
3227_none_OLF_right,0.715879624,OLF,right,3227,none,0.715879624,FALSE,OLF,OLF,3227_none,OLF_right
3227_none_OT_left,0.778669908,OT,left,3227,none,0.778669908,FALSE,OT,STR,3227_none,OT_left
3227_none_OT_right,0.747952811,OT,right,3227,none,0.747952811,FALSE,OT,STR,3227_none,OT_right
3227_none_PAA_left,0.913488096,PAA,left,3227,none,0.913488096,FALSE,PAA,OLF,3227_none,PAA_left
3227_none_PAA_right,0.858453295,PAA,right,3227,none,0.858453295,FALSE,PAA,OLF,3227_none,PAA_right
3227_none_PAG_left,0.227738435,PAG,left,3227,none,0.227738435,FALSE,PAG,MB,3227_none,PAG_left
3227_none_PAG_right,0.265702079,PAG,right,3227,none,0.265702079,FALSE,PAG,MB,3227_none,PAG_right
3227_none_PAL_left,0.541769419,PAL,left,3227,none,0.541769419,FALSE,PAL,PAL,3227_none,PAL_left
3227_none_PAL_right,0.543683849,PAL,right,3227,none,0.543683849,FALSE,PAL,PAL,3227_none,PAL_right
3227_none_PALd_left,0.733259618,PALd,left,3227,none,0.733259618,FALSE,PAL,PAL,3227_none,PALd_left
3227_none_PALd_right,0.854306062,PALd,right,3227,none,0.854306062,FALSE,PAL,PAL,3227_none,PALd_right
3227_none_PAR_left,0.981445568,PAR,left,3227,none,0.981445568,FALSE,PAR,HPF,3227_none,PAR_left
3227_none_PAR_right,0.925596255,PAR,right,3227,none,0.925596255,FALSE,PAR,HPF,3227_none,PAR_right
3227_none_PBG_left,0.410775728,PBG,left,3227,none,0.410775728,FALSE,PBG,MB,3227_none,PBG_left
3227_none_PBG_right,-0.152929126,PBG,right,3227,none,0,FALSE,PBG,MB,3227_none,PBG_right
3227_none_PC5_left,-0.864105126,PC5,left,3227,none,0,FALSE,PC5,P,3227_none,PC5_left
3227_none_PC5_right,0.893021376,PC5,right,3227,none,0.893021376,FALSE,PC5,P,3227_none,PC5_right
3227_none_PCN_left,0.845945161,PCN,left,3227,none,0.845945161,FALSE,PCN,TH,3227_none,PCN_left
3227_none_PCN_right,0.649384595,PCN,right,3227,none,0.649384595,FALSE,PCN,TH,3227_none,PCN_right
3227_none_PERI_left,0.801364498,PERI,left,3227,none,0.801364498,FALSE,PERI,Isocortex,3227_none,PERI_left
3227_none_PERI_right,0.764195535,PERI,right,3227,none,0.764195535,FALSE,PERI,Isocortex,3227_none,PERI_right
3227_none_PG_left,0.660519651,PG,left,3227,none,0.660519651,FALSE,PG,P,3227_none,PG_left
3227_none_PG_right,-0.016849309,PG,right,3227,none,0,FALSE,PG,P,3227_none,PG_right
3227_none_PH_left,-0.059469422,PH,left,3227,none,0,FALSE,PH,HY,3227_none,PH_left
3227_none_PH_right,0.442153292,PH,right,3227,none,0.442153292,FALSE,PH,HY,3227_none,PH_right
3227_none_PIR_left,0.854688601,PIR,left,3227,none,0.854688601,FALSE,PIR,OLF,3227_none,PIR_left
3227_none_PIR_right,0.768048196,PIR,right,3227,none,0.768048196,FALSE,PIR,OLF,3227_none,PIR_right
3227_none_POST_left,0.927290007,POST,left,3227,none,0.927290007,FALSE,POST,HPF,3227_none,POST_left
3227_none_POST_right,0.941059565,POST,right,3227,none,0.941059565,FALSE,POST,HPF,3227_none,POST_right
3227_none_PO_left,0.813630446,PO,left,3227,none,0.813630446,FALSE,PO,TH,3227_none,PO_left
3227_none_PO_right,0.832425503,PO,right,3227,none,0.832425503,FALSE,PO,TH,3227_none,PO_right
3227_none_PPN_left,0.298743413,PPN,left,3227,none,0.298743413,FALSE,PPN,MB,3227_none,PPN_left
3227_none_PPN_right,0.181684963,PPN,right,3227,none,0.181684963,FALSE,PPN,MB,3227_none,PPN_right
3227_none_PRC_left,-5,PRC,left,3227,none,0,FALSE,PRC,MB,3227_none,PRC_left
3227_none_PRE_left,1.060762469,PRE,left,3227,none,1,FALSE,PRE,HPF,3227_none,PRE_left
3227_none_PRE_right,0.913075867,PRE,right,3227,none,0.913075867,FALSE,PRE,HPF,3227_none,PRE_right
3227_none_PRNr_left,0.581729373,PRNr,left,3227,none,0.581729373,FALSE,PRNr,P,3227_none,PRNr_left
3227_none_PRNr_right,0.40326787,PRNr,right,3227,none,0.40326787,FALSE,PRNr,P,3227_none,PRNr_right
3227_none_PR_left,0.334231803,PR,left,3227,none,0.334231803,FALSE,PR,TH,3227_none,PR_left
3227_none_PR_right,0.302542751,PR,right,3227,none,0.302542751,FALSE,PR,TH,3227_none,PR_right
3227_none_PST_left,0.464464068,PST,left,3227,none,0.464464068,FALSE,PST,HY,3227_none,PST_left
3227_none_PST_right,0.505814239,PST,right,3227,none,0.505814239,FALSE,PST,HY,3227_none,PST_right
3227_none_PSV_left,1.063333737,PSV,left,3227,none,1,FALSE,PSV,P,3227_none,PSV_left
3227_none_PVT_left,0.045523678,PVT,left,3227,none,0.045523678,FALSE,PVT,TH,3227_none,PVT_left
3227_none_PVT_right,0.250212222,PVT,right,3227,none,0.250212222,FALSE,PVT,TH,3227_none,PVT_right
3227_none_PVZ_left,-0.45129573,PVZ,left,3227,none,0,FALSE,PVZ,HY,3227_none,PVZ_left
3227_none_PVZ_right,-1.187376891,PVZ,right,3227,none,0,FALSE,PVZ,HY,3227_none,PVZ_right
3227_none_P_left,0.260324577,P,left,3227,none,0.260324577,FALSE,P,P,3227_none,P_left
3227_none_P_right,0.205905472,P,right,3227,none,0.205905472,FALSE,P,P,3227_none,P_right
3227_none_Pa4_left,-0.691471821,Pa4,left,3227,none,0,FALSE,Pa4,MB,3227_none,Pa4_left
3227_none_Pa4_right,0.274337809,Pa4,right,3227,none,0.274337809,FALSE,Pa4,MB,3227_none,Pa4_right
3227_none_PeF_left,0.614276605,PeF,left,3227,none,0.614276605,FALSE,PeF,HY,3227_none,PeF_left
3227_none_PeF_right,-0.158815685,PeF,right,3227,none,0,FALSE,PeF,HY,3227_none,PeF_right
3227_none_RE_left,0.524392229,RE,left,3227,none,0.524392229,FALSE,RE,TH,3227_none,RE_left
3227_none_RE_right,0.504830783,RE,right,3227,none,0.504830783,FALSE,RE,TH,3227_none,RE_right
3227_none_RH_left,0.57391823,RH,left,3227,none,0.57391823,FALSE,RH,TH,3227_none,RH_left
3227_none_RH_right,0.888083386,RH,right,3227,none,0.888083386,FALSE,RH,TH,3227_none,RH_right
3227_none_RSPagl_left,1.026142334,RSPagl,left,3227,none,1,FALSE,RSP,Isocortex,3227_none,RSPagl_left
3227_none_RSPagl_right,0.997862657,RSPagl,right,3227,none,0.997862657,FALSE,RSP,Isocortex,3227_none,RSPagl_right
3227_none_RSPd_left,1.033851448,RSPd,left,3227,none,1,FALSE,RSP,Isocortex,3227_none,RSPd_left
3227_none_RSPd_right,1.033748104,RSPd,right,3227,none,1,FALSE,RSP,Isocortex,3227_none,RSPd_right
3227_none_RSPv_left,1.013152254,RSPv,left,3227,none,1,FALSE,RSP,Isocortex,3227_none,RSPv_left
3227_none_RSPv_right,1.038540745,RSPv,right,3227,none,1,FALSE,RSP,Isocortex,3227_none,RSPv_right
3227_none_RT_left,0.788551571,RT,left,3227,none,0.788551571,FALSE,RT,TH,3227_none,RT_left
3227_none_RT_right,0.690109319,RT,right,3227,none,0.690109319,FALSE,RT,TH,3227_none,RT_right
3227_none_SAG_left,-0.159162265,SAG,left,3227,none,0,FALSE,SAG,MB,3227_none,SAG_left
3227_none_SAG_right,0.154260476,SAG,right,3227,none,0.154260476,FALSE,SAG,MB,3227_none,SAG_right
3227_none_SCm_left,0.712729235,SCm,left,3227,none,0.712729235,FALSE,MBmot,MB,3227_none,SCm_left
3227_none_SCm_right,0.693575562,SCm,right,3227,none,0.693575562,FALSE,MBmot,MB,3227_none,SCm_right
3227_none_SCs_left,0.673307267,SCs,left,3227,none,0.673307267,FALSE,MBsen,MB,3227_none,SCs_left
3227_none_SCs_right,0.672783232,SCs,right,3227,none,0.672783232,FALSE,MBsen,MB,3227_none,SCs_right
3227_none_SEZ_left,-0.104964068,SEZ,left,3227,none,0,TRUE,SEZ,VS,3227_none,SEZ_left
3227_none_SEZ_right,-0.046824401,SEZ,right,3227,none,0,TRUE,SEZ,VS,3227_none,SEZ_right
3227_none_SH_left,0.873509706,SH,left,3227,none,0.873509706,FALSE,SH,STR,3227_none,SH_left
3227_none_SI_left,0.702472548,SI,left,3227,none,0.702472548,FALSE,SI,PAL,3227_none,SI_left
3227_none_SI_right,0.889140012,SI,right,3227,none,0.889140012,FALSE,SI,PAL,3227_none,SI_right
3227_none_SMT_left,0.615715464,SMT,left,3227,none,0.615715464,FALSE,SMT,TH,3227_none,SMT_left
3227_none_SMT_right,0.628083184,SMT,right,3227,none,0.628083184,FALSE,SMT,TH,3227_none,SMT_right
3227_none_SOC_left,0.443334519,SOC,left,3227,none,0.443334519,FALSE,SOC,P,3227_none,SOC_left
3227_none_SOC_right,0.300804026,SOC,right,3227,none,0.300804026,FALSE,SOC,P,3227_none,SOC_right
3227_none_SSp-bfd_left,1.109101107,SSp-bfd,left,3227,none,1,FALSE,SSp,Isocortex,3227_none,SSp-bfd_left
3227_none_SSp-bfd_right,0.97572334,SSp-bfd,right,3227,none,0.97572334,FALSE,SSp,Isocortex,3227_none,SSp-bfd_right
3227_none_SSp-ll_right,0.593200207,SSp-ll,right,3227,none,0.593200207,FALSE,SSp,Isocortex,3227_none,SSp-ll_right
3227_none_SSp-m_left,1.055840464,SSp-m,left,3227,none,1,FALSE,SSp,Isocortex,3227_none,SSp-m_left
3227_none_SSp-m_right,0.888868213,SSp-m,right,3227,none,0.888868213,FALSE,SSp,Isocortex,3227_none,SSp-m_right
3227_none_SSp-tr_left,0.857992102,SSp-tr,left,3227,none,0.857992102,FALSE,SSp,Isocortex,3227_none,SSp-tr_left
3227_none_SSp-tr_right,-0.80676289,SSp-tr,right,3227,none,0,FALSE,SSp,Isocortex,3227_none,SSp-tr_right
3227_none_SSp-ul_left,1.160257305,SSp-ul,left,3227,none,1,FALSE,SSp,Isocortex,3227_none,SSp-ul_left
3227_none_SSp-ul_right,0.924498062,SSp-ul,right,3227,none,0.924498062,FALSE,SSp,Isocortex,3227_none,SSp-ul_right
3227_none_SSp-un_left,1.017196873,SSp-un,left,3227,none,1,FALSE,SSp,Isocortex,3227_none,SSp-un_left
3227_none_SSp-un_right,1.372515841,SSp-un,right,3227,none,1,FALSE,SSp,Isocortex,3227_none,SSp-un_right
3227_none_SSs_left,1.078987483,SSs,left,3227,none,1,FALSE,SSs,Isocortex,3227_none,SSs_left
3227_none_SSs_right,0.8437444,SSs,right,3227,none,0.8437444,FALSE,SSs,Isocortex,3227_none,SSs_right
3227_none_STN_left,0.513516871,STN,left,3227,none,0.513516871,FALSE,STN,HY,3227_none,STN_left
3227_none_STN_right,0.735419623,STN,right,3227,none,0.735419623,FALSE,STN,HY,3227_none,STN_right
3227_none_STR_left,0.736522408,STR,left,3227,none,0.736522408,FALSE,STR,STR,3227_none,STR_left
3227_none_STR_right,0.768528301,STR,right,3227,none,0.768528301,FALSE,STR,STR,3227_none,STR_right
3227_none_SUB_right,0.820452631,SUB,right,3227,none,0.820452631,FALSE,SUB,HPF,3227_none,SUB_right
3227_none_TEa_left,0.914209911,TEa,left,3227,none,0.914209911,FALSE,TEa,Isocortex,3227_none,TEa_left
3227_none_TEa_right,0.819982124,TEa,right,3227,none,0.819982124,FALSE,TEa,Isocortex,3227_none,TEa_right
3227_none_TH_left,0.548548047,TH,left,3227,none,0.548548047,FALSE,TH,TH,3227_none,TH_left
3227_none_TH_right,0.601260493,TH,right,3227,none,0.601260493,FALSE,TH,TH,3227_none,TH_right
3227_none_TRN_left,0.408011623,TRN,left,3227,none,0.408011623,FALSE,TRN,P,3227_none,TRN_left
3227_none_TRN_right,0.314255888,TRN,right,3227,none,0.314255888,FALSE,TRN,P,3227_none,TRN_right
3227_none_TU_left,0.600613084,TU,left,3227,none,0.600613084,FALSE,TU,HY,3227_none,TU_left
3227_none_TU_right,0.603800697,TU,right,3227,none,0.603800697,FALSE,TU,HY,3227_none,TU_right
3227_none_V3_left,-1.190301107,V3,left,3227,none,0,TRUE,V3,VS,3227_none,V3_left
3227_none_V3_right,0.0445311,V3,right,3227,none,0.0445311,TRUE,V3,VS,3227_none,V3_right
3227_none_VAL_left,0.713345017,VAL,left,3227,none,0.713345017,FALSE,VAL,TH,3227_none,VAL_left
3227_none_VAL_right,0.476315661,VAL,right,3227,none,0.476315661,FALSE,VAL,TH,3227_none,VAL_right
3227_none_VISC_left,1.079348583,VISC,left,3227,none,1,FALSE,VISC,Isocortex,3227_none,VISC_left
3227_none_VISC_right,0.746014965,VISC,right,3227,none,0.746014965,FALSE,VISC,Isocortex,3227_none,VISC_right
3227_none_VISa_left,1.049654801,VISa,left,3227,none,1,FALSE,VISa,Isocortex,3227_none,VISa_left
3227_none_VISa_right,0.986332944,VISa,right,3227,none,0.986332944,FALSE,VISa,Isocortex,3227_none,VISa_right
3227_none_VISam_left,1.04947603,VISam,left,3227,none,1,FALSE,VISam,Isocortex,3227_none,VISam_left
3227_none_VISam_right,0.90714351,VISam,right,3227,none,0.90714351,FALSE,VISam,Isocortex,3227_none,VISam_right
3227_none_VISl_left,1.149321807,VISl,left,3227,none,1,FALSE,VISl,Isocortex,3227_none,VISl_left
3227_none_VISl_right,1.037433261,VISl,right,3227,none,1,FALSE,VISl,Isocortex,3227_none,VISl_right
3227_none_VISli_left,1.33555668,VISli,left,3227,none,1,FALSE,VISli,Isocortex,3227_none,VISli_left
3227_none_VISli_right,1.033903024,VISli,right,3227,none,1,FALSE,VISli,Isocortex,3227_none,VISli_right
3227_none_VISp_left,1.135143895,VISp,left,3227,none,1,FALSE,VISp,Isocortex,3227_none,VISp_left
3227_none_VISp_right,0.953221945,VISp,right,3227,none,0.953221945,FALSE,VISp,Isocortex,3227_none,VISp_right
3227_none_VISpl_left,0.805372995,VISpl,left,3227,none,0.805372995,FALSE,VISpl,Isocortex,3227_none,VISpl_left
3227_none_VISpl_right,0.7023436,VISpl,right,3227,none,0.7023436,FALSE,VISpl,Isocortex,3227_none,VISpl_right
3227_none_VISpor_left,1.129387939,VISpor,left,3227,none,1,FALSE,VISpor,Isocortex,3227_none,VISpor_left
3227_none_VISpor_right,0.902862664,VISpor,right,3227,none,0.902862664,FALSE,VISpor,Isocortex,3227_none,VISpor_right
3227_none_VISrl_left,1.09512774,VISrl,left,3227,none,1,FALSE,VISrl,Isocortex,3227_none,VISrl_left
3227_none_VISrl_right,1.037701449,VISrl,right,3227,none,1,FALSE,VISrl,Isocortex,3227_none,VISrl_right
3227_none_VL_left,-0.01385817,VL,left,3227,none,0,TRUE,VL,VS,3227_none,VL_left
3227_none_VL_right,0.121739331,VL,right,3227,none,0.121739331,TRUE,VL,VS,3227_none,VL_right
3227_none_VMH_left,0.532879884,VMH,left,3227,none,0.532879884,FALSE,VMH,HY,3227_none,VMH_left
3227_none_VMH_right,0.597419449,VMH,right,3227,none,0.597419449,FALSE,VMH,HY,3227_none,VMH_right
3227_none_VM_left,0.504447854,VM,left,3227,none,0.504447854,FALSE,VM,TH,3227_none,VM_left
3227_none_VM_right,0.559587512,VM,right,3227,none,0.559587512,FALSE,VM,TH,3227_none,VM_right
3227_none_VPL_left,0.529057868,VPL,left,3227,none,0.529057868,FALSE,VPL,TH,3227_none,VPL_left
3227_none_VPL_right,0.692114484,VPL,right,3227,none,0.692114484,FALSE,VPL,TH,3227_none,VPL_right
3227_none_VPM_left,0.599195272,VPM,left,3227,none,0.599195272,FALSE,VPM,TH,3227_none,VPM_left
3227_none_VPM_right,0.611446648,VPM,right,3227,none,0.611446648,FALSE,VPM,TH,3227_none,VPM_right
3227_none_VP_left,0.373359998,VP,left,3227,none,0.373359998,FALSE,VP,TH,3227_none,VP_left
3227_none_VP_right,0.436888272,VP,right,3227,none,0.436888272,FALSE,VP,TH,3227_none,VP_right
3227_none_Xi_left,0.368559902,Xi,left,3227,none,0.368559902,FALSE,Xi,TH,3227_none,Xi_left
3227_none_Xi_right,0.893943801,Xi,right,3227,none,0.893943801,FALSE,Xi,TH,3227_none,Xi_right
3227_none_ZI_left,0.680989246,ZI,left,3227,none,0.680989246,FALSE,ZI,HY,3227_none,ZI_left
3227_none_ZI_right,0.505510776,ZI,right,3227,none,0.505510776,FALSE,ZI,HY,3227_none,ZI_right
3227_none_alv_left,0.995797891,alv,left,3227,none,0.995797891,TRUE,alv,fiber tracts,3227_none,alv_left
3227_none_alv_right,0.693751228,alv,right,3227,none,0.693751228,TRUE,alv,fiber tracts,3227_none,alv_right
3227_none_amc_left,0.862280278,amc,left,3227,none,0.862280278,TRUE,amc,fiber tracts,3227_none,amc_left
3227_none_amc_right,0.867489191,amc,right,3227,none,0.867489191,TRUE,amc,fiber tracts,3227_none,amc_right
3227_none_ar_left,0.548811276,ar,left,3227,none,0.548811276,TRUE,ar,fiber tracts,3227_none,ar_left
3227_none_ar_right,0.372647552,ar,right,3227,none,0.372647552,TRUE,ar,fiber tracts,3227_none,ar_right
3227_none_bic_left,0.556002761,bic,left,3227,none,0.556002761,TRUE,bic,fiber tracts,3227_none,bic_left
3227_none_bic_right,0.734907523,bic,right,3227,none,0.734907523,TRUE,bic,fiber tracts,3227_none,bic_right
3227_none_cc_left,0.525389627,cc,left,3227,none,0.525389627,TRUE,cc,fiber tracts,3227_none,cc_left
3227_none_cc_right,0.40429035,cc,right,3227,none,0.40429035,TRUE,cc,fiber tracts,3227_none,cc_right
3227_none_ccg_left,0.272317634,ccg,left,3227,none,0.272317634,TRUE,ccg,fiber tracts,3227_none,ccg_left
3227_none_ccg_right,0.313779863,ccg,right,3227,none,0.313779863,TRUE,ccg,fiber tracts,3227_none,ccg_right
3227_none_chpl_left,-0.886815756,chpl,left,3227,none,0,TRUE,chpl,VS,3227_none,chpl_left
3227_none_chpl_right,-0.1660333,chpl,right,3227,none,0,TRUE,chpl,VS,3227_none,chpl_right
3227_none_cing_left,0.438099396,cing,left,3227,none,0.438099396,TRUE,cing,fiber tracts,3227_none,cing_left
3227_none_cing_right,0.45125475,cing,right,3227,none,0.45125475,TRUE,cing,fiber tracts,3227_none,cing_right
3227_none_cst_left,0.662142103,cst,left,3227,none,0.662142103,TRUE,cst,fiber tracts,3227_none,cst_left
3227_none_cst_right,0.721488462,cst,right,3227,none,0.721488462,TRUE,cst,fiber tracts,3227_none,cst_right
3227_none_dhc_left,0.651434194,dhc,left,3227,none,0.651434194,TRUE,dhc,fiber tracts,3227_none,dhc_left
3227_none_dhc_right,0.548339397,dhc,right,3227,none,0.548339397,TRUE,dhc,fiber tracts,3227_none,dhc_right
3227_none_dscp_left,0.245922688,dscp,left,3227,none,0.245922688,TRUE,dscp,fiber tracts,3227_none,dscp_left
3227_none_dscp_right,0.276592151,dscp,right,3227,none,0.276592151,TRUE,dscp,fiber tracts,3227_none,dscp_right
3227_none_ec_left,0.607205759,ec,left,3227,none,0.607205759,TRUE,ec,fiber tracts,3227_none,ec_left
3227_none_ec_right,0.611968977,ec,right,3227,none,0.611968977,TRUE,ec,fiber tracts,3227_none,ec_right
3227_none_em_left,0.448416567,em,left,3227,none,0.448416567,TRUE,em,fiber tracts,3227_none,em_left
3227_none_em_right,0.890439478,em,right,3227,none,0.890439478,TRUE,em,fiber tracts,3227_none,em_right
3227_none_fi_left,0.43550894,fi,left,3227,none,0.43550894,TRUE,fi,fiber tracts,3227_none,fi_left
3227_none_fi_right,0.488458135,fi,right,3227,none,0.488458135,TRUE,fi,fiber tracts,3227_none,fi_right
3227_none_fiber tracts_left,0.467489434,fiber tracts,left,3227,none,0.467489434,TRUE,fiber tracts,fiber tracts,3227_none,fiber tracts_left
3227_none_fiber tracts_right,0.30686006,fiber tracts,right,3227,none,0.30686006,TRUE,fiber tracts,fiber tracts,3227_none,fiber tracts_right
3227_none_fr_left,0.151029254,fr,left,3227,none,0.151029254,TRUE,fr,fiber tracts,3227_none,fr_left
3227_none_fr_right,-0.05877969,fr,right,3227,none,0,TRUE,fr,fiber tracts,3227_none,fr_right
3227_none_fx_left,0.480246157,fx,left,3227,none,0.480246157,TRUE,fx,fiber tracts,3227_none,fx_left
3227_none_fx_right,0.15811638,fx,right,3227,none,0.15811638,TRUE,fx,fiber tracts,3227_none,fx_right
3227_none_hbc_left,0.43568015,hbc,left,3227,none,0.43568015,TRUE,hbc,fiber tracts,3227_none,hbc_left
3227_none_hbc_right,0.508279382,hbc,right,3227,none,0.508279382,TRUE,hbc,fiber tracts,3227_none,hbc_right
3227_none_int_left,0.363750942,int,left,3227,none,0.363750942,TRUE,int,fiber tracts,3227_none,int_left
3227_none_int_right,0.499901962,int,right,3227,none,0.499901962,TRUE,int,fiber tracts,3227_none,int_right
3227_none_ll_left,0.290584306,ll,left,3227,none,0.290584306,TRUE,ll,fiber tracts,3227_none,ll_left
3227_none_ll_right,0.444082168,ll,right,3227,none,0.444082168,TRUE,ll,fiber tracts,3227_none,ll_right
3227_none_lotg_left,0.649256502,lotg,left,3227,none,0.649256502,TRUE,In,fiber tracts,3227_none,lotg_left
3227_none_lotg_right,-0.104217108,lotg,right,3227,none,0,TRUE,In,fiber tracts,3227_none,lotg_right
3227_none_mcp_left,0.356184528,mcp,left,3227,none,0.356184528,TRUE,mcp,fiber tracts,3227_none,mcp_left
3227_none_mcp_right,0.364270355,mcp,right,3227,none,0.364270355,TRUE,mcp,fiber tracts,3227_none,mcp_right
3227_none_ml_left,0.248910827,ml,left,3227,none,0.248910827,TRUE,ml,fiber tracts,3227_none,ml_left
3227_none_ml_right,0.61454581,ml,right,3227,none,0.61454581,TRUE,ml,fiber tracts,3227_none,ml_right
3227_none_mlf_left,0.554059393,mlf,left,3227,none,0.554059393,TRUE,mlf,fiber tracts,3227_none,mlf_left
3227_none_mlf_right,0.048009734,mlf,right,3227,none,0.048009734,TRUE,mlf,fiber tracts,3227_none,mlf_right
3227_none_moV_left,0.61763536,moV,left,3227,none,0.61763536,TRUE,moV,fiber tracts,3227_none,moV_left
3227_none_moV_right,0.385472778,moV,right,3227,none,0.385472778,TRUE,moV,fiber tracts,3227_none,moV_right
3227_none_mtg_left,-0.41396501,mtg,left,3227,none,0,TRUE,mtg,fiber tracts,3227_none,mtg_left
3227_none_mtg_right,0.562048782,mtg,right,3227,none,0.562048782,TRUE,mtg,fiber tracts,3227_none,mtg_right
3227_none_mtt_left,0.65939163,mtt,left,3227,none,0.65939163,TRUE,mtt,fiber tracts,3227_none,mtt_left
3227_none_mtt_right,0.257773646,mtt,right,3227,none,0.257773646,TRUE,mtt,fiber tracts,3227_none,mtt_right
3227_none_nst_left,0.309182218,nst,left,3227,none,0.309182218,TRUE,nst,fiber tracts,3227_none,nst_left
3227_none_nst_right,0.657026278,nst,right,3227,none,0.657026278,TRUE,nst,fiber tracts,3227_none,nst_right
3227_none_opt_left,0.110975691,opt,left,3227,none,0.110975691,TRUE,opt,fiber tracts,3227_none,opt_left
3227_none_opt_right,0.247200272,opt,right,3227,none,0.247200272,TRUE,opt,fiber tracts,3227_none,opt_right
3227_none_or_left,0.383537714,or,left,3227,none,0.383537714,TRUE,or,fiber tracts,3227_none,or_left
3227_none_or_right,0.443990688,or,right,3227,none,0.443990688,TRUE,or,fiber tracts,3227_none,or_right
3227_none_rust_left,0.279399357,rust,left,3227,none,0.279399357,TRUE,rust,fiber tracts,3227_none,rust_left
3227_none_rust_right,0.599541874,rust,right,3227,none,0.599541874,TRUE,rust,fiber tracts,3227_none,rust_right
3227_none_sV_left,-0.421651062,sV,left,3227,none,0,TRUE,sV,fiber tracts,3227_none,sV_left
3227_none_sV_right,-1.123346423,sV,right,3227,none,0,TRUE,sV,fiber tracts,3227_none,sV_right
3227_none_scp_left,0.271360471,scp,left,3227,none,0.271360471,TRUE,scp,fiber tracts,3227_none,scp_left
3227_none_scp_right,0.034517812,scp,right,3227,none,0.034517812,TRUE,scp,fiber tracts,3227_none,scp_right
3227_none_sctv_left,0.072753954,sctv,left,3227,none,0.072753954,TRUE,sctv,fiber tracts,3227_none,sctv_left
3227_none_sctv_right,0.685671452,sctv,right,3227,none,0.685671452,TRUE,sctv,fiber tracts,3227_none,sctv_right
3227_none_scwm_left,0.589073325,scwm,left,3227,none,0.589073325,TRUE,scwm,fiber tracts,3227_none,scwm_left
3227_none_scwm_right,0.498964766,scwm,right,3227,none,0.498964766,TRUE,scwm,fiber tracts,3227_none,scwm_right
3227_none_sm_left,-1.35076136,sm,left,3227,none,0,TRUE,sm,fiber tracts,3227_none,sm_left
3227_none_sm_right,0.462056098,sm,right,3227,none,0.462056098,TRUE,sm,fiber tracts,3227_none,sm_right
3227_none_st_left,0.671070578,st,left,3227,none,0.671070578,TRUE,st,fiber tracts,3227_none,st_left
3227_none_st_right,0.566014583,st,right,3227,none,0.566014583,TRUE,st,fiber tracts,3227_none,st_right
3227_none_stc_left,0.983724956,stc,left,3227,none,0.983724956,TRUE,stc,fiber tracts,3227_none,stc_left
3227_none_stc_right,0.905000134,stc,right,3227,none,0.905000134,TRUE,stc,fiber tracts,3227_none,stc_right
3227_none_sup_left,0.006085479,sup,left,3227,none,0.006085479,TRUE,sup,fiber tracts,3227_none,sup_left
3227_none_sup_right,0.340167526,sup,right,3227,none,0.340167526,TRUE,sup,fiber tracts,3227_none,sup_right
3227_none_tb_left,-0.12528955,tb,left,3227,none,0,TRUE,tb,fiber tracts,3227_none,tb_left
3227_none_tspc_left,0.31239016,tspc,left,3227,none,0.31239016,TRUE,tspc,fiber tracts,3227_none,tspc_left
3227_none_tspc_right,0.362634583,tspc,right,3227,none,0.362634583,TRUE,tspc,fiber tracts,3227_none,tspc_right
3228_none_ACAd_right,0.797735325,ACAd,right,3228,none,0.797735325,FALSE,ACA,Isocortex,3228_none,ACAd_right
3228_none_ACAv_right,0.871807152,ACAv,right,3228,none,0.871807152,FALSE,ACA,Isocortex,3228_none,ACAv_right
3228_none_ACB_right,0.318905384,ACB,right,3228,none,0.318905384,FALSE,ACB,STR,3228_none,ACB_right
3228_none_AId_right,0.846512021,AId,right,3228,none,0.846512021,FALSE,AI,Isocortex,3228_none,AId_right
3228_none_AIp_right,0.767091107,AIp,right,3228,none,0.767091107,FALSE,AI,Isocortex,3228_none,AIp_right
3228_none_AIv_right,0.801004719,AIv,right,3228,none,0.801004719,FALSE,AI,Isocortex,3228_none,AIv_right
3228_none_APr_left,0.879411414,APr,left,3228,none,0.879411414,FALSE,APr,HPF,3228_none,APr_left
3228_none_APr_right,0.925691416,APr,right,3228,none,0.925691416,FALSE,APr,HPF,3228_none,APr_right
3228_none_AQ_left,-1.789865772,AQ,left,3228,none,0,TRUE,AQ,VS,3228_none,AQ_left
3228_none_AQ_right,-1.241574288,AQ,right,3228,none,0,TRUE,AQ,VS,3228_none,AQ_right
3228_none_ARH_left,-1.484913717,ARH,left,3228,none,0,FALSE,ARH,HY,3228_none,ARH_left
3228_none_ARH_right,0.098506157,ARH,right,3228,none,0.098506157,FALSE,ARH,HY,3228_none,ARH_right
3228_none_AT_left,-0.192831172,AT,left,3228,none,0,FALSE,AT,MB,3228_none,AT_left
3228_none_AT_right,0.236104662,AT,right,3228,none,0.236104662,FALSE,AT,MB,3228_none,AT_right
3228_none_AUDd_left,0.980842329,AUDd,left,3228,none,0.980842329,FALSE,AUDd,Isocortex,3228_none,AUDd_left
3228_none_AUDd_right,0.85142064,AUDd,right,3228,none,0.85142064,FALSE,AUDd,Isocortex,3228_none,AUDd_right
3228_none_AUDp_left,0.990271566,AUDp,left,3228,none,0.990271566,FALSE,AUDp,Isocortex,3228_none,AUDp_left
3228_none_AUDv_left,0.941647317,AUDv,left,3228,none,0.941647317,FALSE,AUDv,Isocortex,3228_none,AUDv_left
3228_none_AUDv_right,0.84322052,AUDv,right,3228,none,0.84322052,FALSE,AUDv,Isocortex,3228_none,AUDv_right
3228_none_BLA_left,0.851738748,BLA,left,3228,none,0.851738748,FALSE,BLA,CTXsp,3228_none,BLA_left
3228_none_BLA_right,0.793560254,BLA,right,3228,none,0.793560254,FALSE,BLA,CTXsp,3228_none,BLA_right
3228_none_BMA_left,0.816869968,BMA,left,3228,none,0.816869968,FALSE,BMA,CTXsp,3228_none,BMA_left
3228_none_BMA_right,0.793557804,BMA,right,3228,none,0.793557804,FALSE,BMA,CTXsp,3228_none,BMA_right
3228_none_CA1_left,0.930147724,CA1,left,3228,none,0.930147724,FALSE,CA1,HPF,3228_none,CA1_left
3228_none_CA1_right,0.902135451,CA1,right,3228,none,0.902135451,FALSE,CA1,HPF,3228_none,CA1_right
3228_none_CA2_left,0.965972433,CA2,left,3228,none,0.965972433,FALSE,CA2,HPF,3228_none,CA2_left
3228_none_CA2_right,0.757483987,CA2,right,3228,none,0.757483987,FALSE,CA2,HPF,3228_none,CA2_right
3228_none_CA3_left,0.812125734,CA3,left,3228,none,0.812125734,FALSE,CA3,HPF,3228_none,CA3_left
3228_none_CA3_right,0.623533998,CA3,right,3228,none,0.623533998,FALSE,CA3,HPF,3228_none,CA3_right
3228_none_CB_left,-0.192556336,CB,left,3228,none,0,FALSE,CB,CB,3228_none,CB_left
3228_none_CB_right,-1.366147305,CB,right,3228,none,0,FALSE,CB,CB,3228_none,CB_right
3228_none_CEA_left,0.750888201,CEA,left,3228,none,0.750888201,FALSE,CEA,STR,3228_none,CEA_left
3228_none_CEA_right,0.740143093,CEA,right,3228,none,0.740143093,FALSE,CEA,STR,3228_none,CEA_right
3228_none_CLA_right,0.477189933,CLA,right,3228,none,0.477189933,FALSE,CLA,CTXsp,3228_none,CLA_right
3228_none_CL_left,0.609337203,CL,left,3228,none,0.609337203,FALSE,CL,TH,3228_none,CL_left
3228_none_CL_right,0.5781767,CL,right,3228,none,0.5781767,FALSE,CL,TH,3228_none,CL_right
3228_none_CM_left,0.44344798,CM,left,3228,none,0.44344798,FALSE,CM,TH,3228_none,CM_left
3228_none_CM_right,0.57105774,CM,right,3228,none,0.57105774,FALSE,CM,TH,3228_none,CM_right
3228_none_COA_left,0.712205718,COA,left,3228,none,0.712205718,FALSE,COA,OLF,3228_none,COA_left
3228_none_COA_right,0.727413217,COA,right,3228,none,0.727413217,FALSE,COA,OLF,3228_none,COA_right
3228_none_COAp_left,0.884110201,COAp,left,3228,none,0.884110201,FALSE,COA,OLF,3228_none,COAp_left
3228_none_CP_left,0.831932332,CP,left,3228,none,0.831932332,FALSE,CP,STR,3228_none,CP_left
3228_none_CP_right,0.501164657,CP,right,3228,none,0.501164657,FALSE,CP,STR,3228_none,CP_right
3228_none_CS_left,0.19313895,CS,left,3228,none,0.19313895,FALSE,CS,P,3228_none,CS_left
3228_none_CS_right,0.351908229,CS,right,3228,none,0.351908229,FALSE,CS,P,3228_none,CS_right
3228_none_CTXsp_left,0.85350853,CTXsp,left,3228,none,0.85350853,FALSE,CTXsp,CTXsp,3228_none,CTXsp_left
3228_none_CTXsp_right,0.756918505,CTXsp,right,3228,none,0.756918505,FALSE,CTXsp,CTXsp,3228_none,CTXsp_right
3228_none_CUN_left,0.131390461,CUN,left,3228,none,0.131390461,FALSE,CUN,MB,3228_none,CUN_left
3228_none_CUN_right,0.41885778,CUN,right,3228,none,0.41885778,FALSE,CUN,MB,3228_none,CUN_right
3228_none_DG_left,0.581798325,DG,left,3228,none,0.581798325,FALSE,DG,HPF,3228_none,DG_left
3228_none_DG_right,0.582318478,DG,right,3228,none,0.582318478,FALSE,DG,HPF,3228_none,DG_right
3228_none_DMH_left,0.499949676,DMH,left,3228,none,0.499949676,FALSE,DMH,HY,3228_none,DMH_left
3228_none_DMH_right,0.483657586,DMH,right,3228,none,0.483657586,FALSE,DMH,HY,3228_none,DMH_right
3228_none_DR_left,0.42755791,DR,left,3228,none,0.42755791,FALSE,DR,MB,3228_none,DR_left
3228_none_DR_right,0.326519069,DR,right,3228,none,0.326519069,FALSE,DR,MB,3228_none,DR_right
3228_none_ECT_left,0.874108524,ECT,left,3228,none,0.874108524,FALSE,ECT,Isocortex,3228_none,ECT_left
3228_none_ECT_right,0.910110942,ECT,right,3228,none,0.910110942,FALSE,ECT,Isocortex,3228_none,ECT_right
3228_none_ENTl_left,1.126679411,ENTl,left,3228,none,1,FALSE,ENT,HPF,3228_none,ENTl_left
3228_none_ENTl_right,0.938102794,ENTl,right,3228,none,0.938102794,FALSE,ENT,HPF,3228_none,ENTl_right
3228_none_ENTm_left,1.032935011,ENTm,left,3228,none,1,FALSE,ENT,HPF,3228_none,ENTm_left
3228_none_ENTm_right,0.961109917,ENTm,right,3228,none,0.961109917,FALSE,ENT,HPF,3228_none,ENTm_right
3228_none_EP_left,0.724386411,EP,left,3228,none,0.724386411,FALSE,EP,CTXsp,3228_none,EP_left
3228_none_EP_right,0.622663064,EP,right,3228,none,0.622663064,FALSE,EP,CTXsp,3228_none,EP_right
3228_none_Eth_left,0.645204533,Eth,left,3228,none,0.645204533,FALSE,Eth,TH,3228_none,Eth_left
3228_none_Eth_right,0.709171686,Eth,right,3228,none,0.709171686,FALSE,Eth,TH,3228_none,Eth_right
3228_none_FC_left,0.625338691,FC,left,3228,none,0.625338691,FALSE,FC,HPF,3228_none,FC_left
3228_none_FC_right,0.834855266,FC,right,3228,none,0.834855266,FALSE,FC,HPF,3228_none,FC_right
3228_none_GU_right,0.808656401,GU,right,3228,none,0.808656401,FALSE,GU,Isocortex,3228_none,GU_right
3228_none_HATA_right,1.268930256,HATA,right,3228,none,1,FALSE,HATA,HPF,3228_none,HATA_right
3228_none_HPF_left,0.249240588,HPF,left,3228,none,0.249240588,FALSE,HPF,HPF,3228_none,HPF_left
3228_none_HPF_right,0.552770226,HPF,right,3228,none,0.552770226,FALSE,HPF,HPF,3228_none,HPF_right
3228_none_HY_left,0.422405629,HY,left,3228,none,0.422405629,FALSE,HY,HY,3228_none,HY_left
3228_none_HY_right,0.418425289,HY,right,3228,none,0.418425289,FALSE,HY,HY,3228_none,HY_right
3228_none_IA_left,0.889342995,IA,left,3228,none,0.889342995,FALSE,IA,STR,3228_none,IA_left
3228_none_IA_right,0.591560963,IA,right,3228,none,0.591560963,FALSE,IA,STR,3228_none,IA_right
3228_none_IC_left,0.781896067,IC,left,3228,none,0.781896067,FALSE,IC,MB,3228_none,IC_left
3228_none_IC_right,0.686255632,IC,right,3228,none,0.686255632,FALSE,IC,MB,3228_none,IC_right
3228_none_IG_right,0.835948925,IG,right,3228,none,0.835948925,FALSE,IG,HPF,3228_none,IG_right
3228_none_IIn_right,-5,IIn,right,3228,none,0,TRUE,IIn,fiber tracts,3228_none,IIn_right
3228_none_IMD_left,0.740465164,IMD,left,3228,none,0.740465164,FALSE,IMD,TH,3228_none,IMD_left
3228_none_IMD_right,0.609042551,IMD,right,3228,none,0.609042551,FALSE,IMD,TH,3228_none,IMD_right
3228_none_IV_right,-0.535635152,IV,right,3228,none,0,FALSE,IV,MB,3228_none,IV_right
3228_none_IVn_left,-1.115564996,IVn,left,3228,none,0,TRUE,IVn,fiber tracts,3228_none,IVn_left
3228_none_In_right,0.046182987,In,right,3228,none,0.046182987,TRUE,In,fiber tracts,3228_none,In_right
3228_none_LA_left,0.899864479,LA,left,3228,none,0.899864479,FALSE,LA,CTXsp,3228_none,LA_left
3228_none_LA_right,0.752726768,LA,right,3228,none,0.752726768,FALSE,LA,CTXsp,3228_none,LA_right
3228_none_LGd_left,0.822401259,LGd,left,3228,none,0.822401259,FALSE,LGd,TH,3228_none,LGd_left
3228_none_LGd_right,0.80807184,LGd,right,3228,none,0.80807184,FALSE,LGd,TH,3228_none,LGd_right
3228_none_LGv_left,0.931225639,LGv,left,3228,none,0.931225639,FALSE,LGv,TH,3228_none,LGv_left
3228_none_LGv_right,1.038224249,LGv,right,3228,none,1,FALSE,LGv,TH,3228_none,LGv_right
3228_none_LHA_left,0.1733156,LHA,left,3228,none,0.1733156,FALSE,LHA,HY,3228_none,LHA_left
3228_none_LHA_right,0.090911118,LHA,right,3228,none,0.090911118,FALSE,LHA,HY,3228_none,LHA_right
3228_none_LH_left,0.188689241,LH,left,3228,none,0.188689241,FALSE,LH,TH,3228_none,LH_left
3228_none_LH_right,-0.047015112,LH,right,3228,none,0,FALSE,LH,TH,3228_none,LH_right
3228_none_LP_left,0.868192956,LP,left,3228,none,0.868192956,FALSE,LP,TH,3228_none,LP_left
3228_none_LP_right,0.738464842,LP,right,3228,none,0.738464842,FALSE,LP,TH,3228_none,LP_right
3228_none_LS_right,0.802555172,LS,right,3228,none,0.802555172,FALSE,LS,STR,3228_none,LS_right
3228_none_MB_left,0.451073414,MB,left,3228,none,0.451073414,FALSE,MB,MB,3228_none,MB_left
3228_none_MB_right,0.396522861,MB,right,3228,none,0.396522861,FALSE,MB,MB,3228_none,MB_right
3228_none_MD_left,0.669161856,MD,left,3228,none,0.669161856,FALSE,MD,TH,3228_none,MD_left
3228_none_MD_right,0.635013182,MD,right,3228,none,0.635013182,FALSE,MD,TH,3228_none,MD_right
3228_none_MEA_left,0.783363552,MEA,left,3228,none,0.783363552,FALSE,MEA,STR,3228_none,MEA_left
3228_none_MEA_right,0.802103401,MEA,right,3228,none,0.802103401,FALSE,MEA,STR,3228_none,MEA_right
3228_none_ME_left,-5,ME,left,3228,none,0,FALSE,ME,HY,3228_none,ME_left
3228_none_ME_right,-5,ME,right,3228,none,0,FALSE,ME,HY,3228_none,ME_right
3228_none_MH_left,-0.310741185,MH,left,3228,none,0,FALSE,MH,TH,3228_none,MH_left
3228_none_MH_right,0.153751699,MH,right,3228,none,0.153751699,FALSE,MH,TH,3228_none,MH_right
3228_none_MOp_right,0.843288647,MOp,right,3228,none,0.843288647,FALSE,MOp,Isocortex,3228_none,MOp_right
3228_none_MOs_right,0.949756774,MOs,right,3228,none,0.949756774,FALSE,MOs,Isocortex,3228_none,MOs_right
3228_none_MRN_left,0.243222492,MRN,left,3228,none,0.243222492,FALSE,MRN,MB,3228_none,MRN_left
3228_none_MRN_right,0.267624459,MRN,right,3228,none,0.267624459,FALSE,MRN,MB,3228_none,MRN_right
3228_none_MS_right,0.454286842,MS,right,3228,none,0.454286842,FALSE,MS,PAL,3228_none,MS_right
3228_none_NDB_right,-0.119349587,NDB,right,3228,none,0,FALSE,NDB,PAL,3228_none,NDB_right
3228_none_NLL_left,0.160650872,NLL,left,3228,none,0.160650872,FALSE,NLL,P,3228_none,NLL_left
3228_none_NLL_right,0.228316957,NLL,right,3228,none,0.228316957,FALSE,NLL,P,3228_none,NLL_right
3228_none_OLF_left,0.943753755,OLF,left,3228,none,0.943753755,FALSE,OLF,OLF,3228_none,OLF_left
3228_none_OLF_right,0.552136817,OLF,right,3228,none,0.552136817,FALSE,OLF,OLF,3228_none,OLF_right
3228_none_OT_right,0.320195383,OT,right,3228,none,0.320195383,FALSE,OT,STR,3228_none,OT_right
3228_none_PAA_left,0.83263026,PAA,left,3228,none,0.83263026,FALSE,PAA,OLF,3228_none,PAA_left
3228_none_PAA_right,0.873540747,PAA,right,3228,none,0.873540747,FALSE,PAA,OLF,3228_none,PAA_right
3228_none_PAG_left,0.285378386,PAG,left,3228,none,0.285378386,FALSE,PAG,MB,3228_none,PAG_left
3228_none_PAG_right,0.318356882,PAG,right,3228,none,0.318356882,FALSE,PAG,MB,3228_none,PAG_right
3228_none_PAL_right,0.202595607,PAL,right,3228,none,0.202595607,FALSE,PAL,PAL,3228_none,PAL_right
3228_none_PALd_right,0.661933337,PALd,right,3228,none,0.661933337,FALSE,PAL,PAL,3228_none,PALd_right
3228_none_PAR_left,0.972667359,PAR,left,3228,none,0.972667359,FALSE,PAR,HPF,3228_none,PAR_left
3228_none_PAR_right,0.894326615,PAR,right,3228,none,0.894326615,FALSE,PAR,HPF,3228_none,PAR_right
3228_none_PBG_right,0.12654899,PBG,right,3228,none,0.12654899,FALSE,PBG,MB,3228_none,PBG_right
3228_none_PCN_left,0.540463366,PCN,left,3228,none,0.540463366,FALSE,PCN,TH,3228_none,PCN_left
3228_none_PCN_right,0.665401647,PCN,right,3228,none,0.665401647,FALSE,PCN,TH,3228_none,PCN_right
3228_none_PERI_left,0.962728924,PERI,left,3228,none,0.962728924,FALSE,PERI,Isocortex,3228_none,PERI_left
3228_none_PERI_right,0.985518691,PERI,right,3228,none,0.985518691,FALSE,PERI,Isocortex,3228_none,PERI_right
3228_none_PG_left,0.384266539,PG,left,3228,none,0.384266539,FALSE,PG,P,3228_none,PG_left
3228_none_PG_right,0.513773015,PG,right,3228,none,0.513773015,FALSE,PG,P,3228_none,PG_right
3228_none_PH_left,0.128184572,PH,left,3228,none,0.128184572,FALSE,PH,HY,3228_none,PH_left
3228_none_PH_right,0.268258359,PH,right,3228,none,0.268258359,FALSE,PH,HY,3228_none,PH_right
3228_none_PIR_left,0.865055727,PIR,left,3228,none,0.865055727,FALSE,PIR,OLF,3228_none,PIR_left
3228_none_PIR_right,0.71967193,PIR,right,3228,none,0.71967193,FALSE,PIR,OLF,3228_none,PIR_right
3228_none_PO_left,0.892448492,PO,left,3228,none,0.892448492,FALSE,PO,TH,3228_none,PO_left
3228_none_PO_right,0.822693285,PO,right,3228,none,0.822693285,FALSE,PO,TH,3228_none,PO_right
3228_none_PPN_left,0.337116359,PPN,left,3228,none,0.337116359,FALSE,PPN,MB,3228_none,PPN_left
3228_none_PPN_right,0.074171005,PPN,right,3228,none,0.074171005,FALSE,PPN,MB,3228_none,PPN_right
3228_none_PRC_right,-5,PRC,right,3228,none,0,FALSE,PRC,MB,3228_none,PRC_right
3228_none_PRE_right,1.012481547,PRE,right,3228,none,1,FALSE,PRE,HPF,3228_none,PRE_right
3228_none_PRNr_left,0.343109949,PRNr,left,3228,none,0.343109949,FALSE,PRNr,P,3228_none,PRNr_left
3228_none_PRNr_right,0.348540978,PRNr,right,3228,none,0.348540978,FALSE,PRNr,P,3228_none,PRNr_right
3228_none_PR_left,-0.203987079,PR,left,3228,none,0,FALSE,PR,TH,3228_none,PR_left
3228_none_PR_right,0.469383794,PR,right,3228,none,0.469383794,FALSE,PR,TH,3228_none,PR_right
3228_none_PST_left,0.167571048,PST,left,3228,none,0.167571048,FALSE,PST,HY,3228_none,PST_left
3228_none_PST_right,0.297988547,PST,right,3228,none,0.297988547,FALSE,PST,HY,3228_none,PST_right
3228_none_PSV_left,-0.668443396,PSV,left,3228,none,0,FALSE,PSV,P,3228_none,PSV_left
3228_none_PVT_left,-0.540000959,PVT,left,3228,none,0,FALSE,PVT,TH,3228_none,PVT_left
3228_none_PVT_right,0.065916108,PVT,right,3228,none,0.065916108,FALSE,PVT,TH,3228_none,PVT_right
3228_none_PVZ_left,-0.218931059,PVZ,left,3228,none,0,FALSE,PVZ,HY,3228_none,PVZ_left
3228_none_PVZ_right,0.418190207,PVZ,right,3228,none,0.418190207,FALSE,PVZ,HY,3228_none,PVZ_right
3228_none_P_left,0.248937103,P,left,3228,none,0.248937103,FALSE,P,P,3228_none,P_left
3228_none_P_right,0.316198626,P,right,3228,none,0.316198626,FALSE,P,P,3228_none,P_right
3228_none_Pa4_left,-0.892380346,Pa4,left,3228,none,0,FALSE,Pa4,MB,3228_none,Pa4_left
3228_none_Pa4_right,1.017892625,Pa4,right,3228,none,1,FALSE,Pa4,MB,3228_none,Pa4_right
3228_none_PeF_right,0.639904567,PeF,right,3228,none,0.639904567,FALSE,PeF,HY,3228_none,PeF_right
3228_none_RE_left,0.122291215,RE,left,3228,none,0.122291215,FALSE,RE,TH,3228_none,RE_left
3228_none_RE_right,0.424999689,RE,right,3228,none,0.424999689,FALSE,RE,TH,3228_none,RE_right
3228_none_RSPagl_left,1.089498231,RSPagl,left,3228,none,1,FALSE,RSP,Isocortex,3228_none,RSPagl_left
3228_none_RSPagl_right,1.002030196,RSPagl,right,3228,none,1,FALSE,RSP,Isocortex,3228_none,RSPagl_right
3228_none_RSPd_left,0.975335373,RSPd,left,3228,none,0.975335373,FALSE,RSP,Isocortex,3228_none,RSPd_left
3228_none_RSPd_right,1.032387454,RSPd,right,3228,none,1,FALSE,RSP,Isocortex,3228_none,RSPd_right
3228_none_RSPv_left,1.015397599,RSPv,left,3228,none,1,FALSE,RSP,Isocortex,3228_none,RSPv_left
3228_none_RSPv_right,1.084281985,RSPv,right,3228,none,1,FALSE,RSP,Isocortex,3228_none,RSPv_right
3228_none_RT_left,0.743636362,RT,left,3228,none,0.743636362,FALSE,RT,TH,3228_none,RT_left
3228_none_RT_right,0.745047749,RT,right,3228,none,0.745047749,FALSE,RT,TH,3228_none,RT_right
3228_none_SAG_right,0.135268737,SAG,right,3228,none,0.135268737,FALSE,SAG,MB,3228_none,SAG_right
3228_none_SCm_left,0.483503316,SCm,left,3228,none,0.483503316,FALSE,MBmot,MB,3228_none,SCm_left
3228_none_SCm_right,0.53870227,SCm,right,3228,none,0.53870227,FALSE,MBmot,MB,3228_none,SCm_right
3228_none_SCs_left,0.643767209,SCs,left,3228,none,0.643767209,FALSE,MBsen,MB,3228_none,SCs_left
3228_none_SCs_right,0.41611962,SCs,right,3228,none,0.41611962,FALSE,MBsen,MB,3228_none,SCs_right
3228_none_SEZ_right,-0.906620148,SEZ,right,3228,none,0,TRUE,SEZ,VS,3228_none,SEZ_right
3228_none_SH_right,1.104354077,SH,right,3228,none,1,FALSE,SH,STR,3228_none,SH_right
3228_none_SI_right,0.410778215,SI,right,3228,none,0.410778215,FALSE,SI,PAL,3228_none,SI_right
3228_none_SMT_right,-0.016764418,SMT,right,3228,none,0,FALSE,SMT,TH,3228_none,SMT_right
3228_none_SSp-bfd_left,1.068389206,SSp-bfd,left,3228,none,1,FALSE,SSp,Isocortex,3228_none,SSp-bfd_left
3228_none_SSp-bfd_right,0.846220807,SSp-bfd,right,3228,none,0.846220807,FALSE,SSp,Isocortex,3228_none,SSp-bfd_right
3228_none_SSp-m_right,0.82553292,SSp-m,right,3228,none,0.82553292,FALSE,SSp,Isocortex,3228_none,SSp-m_right
3228_none_SSp-ul_right,1.041939077,SSp-ul,right,3228,none,1,FALSE,SSp,Isocortex,3228_none,SSp-ul_right
3228_none_SSs_left,0.976230342,SSs,left,3228,none,0.976230342,FALSE,SSs,Isocortex,3228_none,SSs_left
3228_none_SSs_right,0.815723087,SSs,right,3228,none,0.815723087,FALSE,SSs,Isocortex,3228_none,SSs_right
3228_none_STN_left,0.471955031,STN,left,3228,none,0.471955031,FALSE,STN,HY,3228_none,STN_left
3228_none_STN_right,0.396447891,STN,right,3228,none,0.396447891,FALSE,STN,HY,3228_none,STN_right
3228_none_STR_left,0.928294348,STR,left,3228,none,0.928294348,FALSE,STR,STR,3228_none,STR_left
3228_none_STR_right,0.572272534,STR,right,3228,none,0.572272534,FALSE,STR,STR,3228_none,STR_right
3228_none_SUB_right,1.010547883,SUB,right,3228,none,1,FALSE,SUB,HPF,3228_none,SUB_right
3228_none_TEa_left,0.871093865,TEa,left,3228,none,0.871093865,FALSE,TEa,Isocortex,3228_none,TEa_left
3228_none_TEa_right,0.865263698,TEa,right,3228,none,0.865263698,FALSE,TEa,Isocortex,3228_none,TEa_right
3228_none_TH_left,0.635908156,TH,left,3228,none,0.635908156,FALSE,TH,TH,3228_none,TH_left
3228_none_TH_right,0.623776626,TH,right,3228,none,0.623776626,FALSE,TH,TH,3228_none,TH_right
3228_none_TRN_left,0.447572171,TRN,left,3228,none,0.447572171,FALSE,TRN,P,3228_none,TRN_left
3228_none_TRN_right,0.568746553,TRN,right,3228,none,0.568746553,FALSE,TRN,P,3228_none,TRN_right
3228_none_TU_left,0.434887011,TU,left,3228,none,0.434887011,FALSE,TU,HY,3228_none,TU_left
3228_none_TU_right,0.418809553,TU,right,3228,none,0.418809553,FALSE,TU,HY,3228_none,TU_right
3228_none_V3_left,-0.983348475,V3,left,3228,none,0,TRUE,V3,VS,3228_none,V3_left
3228_none_V3_right,-0.89169471,V3,right,3228,none,0,TRUE,V3,VS,3228_none,V3_right
3228_none_VAL_right,-0.322691879,VAL,right,3228,none,0,FALSE,VAL,TH,3228_none,VAL_right
3228_none_VISC_right,0.797823576,VISC,right,3228,none,0.797823576,FALSE,VISC,Isocortex,3228_none,VISC_right
3228_none_VISa_left,1.081861491,VISa,left,3228,none,1,FALSE,VISa,Isocortex,3228_none,VISa_left
3228_none_VISa_right,0.888573509,VISa,right,3228,none,0.888573509,FALSE,VISa,Isocortex,3228_none,VISa_right
3228_none_VISam_left,1.002106232,VISam,left,3228,none,1,FALSE,VISam,Isocortex,3228_none,VISam_left
3228_none_VISam_right,0.942701732,VISam,right,3228,none,0.942701732,FALSE,VISam,Isocortex,3228_none,VISam_right
3228_none_VISl_right,1.05424902,VISl,right,3228,none,1,FALSE,VISl,Isocortex,3228_none,VISl_right
3228_none_VISp_left,1.353831335,VISp,left,3228,none,1,FALSE,VISp,Isocortex,3228_none,VISp_left
3228_none_VISp_right,1.026338119,VISp,right,3228,none,1,FALSE,VISp,Isocortex,3228_none,VISp_right
3228_none_VISpl_left,1.180149164,VISpl,left,3228,none,1,FALSE,VISpl,Isocortex,3228_none,VISpl_left
3228_none_VISpl_right,0.787965772,VISpl,right,3228,none,0.787965772,FALSE,VISpl,Isocortex,3228_none,VISpl_right
3228_none_VISpor_left,1.260850085,VISpor,left,3228,none,1,FALSE,VISpor,Isocortex,3228_none,VISpor_left
3228_none_VISpor_right,0.994618139,VISpor,right,3228,none,0.994618139,FALSE,VISpor,Isocortex,3228_none,VISpor_right
3228_none_VISrl_left,1.115738787,VISrl,left,3228,none,1,FALSE,VISrl,Isocortex,3228_none,VISrl_left
3228_none_VISrl_right,0.835898621,VISrl,right,3228,none,0.835898621,FALSE,VISrl,Isocortex,3228_none,VISrl_right
3228_none_VL_left,-0.134545554,VL,left,3228,none,0,TRUE,VL,VS,3228_none,VL_left
3228_none_VL_right,-0.583918923,VL,right,3228,none,0,TRUE,VL,VS,3228_none,VL_right
3228_none_VMH_left,0.502925951,VMH,left,3228,none,0.502925951,FALSE,VMH,HY,3228_none,VMH_left
3228_none_VMH_right,0.560323398,VMH,right,3228,none,0.560323398,FALSE,VMH,HY,3228_none,VMH_right
3228_none_VM_left,0.422260633,VM,left,3228,none,0.422260633,FALSE,VM,TH,3228_none,VM_left
3228_none_VM_right,0.482339595,VM,right,3228,none,0.482339595,FALSE,VM,TH,3228_none,VM_right
3228_none_VPL_left,0.776832861,VPL,left,3228,none,0.776832861,FALSE,VPL,TH,3228_none,VPL_left
3228_none_VPL_right,0.50441421,VPL,right,3228,none,0.50441421,FALSE,VPL,TH,3228_none,VPL_right
3228_none_VPM_left,0.512719957,VPM,left,3228,none,0.512719957,FALSE,VPM,TH,3228_none,VPM_left
3228_none_VPM_right,0.55828506,VPM,right,3228,none,0.55828506,FALSE,VPM,TH,3228_none,VPM_right
3228_none_VP_left,0.775637892,VP,left,3228,none,0.775637892,FALSE,VP,TH,3228_none,VP_left
3228_none_VP_right,0.274934645,VP,right,3228,none,0.274934645,FALSE,VP,TH,3228_none,VP_right
3228_none_Xi_left,0.102356531,Xi,left,3228,none,0.102356531,FALSE,Xi,TH,3228_none,Xi_left
3228_none_Xi_right,0.417116807,Xi,right,3228,none,0.417116807,FALSE,Xi,TH,3228_none,Xi_right
3228_none_ZI_left,0.439811991,ZI,left,3228,none,0.439811991,FALSE,ZI,HY,3228_none,ZI_left
3228_none_ZI_right,0.533173417,ZI,right,3228,none,0.533173417,FALSE,ZI,HY,3228_none,ZI_right
3228_none_alv_left,0.706560894,alv,left,3228,none,0.706560894,TRUE,alv,fiber tracts,3228_none,alv_left
3228_none_alv_right,0.5723902,alv,right,3228,none,0.5723902,TRUE,alv,fiber tracts,3228_none,alv_right
3228_none_amc_left,0.784156174,amc,left,3228,none,0.784156174,TRUE,amc,fiber tracts,3228_none,amc_left
3228_none_amc_right,0.736218107,amc,right,3228,none,0.736218107,TRUE,amc,fiber tracts,3228_none,amc_right
3228_none_ar_left,0.53978858,ar,left,3228,none,0.53978858,TRUE,ar,fiber tracts,3228_none,ar_left
3228_none_ar_right,0.402125048,ar,right,3228,none,0.402125048,TRUE,ar,fiber tracts,3228_none,ar_right
3228_none_bic_left,0.781572199,bic,left,3228,none,0.781572199,TRUE,bic,fiber tracts,3228_none,bic_left
3228_none_bic_right,0.797818348,bic,right,3228,none,0.797818348,TRUE,bic,fiber tracts,3228_none,bic_right
3228_none_cc_left,0.435981053,cc,left,3228,none,0.435981053,TRUE,cc,fiber tracts,3228_none,cc_left
3228_none_cc_right,0.345060701,cc,right,3228,none,0.345060701,TRUE,cc,fiber tracts,3228_none,cc_right
3228_none_ccg_right,0.126831904,ccg,right,3228,none,0.126831904,TRUE,ccg,fiber tracts,3228_none,ccg_right
3228_none_chpl_left,-2.462262899,chpl,left,3228,none,0,TRUE,chpl,VS,3228_none,chpl_left
3228_none_chpl_right,-0.940078499,chpl,right,3228,none,0,TRUE,chpl,VS,3228_none,chpl_right
3228_none_cing_left,0.521003846,cing,left,3228,none,0.521003846,TRUE,cing,fiber tracts,3228_none,cing_left
3228_none_cing_right,0.483591027,cing,right,3228,none,0.483591027,TRUE,cing,fiber tracts,3228_none,cing_right
3228_none_cst_left,1.001702061,cst,left,3228,none,1,TRUE,cst,fiber tracts,3228_none,cst_left
3228_none_cst_right,0.725708861,cst,right,3228,none,0.725708861,TRUE,cst,fiber tracts,3228_none,cst_right
3228_none_dhc_left,0.449524039,dhc,left,3228,none,0.449524039,TRUE,dhc,fiber tracts,3228_none,dhc_left
3228_none_dhc_right,0.408042434,dhc,right,3228,none,0.408042434,TRUE,dhc,fiber tracts,3228_none,dhc_right
3228_none_dscp_left,-0.907143629,dscp,left,3228,none,0,TRUE,dscp,fiber tracts,3228_none,dscp_left
3228_none_dscp_right,0.107597323,dscp,right,3228,none,0.107597323,TRUE,dscp,fiber tracts,3228_none,dscp_right
3228_none_ec_left,0.524958986,ec,left,3228,none,0.524958986,TRUE,ec,fiber tracts,3228_none,ec_left
3228_none_ec_right,0.612027428,ec,right,3228,none,0.612027428,TRUE,ec,fiber tracts,3228_none,ec_right
3228_none_em_left,1.308585404,em,left,3228,none,1,TRUE,em,fiber tracts,3228_none,em_left
3228_none_em_right,0.833441807,em,right,3228,none,0.833441807,TRUE,em,fiber tracts,3228_none,em_right
3228_none_fi_left,0.419998364,fi,left,3228,none,0.419998364,TRUE,fi,fiber tracts,3228_none,fi_left
3228_none_fi_right,0.409202602,fi,right,3228,none,0.409202602,TRUE,fi,fiber tracts,3228_none,fi_right
3228_none_fiber tracts_left,0.472711626,fiber tracts,left,3228,none,0.472711626,TRUE,fiber tracts,fiber tracts,3228_none,fiber tracts_left
3228_none_fiber tracts_right,0.292942189,fiber tracts,right,3228,none,0.292942189,TRUE,fiber tracts,fiber tracts,3228_none,fiber tracts_right
3228_none_fr_left,-0.235294189,fr,left,3228,none,0,TRUE,fr,fiber tracts,3228_none,fr_left
3228_none_fr_right,-0.363597323,fr,right,3228,none,0,TRUE,fr,fiber tracts,3228_none,fr_right
3228_none_fx_left,0.43062906,fx,left,3228,none,0.43062906,TRUE,fx,fiber tracts,3228_none,fx_left
3228_none_fx_right,0.219893775,fx,right,3228,none,0.219893775,TRUE,fx,fiber tracts,3228_none,fx_right
3228_none_hbc_left,0.667946071,hbc,left,3228,none,0.667946071,TRUE,hbc,fiber tracts,3228_none,hbc_left
3228_none_hbc_right,0.358710705,hbc,right,3228,none,0.358710705,TRUE,hbc,fiber tracts,3228_none,hbc_right
3228_none_int_left,0.132331864,int,left,3228,none,0.132331864,TRUE,int,fiber tracts,3228_none,int_left
3228_none_int_right,0.307080192,int,right,3228,none,0.307080192,TRUE,int,fiber tracts,3228_none,int_right
3228_none_ll_left,0.274407043,ll,left,3228,none,0.274407043,TRUE,ll,fiber tracts,3228_none,ll_left
3228_none_ll_right,0.220238164,ll,right,3228,none,0.220238164,TRUE,ll,fiber tracts,3228_none,ll_right
3228_none_lotg_right,-0.757996957,lotg,right,3228,none,0,TRUE,In,fiber tracts,3228_none,lotg_right
3228_none_mcp_left,0.525018369,mcp,left,3228,none,0.525018369,TRUE,mcp,fiber tracts,3228_none,mcp_left
3228_none_mcp_right,-0.110018156,mcp,right,3228,none,0,TRUE,mcp,fiber tracts,3228_none,mcp_right
3228_none_ml_left,0.405323084,ml,left,3228,none,0.405323084,TRUE,ml,fiber tracts,3228_none,ml_left
3228_none_ml_right,0.612800591,ml,right,3228,none,0.612800591,TRUE,ml,fiber tracts,3228_none,ml_right
3228_none_mlf_left,0.402569956,mlf,left,3228,none,0.402569956,TRUE,mlf,fiber tracts,3228_none,mlf_left
3228_none_mlf_right,0.183693506,mlf,right,3228,none,0.183693506,TRUE,mlf,fiber tracts,3228_none,mlf_right
3228_none_moV_left,-0.389557529,moV,left,3228,none,0,TRUE,moV,fiber tracts,3228_none,moV_left
3228_none_moV_right,-0.124899469,moV,right,3228,none,0,TRUE,moV,fiber tracts,3228_none,moV_right
3228_none_mtg_left,-0.974566519,mtg,left,3228,none,0,TRUE,mtg,fiber tracts,3228_none,mtg_left
3228_none_mtg_right,0.124190383,mtg,right,3228,none,0.124190383,TRUE,mtg,fiber tracts,3228_none,mtg_right
3228_none_mtt_left,0.538987218,mtt,left,3228,none,0.538987218,TRUE,mtt,fiber tracts,3228_none,mtt_left
3228_none_mtt_right,0.216713511,mtt,right,3228,none,0.216713511,TRUE,mtt,fiber tracts,3228_none,mtt_right
3228_none_nst_left,0.124042166,nst,left,3228,none,0.124042166,TRUE,nst,fiber tracts,3228_none,nst_left
3228_none_nst_right,0.355204296,nst,right,3228,none,0.355204296,TRUE,nst,fiber tracts,3228_none,nst_right
3228_none_opt_left,0.558444808,opt,left,3228,none,0.558444808,TRUE,opt,fiber tracts,3228_none,opt_left
3228_none_opt_right,-0.12765526,opt,right,3228,none,0,TRUE,opt,fiber tracts,3228_none,opt_right
3228_none_or_left,0.579428327,or,left,3228,none,0.579428327,TRUE,or,fiber tracts,3228_none,or_left
3228_none_or_right,0.138024031,or,right,3228,none,0.138024031,TRUE,or,fiber tracts,3228_none,or_right
3228_none_rust_left,0.558678305,rust,left,3228,none,0.558678305,TRUE,rust,fiber tracts,3228_none,rust_left
3228_none_rust_right,0.529864827,rust,right,3228,none,0.529864827,TRUE,rust,fiber tracts,3228_none,rust_right
3228_none_sV_left,-0.686825283,sV,left,3228,none,0,TRUE,sV,fiber tracts,3228_none,sV_left
3228_none_sV_right,-1.946207854,sV,right,3228,none,0,TRUE,sV,fiber tracts,3228_none,sV_right
3228_none_scp_left,-0.231453898,scp,left,3228,none,0,TRUE,scp,fiber tracts,3228_none,scp_left
3228_none_scp_right,-0.178948565,scp,right,3228,none,0,TRUE,scp,fiber tracts,3228_none,scp_right
3228_none_sctv_left,0.611838468,sctv,left,3228,none,0.611838468,TRUE,sctv,fiber tracts,3228_none,sctv_left
3228_none_scwm_left,-0.065289303,scwm,left,3228,none,0,TRUE,scwm,fiber tracts,3228_none,scwm_left
3228_none_scwm_right,0.337969323,scwm,right,3228,none,0.337969323,TRUE,scwm,fiber tracts,3228_none,scwm_right
3228_none_st_left,0.511195044,st,left,3228,none,0.511195044,TRUE,st,fiber tracts,3228_none,st_left
3228_none_st_right,0.861214967,st,right,3228,none,0.861214967,TRUE,st,fiber tracts,3228_none,st_right
3228_none_stc_right,0.52742096,stc,right,3228,none,0.52742096,TRUE,stc,fiber tracts,3228_none,stc_right
3228_none_sup_left,-1.410882866,sup,left,3228,none,0,TRUE,sup,fiber tracts,3228_none,sup_left
3228_none_sup_right,0.458765014,sup,right,3228,none,0.458765014,TRUE,sup,fiber tracts,3228_none,sup_right
3228_none_tspc_left,-0.041923101,tspc,left,3228,none,0,TRUE,tspc,fiber tracts,3228_none,tspc_left
3228_none_tspc_right,0.266452774,tspc,right,3228,none,0.266452774,TRUE,tspc,fiber tracts,3228_none,tspc_right
3282_none_ACAd_left,1.018659195,ACAd,left,3282,none,1,FALSE,ACA,Isocortex,3282_none,ACAd_left
3282_none_ACAd_right,0.774535756,ACAd,right,3282,none,0.774535756,FALSE,ACA,Isocortex,3282_none,ACAd_right
3282_none_ACAv_left,1.007258797,ACAv,left,3282,none,1,FALSE,ACA,Isocortex,3282_none,ACAv_left
3282_none_ACAv_right,0.297022199,ACAv,right,3282,none,0.297022199,FALSE,ACA,Isocortex,3282_none,ACAv_right
3282_none_ACB_left,0.804070768,ACB,left,3282,none,0.804070768,FALSE,ACB,STR,3282_none,ACB_left
3282_none_ACB_right,0.793971125,ACB,right,3282,none,0.793971125,FALSE,ACB,STR,3282_none,ACB_right
3282_none_AId_left,1.120830227,AId,left,3282,none,1,FALSE,AI,Isocortex,3282_none,AId_left
3282_none_AId_right,1.110991883,AId,right,3282,none,1,FALSE,AI,Isocortex,3282_none,AId_right
3282_none_AIp_left,0.956531904,AIp,left,3282,none,0.956531904,FALSE,AI,Isocortex,3282_none,AIp_left
3282_none_AIp_right,1.019855594,AIp,right,3282,none,1,FALSE,AI,Isocortex,3282_none,AIp_right
3282_none_AIv_left,1.046206068,AIv,left,3282,none,1,FALSE,AI,Isocortex,3282_none,AIv_left
3282_none_AIv_right,1.098521872,AIv,right,3282,none,1,FALSE,AI,Isocortex,3282_none,AIv_right
3282_none_APr_left,0.910499663,APr,left,3282,none,0.910499663,FALSE,APr,HPF,3282_none,APr_left
3282_none_APr_right,0.939925414,APr,right,3282,none,0.939925414,FALSE,APr,HPF,3282_none,APr_right
3282_none_AQ_left,-1.753508961,AQ,left,3282,none,0,TRUE,AQ,VS,3282_none,AQ_left
3282_none_AQ_right,-2.000179829,AQ,right,3282,none,0,TRUE,AQ,VS,3282_none,AQ_right
3282_none_ARH_right,0.335702424,ARH,right,3282,none,0.335702424,FALSE,ARH,HY,3282_none,ARH_right
3282_none_AT_right,0.2740984,AT,right,3282,none,0.2740984,FALSE,AT,MB,3282_none,AT_right
3282_none_AUDd_left,1.064622877,AUDd,left,3282,none,1,FALSE,AUDd,Isocortex,3282_none,AUDd_left
3282_none_AUDd_right,1.145590967,AUDd,right,3282,none,1,FALSE,AUDd,Isocortex,3282_none,AUDd_right
3282_none_AUDp_left,1.123413213,AUDp,left,3282,none,1,FALSE,AUDp,Isocortex,3282_none,AUDp_left
3282_none_AUDp_right,1.31128595,AUDp,right,3282,none,1,FALSE,AUDp,Isocortex,3282_none,AUDp_right
3282_none_AUDv_left,0.985442165,AUDv,left,3282,none,0.985442165,FALSE,AUDv,Isocortex,3282_none,AUDv_left
3282_none_AUDv_right,1.138684648,AUDv,right,3282,none,1,FALSE,AUDv,Isocortex,3282_none,AUDv_right
3282_none_AVPV_right,0.457801731,AVPV,right,3282,none,0.457801731,FALSE,AVPV,HY,3282_none,AVPV_right
3282_none_BLA_left,0.977972556,BLA,left,3282,none,0.977972556,FALSE,BLA,CTXsp,3282_none,BLA_left
3282_none_BLA_right,0.99471676,BLA,right,3282,none,0.99471676,FALSE,BLA,CTXsp,3282_none,BLA_right
3282_none_BMA_left,0.93879303,BMA,left,3282,none,0.93879303,FALSE,BMA,CTXsp,3282_none,BMA_left
3282_none_BMA_right,0.956953949,BMA,right,3282,none,0.956953949,FALSE,BMA,CTXsp,3282_none,BMA_right
3282_none_CA1_left,0.783567464,CA1,left,3282,none,0.783567464,FALSE,CA1,HPF,3282_none,CA1_left
3282_none_CA1_right,0.93309443,CA1,right,3282,none,0.93309443,FALSE,CA1,HPF,3282_none,CA1_right
3282_none_CA2_left,0.846019129,CA2,left,3282,none,0.846019129,FALSE,CA2,HPF,3282_none,CA2_left
3282_none_CA2_right,0.846263017,CA2,right,3282,none,0.846263017,FALSE,CA2,HPF,3282_none,CA2_right
3282_none_CA3_left,0.565798473,CA3,left,3282,none,0.565798473,FALSE,CA3,HPF,3282_none,CA3_left
3282_none_CA3_right,0.765411854,CA3,right,3282,none,0.765411854,FALSE,CA3,HPF,3282_none,CA3_right
3282_none_CB_left,-0.631997003,CB,left,3282,none,0,FALSE,CB,CB,3282_none,CB_left
3282_none_CB_right,-1.426570959,CB,right,3282,none,0,FALSE,CB,CB,3282_none,CB_right
3282_none_CEA_left,0.798904988,CEA,left,3282,none,0.798904988,FALSE,CEA,STR,3282_none,CEA_left
3282_none_CEA_right,0.700462122,CEA,right,3282,none,0.700462122,FALSE,CEA,STR,3282_none,CEA_right
3282_none_CLA_left,1.030885213,CLA,left,3282,none,1,FALSE,CLA,CTXsp,3282_none,CLA_left
3282_none_CLA_right,0.955510072,CLA,right,3282,none,0.955510072,FALSE,CLA,CTXsp,3282_none,CLA_right
3282_none_CLI_right,0.407634463,CLI,right,3282,none,0.407634463,FALSE,CLI,MB,3282_none,CLI_right
3282_none_CL_left,0.638964453,CL,left,3282,none,0.638964453,FALSE,CL,TH,3282_none,CL_left
3282_none_CL_right,0.686616287,CL,right,3282,none,0.686616287,FALSE,CL,TH,3282_none,CL_right
3282_none_CM_left,0.463577265,CM,left,3282,none,0.463577265,FALSE,CM,TH,3282_none,CM_left
3282_none_CM_right,0.628600906,CM,right,3282,none,0.628600906,FALSE,CM,TH,3282_none,CM_right
3282_none_COA_left,0.896905433,COA,left,3282,none,0.896905433,FALSE,COA,OLF,3282_none,COA_left
3282_none_COA_right,0.885587639,COA,right,3282,none,0.885587639,FALSE,COA,OLF,3282_none,COA_right
3282_none_COAp_left,0.782281089,COAp,left,3282,none,0.782281089,FALSE,COA,OLF,3282_none,COAp_left
3282_none_COAp_right,0.85592821,COAp,right,3282,none,0.85592821,FALSE,COA,OLF,3282_none,COAp_right
3282_none_CP_left,0.689883932,CP,left,3282,none,0.689883932,FALSE,CP,STR,3282_none,CP_left
3282_none_CP_right,0.720268199,CP,right,3282,none,0.720268199,FALSE,CP,STR,3282_none,CP_right
3282_none_CS_right,0.233763321,CS,right,3282,none,0.233763321,FALSE,CS,P,3282_none,CS_right
3282_none_CTXsp_left,0.829517642,CTXsp,left,3282,none,0.829517642,FALSE,CTXsp,CTXsp,3282_none,CTXsp_left
3282_none_CTXsp_right,0.957437855,CTXsp,right,3282,none,0.957437855,FALSE,CTXsp,CTXsp,3282_none,CTXsp_right
3282_none_DG_left,0.53846358,DG,left,3282,none,0.53846358,FALSE,DG,HPF,3282_none,DG_left
3282_none_DG_right,0.651776628,DG,right,3282,none,0.651776628,FALSE,DG,HPF,3282_none,DG_right
3282_none_DMH_left,0.533070858,DMH,left,3282,none,0.533070858,FALSE,DMH,HY,3282_none,DMH_left
3282_none_DMH_right,0.514824461,DMH,right,3282,none,0.514824461,FALSE,DMH,HY,3282_none,DMH_right
3282_none_DR_left,-0.261298857,DR,left,3282,none,0,FALSE,DR,MB,3282_none,DR_left
3282_none_DR_right,0.535186196,DR,right,3282,none,0.535186196,FALSE,DR,MB,3282_none,DR_right
3282_none_ECT_left,0.952363566,ECT,left,3282,none,0.952363566,FALSE,ECT,Isocortex,3282_none,ECT_left
3282_none_ECT_right,1.09000934,ECT,right,3282,none,1,FALSE,ECT,Isocortex,3282_none,ECT_right
3282_none_ENTl_left,1.009316317,ENTl,left,3282,none,1,FALSE,ENT,HPF,3282_none,ENTl_left
3282_none_ENTl_right,1.118891634,ENTl,right,3282,none,1,FALSE,ENT,HPF,3282_none,ENTl_right
3282_none_ENTm_left,0.994853522,ENTm,left,3282,none,0.994853522,FALSE,ENT,HPF,3282_none,ENTm_left
3282_none_ENTm_right,1.059899223,ENTm,right,3282,none,1,FALSE,ENT,HPF,3282_none,ENTm_right
3282_none_EP_left,0.9796685,EP,left,3282,none,0.9796685,FALSE,EP,CTXsp,3282_none,EP_left
3282_none_EP_right,1.030296926,EP,right,3282,none,1,FALSE,EP,CTXsp,3282_none,EP_right
3282_none_Eth_left,0.924132778,Eth,left,3282,none,0.924132778,FALSE,Eth,TH,3282_none,Eth_left
3282_none_Eth_right,1.19391255,Eth,right,3282,none,1,FALSE,Eth,TH,3282_none,Eth_right
3282_none_FC_left,0.834389777,FC,left,3282,none,0.834389777,FALSE,FC,HPF,3282_none,FC_left
3282_none_GU_left,1.154215088,GU,left,3282,none,1,FALSE,GU,Isocortex,3282_none,GU_left
3282_none_GU_right,1.159784672,GU,right,3282,none,1,FALSE,GU,Isocortex,3282_none,GU_right
3282_none_HATA_left,1.108664172,HATA,left,3282,none,1,FALSE,HATA,HPF,3282_none,HATA_left
3282_none_HATA_right,0.996044867,HATA,right,3282,none,0.996044867,FALSE,HATA,HPF,3282_none,HATA_right
3282_none_HPF_left,0.592686817,HPF,left,3282,none,0.592686817,FALSE,HPF,HPF,3282_none,HPF_left
3282_none_HPF_right,0.714870873,HPF,right,3282,none,0.714870873,FALSE,HPF,HPF,3282_none,HPF_right
3282_none_HY_left,0.464574324,HY,left,3282,none,0.464574324,FALSE,HY,HY,3282_none,HY_left
3282_none_HY_right,0.563576488,HY,right,3282,none,0.563576488,FALSE,HY,HY,3282_none,HY_right
3282_none_IA_left,0.867235251,IA,left,3282,none,0.867235251,FALSE,IA,STR,3282_none,IA_left
3282_none_IA_right,1.276490795,IA,right,3282,none,1,FALSE,IA,STR,3282_none,IA_right
3282_none_IC_left,0.760926482,IC,left,3282,none,0.760926482,FALSE,IC,MB,3282_none,IC_left
3282_none_IC_right,0.798050867,IC,right,3282,none,0.798050867,FALSE,IC,MB,3282_none,IC_right
3282_none_IG_left,0.737810131,IG,left,3282,none,0.737810131,FALSE,IG,HPF,3282_none,IG_left
3282_none_IIn_right,-2.189875464,IIn,right,3282,none,0,TRUE,IIn,fiber tracts,3282_none,IIn_right
3282_none_IMD_left,0.767187387,IMD,left,3282,none,0.767187387,FALSE,IMD,TH,3282_none,IMD_left
3282_none_IMD_right,0.54168129,IMD,right,3282,none,0.54168129,FALSE,IMD,TH,3282_none,IMD_right
3282_none_IV_left,0.700427408,IV,left,3282,none,0.700427408,FALSE,IV,MB,3282_none,IV_left
3282_none_IV_right,-0.62601537,IV,right,3282,none,0,FALSE,IV,MB,3282_none,IV_right
3282_none_In_left,0.516091404,In,left,3282,none,0.516091404,TRUE,In,fiber tracts,3282_none,In_left
3282_none_In_right,0.571409023,In,right,3282,none,0.571409023,TRUE,In,fiber tracts,3282_none,In_right
3282_none_LA_left,0.958062751,LA,left,3282,none,0.958062751,FALSE,LA,CTXsp,3282_none,LA_left
3282_none_LA_right,1.033459366,LA,right,3282,none,1,FALSE,LA,CTXsp,3282_none,LA_right
3282_none_LGd_left,0.800100051,LGd,left,3282,none,0.800100051,FALSE,LGd,TH,3282_none,LGd_left
3282_none_LGd_right,0.986376334,LGd,right,3282,none,0.986376334,FALSE,LGd,TH,3282_none,LGd_right
3282_none_LGv_left,0.918936914,LGv,left,3282,none,0.918936914,FALSE,LGv,TH,3282_none,LGv_left
3282_none_LGv_right,0.873533488,LGv,right,3282,none,0.873533488,FALSE,LGv,TH,3282_none,LGv_right
3282_none_LHA_left,0.302382347,LHA,left,3282,none,0.302382347,FALSE,LHA,HY,3282_none,LHA_left
3282_none_LHA_right,0.449391547,LHA,right,3282,none,0.449391547,FALSE,LHA,HY,3282_none,LHA_right
3282_none_LH_left,0.18224468,LH,left,3282,none,0.18224468,FALSE,LH,TH,3282_none,LH_left
3282_none_LH_right,0.045826512,LH,right,3282,none,0.045826512,FALSE,LH,TH,3282_none,LH_right
3282_none_LPO_left,0.756987008,LPO,left,3282,none,0.756987008,FALSE,LPO,HY,3282_none,LPO_left
3282_none_LPO_right,0.898952085,LPO,right,3282,none,0.898952085,FALSE,LPO,HY,3282_none,LPO_right
3282_none_LP_left,0.875699933,LP,left,3282,none,0.875699933,FALSE,LP,TH,3282_none,LP_left
3282_none_LP_right,0.80245532,LP,right,3282,none,0.80245532,FALSE,LP,TH,3282_none,LP_right
3282_none_LS_left,0.97586987,LS,left,3282,none,0.97586987,FALSE,LS,STR,3282_none,LS_left
3282_none_LS_right,0.954511998,LS,right,3282,none,0.954511998,FALSE,LS,STR,3282_none,LS_right
3282_none_MB_left,0.481542402,MB,left,3282,none,0.481542402,FALSE,MB,MB,3282_none,MB_left
3282_none_MB_right,0.43159963,MB,right,3282,none,0.43159963,FALSE,MB,MB,3282_none,MB_right
3282_none_MD_left,0.770656611,MD,left,3282,none,0.770656611,FALSE,MD,TH,3282_none,MD_left
3282_none_MD_right,0.679378168,MD,right,3282,none,0.679378168,FALSE,MD,TH,3282_none,MD_right
3282_none_MEA_left,0.861955453,MEA,left,3282,none,0.861955453,FALSE,MEA,STR,3282_none,MEA_left
3282_none_MEA_right,0.768956479,MEA,right,3282,none,0.768956479,FALSE,MEA,STR,3282_none,MEA_right
3282_none_ME_right,-5,ME,right,3282,none,0,FALSE,ME,HY,3282_none,ME_right
3282_none_MH_left,0.00161802,MH,left,3282,none,0.00161802,FALSE,MH,TH,3282_none,MH_left
3282_none_MH_right,0.673045457,MH,right,3282,none,0.673045457,FALSE,MH,TH,3282_none,MH_right
3282_none_MOp_left,1.080548615,MOp,left,3282,none,1,FALSE,MOp,Isocortex,3282_none,MOp_left
3282_none_MOp_right,1.105423029,MOp,right,3282,none,1,FALSE,MOp,Isocortex,3282_none,MOp_right
3282_none_MOs_left,1.127885816,MOs,left,3282,none,1,FALSE,MOs,Isocortex,3282_none,MOs_left
3282_none_MOs_right,0.927197177,MOs,right,3282,none,0.927197177,FALSE,MOs,Isocortex,3282_none,MOs_right
3282_none_MRN_left,0.280637295,MRN,left,3282,none,0.280637295,FALSE,MRN,MB,3282_none,MRN_left
3282_none_MRN_right,0.418476554,MRN,right,3282,none,0.418476554,FALSE,MRN,MB,3282_none,MRN_right
3282_none_MS_left,0.548243283,MS,left,3282,none,0.548243283,FALSE,MS,PAL,3282_none,MS_left
3282_none_MS_right,0.409539746,MS,right,3282,none,0.409539746,FALSE,MS,PAL,3282_none,MS_right
3282_none_NDB_left,1.161688112,NDB,left,3282,none,1,FALSE,NDB,PAL,3282_none,NDB_left
3282_none_NDB_right,0.665232416,NDB,right,3282,none,0.665232416,FALSE,NDB,PAL,3282_none,NDB_right
3282_none_NLL_left,0.25436246,NLL,left,3282,none,0.25436246,FALSE,NLL,P,3282_none,NLL_left
3282_none_NLL_right,0.395868554,NLL,right,3282,none,0.395868554,FALSE,NLL,P,3282_none,NLL_right
3282_none_OLF_left,0.968209428,OLF,left,3282,none,0.968209428,FALSE,OLF,OLF,3282_none,OLF_left
3282_none_OLF_right,1.021725581,OLF,right,3282,none,1,FALSE,OLF,OLF,3282_none,OLF_right
3282_none_OT_left,0.882486455,OT,left,3282,none,0.882486455,FALSE,OT,STR,3282_none,OT_left
3282_none_OT_right,0.954715051,OT,right,3282,none,0.954715051,FALSE,OT,STR,3282_none,OT_right
3282_none_PAA_left,0.943800533,PAA,left,3282,none,0.943800533,FALSE,PAA,OLF,3282_none,PAA_left
3282_none_PAA_right,1.001154366,PAA,right,3282,none,1,FALSE,PAA,OLF,3282_none,PAA_right
3282_none_PAG_left,0.228339224,PAG,left,3282,none,0.228339224,FALSE,PAG,MB,3282_none,PAG_left
3282_none_PAG_right,0.258927433,PAG,right,3282,none,0.258927433,FALSE,PAG,MB,3282_none,PAG_right
3282_none_PAL_left,0.728536152,PAL,left,3282,none,0.728536152,FALSE,PAL,PAL,3282_none,PAL_left
3282_none_PAL_right,0.521132238,PAL,right,3282,none,0.521132238,FALSE,PAL,PAL,3282_none,PAL_right
3282_none_PALd_left,0.771595001,PALd,left,3282,none,0.771595001,FALSE,PAL,PAL,3282_none,PALd_left
3282_none_PALd_right,0.761602165,PALd,right,3282,none,0.761602165,FALSE,PAL,PAL,3282_none,PALd_right
3282_none_PAR_left,0.925082488,PAR,left,3282,none,0.925082488,FALSE,PAR,HPF,3282_none,PAR_left
3282_none_PAR_right,0.938368304,PAR,right,3282,none,0.938368304,FALSE,PAR,HPF,3282_none,PAR_right
3282_none_PBG_left,0.115910505,PBG,left,3282,none,0.115910505,FALSE,PBG,MB,3282_none,PBG_left
3282_none_PBG_right,-0.04559776,PBG,right,3282,none,0,FALSE,PBG,MB,3282_none,PBG_right
3282_none_PCN_left,0.638809585,PCN,left,3282,none,0.638809585,FALSE,PCN,TH,3282_none,PCN_left
3282_none_PCN_right,0.795631632,PCN,right,3282,none,0.795631632,FALSE,PCN,TH,3282_none,PCN_right
3282_none_PERI_left,0.894916162,PERI,left,3282,none,0.894916162,FALSE,PERI,Isocortex,3282_none,PERI_left
3282_none_PERI_right,1.092924311,PERI,right,3282,none,1,FALSE,PERI,Isocortex,3282_none,PERI_right
3282_none_PG_left,0.655364702,PG,left,3282,none,0.655364702,FALSE,PG,P,3282_none,PG_left
3282_none_PG_right,0.643020875,PG,right,3282,none,0.643020875,FALSE,PG,P,3282_none,PG_right
3282_none_PH_left,0.036432984,PH,left,3282,none,0.036432984,FALSE,PH,HY,3282_none,PH_left
3282_none_PH_right,0.296947521,PH,right,3282,none,0.296947521,FALSE,PH,HY,3282_none,PH_right
3282_none_PIR_left,0.93873515,PIR,left,3282,none,0.93873515,FALSE,PIR,OLF,3282_none,PIR_left
3282_none_PIR_right,0.990486374,PIR,right,3282,none,0.990486374,FALSE,PIR,OLF,3282_none,PIR_right
3282_none_POST_left,1.016853521,POST,left,3282,none,1,FALSE,POST,HPF,3282_none,POST_left
3282_none_POST_right,0.916947392,POST,right,3282,none,0.916947392,FALSE,POST,HPF,3282_none,POST_right
3282_none_PO_left,0.840366579,PO,left,3282,none,0.840366579,FALSE,PO,TH,3282_none,PO_left
3282_none_PO_right,0.865439187,PO,right,3282,none,0.865439187,FALSE,PO,TH,3282_none,PO_right
3282_none_PPN_left,0.445288801,PPN,left,3282,none,0.445288801,FALSE,PPN,MB,3282_none,PPN_left
3282_none_PPN_right,0.222984846,PPN,right,3282,none,0.222984846,FALSE,PPN,MB,3282_none,PPN_right
3282_none_PRE_left,0.977695264,PRE,left,3282,none,0.977695264,FALSE,PRE,HPF,3282_none,PRE_left
3282_none_PRE_right,0.936492968,PRE,right,3282,none,0.936492968,FALSE,PRE,HPF,3282_none,PRE_right
3282_none_PRNr_left,0.295048668,PRNr,left,3282,none,0.295048668,FALSE,PRNr,P,3282_none,PRNr_left
3282_none_PRNr_right,0.340445293,PRNr,right,3282,none,0.340445293,FALSE,PRNr,P,3282_none,PRNr_right
3282_none_PR_left,0.061354602,PR,left,3282,none,0.061354602,FALSE,PR,TH,3282_none,PR_left
3282_none_PR_right,0.193746073,PR,right,3282,none,0.193746073,FALSE,PR,TH,3282_none,PR_right
3282_none_PST_left,0.274553411,PST,left,3282,none,0.274553411,FALSE,PST,HY,3282_none,PST_left
3282_none_PST_right,0.281859299,PST,right,3282,none,0.281859299,FALSE,PST,HY,3282_none,PST_right
3282_none_PVT_left,0.13158793,PVT,left,3282,none,0.13158793,FALSE,PVT,TH,3282_none,PVT_left
3282_none_PVT_right,0.053505792,PVT,right,3282,none,0.053505792,FALSE,PVT,TH,3282_none,PVT_right
3282_none_PVZ_right,0.178177666,PVZ,right,3282,none,0.178177666,FALSE,PVZ,HY,3282_none,PVZ_right
3282_none_P_left,-0.123169488,P,left,3282,none,0,FALSE,P,P,3282_none,P_left
3282_none_P_right,0.23904259,P,right,3282,none,0.23904259,FALSE,P,P,3282_none,P_right
3282_none_Pa4_left,0.515108186,Pa4,left,3282,none,0.515108186,FALSE,Pa4,MB,3282_none,Pa4_left
3282_none_Pa4_right,0.253063716,Pa4,right,3282,none,0.253063716,FALSE,Pa4,MB,3282_none,Pa4_right
3282_none_PeF_left,1.061104091,PeF,left,3282,none,1,FALSE,PeF,HY,3282_none,PeF_left
3282_none_RE_right,0.165798075,RE,right,3282,none,0.165798075,FALSE,RE,TH,3282_none,RE_right
3282_none_RH_left,-0.070723584,RH,left,3282,none,0,FALSE,RH,TH,3282_none,RH_left
3282_none_RH_right,0.588969924,RH,right,3282,none,0.588969924,FALSE,RH,TH,3282_none,RH_right
3282_none_RSPagl_left,1.061556117,RSPagl,left,3282,none,1,FALSE,RSP,Isocortex,3282_none,RSPagl_left
3282_none_RSPagl_right,1.01137492,RSPagl,right,3282,none,1,FALSE,RSP,Isocortex,3282_none,RSPagl_right
3282_none_RSPd_left,1.063615374,RSPd,left,3282,none,1,FALSE,RSP,Isocortex,3282_none,RSPd_left
3282_none_RSPd_right,1.003264257,RSPd,right,3282,none,1,FALSE,RSP,Isocortex,3282_none,RSPd_right
3282_none_RSPv_left,1.061658427,RSPv,left,3282,none,1,FALSE,RSP,Isocortex,3282_none,RSPv_left
3282_none_RT_left,0.70210473,RT,left,3282,none,0.70210473,FALSE,RT,TH,3282_none,RT_left
3282_none_RT_right,0.820051333,RT,right,3282,none,0.820051333,FALSE,RT,TH,3282_none,RT_right
3282_none_SAG_left,0.276843461,SAG,left,3282,none,0.276843461,FALSE,SAG,MB,3282_none,SAG_left
3282_none_SAG_right,0.24953437,SAG,right,3282,none,0.24953437,FALSE,SAG,MB,3282_none,SAG_right
3282_none_SCm_left,0.522186313,SCm,left,3282,none,0.522186313,FALSE,MBmot,MB,3282_none,SCm_left
3282_none_SCm_right,0.465974406,SCm,right,3282,none,0.465974406,FALSE,MBmot,MB,3282_none,SCm_right
3282_none_SCs_left,0.63845153,SCs,left,3282,none,0.63845153,FALSE,MBsen,MB,3282_none,SCs_left
3282_none_SCs_right,0.66206956,SCs,right,3282,none,0.66206956,FALSE,MBsen,MB,3282_none,SCs_right
3282_none_SEZ_left,-0.354555003,SEZ,left,3282,none,0,TRUE,SEZ,VS,3282_none,SEZ_left
3282_none_SEZ_right,-0.432759362,SEZ,right,3282,none,0,TRUE,SEZ,VS,3282_none,SEZ_right
3282_none_SI_left,0.978779239,SI,left,3282,none,0.978779239,FALSE,SI,PAL,3282_none,SI_left
3282_none_SI_right,0.923707503,SI,right,3282,none,0.923707503,FALSE,SI,PAL,3282_none,SI_right
3282_none_SMT_left,0.632644104,SMT,left,3282,none,0.632644104,FALSE,SMT,TH,3282_none,SMT_left
3282_none_SMT_right,0.700527357,SMT,right,3282,none,0.700527357,FALSE,SMT,TH,3282_none,SMT_right
3282_none_SSp-bfd_left,0.998576231,SSp-bfd,left,3282,none,0.998576231,FALSE,SSp,Isocortex,3282_none,SSp-bfd_left
3282_none_SSp-bfd_right,1.115795326,SSp-bfd,right,3282,none,1,FALSE,SSp,Isocortex,3282_none,SSp-bfd_right
3282_none_SSp-m_left,1.156270954,SSp-m,left,3282,none,1,FALSE,SSp,Isocortex,3282_none,SSp-m_left
3282_none_SSp-m_right,1.231740762,SSp-m,right,3282,none,1,FALSE,SSp,Isocortex,3282_none,SSp-m_right
3282_none_SSp-tr_right,-0.7398225,SSp-tr,right,3282,none,0,FALSE,SSp,Isocortex,3282_none,SSp-tr_right
3282_none_SSp-ul_left,1.21131777,SSp-ul,left,3282,none,1,FALSE,SSp,Isocortex,3282_none,SSp-ul_left
3282_none_SSp-ul_right,1.32065503,SSp-ul,right,3282,none,1,FALSE,SSp,Isocortex,3282_none,SSp-ul_right
3282_none_SSs_left,1.07132459,SSs,left,3282,none,1,FALSE,SSs,Isocortex,3282_none,SSs_left
3282_none_SSs_right,1.149600551,SSs,right,3282,none,1,FALSE,SSs,Isocortex,3282_none,SSs_right
3282_none_STN_left,0.232224446,STN,left,3282,none,0.232224446,FALSE,STN,HY,3282_none,STN_left
3282_none_STN_right,0.608882133,STN,right,3282,none,0.608882133,FALSE,STN,HY,3282_none,STN_right
3282_none_STR_left,0.842588227,STR,left,3282,none,0.842588227,FALSE,STR,STR,3282_none,STR_left
3282_none_STR_right,0.815408527,STR,right,3282,none,0.815408527,FALSE,STR,STR,3282_none,STR_right
3282_none_SUB_left,0.913558272,SUB,left,3282,none,0.913558272,FALSE,SUB,HPF,3282_none,SUB_left
3282_none_SUB_right,0.92445538,SUB,right,3282,none,0.92445538,FALSE,SUB,HPF,3282_none,SUB_right
3282_none_Su3_left,-5,Su3,left,3282,none,0,FALSE,Su3,MB,3282_none,Su3_left
3282_none_TEa_left,0.991347378,TEa,left,3282,none,0.991347378,FALSE,TEa,Isocortex,3282_none,TEa_left
3282_none_TEa_right,1.058864846,TEa,right,3282,none,1,FALSE,TEa,Isocortex,3282_none,TEa_right
3282_none_TH_left,0.922667028,TH,left,3282,none,0.922667028,FALSE,TH,TH,3282_none,TH_left
3282_none_TH_right,0.601603987,TH,right,3282,none,0.601603987,FALSE,TH,TH,3282_none,TH_right
3282_none_TRN_left,-0.702277405,TRN,left,3282,none,0,FALSE,TRN,P,3282_none,TRN_left
3282_none_TRN_right,0.401190921,TRN,right,3282,none,0.401190921,FALSE,TRN,P,3282_none,TRN_right
3282_none_TU_left,0.475562968,TU,left,3282,none,0.475562968,FALSE,TU,HY,3282_none,TU_left
3282_none_TU_right,0.718896994,TU,right,3282,none,0.718896994,FALSE,TU,HY,3282_none,TU_right
3282_none_V3_left,-0.252832743,V3,left,3282,none,0,TRUE,V3,VS,3282_none,V3_left
3282_none_V3_right,-3.463477934,V3,right,3282,none,0,TRUE,V3,VS,3282_none,V3_right
3282_none_VAL_left,0.44401879,VAL,left,3282,none,0.44401879,FALSE,VAL,TH,3282_none,VAL_left
3282_none_VAL_right,1.054588507,VAL,right,3282,none,1,FALSE,VAL,TH,3282_none,VAL_right
3282_none_VISC_left,0.706614675,VISC,left,3282,none,0.706614675,FALSE,VISC,Isocortex,3282_none,VISC_left
3282_none_VISC_right,1.034167576,VISC,right,3282,none,1,FALSE,VISC,Isocortex,3282_none,VISC_right
3282_none_VISa_left,1.024112003,VISa,left,3282,none,1,FALSE,VISa,Isocortex,3282_none,VISa_left
3282_none_VISa_right,1.087392588,VISa,right,3282,none,1,FALSE,VISa,Isocortex,3282_none,VISa_right
3282_none_VISam_left,0.992046703,VISam,left,3282,none,0.992046703,FALSE,VISam,Isocortex,3282_none,VISam_left
3282_none_VISam_right,1.059448799,VISam,right,3282,none,1,FALSE,VISam,Isocortex,3282_none,VISam_right
3282_none_VISl_left,1.104544403,VISl,left,3282,none,1,FALSE,VISl,Isocortex,3282_none,VISl_left
3282_none_VISl_right,1.236084662,VISl,right,3282,none,1,FALSE,VISl,Isocortex,3282_none,VISl_right
3282_none_VISp_left,1.133935243,VISp,left,3282,none,1,FALSE,VISp,Isocortex,3282_none,VISp_left
3282_none_VISp_right,1.179634869,VISp,right,3282,none,1,FALSE,VISp,Isocortex,3282_none,VISp_right
3282_none_VISpl_left,0.938604854,VISpl,left,3282,none,0.938604854,FALSE,VISpl,Isocortex,3282_none,VISpl_left
3282_none_VISpl_right,0.959840211,VISpl,right,3282,none,0.959840211,FALSE,VISpl,Isocortex,3282_none,VISpl_right
3282_none_VISpor_left,1.065128465,VISpor,left,3282,none,1,FALSE,VISpor,Isocortex,3282_none,VISpor_left
3282_none_VISpor_right,1.166717521,VISpor,right,3282,none,1,FALSE,VISpor,Isocortex,3282_none,VISpor_right
3282_none_VISrl_left,1.117808308,VISrl,left,3282,none,1,FALSE,VISrl,Isocortex,3282_none,VISrl_left
3282_none_VISrl_right,1.241130919,VISrl,right,3282,none,1,FALSE,VISrl,Isocortex,3282_none,VISrl_right
3282_none_VL_left,-0.190339821,VL,left,3282,none,0,TRUE,VL,VS,3282_none,VL_left
3282_none_VL_right,-0.334417504,VL,right,3282,none,0,TRUE,VL,VS,3282_none,VL_right
3282_none_VMH_right,0.589433971,VMH,right,3282,none,0.589433971,FALSE,VMH,HY,3282_none,VMH_right
3282_none_VM_left,0.636750973,VM,left,3282,none,0.636750973,FALSE,VM,TH,3282_none,VM_left
3282_none_VM_right,0.594062546,VM,right,3282,none,0.594062546,FALSE,VM,TH,3282_none,VM_right
3282_none_VPL_left,0.718731295,VPL,left,3282,none,0.718731295,FALSE,VPL,TH,3282_none,VPL_left
3282_none_VPL_right,0.77803222,VPL,right,3282,none,0.77803222,FALSE,VPL,TH,3282_none,VPL_right
3282_none_VPM_left,0.662079951,VPM,left,3282,none,0.662079951,FALSE,VPM,TH,3282_none,VPM_left
3282_none_VPM_right,0.642533616,VPM,right,3282,none,0.642533616,FALSE,VPM,TH,3282_none,VPM_right
3282_none_VP_left,1.600705586,VP,left,3282,none,1,FALSE,VP,TH,3282_none,VP_left
3282_none_VP_right,1.15594465,VP,right,3282,none,1,FALSE,VP,TH,3282_none,VP_right
3282_none_Xi_right,0.580109833,Xi,right,3282,none,0.580109833,FALSE,Xi,TH,3282_none,Xi_right
3282_none_ZI_left,0.4798706,ZI,left,3282,none,0.4798706,FALSE,ZI,HY,3282_none,ZI_left
3282_none_ZI_right,0.590808356,ZI,right,3282,none,0.590808356,FALSE,ZI,HY,3282_none,ZI_right
3282_none_alv_left,0.607414779,alv,left,3282,none,0.607414779,TRUE,alv,fiber tracts,3282_none,alv_left
3282_none_alv_right,0.881014775,alv,right,3282,none,0.881014775,TRUE,alv,fiber tracts,3282_none,alv_right
3282_none_amc_left,0.817462438,amc,left,3282,none,0.817462438,TRUE,amc,fiber tracts,3282_none,amc_left
3282_none_amc_right,1.029976685,amc,right,3282,none,1,TRUE,amc,fiber tracts,3282_none,amc_right
3282_none_ar_left,0.530206252,ar,left,3282,none,0.530206252,TRUE,ar,fiber tracts,3282_none,ar_left
3282_none_ar_right,0.641645672,ar,right,3282,none,0.641645672,TRUE,ar,fiber tracts,3282_none,ar_right
3282_none_bic_left,0.413839389,bic,left,3282,none,0.413839389,TRUE,bic,fiber tracts,3282_none,bic_left
3282_none_bic_right,0.435120177,bic,right,3282,none,0.435120177,TRUE,bic,fiber tracts,3282_none,bic_right
3282_none_cc_left,0.453509812,cc,left,3282,none,0.453509812,TRUE,cc,fiber tracts,3282_none,cc_left
3282_none_cc_right,0.506005496,cc,right,3282,none,0.506005496,TRUE,cc,fiber tracts,3282_none,cc_right
3282_none_ccg_left,0.621469791,ccg,left,3282,none,0.621469791,TRUE,ccg,fiber tracts,3282_none,ccg_left
3282_none_ccg_right,0.418312203,ccg,right,3282,none,0.418312203,TRUE,ccg,fiber tracts,3282_none,ccg_right
3282_none_chpl_left,-0.450886552,chpl,left,3282,none,0,TRUE,chpl,VS,3282_none,chpl_left
3282_none_chpl_right,-0.816491698,chpl,right,3282,none,0,TRUE,chpl,VS,3282_none,chpl_right
3282_none_cing_left,0.671975644,cing,left,3282,none,0.671975644,TRUE,cing,fiber tracts,3282_none,cing_left
3282_none_cing_right,0.504969667,cing,right,3282,none,0.504969667,TRUE,cing,fiber tracts,3282_none,cing_right
3282_none_cst_right,0.723955123,cst,right,3282,none,0.723955123,TRUE,cst,fiber tracts,3282_none,cst_right
3282_none_dhc_left,0.625146302,dhc,left,3282,none,0.625146302,TRUE,dhc,fiber tracts,3282_none,dhc_left
3282_none_dhc_right,0.756281414,dhc,right,3282,none,0.756281414,TRUE,dhc,fiber tracts,3282_none,dhc_right
3282_none_dscp_right,-0.472179353,dscp,right,3282,none,0,TRUE,dscp,fiber tracts,3282_none,dscp_right
3282_none_ec_left,0.794479824,ec,left,3282,none,0.794479824,TRUE,ec,fiber tracts,3282_none,ec_left
3282_none_ec_right,0.842719984,ec,right,3282,none,0.842719984,TRUE,ec,fiber tracts,3282_none,ec_right
3282_none_em_left,0.991388462,em,left,3282,none,0.991388462,TRUE,em,fiber tracts,3282_none,em_left
3282_none_em_right,0.782091152,em,right,3282,none,0.782091152,TRUE,em,fiber tracts,3282_none,em_right
3282_none_fi_left,0.369984775,fi,left,3282,none,0.369984775,TRUE,fi,fiber tracts,3282_none,fi_left
3282_none_fi_right,0.476872793,fi,right,3282,none,0.476872793,TRUE,fi,fiber tracts,3282_none,fi_right
3282_none_fiber tracts_left,0.517705212,fiber tracts,left,3282,none,0.517705212,TRUE,fiber tracts,fiber tracts,3282_none,fiber tracts_left
3282_none_fiber tracts_right,0.434687175,fiber tracts,right,3282,none,0.434687175,TRUE,fiber tracts,fiber tracts,3282_none,fiber tracts_right
3282_none_fr_left,-0.575544332,fr,left,3282,none,0,TRUE,fr,fiber tracts,3282_none,fr_left
3282_none_fr_right,0.307978042,fr,right,3282,none,0.307978042,TRUE,fr,fiber tracts,3282_none,fr_right
3282_none_fx_left,0.664047602,fx,left,3282,none,0.664047602,TRUE,fx,fiber tracts,3282_none,fx_left
3282_none_fx_right,0.698092721,fx,right,3282,none,0.698092721,TRUE,fx,fiber tracts,3282_none,fx_right
3282_none_hbc_left,0.361360774,hbc,left,3282,none,0.361360774,TRUE,hbc,fiber tracts,3282_none,hbc_left
3282_none_hbc_right,-0.308048209,hbc,right,3282,none,0,TRUE,hbc,fiber tracts,3282_none,hbc_right
3282_none_int_left,0.373230729,int,left,3282,none,0.373230729,TRUE,int,fiber tracts,3282_none,int_left
3282_none_int_right,0.571877844,int,right,3282,none,0.571877844,TRUE,int,fiber tracts,3282_none,int_right
3282_none_ll_left,0.212611229,ll,left,3282,none,0.212611229,TRUE,ll,fiber tracts,3282_none,ll_left
3282_none_ll_right,0.27478471,ll,right,3282,none,0.27478471,TRUE,ll,fiber tracts,3282_none,ll_right
3282_none_lotg_left,0.043713536,lotg,left,3282,none,0.043713536,TRUE,In,fiber tracts,3282_none,lotg_left
3282_none_lotg_right,0.697598198,lotg,right,3282,none,0.697598198,TRUE,In,fiber tracts,3282_none,lotg_right
3282_none_mcp_left,-0.305747918,mcp,left,3282,none,0,TRUE,mcp,fiber tracts,3282_none,mcp_left
3282_none_mcp_right,0.179319651,mcp,right,3282,none,0.179319651,TRUE,mcp,fiber tracts,3282_none,mcp_right
3282_none_ml_right,0.51108433,ml,right,3282,none,0.51108433,TRUE,ml,fiber tracts,3282_none,ml_right
3282_none_mlf_right,-0.388122224,mlf,right,3282,none,0,TRUE,mlf,fiber tracts,3282_none,mlf_right
3282_none_moV_left,0.449694548,moV,left,3282,none,0.449694548,TRUE,moV,fiber tracts,3282_none,moV_left
3282_none_moV_right,0.219044997,moV,right,3282,none,0.219044997,TRUE,moV,fiber tracts,3282_none,moV_right
3282_none_mtg_right,0.152202357,mtg,right,3282,none,0.152202357,TRUE,mtg,fiber tracts,3282_none,mtg_right
3282_none_mtt_left,0.309183547,mtt,left,3282,none,0.309183547,TRUE,mtt,fiber tracts,3282_none,mtt_left
3282_none_mtt_right,0.700828061,mtt,right,3282,none,0.700828061,TRUE,mtt,fiber tracts,3282_none,mtt_right
3282_none_nst_left,0.632428904,nst,left,3282,none,0.632428904,TRUE,nst,fiber tracts,3282_none,nst_left
3282_none_nst_right,0.456894154,nst,right,3282,none,0.456894154,TRUE,nst,fiber tracts,3282_none,nst_right
3282_none_opt_left,0.657293854,opt,left,3282,none,0.657293854,TRUE,opt,fiber tracts,3282_none,opt_left
3282_none_opt_right,0.096329997,opt,right,3282,none,0.096329997,TRUE,opt,fiber tracts,3282_none,opt_right
3282_none_or_left,0.352292178,or,left,3282,none,0.352292178,TRUE,or,fiber tracts,3282_none,or_left
3282_none_or_right,0.517247582,or,right,3282,none,0.517247582,TRUE,or,fiber tracts,3282_none,or_right
3282_none_rust_left,0.114329997,rust,left,3282,none,0.114329997,TRUE,rust,fiber tracts,3282_none,rust_left
3282_none_rust_right,0.372442644,rust,right,3282,none,0.372442644,TRUE,rust,fiber tracts,3282_none,rust_right
3282_none_sV_left,-3.729866645,sV,left,3282,none,0,TRUE,sV,fiber tracts,3282_none,sV_left
3282_none_sV_right,-2.033910315,sV,right,3282,none,0,TRUE,sV,fiber tracts,3282_none,sV_right
3282_none_scp_left,-0.015414473,scp,left,3282,none,0,TRUE,scp,fiber tracts,3282_none,scp_left
3282_none_scp_right,-0.487548836,scp,right,3282,none,0,TRUE,scp,fiber tracts,3282_none,scp_right
3282_none_scwm_left,0.555468654,scwm,left,3282,none,0.555468654,TRUE,scwm,fiber tracts,3282_none,scwm_left
3282_none_scwm_right,0.547426258,scwm,right,3282,none,0.547426258,TRUE,scwm,fiber tracts,3282_none,scwm_right
3282_none_st_left,0.616622645,st,left,3282,none,0.616622645,TRUE,st,fiber tracts,3282_none,st_left
3282_none_st_right,0.634121901,st,right,3282,none,0.634121901,TRUE,st,fiber tracts,3282_none,st_right
3282_none_stc_left,0.957300361,stc,left,3282,none,0.957300361,TRUE,stc,fiber tracts,3282_none,stc_left
3282_none_stc_right,0.993168437,stc,right,3282,none,0.993168437,TRUE,stc,fiber tracts,3282_none,stc_right
3282_none_sup_left,0.286705752,sup,left,3282,none,0.286705752,TRUE,sup,fiber tracts,3282_none,sup_left
3282_none_sup_right,0.282351253,sup,right,3282,none,0.282351253,TRUE,sup,fiber tracts,3282_none,sup_right
3282_none_tspc_left,-0.271036938,tspc,left,3282,none,0,TRUE,tspc,fiber tracts,3282_none,tspc_left
3282_none_tspc_right,0.182299382,tspc,right,3282,none,0.182299382,TRUE,tspc,fiber tracts,3282_none,tspc_right
3286_none_ACAd_left,0.707718732,ACAd,left,3286,none,0.707718732,FALSE,ACA,Isocortex,3286_none,ACAd_left
3286_none_ACAd_right,0.699955117,ACAd,right,3286,none,0.699955117,FALSE,ACA,Isocortex,3286_none,ACAd_right
3286_none_ACAv_left,0.625418808,ACAv,left,3286,none,0.625418808,FALSE,ACA,Isocortex,3286_none,ACAv_left
3286_none_ACAv_right,0.58762984,ACAv,right,3286,none,0.58762984,FALSE,ACA,Isocortex,3286_none,ACAv_right
3286_none_ACB_left,0.600062944,ACB,left,3286,none,0.600062944,FALSE,ACB,STR,3286_none,ACB_left
3286_none_ACB_right,0.611759292,ACB,right,3286,none,0.611759292,FALSE,ACB,STR,3286_none,ACB_right
3286_none_AHN_left,0.672523202,AHN,left,3286,none,0.672523202,FALSE,AHN,HY,3286_none,AHN_left
3286_none_AHN_right,0.423050664,AHN,right,3286,none,0.423050664,FALSE,AHN,HY,3286_none,AHN_right
3286_none_AId_left,0.780312725,AId,left,3286,none,0.780312725,FALSE,AI,Isocortex,3286_none,AId_left
3286_none_AId_right,0.890439734,AId,right,3286,none,0.890439734,FALSE,AI,Isocortex,3286_none,AId_right
3286_none_AIp_left,1.041327458,AIp,left,3286,none,1,FALSE,AI,Isocortex,3286_none,AIp_left
3286_none_AIp_right,0.763317033,AIp,right,3286,none,0.763317033,FALSE,AI,Isocortex,3286_none,AIp_right
3286_none_AIv_left,0.811010298,AIv,left,3286,none,0.811010298,FALSE,AI,Isocortex,3286_none,AIv_left
3286_none_AIv_right,0.853054096,AIv,right,3286,none,0.853054096,FALSE,AI,Isocortex,3286_none,AIv_right
3286_none_APr_left,0.456723578,APr,left,3286,none,0.456723578,FALSE,APr,HPF,3286_none,APr_left
3286_none_APr_right,0.559867493,APr,right,3286,none,0.559867493,FALSE,APr,HPF,3286_none,APr_right
3286_none_AQ_left,-3.469232657,AQ,left,3286,none,0,TRUE,AQ,VS,3286_none,AQ_left
3286_none_AQ_right,-2.021706165,AQ,right,3286,none,0,TRUE,AQ,VS,3286_none,AQ_right
3286_none_ARH_left,0.288599763,ARH,left,3286,none,0.288599763,FALSE,ARH,HY,3286_none,ARH_left
3286_none_ARH_right,-0.111294093,ARH,right,3286,none,0,FALSE,ARH,HY,3286_none,ARH_right
3286_none_AT_left,0.048394092,AT,left,3286,none,0.048394092,FALSE,AT,MB,3286_none,AT_left
3286_none_AT_right,-0.171485179,AT,right,3286,none,0,FALSE,AT,MB,3286_none,AT_right
3286_none_AUDd_left,1.220016887,AUDd,left,3286,none,1,FALSE,AUDd,Isocortex,3286_none,AUDd_left
3286_none_AUDd_right,0.877563149,AUDd,right,3286,none,0.877563149,FALSE,AUDd,Isocortex,3286_none,AUDd_right
3286_none_AUDp_right,1.110298354,AUDp,right,3286,none,1,FALSE,AUDp,Isocortex,3286_none,AUDp_right
3286_none_AUDv_left,1.199745405,AUDv,left,3286,none,1,FALSE,AUDv,Isocortex,3286_none,AUDv_left
3286_none_AUDv_right,0.92270785,AUDv,right,3286,none,0.92270785,FALSE,AUDv,Isocortex,3286_none,AUDv_right
3286_none_BA_left,1.228795419,BA,left,3286,none,1,FALSE,BA,STR,3286_none,BA_left
3286_none_BA_right,1.04907729,BA,right,3286,none,1,FALSE,BA,STR,3286_none,BA_right
3286_none_BLA_left,1.099255359,BLA,left,3286,none,1,FALSE,BLA,CTXsp,3286_none,BLA_left
3286_none_BLA_right,0.971431765,BLA,right,3286,none,0.971431765,FALSE,BLA,CTXsp,3286_none,BLA_right
3286_none_BMA_left,0.984286358,BMA,left,3286,none,0.984286358,FALSE,BMA,CTXsp,3286_none,BMA_left
3286_none_BMA_right,0.992084362,BMA,right,3286,none,0.992084362,FALSE,BMA,CTXsp,3286_none,BMA_right
3286_none_CA1_left,0.905160846,CA1,left,3286,none,0.905160846,FALSE,CA1,HPF,3286_none,CA1_left
3286_none_CA1_right,0.84654295,CA1,right,3286,none,0.84654295,FALSE,CA1,HPF,3286_none,CA1_right
3286_none_CA2_left,1.039221272,CA2,left,3286,none,1,FALSE,CA2,HPF,3286_none,CA2_left
3286_none_CA2_right,0.783659819,CA2,right,3286,none,0.783659819,FALSE,CA2,HPF,3286_none,CA2_right
3286_none_CA3_left,0.802753933,CA3,left,3286,none,0.802753933,FALSE,CA3,HPF,3286_none,CA3_left
3286_none_CA3_right,0.76039083,CA3,right,3286,none,0.76039083,FALSE,CA3,HPF,3286_none,CA3_right
3286_none_CB_left,0.044746986,CB,left,3286,none,0.044746986,FALSE,CB,CB,3286_none,CB_left
3286_none_CB_right,-0.202548483,CB,right,3286,none,0,FALSE,CB,CB,3286_none,CB_right
3286_none_CEA_left,0.916181916,CEA,left,3286,none,0.916181916,FALSE,CEA,STR,3286_none,CEA_left
3286_none_CEA_right,0.835453671,CEA,right,3286,none,0.835453671,FALSE,CEA,STR,3286_none,CEA_right
3286_none_CLA_left,0.644666181,CLA,left,3286,none,0.644666181,FALSE,CLA,CTXsp,3286_none,CLA_left
3286_none_CLA_right,0.58598937,CLA,right,3286,none,0.58598937,FALSE,CLA,CTXsp,3286_none,CLA_right
3286_none_CL_left,0.646492106,CL,left,3286,none,0.646492106,FALSE,CL,TH,3286_none,CL_left
3286_none_CL_right,0.653473765,CL,right,3286,none,0.653473765,FALSE,CL,TH,3286_none,CL_right
3286_none_CM_left,0.449998363,CM,left,3286,none,0.449998363,FALSE,CM,TH,3286_none,CM_left
3286_none_CM_right,0.808571868,CM,right,3286,none,0.808571868,FALSE,CM,TH,3286_none,CM_right
3286_none_COA_left,0.95421282,COA,left,3286,none,0.95421282,FALSE,COA,OLF,3286_none,COA_left
3286_none_COA_right,0.943338785,COA,right,3286,none,0.943338785,FALSE,COA,OLF,3286_none,COA_right
3286_none_COAp_left,0.895117803,COAp,left,3286,none,0.895117803,FALSE,COA,OLF,3286_none,COAp_left
3286_none_COAp_right,0.95258873,COAp,right,3286,none,0.95258873,FALSE,COA,OLF,3286_none,COAp_right
3286_none_CP_left,0.588818839,CP,left,3286,none,0.588818839,FALSE,CP,STR,3286_none,CP_left
3286_none_CP_right,0.547443604,CP,right,3286,none,0.547443604,FALSE,CP,STR,3286_none,CP_right
3286_none_CS_left,0.255887315,CS,left,3286,none,0.255887315,FALSE,CS,P,3286_none,CS_left
3286_none_CS_right,0.414685077,CS,right,3286,none,0.414685077,FALSE,CS,P,3286_none,CS_right
3286_none_CTXsp_left,0.839309451,CTXsp,left,3286,none,0.839309451,FALSE,CTXsp,CTXsp,3286_none,CTXsp_left
3286_none_CTXsp_right,0.954878523,CTXsp,right,3286,none,0.954878523,FALSE,CTXsp,CTXsp,3286_none,CTXsp_right
3286_none_CUN_left,0.196004392,CUN,left,3286,none,0.196004392,FALSE,CUN,MB,3286_none,CUN_left
3286_none_CUN_right,0.363795081,CUN,right,3286,none,0.363795081,FALSE,CUN,MB,3286_none,CUN_right
3286_none_DG_left,0.587786561,DG,left,3286,none,0.587786561,FALSE,DG,HPF,3286_none,DG_left
3286_none_DG_right,0.543695748,DG,right,3286,none,0.543695748,FALSE,DG,HPF,3286_none,DG_right
3286_none_DMH_left,0.530694879,DMH,left,3286,none,0.530694879,FALSE,DMH,HY,3286_none,DMH_left
3286_none_DMH_right,0.414275208,DMH,right,3286,none,0.414275208,FALSE,DMH,HY,3286_none,DMH_right
3286_none_DR_left,0.63184061,DR,left,3286,none,0.63184061,FALSE,DR,MB,3286_none,DR_left
3286_none_DR_right,0.254125976,DR,right,3286,none,0.254125976,FALSE,DR,MB,3286_none,DR_right
3286_none_ECT_left,1.089967852,ECT,left,3286,none,1,FALSE,ECT,Isocortex,3286_none,ECT_left
3286_none_ECT_right,1.003099654,ECT,right,3286,none,1,FALSE,ECT,Isocortex,3286_none,ECT_right
3286_none_ENTl_left,0.994288257,ENTl,left,3286,none,0.994288257,FALSE,ENT,HPF,3286_none,ENTl_left
3286_none_ENTl_right,0.80009307,ENTl,right,3286,none,0.80009307,FALSE,ENT,HPF,3286_none,ENTl_right
3286_none_ENTm_left,0.941590004,ENTm,left,3286,none,0.941590004,FALSE,ENT,HPF,3286_none,ENTm_left
3286_none_ENTm_right,0.667039195,ENTm,right,3286,none,0.667039195,FALSE,ENT,HPF,3286_none,ENTm_right
3286_none_EP_left,0.937235377,EP,left,3286,none,0.937235377,FALSE,EP,CTXsp,3286_none,EP_left
3286_none_EP_right,0.748114058,EP,right,3286,none,0.748114058,FALSE,EP,CTXsp,3286_none,EP_right
3286_none_Eth_left,1.017022551,Eth,left,3286,none,1,FALSE,Eth,TH,3286_none,Eth_left
3286_none_Eth_right,0.946057459,Eth,right,3286,none,0.946057459,FALSE,Eth,TH,3286_none,Eth_right
3286_none_FC_left,0.615437482,FC,left,3286,none,0.615437482,FALSE,FC,HPF,3286_none,FC_left
3286_none_FC_right,0.899048245,FC,right,3286,none,0.899048245,FALSE,FC,HPF,3286_none,FC_right
3286_none_GU_left,0.882914642,GU,left,3286,none,0.882914642,FALSE,GU,Isocortex,3286_none,GU_left
3286_none_GU_right,0.909699752,GU,right,3286,none,0.909699752,FALSE,GU,Isocortex,3286_none,GU_right
3286_none_HATA_left,1.115702927,HATA,left,3286,none,1,FALSE,HATA,HPF,3286_none,HATA_left
3286_none_HPF_left,0.15930791,HPF,left,3286,none,0.15930791,FALSE,HPF,HPF,3286_none,HPF_left
3286_none_HPF_right,0.367127132,HPF,right,3286,none,0.367127132,FALSE,HPF,HPF,3286_none,HPF_right
3286_none_HY_left,0.574073402,HY,left,3286,none,0.574073402,FALSE,HY,HY,3286_none,HY_left
3286_none_HY_right,0.513028367,HY,right,3286,none,0.513028367,FALSE,HY,HY,3286_none,HY_right
3286_none_IA_left,1.143691721,IA,left,3286,none,1,FALSE,IA,STR,3286_none,IA_left
3286_none_IA_right,0.902775153,IA,right,3286,none,0.902775153,FALSE,IA,STR,3286_none,IA_right
3286_none_IC_left,0.451945363,IC,left,3286,none,0.451945363,FALSE,IC,MB,3286_none,IC_left
3286_none_IC_right,0.50464446,IC,right,3286,none,0.50464446,FALSE,IC,MB,3286_none,IC_right
3286_none_IG_left,0.186124801,IG,left,3286,none,0.186124801,FALSE,IG,HPF,3286_none,IG_left
3286_none_IG_right,-0.022394685,IG,right,3286,none,0,FALSE,IG,HPF,3286_none,IG_right
3286_none_IMD_left,0.598424709,IMD,left,3286,none,0.598424709,FALSE,IMD,TH,3286_none,IMD_left
3286_none_IMD_right,0.869250723,IMD,right,3286,none,0.869250723,FALSE,IMD,TH,3286_none,IMD_right
3286_none_IV_left,0.437765578,IV,left,3286,none,0.437765578,FALSE,IV,MB,3286_none,IV_left
3286_none_IV_right,0.613664175,IV,right,3286,none,0.613664175,FALSE,IV,MB,3286_none,IV_right
3286_none_In_left,0.617511631,In,left,3286,none,0.617511631,TRUE,In,fiber tracts,3286_none,In_left
3286_none_In_right,0.423466223,In,right,3286,none,0.423466223,TRUE,In,fiber tracts,3286_none,In_right
3286_none_LA_left,1.142061519,LA,left,3286,none,1,FALSE,LA,CTXsp,3286_none,LA_left
3286_none_LA_right,1.060955664,LA,right,3286,none,1,FALSE,LA,CTXsp,3286_none,LA_right
3286_none_LGd_left,0.885193873,LGd,left,3286,none,0.885193873,FALSE,LGd,TH,3286_none,LGd_left
3286_none_LGd_right,0.798052377,LGd,right,3286,none,0.798052377,FALSE,LGd,TH,3286_none,LGd_right
3286_none_LGv_left,0.913705323,LGv,left,3286,none,0.913705323,FALSE,LGv,TH,3286_none,LGv_left
3286_none_LGv_right,0.733226524,LGv,right,3286,none,0.733226524,FALSE,LGv,TH,3286_none,LGv_right
3286_none_LHA_left,0.525974994,LHA,left,3286,none,0.525974994,FALSE,LHA,HY,3286_none,LHA_left
3286_none_LHA_right,0.41996462,LHA,right,3286,none,0.41996462,FALSE,LHA,HY,3286_none,LHA_right
3286_none_LH_left,0.171991455,LH,left,3286,none,0.171991455,FALSE,LH,TH,3286_none,LH_left
3286_none_LH_right,0.245434573,LH,right,3286,none,0.245434573,FALSE,LH,TH,3286_none,LH_right
3286_none_LP_left,0.839256139,LP,left,3286,none,0.839256139,FALSE,LP,TH,3286_none,LP_left
3286_none_LP_right,0.744767815,LP,right,3286,none,0.744767815,FALSE,LP,TH,3286_none,LP_right
3286_none_LS_left,0.802261498,LS,left,3286,none,0.802261498,FALSE,LS,STR,3286_none,LS_left
3286_none_LS_right,0.772600097,LS,right,3286,none,0.772600097,FALSE,LS,STR,3286_none,LS_right
3286_none_MB_left,0.417152176,MB,left,3286,none,0.417152176,FALSE,MB,MB,3286_none,MB_left
3286_none_MB_right,0.286781048,MB,right,3286,none,0.286781048,FALSE,MB,MB,3286_none,MB_right
3286_none_MD_left,0.683892049,MD,left,3286,none,0.683892049,FALSE,MD,TH,3286_none,MD_left
3286_none_MD_right,0.633737576,MD,right,3286,none,0.633737576,FALSE,MD,TH,3286_none,MD_right
3286_none_MEA_left,0.954984154,MEA,left,3286,none,0.954984154,FALSE,MEA,STR,3286_none,MEA_left
3286_none_MEA_right,0.955761619,MEA,right,3286,none,0.955761619,FALSE,MEA,STR,3286_none,MEA_right
3286_none_MEZ_left,-0.26017883,MEZ,left,3286,none,0,FALSE,MEZ,HY,3286_none,MEZ_left
3286_none_MEZ_right,0.351114639,MEZ,right,3286,none,0.351114639,FALSE,MEZ,HY,3286_none,MEZ_right
3286_none_ME_left,-1.303905749,ME,left,3286,none,0,FALSE,ME,HY,3286_none,ME_left
3286_none_ME_right,-1.901550898,ME,right,3286,none,0,FALSE,ME,HY,3286_none,ME_right
3286_none_MH_left,-0.000583844,MH,left,3286,none,0,FALSE,MH,TH,3286_none,MH_left
3286_none_MH_right,0.048871402,MH,right,3286,none,0.048871402,FALSE,MH,TH,3286_none,MH_right
3286_none_MOp_left,0.754300101,MOp,left,3286,none,0.754300101,FALSE,MOp,Isocortex,3286_none,MOp_left
3286_none_MOp_right,0.649643271,MOp,right,3286,none,0.649643271,FALSE,MOp,Isocortex,3286_none,MOp_right
3286_none_MOs_left,0.774314909,MOs,left,3286,none,0.774314909,FALSE,MOs,Isocortex,3286_none,MOs_left
3286_none_MOs_right,0.698916129,MOs,right,3286,none,0.698916129,FALSE,MOs,Isocortex,3286_none,MOs_right
3286_none_MRN_left,0.31290272,MRN,left,3286,none,0.31290272,FALSE,MRN,MB,3286_none,MRN_left
3286_none_MRN_right,0.313474549,MRN,right,3286,none,0.313474549,FALSE,MRN,MB,3286_none,MRN_right
3286_none_MS_left,0.163656649,MS,left,3286,none,0.163656649,FALSE,MS,PAL,3286_none,MS_left
3286_none_MS_right,0.254591183,MS,right,3286,none,0.254591183,FALSE,MS,PAL,3286_none,MS_right
3286_none_NDB_left,0.234558212,NDB,left,3286,none,0.234558212,FALSE,NDB,PAL,3286_none,NDB_left
3286_none_NDB_right,-0.007729996,NDB,right,3286,none,0,FALSE,NDB,PAL,3286_none,NDB_right
3286_none_NLL_left,0.209127526,NLL,left,3286,none,0.209127526,FALSE,NLL,P,3286_none,NLL_left
3286_none_NLL_right,0.183724568,NLL,right,3286,none,0.183724568,FALSE,NLL,P,3286_none,NLL_right
3286_none_OLF_left,0.691005797,OLF,left,3286,none,0.691005797,FALSE,OLF,OLF,3286_none,OLF_left
3286_none_OLF_right,0.763005868,OLF,right,3286,none,0.763005868,FALSE,OLF,OLF,3286_none,OLF_right
3286_none_OT_left,0.488147343,OT,left,3286,none,0.488147343,FALSE,OT,STR,3286_none,OT_left
3286_none_OT_right,0.421815415,OT,right,3286,none,0.421815415,FALSE,OT,STR,3286_none,OT_right
3286_none_PAA_left,1.140234124,PAA,left,3286,none,1,FALSE,PAA,OLF,3286_none,PAA_left
3286_none_PAA_right,0.984740688,PAA,right,3286,none,0.984740688,FALSE,PAA,OLF,3286_none,PAA_right
3286_none_PAG_left,0.158430566,PAG,left,3286,none,0.158430566,FALSE,PAG,MB,3286_none,PAG_left
3286_none_PAG_right,0.245363725,PAG,right,3286,none,0.245363725,FALSE,PAG,MB,3286_none,PAG_right
3286_none_PAL_left,0.451766114,PAL,left,3286,none,0.451766114,FALSE,PAL,PAL,3286_none,PAL_left
3286_none_PAL_right,0.304437403,PAL,right,3286,none,0.304437403,FALSE,PAL,PAL,3286_none,PAL_right
3286_none_PALd_left,0.659711572,PALd,left,3286,none,0.659711572,FALSE,PAL,PAL,3286_none,PALd_left
3286_none_PALd_right,0.382183568,PALd,right,3286,none,0.382183568,FALSE,PAL,PAL,3286_none,PALd_right
3286_none_PAR_left,0.72919111,PAR,left,3286,none,0.72919111,FALSE,PAR,HPF,3286_none,PAR_left
3286_none_PAR_right,0.784595324,PAR,right,3286,none,0.784595324,FALSE,PAR,HPF,3286_none,PAR_right
3286_none_PBG_left,0.287613537,PBG,left,3286,none,0.287613537,FALSE,PBG,MB,3286_none,PBG_left
3286_none_PBG_right,-1.220194019,PBG,right,3286,none,0,FALSE,PBG,MB,3286_none,PBG_right
3286_none_PC5_left,0.171059776,PC5,left,3286,none,0.171059776,FALSE,PC5,P,3286_none,PC5_left
3286_none_PC5_right,0.497407397,PC5,right,3286,none,0.497407397,FALSE,PC5,P,3286_none,PC5_right
3286_none_PCN_left,0.77941008,PCN,left,3286,none,0.77941008,FALSE,PCN,TH,3286_none,PCN_left
3286_none_PCN_right,0.663951544,PCN,right,3286,none,0.663951544,FALSE,PCN,TH,3286_none,PCN_right
3286_none_PERI_left,0.994700569,PERI,left,3286,none,0.994700569,FALSE,PERI,Isocortex,3286_none,PERI_left
3286_none_PERI_right,0.941360077,PERI,right,3286,none,0.941360077,FALSE,PERI,Isocortex,3286_none,PERI_right
3286_none_PG_left,0.478144624,PG,left,3286,none,0.478144624,FALSE,PG,P,3286_none,PG_left
3286_none_PG_right,0.462664262,PG,right,3286,none,0.462664262,FALSE,PG,P,3286_none,PG_right
3286_none_PH_left,0.266298186,PH,left,3286,none,0.266298186,FALSE,PH,HY,3286_none,PH_left
3286_none_PH_right,0.289606724,PH,right,3286,none,0.289606724,FALSE,PH,HY,3286_none,PH_right
3286_none_PIR_left,0.98753901,PIR,left,3286,none,0.98753901,FALSE,PIR,OLF,3286_none,PIR_left
3286_none_PIR_right,0.82869657,PIR,right,3286,none,0.82869657,FALSE,PIR,OLF,3286_none,PIR_right
3286_none_POST_left,0.691864723,POST,left,3286,none,0.691864723,FALSE,POST,HPF,3286_none,POST_left
3286_none_PO_left,1.01442572,PO,left,3286,none,1,FALSE,PO,TH,3286_none,PO_left
3286_none_PO_right,0.956040779,PO,right,3286,none,0.956040779,FALSE,PO,TH,3286_none,PO_right
3286_none_PPN_left,0.327046699,PPN,left,3286,none,0.327046699,FALSE,PPN,MB,3286_none,PPN_left
3286_none_PPN_right,0.325560995,PPN,right,3286,none,0.325560995,FALSE,PPN,MB,3286_none,PPN_right
3286_none_PRE_left,0.802171762,PRE,left,3286,none,0.802171762,FALSE,PRE,HPF,3286_none,PRE_left
3286_none_PRE_right,0.971127188,PRE,right,3286,none,0.971127188,FALSE,PRE,HPF,3286_none,PRE_right
3286_none_PRNr_left,0.416204485,PRNr,left,3286,none,0.416204485,FALSE,PRNr,P,3286_none,PRNr_left
3286_none_PRNr_right,0.342986248,PRNr,right,3286,none,0.342986248,FALSE,PRNr,P,3286_none,PRNr_right
3286_none_PR_left,0.265157228,PR,left,3286,none,0.265157228,FALSE,PR,TH,3286_none,PR_left
3286_none_PR_right,0.652474363,PR,right,3286,none,0.652474363,FALSE,PR,TH,3286_none,PR_right
3286_none_PST_left,0.101734581,PST,left,3286,none,0.101734581,FALSE,PST,HY,3286_none,PST_left
3286_none_PST_right,0.619904325,PST,right,3286,none,0.619904325,FALSE,PST,HY,3286_none,PST_right
3286_none_PSV_right,0.597057084,PSV,right,3286,none,0.597057084,FALSE,PSV,P,3286_none,PSV_right
3286_none_PVT_left,0.027378574,PVT,left,3286,none,0.027378574,FALSE,PVT,TH,3286_none,PVT_left
3286_none_PVT_right,-0.553050578,PVT,right,3286,none,0,FALSE,PVT,TH,3286_none,PVT_right
3286_none_PVZ_left,-0.182052413,PVZ,left,3286,none,0,FALSE,PVZ,HY,3286_none,PVZ_left
3286_none_PVZ_right,0.305535565,PVZ,right,3286,none,0.305535565,FALSE,PVZ,HY,3286_none,PVZ_right
3286_none_P_left,0.265073821,P,left,3286,none,0.265073821,FALSE,P,P,3286_none,P_left
3286_none_P_right,0.371719518,P,right,3286,none,0.371719518,FALSE,P,P,3286_none,P_right
3286_none_Pa4_left,-0.639220824,Pa4,left,3286,none,0,FALSE,Pa4,MB,3286_none,Pa4_left
3286_none_Pa4_right,0.50481033,Pa4,right,3286,none,0.50481033,FALSE,Pa4,MB,3286_none,Pa4_right
3286_none_PeF_left,0.691329962,PeF,left,3286,none,0.691329962,FALSE,PeF,HY,3286_none,PeF_left
3286_none_PeF_right,0.259229928,PeF,right,3286,none,0.259229928,FALSE,PeF,HY,3286_none,PeF_right
3286_none_RE_left,0.507756155,RE,left,3286,none,0.507756155,FALSE,RE,TH,3286_none,RE_left
3286_none_RE_right,0.491679816,RE,right,3286,none,0.491679816,FALSE,RE,TH,3286_none,RE_right
3286_none_RH_left,0.486690842,RH,left,3286,none,0.486690842,FALSE,RH,TH,3286_none,RH_left
3286_none_RH_right,0.37463214,RH,right,3286,none,0.37463214,FALSE,RH,TH,3286_none,RH_right
3286_none_RSPagl_left,0.800357944,RSPagl,left,3286,none,0.800357944,FALSE,RSP,Isocortex,3286_none,RSPagl_left
3286_none_RSPagl_right,0.662549562,RSPagl,right,3286,none,0.662549562,FALSE,RSP,Isocortex,3286_none,RSPagl_right
3286_none_RSPd_left,0.885888781,RSPd,left,3286,none,0.885888781,FALSE,RSP,Isocortex,3286_none,RSPd_left
3286_none_RSPd_right,0.803576988,RSPd,right,3286,none,0.803576988,FALSE,RSP,Isocortex,3286_none,RSPd_right
3286_none_RSPv_left,0.938757668,RSPv,left,3286,none,0.938757668,FALSE,RSP,Isocortex,3286_none,RSPv_left
3286_none_RSPv_right,0.912951221,RSPv,right,3286,none,0.912951221,FALSE,RSP,Isocortex,3286_none,RSPv_right
3286_none_RT_left,0.856947022,RT,left,3286,none,0.856947022,FALSE,RT,TH,3286_none,RT_left
3286_none_RT_right,0.756657692,RT,right,3286,none,0.756657692,FALSE,RT,TH,3286_none,RT_right
3286_none_SAG_left,0.095268147,SAG,left,3286,none,0.095268147,FALSE,SAG,MB,3286_none,SAG_left
3286_none_SAG_right,-0.06829804,SAG,right,3286,none,0,FALSE,SAG,MB,3286_none,SAG_right
3286_none_SCm_left,0.14392223,SCm,left,3286,none,0.14392223,FALSE,MBmot,MB,3286_none,SCm_left
3286_none_SCm_right,0.348900457,SCm,right,3286,none,0.348900457,FALSE,MBmot,MB,3286_none,SCm_right
3286_none_SCs_left,0.216286236,SCs,left,3286,none,0.216286236,FALSE,MBsen,MB,3286_none,SCs_left
3286_none_SCs_right,0.206598442,SCs,right,3286,none,0.206598442,FALSE,MBsen,MB,3286_none,SCs_right
3286_none_SEZ_left,0.272675881,SEZ,left,3286,none,0.272675881,TRUE,SEZ,VS,3286_none,SEZ_left
3286_none_SEZ_right,0.033807393,SEZ,right,3286,none,0.033807393,TRUE,SEZ,VS,3286_none,SEZ_right
3286_none_SH_left,0.885675301,SH,left,3286,none,0.885675301,FALSE,SH,STR,3286_none,SH_left
3286_none_SH_right,0.451012197,SH,right,3286,none,0.451012197,FALSE,SH,STR,3286_none,SH_right
3286_none_SI_left,0.65176978,SI,left,3286,none,0.65176978,FALSE,SI,PAL,3286_none,SI_left
3286_none_SI_right,0.563010354,SI,right,3286,none,0.563010354,FALSE,SI,PAL,3286_none,SI_right
3286_none_SMT_left,0.52051772,SMT,left,3286,none,0.52051772,FALSE,SMT,TH,3286_none,SMT_left
3286_none_SMT_right,0.471507024,SMT,right,3286,none,0.471507024,FALSE,SMT,TH,3286_none,SMT_right
3286_none_SOC_left,0.293881761,SOC,left,3286,none,0.293881761,FALSE,SOC,P,3286_none,SOC_left
3286_none_SOC_right,0.339329251,SOC,right,3286,none,0.339329251,FALSE,SOC,P,3286_none,SOC_right
3286_none_SSp-bfd_left,1.077839402,SSp-bfd,left,3286,none,1,FALSE,SSp,Isocortex,3286_none,SSp-bfd_left
3286_none_SSp-bfd_right,0.763465393,SSp-bfd,right,3286,none,0.763465393,FALSE,SSp,Isocortex,3286_none,SSp-bfd_right
3286_none_SSp-m_left,0.792469157,SSp-m,left,3286,none,0.792469157,FALSE,SSp,Isocortex,3286_none,SSp-m_left
3286_none_SSp-m_right,0.787922476,SSp-m,right,3286,none,0.787922476,FALSE,SSp,Isocortex,3286_none,SSp-m_right
3286_none_SSp-ul_left,0.832137205,SSp-ul,left,3286,none,0.832137205,FALSE,SSp,Isocortex,3286_none,SSp-ul_left
3286_none_SSp-ul_right,0.688501164,SSp-ul,right,3286,none,0.688501164,FALSE,SSp,Isocortex,3286_none,SSp-ul_right
3286_none_SSs_left,1.092906932,SSs,left,3286,none,1,FALSE,SSs,Isocortex,3286_none,SSs_left
3286_none_SSs_right,0.824095079,SSs,right,3286,none,0.824095079,FALSE,SSs,Isocortex,3286_none,SSs_right
3286_none_STN_left,0.342570281,STN,left,3286,none,0.342570281,FALSE,STN,HY,3286_none,STN_left
3286_none_STN_right,0.750431835,STN,right,3286,none,0.750431835,FALSE,STN,HY,3286_none,STN_right
3286_none_STR_left,0.777286342,STR,left,3286,none,0.777286342,FALSE,STR,STR,3286_none,STR_left
3286_none_STR_right,0.721142483,STR,right,3286,none,0.721142483,FALSE,STR,STR,3286_none,STR_right
3286_none_SUB_left,0.751637559,SUB,left,3286,none,0.751637559,FALSE,SUB,HPF,3286_none,SUB_left
3286_none_SUB_right,0.949402539,SUB,right,3286,none,0.949402539,FALSE,SUB,HPF,3286_none,SUB_right
3286_none_TEa_left,1.134360016,TEa,left,3286,none,1,FALSE,TEa,Isocortex,3286_none,TEa_left
3286_none_TEa_right,1.022857719,TEa,right,3286,none,1,FALSE,TEa,Isocortex,3286_none,TEa_right
3286_none_TH_left,0.477092207,TH,left,3286,none,0.477092207,FALSE,TH,TH,3286_none,TH_left
3286_none_TH_right,0.643350696,TH,right,3286,none,0.643350696,FALSE,TH,TH,3286_none,TH_right
3286_none_TRN_left,0.357751118,TRN,left,3286,none,0.357751118,FALSE,TRN,P,3286_none,TRN_left
3286_none_TRN_right,0.390410935,TRN,right,3286,none,0.390410935,FALSE,TRN,P,3286_none,TRN_right
3286_none_TU_left,0.742301172,TU,left,3286,none,0.742301172,FALSE,TU,HY,3286_none,TU_left
3286_none_TU_right,0.770892248,TU,right,3286,none,0.770892248,FALSE,TU,HY,3286_none,TU_right
3286_none_V3_left,-0.751656956,V3,left,3286,none,0,TRUE,V3,VS,3286_none,V3_left
3286_none_V3_right,-0.152370557,V3,right,3286,none,0,TRUE,V3,VS,3286_none,V3_right
3286_none_VAL_left,0.632059895,VAL,left,3286,none,0.632059895,FALSE,VAL,TH,3286_none,VAL_left
3286_none_VAL_right,0.726665773,VAL,right,3286,none,0.726665773,FALSE,VAL,TH,3286_none,VAL_right
3286_none_VISC_left,1.068373679,VISC,left,3286,none,1,FALSE,VISC,Isocortex,3286_none,VISC_left
3286_none_VISC_right,0.780400861,VISC,right,3286,none,0.780400861,FALSE,VISC,Isocortex,3286_none,VISC_right
3286_none_VISa_left,1.073860491,VISa,left,3286,none,1,FALSE,VISa,Isocortex,3286_none,VISa_left
3286_none_VISa_right,0.778176517,VISa,right,3286,none,0.778176517,FALSE,VISa,Isocortex,3286_none,VISa_right
3286_none_VISam_left,1.085566074,VISam,left,3286,none,1,FALSE,VISam,Isocortex,3286_none,VISam_left
3286_none_VISam_right,0.843876372,VISam,right,3286,none,0.843876372,FALSE,VISam,Isocortex,3286_none,VISam_right
3286_none_VISl_left,1.102199992,VISl,left,3286,none,1,FALSE,VISl,Isocortex,3286_none,VISl_left
3286_none_VISl_right,0.51430324,VISl,right,3286,none,0.51430324,FALSE,VISl,Isocortex,3286_none,VISl_right
3286_none_VISp_left,0.649433084,VISp,left,3286,none,0.649433084,FALSE,VISp,Isocortex,3286_none,VISp_left
3286_none_VISp_right,0.42548296,VISp,right,3286,none,0.42548296,FALSE,VISp,Isocortex,3286_none,VISp_right
3286_none_VISpl_left,0.694448383,VISpl,left,3286,none,0.694448383,FALSE,VISpl,Isocortex,3286_none,VISpl_left
3286_none_VISpl_right,0.420733187,VISpl,right,3286,none,0.420733187,FALSE,VISpl,Isocortex,3286_none,VISpl_right
3286_none_VISpor_left,1.049165021,VISpor,left,3286,none,1,FALSE,VISpor,Isocortex,3286_none,VISpor_left
3286_none_VISpor_right,0.580309589,VISpor,right,3286,none,0.580309589,FALSE,VISpor,Isocortex,3286_none,VISpor_right
3286_none_VISrl_left,1.05997532,VISrl,left,3286,none,1,FALSE,VISrl,Isocortex,3286_none,VISrl_left
3286_none_VISrl_right,0.784113609,VISrl,right,3286,none,0.784113609,FALSE,VISrl,Isocortex,3286_none,VISrl_right
3286_none_VL_left,0.193509477,VL,left,3286,none,0.193509477,TRUE,VL,VS,3286_none,VL_left
3286_none_VL_right,0.189948688,VL,right,3286,none,0.189948688,TRUE,VL,VS,3286_none,VL_right
3286_none_VMH_left,0.792731157,VMH,left,3286,none,0.792731157,FALSE,VMH,HY,3286_none,VMH_left
3286_none_VMH_right,0.798669446,VMH,right,3286,none,0.798669446,FALSE,VMH,HY,3286_none,VMH_right
3286_none_VM_left,0.669281861,VM,left,3286,none,0.669281861,FALSE,VM,TH,3286_none,VM_left
3286_none_VM_right,0.513615483,VM,right,3286,none,0.513615483,FALSE,VM,TH,3286_none,VM_right
3286_none_VPL_left,0.633999625,VPL,left,3286,none,0.633999625,FALSE,VPL,TH,3286_none,VPL_left
3286_none_VPL_right,0.768033034,VPL,right,3286,none,0.768033034,FALSE,VPL,TH,3286_none,VPL_right
3286_none_VPM_left,0.801459245,VPM,left,3286,none,0.801459245,FALSE,VPM,TH,3286_none,VPM_left
3286_none_VPM_right,0.637158181,VPM,right,3286,none,0.637158181,FALSE,VPM,TH,3286_none,VPM_right
3286_none_VP_left,0.729389679,VP,left,3286,none,0.729389679,FALSE,VP,TH,3286_none,VP_left
3286_none_VP_right,0.707442238,VP,right,3286,none,0.707442238,FALSE,VP,TH,3286_none,VP_right
3286_none_Xi_left,0.199562603,Xi,left,3286,none,0.199562603,FALSE,Xi,TH,3286_none,Xi_left
3286_none_Xi_right,0.562888834,Xi,right,3286,none,0.562888834,FALSE,Xi,TH,3286_none,Xi_right
3286_none_ZI_left,0.687181753,ZI,left,3286,none,0.687181753,FALSE,ZI,HY,3286_none,ZI_left
3286_none_ZI_right,0.574359155,ZI,right,3286,none,0.574359155,FALSE,ZI,HY,3286_none,ZI_right
3286_none_alv_left,0.650848371,alv,left,3286,none,0.650848371,TRUE,alv,fiber tracts,3286_none,alv_left
3286_none_alv_right,0.501453995,alv,right,3286,none,0.501453995,TRUE,alv,fiber tracts,3286_none,alv_right
3286_none_amc_left,1.046993164,amc,left,3286,none,1,TRUE,amc,fiber tracts,3286_none,amc_left
3286_none_amc_right,0.912965692,amc,right,3286,none,0.912965692,TRUE,amc,fiber tracts,3286_none,amc_right
3286_none_ar_left,0.651546279,ar,left,3286,none,0.651546279,TRUE,ar,fiber tracts,3286_none,ar_left
3286_none_ar_right,0.570374744,ar,right,3286,none,0.570374744,TRUE,ar,fiber tracts,3286_none,ar_right
3286_none_bic_left,0.073153154,bic,left,3286,none,0.073153154,TRUE,bic,fiber tracts,3286_none,bic_left
3286_none_bic_right,-0.054532328,bic,right,3286,none,0,TRUE,bic,fiber tracts,3286_none,bic_right
3286_none_cc_left,0.46155167,cc,left,3286,none,0.46155167,TRUE,cc,fiber tracts,3286_none,cc_left
3286_none_cc_right,0.403784463,cc,right,3286,none,0.403784463,TRUE,cc,fiber tracts,3286_none,cc_right
3286_none_ccg_left,0.337067991,ccg,left,3286,none,0.337067991,TRUE,ccg,fiber tracts,3286_none,ccg_left
3286_none_ccg_right,0.29550129,ccg,right,3286,none,0.29550129,TRUE,ccg,fiber tracts,3286_none,ccg_right
3286_none_chpl_left,-0.256362638,chpl,left,3286,none,0,TRUE,chpl,VS,3286_none,chpl_left
3286_none_chpl_right,0.192057804,chpl,right,3286,none,0.192057804,TRUE,chpl,VS,3286_none,chpl_right
3286_none_cing_left,0.445702978,cing,left,3286,none,0.445702978,TRUE,cing,fiber tracts,3286_none,cing_left
3286_none_cing_right,0.194997618,cing,right,3286,none,0.194997618,TRUE,cing,fiber tracts,3286_none,cing_right
3286_none_cst_left,0.727528757,cst,left,3286,none,0.727528757,TRUE,cst,fiber tracts,3286_none,cst_left
3286_none_cst_right,0.380351973,cst,right,3286,none,0.380351973,TRUE,cst,fiber tracts,3286_none,cst_right
3286_none_dhc_left,0.636154198,dhc,left,3286,none,0.636154198,TRUE,dhc,fiber tracts,3286_none,dhc_left
3286_none_dhc_right,0.397336987,dhc,right,3286,none,0.397336987,TRUE,dhc,fiber tracts,3286_none,dhc_right
3286_none_dscp_left,-0.356204809,dscp,left,3286,none,0,TRUE,dscp,fiber tracts,3286_none,dscp_left
3286_none_dscp_right,-0.678040807,dscp,right,3286,none,0,TRUE,dscp,fiber tracts,3286_none,dscp_right
3286_none_ec_left,0.554099932,ec,left,3286,none,0.554099932,TRUE,ec,fiber tracts,3286_none,ec_left
3286_none_ec_right,0.536205031,ec,right,3286,none,0.536205031,TRUE,ec,fiber tracts,3286_none,ec_right
3286_none_em_left,0.763238897,em,left,3286,none,0.763238897,TRUE,em,fiber tracts,3286_none,em_left
3286_none_em_right,0.807929642,em,right,3286,none,0.807929642,TRUE,em,fiber tracts,3286_none,em_right
3286_none_fi_left,0.641487106,fi,left,3286,none,0.641487106,TRUE,fi,fiber tracts,3286_none,fi_left
3286_none_fi_right,0.375136802,fi,right,3286,none,0.375136802,TRUE,fi,fiber tracts,3286_none,fi_right
3286_none_fiber tracts_left,0.559826904,fiber tracts,left,3286,none,0.559826904,TRUE,fiber tracts,fiber tracts,3286_none,fiber tracts_left
3286_none_fiber tracts_right,0.460584477,fiber tracts,right,3286,none,0.460584477,TRUE,fiber tracts,fiber tracts,3286_none,fiber tracts_right
3286_none_fr_left,-0.799816318,fr,left,3286,none,0,TRUE,fr,fiber tracts,3286_none,fr_left
3286_none_fr_right,0.098273259,fr,right,3286,none,0.098273259,TRUE,fr,fiber tracts,3286_none,fr_right
3286_none_fx_left,0.489487805,fx,left,3286,none,0.489487805,TRUE,fx,fiber tracts,3286_none,fx_left
3286_none_fx_right,0.326766588,fx,right,3286,none,0.326766588,TRUE,fx,fiber tracts,3286_none,fx_right
3286_none_hbc_left,0.274296772,hbc,left,3286,none,0.274296772,TRUE,hbc,fiber tracts,3286_none,hbc_left
3286_none_hbc_right,0.353007872,hbc,right,3286,none,0.353007872,TRUE,hbc,fiber tracts,3286_none,hbc_right
3286_none_int_left,0.563825024,int,left,3286,none,0.563825024,TRUE,int,fiber tracts,3286_none,int_left
3286_none_int_right,0.361392846,int,right,3286,none,0.361392846,TRUE,int,fiber tracts,3286_none,int_right
3286_none_ll_left,0.295447484,ll,left,3286,none,0.295447484,TRUE,ll,fiber tracts,3286_none,ll_left
3286_none_ll_right,0.134123054,ll,right,3286,none,0.134123054,TRUE,ll,fiber tracts,3286_none,ll_right
3286_none_lotg_left,0.156951567,lotg,left,3286,none,0.156951567,TRUE,In,fiber tracts,3286_none,lotg_left
3286_none_lotg_right,-0.916371929,lotg,right,3286,none,0,TRUE,In,fiber tracts,3286_none,lotg_right
3286_none_mcp_left,0.319288823,mcp,left,3286,none,0.319288823,TRUE,mcp,fiber tracts,3286_none,mcp_left
3286_none_mcp_right,0.343581119,mcp,right,3286,none,0.343581119,TRUE,mcp,fiber tracts,3286_none,mcp_right
3286_none_ml_left,0.734176515,ml,left,3286,none,0.734176515,TRUE,ml,fiber tracts,3286_none,ml_left
3286_none_ml_right,0.409884923,ml,right,3286,none,0.409884923,TRUE,ml,fiber tracts,3286_none,ml_right
3286_none_mlf_left,0.350606777,mlf,left,3286,none,0.350606777,TRUE,mlf,fiber tracts,3286_none,mlf_left
3286_none_mlf_right,0.017424192,mlf,right,3286,none,0.017424192,TRUE,mlf,fiber tracts,3286_none,mlf_right
3286_none_moV_left,0.529748771,moV,left,3286,none,0.529748771,TRUE,moV,fiber tracts,3286_none,moV_left
3286_none_moV_right,0.654880971,moV,right,3286,none,0.654880971,TRUE,moV,fiber tracts,3286_none,moV_right
3286_none_mtg_left,-0.158243039,mtg,left,3286,none,0,TRUE,mtg,fiber tracts,3286_none,mtg_left
3286_none_mtg_right,-1.333715097,mtg,right,3286,none,0,TRUE,mtg,fiber tracts,3286_none,mtg_right
3286_none_mtt_left,0.686922945,mtt,left,3286,none,0.686922945,TRUE,mtt,fiber tracts,3286_none,mtt_left
3286_none_mtt_right,0.63635581,mtt,right,3286,none,0.63635581,TRUE,mtt,fiber tracts,3286_none,mtt_right
3286_none_nst_left,0.734350034,nst,left,3286,none,0.734350034,TRUE,nst,fiber tracts,3286_none,nst_left
3286_none_nst_right,0.662021274,nst,right,3286,none,0.662021274,TRUE,nst,fiber tracts,3286_none,nst_right
3286_none_opt_left,0.219032786,opt,left,3286,none,0.219032786,TRUE,opt,fiber tracts,3286_none,opt_left
3286_none_opt_right,0.23124831,opt,right,3286,none,0.23124831,TRUE,opt,fiber tracts,3286_none,opt_right
3286_none_or_left,0.48463728,or,left,3286,none,0.48463728,TRUE,or,fiber tracts,3286_none,or_left
3286_none_or_right,0.291252343,or,right,3286,none,0.291252343,TRUE,or,fiber tracts,3286_none,or_right
3286_none_rust_left,0.115133476,rust,left,3286,none,0.115133476,TRUE,rust,fiber tracts,3286_none,rust_left
3286_none_rust_right,0.327306099,rust,right,3286,none,0.327306099,TRUE,rust,fiber tracts,3286_none,rust_right
3286_none_sV_left,-0.952239134,sV,left,3286,none,0,TRUE,sV,fiber tracts,3286_none,sV_left
3286_none_sV_right,-0.473467365,sV,right,3286,none,0,TRUE,sV,fiber tracts,3286_none,sV_right
3286_none_scp_left,-0.036588566,scp,left,3286,none,0,TRUE,scp,fiber tracts,3286_none,scp_left
3286_none_scp_right,-0.299095647,scp,right,3286,none,0,TRUE,scp,fiber tracts,3286_none,scp_right
3286_none_sctv_left,0.574240946,sctv,left,3286,none,0.574240946,TRUE,sctv,fiber tracts,3286_none,sctv_left
3286_none_sctv_right,0.39250231,sctv,right,3286,none,0.39250231,TRUE,sctv,fiber tracts,3286_none,sctv_right
3286_none_scwm_left,0.443555662,scwm,left,3286,none,0.443555662,TRUE,scwm,fiber tracts,3286_none,scwm_left
3286_none_scwm_right,0.40765297,scwm,right,3286,none,0.40765297,TRUE,scwm,fiber tracts,3286_none,scwm_right
3286_none_st_left,0.954916993,st,left,3286,none,0.954916993,TRUE,st,fiber tracts,3286_none,st_left
3286_none_st_right,0.839212334,st,right,3286,none,0.839212334,TRUE,st,fiber tracts,3286_none,st_right
3286_none_stc_left,0.705926228,stc,left,3286,none,0.705926228,TRUE,stc,fiber tracts,3286_none,stc_left
3286_none_stc_right,0.739098007,stc,right,3286,none,0.739098007,TRUE,stc,fiber tracts,3286_none,stc_right
3286_none_sup_left,0.800035125,sup,left,3286,none,0.800035125,TRUE,sup,fiber tracts,3286_none,sup_left
3286_none_sup_right,0.235771152,sup,right,3286,none,0.235771152,TRUE,sup,fiber tracts,3286_none,sup_right
3286_none_tspc_left,0.46904862,tspc,left,3286,none,0.46904862,TRUE,tspc,fiber tracts,3286_none,tspc_left
3286_none_tspc_right,0.223521639,tspc,right,3286,none,0.223521639,TRUE,tspc,fiber tracts,3286_none,tspc_right
3311_none_ACAd_left,0.936730932,ACAd,left,3311,none,0.936730932,FALSE,ACA,Isocortex,3311_none,ACAd_left
3311_none_ACAd_right,0.91080452,ACAd,right,3311,none,0.91080452,FALSE,ACA,Isocortex,3311_none,ACAd_right
3311_none_ACAv_left,0.994803101,ACAv,left,3311,none,0.994803101,FALSE,ACA,Isocortex,3311_none,ACAv_left
3311_none_ACAv_right,1.021522608,ACAv,right,3311,none,1,FALSE,ACA,Isocortex,3311_none,ACAv_right
3311_none_ACB_left,0.760326826,ACB,left,3311,none,0.760326826,FALSE,ACB,STR,3311_none,ACB_left
3311_none_ACB_right,0.715294084,ACB,right,3311,none,0.715294084,FALSE,ACB,STR,3311_none,ACB_right
3311_none_AId_left,0.996162037,AId,left,3311,none,0.996162037,FALSE,AI,Isocortex,3311_none,AId_left
3311_none_AId_right,1.050182289,AId,right,3311,none,1,FALSE,AI,Isocortex,3311_none,AId_right
3311_none_AIp_left,0.924597814,AIp,left,3311,none,0.924597814,FALSE,AI,Isocortex,3311_none,AIp_left
3311_none_AIp_right,0.813369613,AIp,right,3311,none,0.813369613,FALSE,AI,Isocortex,3311_none,AIp_right
3311_none_AIv_left,1.032604186,AIv,left,3311,none,1,FALSE,AI,Isocortex,3311_none,AIv_left
3311_none_AIv_right,0.978300475,AIv,right,3311,none,0.978300475,FALSE,AI,Isocortex,3311_none,AIv_right
3311_none_APr_right,0.885352686,APr,right,3311,none,0.885352686,FALSE,APr,HPF,3311_none,APr_right
3311_none_AQ_right,-1.655599728,AQ,right,3311,none,0,TRUE,AQ,VS,3311_none,AQ_right
3311_none_ARH_left,-0.15263384,ARH,left,3311,none,0,FALSE,ARH,HY,3311_none,ARH_left
3311_none_ARH_right,0.092927416,ARH,right,3311,none,0.092927416,FALSE,ARH,HY,3311_none,ARH_right
3311_none_AT_right,0.79759238,AT,right,3311,none,0.79759238,FALSE,AT,MB,3311_none,AT_right
3311_none_AUDd_left,1.100425983,AUDd,left,3311,none,1,FALSE,AUDd,Isocortex,3311_none,AUDd_left
3311_none_AUDd_right,0.899140341,AUDd,right,3311,none,0.899140341,FALSE,AUDd,Isocortex,3311_none,AUDd_right
3311_none_AUDp_left,1.130232733,AUDp,left,3311,none,1,FALSE,AUDp,Isocortex,3311_none,AUDp_left
3311_none_AUDp_right,0.785326162,AUDp,right,3311,none,0.785326162,FALSE,AUDp,Isocortex,3311_none,AUDp_right
3311_none_AUDv_left,0.9820193,AUDv,left,3311,none,0.9820193,FALSE,AUDv,Isocortex,3311_none,AUDv_left
3311_none_AUDv_right,0.923965611,AUDv,right,3311,none,0.923965611,FALSE,AUDv,Isocortex,3311_none,AUDv_right
3311_none_BLA_left,0.958472621,BLA,left,3311,none,0.958472621,FALSE,BLA,CTXsp,3311_none,BLA_left
3311_none_BLA_right,0.869889403,BLA,right,3311,none,0.869889403,FALSE,BLA,CTXsp,3311_none,BLA_right
3311_none_BMA_left,0.896547966,BMA,left,3311,none,0.896547966,FALSE,BMA,CTXsp,3311_none,BMA_left
3311_none_BMA_right,0.911117035,BMA,right,3311,none,0.911117035,FALSE,BMA,CTXsp,3311_none,BMA_right
3311_none_CA1_left,0.924705409,CA1,left,3311,none,0.924705409,FALSE,CA1,HPF,3311_none,CA1_left
3311_none_CA1_right,0.898606182,CA1,right,3311,none,0.898606182,FALSE,CA1,HPF,3311_none,CA1_right
3311_none_CA2_left,0.898038191,CA2,left,3311,none,0.898038191,FALSE,CA2,HPF,3311_none,CA2_left
3311_none_CA2_right,0.88253957,CA2,right,3311,none,0.88253957,FALSE,CA2,HPF,3311_none,CA2_right
3311_none_CA3_left,0.819629395,CA3,left,3311,none,0.819629395,FALSE,CA3,HPF,3311_none,CA3_left
3311_none_CA3_right,0.70808456,CA3,right,3311,none,0.70808456,FALSE,CA3,HPF,3311_none,CA3_right
3311_none_CB_right,-0.549748008,CB,right,3311,none,0,FALSE,CB,CB,3311_none,CB_right
3311_none_CEA_left,0.767132472,CEA,left,3311,none,0.767132472,FALSE,CEA,STR,3311_none,CEA_left
3311_none_CEA_right,0.862550621,CEA,right,3311,none,0.862550621,FALSE,CEA,STR,3311_none,CEA_right
3311_none_CLA_left,0.509281222,CLA,left,3311,none,0.509281222,FALSE,CLA,CTXsp,3311_none,CLA_left
3311_none_CLA_right,0.876078685,CLA,right,3311,none,0.876078685,FALSE,CLA,CTXsp,3311_none,CLA_right
3311_none_CL_left,0.577515679,CL,left,3311,none,0.577515679,FALSE,CL,TH,3311_none,CL_left
3311_none_CL_right,0.649648353,CL,right,3311,none,0.649648353,FALSE,CL,TH,3311_none,CL_right
3311_none_CM_left,0.511016057,CM,left,3311,none,0.511016057,FALSE,CM,TH,3311_none,CM_left
3311_none_CM_right,1.042128921,CM,right,3311,none,1,FALSE,CM,TH,3311_none,CM_right
3311_none_COA_left,0.900669475,COA,left,3311,none,0.900669475,FALSE,COA,OLF,3311_none,COA_left
3311_none_COA_right,0.924528541,COA,right,3311,none,0.924528541,FALSE,COA,OLF,3311_none,COA_right
3311_none_COAp_left,0.919300335,COAp,left,3311,none,0.919300335,FALSE,COA,OLF,3311_none,COAp_left
3311_none_COAp_right,0.914088668,COAp,right,3311,none,0.914088668,FALSE,COA,OLF,3311_none,COAp_right
3311_none_CP_left,0.698164161,CP,left,3311,none,0.698164161,FALSE,CP,STR,3311_none,CP_left
3311_none_CP_right,0.67858002,CP,right,3311,none,0.67858002,FALSE,CP,STR,3311_none,CP_right
3311_none_CS_right,0.279106186,CS,right,3311,none,0.279106186,FALSE,CS,P,3311_none,CS_right
3311_none_CTXsp_left,0.913968902,CTXsp,left,3311,none,0.913968902,FALSE,CTXsp,CTXsp,3311_none,CTXsp_left
3311_none_CTXsp_right,0.701372347,CTXsp,right,3311,none,0.701372347,FALSE,CTXsp,CTXsp,3311_none,CTXsp_right
3311_none_DG_left,0.582556881,DG,left,3311,none,0.582556881,FALSE,DG,HPF,3311_none,DG_left
3311_none_DG_right,0.615768397,DG,right,3311,none,0.615768397,FALSE,DG,HPF,3311_none,DG_right
3311_none_DMH_left,0.472484144,DMH,left,3311,none,0.472484144,FALSE,DMH,HY,3311_none,DMH_left
3311_none_DMH_right,0.490535745,DMH,right,3311,none,0.490535745,FALSE,DMH,HY,3311_none,DMH_right
3311_none_DR_right,0.340577229,DR,right,3311,none,0.340577229,FALSE,DR,MB,3311_none,DR_right
3311_none_ECT_left,1.03740092,ECT,left,3311,none,1,FALSE,ECT,Isocortex,3311_none,ECT_left
3311_none_ECT_right,0.892823574,ECT,right,3311,none,0.892823574,FALSE,ECT,Isocortex,3311_none,ECT_right
3311_none_ENTl_left,0.907704992,ENTl,left,3311,none,0.907704992,FALSE,ENT,HPF,3311_none,ENTl_left
3311_none_ENTl_right,1.056472614,ENTl,right,3311,none,1,FALSE,ENT,HPF,3311_none,ENTl_right
3311_none_ENTm_right,1.100079461,ENTm,right,3311,none,1,FALSE,ENT,HPF,3311_none,ENTm_right
3311_none_EP_left,0.863734907,EP,left,3311,none,0.863734907,FALSE,EP,CTXsp,3311_none,EP_left
3311_none_EP_right,0.785093312,EP,right,3311,none,0.785093312,FALSE,EP,CTXsp,3311_none,EP_right
3311_none_Eth_left,0.801866255,Eth,left,3311,none,0.801866255,FALSE,Eth,TH,3311_none,Eth_left
3311_none_Eth_right,0.943646963,Eth,right,3311,none,0.943646963,FALSE,Eth,TH,3311_none,Eth_right
3311_none_FC_left,0.658721728,FC,left,3311,none,0.658721728,FALSE,FC,HPF,3311_none,FC_left
3311_none_FC_right,0.473317726,FC,right,3311,none,0.473317726,FALSE,FC,HPF,3311_none,FC_right
3311_none_GU_left,1.131674571,GU,left,3311,none,1,FALSE,GU,Isocortex,3311_none,GU_left
3311_none_GU_right,1.10545384,GU,right,3311,none,1,FALSE,GU,Isocortex,3311_none,GU_right
3311_none_HATA_right,1.000552387,HATA,right,3311,none,1,FALSE,HATA,HPF,3311_none,HATA_right
3311_none_HPF_left,0.181460396,HPF,left,3311,none,0.181460396,FALSE,HPF,HPF,3311_none,HPF_left
3311_none_HPF_right,0.298340322,HPF,right,3311,none,0.298340322,FALSE,HPF,HPF,3311_none,HPF_right
3311_none_HY_left,0.683528205,HY,left,3311,none,0.683528205,FALSE,HY,HY,3311_none,HY_left
3311_none_HY_right,0.428574005,HY,right,3311,none,0.428574005,FALSE,HY,HY,3311_none,HY_right
3311_none_IA_left,0.857823415,IA,left,3311,none,0.857823415,FALSE,IA,STR,3311_none,IA_left
3311_none_IA_right,0.962863231,IA,right,3311,none,0.962863231,FALSE,IA,STR,3311_none,IA_right
3311_none_IC_right,0.679516807,IC,right,3311,none,0.679516807,FALSE,IC,MB,3311_none,IC_right
3311_none_IG_left,0.534040558,IG,left,3311,none,0.534040558,FALSE,IG,HPF,3311_none,IG_left
3311_none_IG_right,0.686241538,IG,right,3311,none,0.686241538,FALSE,IG,HPF,3311_none,IG_right
3311_none_IMD_left,0.697973993,IMD,left,3311,none,0.697973993,FALSE,IMD,TH,3311_none,IMD_left
3311_none_IMD_right,0.46323227,IMD,right,3311,none,0.46323227,FALSE,IMD,TH,3311_none,IMD_right
3311_none_IV_right,0.675365195,IV,right,3311,none,0.675365195,FALSE,IV,MB,3311_none,IV_right
3311_none_In_left,0.552520635,In,left,3311,none,0.552520635,TRUE,In,fiber tracts,3311_none,In_left
3311_none_In_right,0.486786343,In,right,3311,none,0.486786343,TRUE,In,fiber tracts,3311_none,In_right
3311_none_LA_left,0.997430046,LA,left,3311,none,0.997430046,FALSE,LA,CTXsp,3311_none,LA_left
3311_none_LA_right,0.865092382,LA,right,3311,none,0.865092382,FALSE,LA,CTXsp,3311_none,LA_right
3311_none_LGd_left,0.904998887,LGd,left,3311,none,0.904998887,FALSE,LGd,TH,3311_none,LGd_left
3311_none_LGd_right,0.688838593,LGd,right,3311,none,0.688838593,FALSE,LGd,TH,3311_none,LGd_right
3311_none_LGv_left,0.47999546,LGv,left,3311,none,0.47999546,FALSE,LGv,TH,3311_none,LGv_left
3311_none_LGv_right,0.860054082,LGv,right,3311,none,0.860054082,FALSE,LGv,TH,3311_none,LGv_right
3311_none_LHA_left,0.422858008,LHA,left,3311,none,0.422858008,FALSE,LHA,HY,3311_none,LHA_left
3311_none_LHA_right,0.410678821,LHA,right,3311,none,0.410678821,FALSE,LHA,HY,3311_none,LHA_right
3311_none_LH_left,0.251379747,LH,left,3311,none,0.251379747,FALSE,LH,TH,3311_none,LH_left
3311_none_LH_right,0.274968672,LH,right,3311,none,0.274968672,FALSE,LH,TH,3311_none,LH_right
3311_none_LP_left,0.792224688,LP,left,3311,none,0.792224688,FALSE,LP,TH,3311_none,LP_left
3311_none_LP_right,0.831271876,LP,right,3311,none,0.831271876,FALSE,LP,TH,3311_none,LP_right
3311_none_LS_left,0.946884921,LS,left,3311,none,0.946884921,FALSE,LS,STR,3311_none,LS_left
3311_none_LS_right,0.987978298,LS,right,3311,none,0.987978298,FALSE,LS,STR,3311_none,LS_right
3311_none_MB_right,0.511955438,MB,right,3311,none,0.511955438,FALSE,MB,MB,3311_none,MB_right
3311_none_MD_left,0.748386087,MD,left,3311,none,0.748386087,FALSE,MD,TH,3311_none,MD_left
3311_none_MD_right,0.653139452,MD,right,3311,none,0.653139452,FALSE,MD,TH,3311_none,MD_right
3311_none_MEA_left,0.790438308,MEA,left,3311,none,0.790438308,FALSE,MEA,STR,3311_none,MEA_left
3311_none_MEA_right,0.89840021,MEA,right,3311,none,0.89840021,FALSE,MEA,STR,3311_none,MEA_right
3311_none_ME_left,-2.064952672,ME,left,3311,none,0,FALSE,ME,HY,3311_none,ME_left
3311_none_ME_right,-2.717398396,ME,right,3311,none,0,FALSE,ME,HY,3311_none,ME_right
3311_none_MH_left,0.255291714,MH,left,3311,none,0.255291714,FALSE,MH,TH,3311_none,MH_left
3311_none_MH_right,0.382590286,MH,right,3311,none,0.382590286,FALSE,MH,TH,3311_none,MH_right
3311_none_MOp_left,1.013494678,MOp,left,3311,none,1,FALSE,MOp,Isocortex,3311_none,MOp_left
3311_none_MOp_right,0.996305014,MOp,right,3311,none,0.996305014,FALSE,MOp,Isocortex,3311_none,MOp_right
3311_none_MOs_left,1.00265425,MOs,left,3311,none,1,FALSE,MOs,Isocortex,3311_none,MOs_left
3311_none_MOs_right,0.999987828,MOs,right,3311,none,0.999987828,FALSE,MOs,Isocortex,3311_none,MOs_right
3311_none_MRN_right,0.379142213,MRN,right,3311,none,0.379142213,FALSE,MRN,MB,3311_none,MRN_right
3311_none_MS_left,-0.219543294,MS,left,3311,none,0,FALSE,MS,PAL,3311_none,MS_left
3311_none_MS_right,0.437765114,MS,right,3311,none,0.437765114,FALSE,MS,PAL,3311_none,MS_right
3311_none_NDB_left,0.500586701,NDB,left,3311,none,0.500586701,FALSE,NDB,PAL,3311_none,NDB_left
3311_none_NDB_right,0.465270042,NDB,right,3311,none,0.465270042,FALSE,NDB,PAL,3311_none,NDB_right
3311_none_NLL_right,0.241272986,NLL,right,3311,none,0.241272986,FALSE,NLL,P,3311_none,NLL_right
3311_none_OLF_left,0.767582902,OLF,left,3311,none,0.767582902,FALSE,OLF,OLF,3311_none,OLF_left
3311_none_OLF_right,0.866619031,OLF,right,3311,none,0.866619031,FALSE,OLF,OLF,3311_none,OLF_right
3311_none_OT_left,0.869129689,OT,left,3311,none,0.869129689,FALSE,OT,STR,3311_none,OT_left
3311_none_OT_right,0.849166409,OT,right,3311,none,0.849166409,FALSE,OT,STR,3311_none,OT_right
3311_none_PAA_left,0.968306626,PAA,left,3311,none,0.968306626,FALSE,PAA,OLF,3311_none,PAA_left
3311_none_PAA_right,0.948763302,PAA,right,3311,none,0.948763302,FALSE,PAA,OLF,3311_none,PAA_right
3311_none_PAG_right,0.233928907,PAG,right,3311,none,0.233928907,FALSE,PAG,MB,3311_none,PAG_right
3311_none_PAL_left,0.46905276,PAL,left,3311,none,0.46905276,FALSE,PAL,PAL,3311_none,PAL_left
3311_none_PAL_right,0.503442367,PAL,right,3311,none,0.503442367,FALSE,PAL,PAL,3311_none,PAL_right
3311_none_PALd_left,0.398795281,PALd,left,3311,none,0.398795281,FALSE,PAL,PAL,3311_none,PALd_left
3311_none_PALd_right,0.506006307,PALd,right,3311,none,0.506006307,FALSE,PAL,PAL,3311_none,PALd_right
3311_none_PAR_right,0.917997536,PAR,right,3311,none,0.917997536,FALSE,PAR,HPF,3311_none,PAR_right
3311_none_PBG_right,-0.780385252,PBG,right,3311,none,0,FALSE,PBG,MB,3311_none,PBG_right
3311_none_PCN_left,0.749157429,PCN,left,3311,none,0.749157429,FALSE,PCN,TH,3311_none,PCN_left
3311_none_PCN_right,0.860984851,PCN,right,3311,none,0.860984851,FALSE,PCN,TH,3311_none,PCN_right
3311_none_PERI_left,0.964772703,PERI,left,3311,none,0.964772703,FALSE,PERI,Isocortex,3311_none,PERI_left
3311_none_PERI_right,0.78423057,PERI,right,3311,none,0.78423057,FALSE,PERI,Isocortex,3311_none,PERI_right
3311_none_PG_right,0.624103071,PG,right,3311,none,0.624103071,FALSE,PG,P,3311_none,PG_right
3311_none_PH_left,0.24149189,PH,left,3311,none,0.24149189,FALSE,PH,HY,3311_none,PH_left
3311_none_PH_right,0.002818174,PH,right,3311,none,0.002818174,FALSE,PH,HY,3311_none,PH_right
3311_none_PIR_left,0.999441854,PIR,left,3311,none,0.999441854,FALSE,PIR,OLF,3311_none,PIR_left
3311_none_PIR_right,0.886201871,PIR,right,3311,none,0.886201871,FALSE,PIR,OLF,3311_none,PIR_right
3311_none_POST_right,0.949777768,POST,right,3311,none,0.949777768,FALSE,POST,HPF,3311_none,POST_right
3311_none_PO_left,0.869141577,PO,left,3311,none,0.869141577,FALSE,PO,TH,3311_none,PO_left
3311_none_PO_right,0.86541318,PO,right,3311,none,0.86541318,FALSE,PO,TH,3311_none,PO_right
3311_none_PPN_right,0.298218721,PPN,right,3311,none,0.298218721,FALSE,PPN,MB,3311_none,PPN_right
3311_none_PRE_right,0.885864022,PRE,right,3311,none,0.885864022,FALSE,PRE,HPF,3311_none,PRE_right
3311_none_PRNr_right,0.369558929,PRNr,right,3311,none,0.369558929,FALSE,PRNr,P,3311_none,PRNr_right
3311_none_PR_left,-0.017141107,PR,left,3311,none,0,FALSE,PR,TH,3311_none,PR_left
3311_none_PR_right,-0.064648305,PR,right,3311,none,0,FALSE,PR,TH,3311_none,PR_right
3311_none_PST_left,0.430722992,PST,left,3311,none,0.430722992,FALSE,PST,HY,3311_none,PST_left
3311_none_PST_right,0.62270616,PST,right,3311,none,0.62270616,FALSE,PST,HY,3311_none,PST_right
3311_none_PVT_left,0.187500318,PVT,left,3311,none,0.187500318,FALSE,PVT,TH,3311_none,PVT_left
3311_none_PVT_right,-0.235331567,PVT,right,3311,none,0,FALSE,PVT,TH,3311_none,PVT_right
3311_none_PVZ_left,0.241382445,PVZ,left,3311,none,0.241382445,FALSE,PVZ,HY,3311_none,PVZ_left
3311_none_PVZ_right,0.390452913,PVZ,right,3311,none,0.390452913,FALSE,PVZ,HY,3311_none,PVZ_right
3311_none_P_right,0.135178964,P,right,3311,none,0.135178964,FALSE,P,P,3311_none,P_right
3311_none_Pa4_right,0.378351557,Pa4,right,3311,none,0.378351557,FALSE,Pa4,MB,3311_none,Pa4_right
3311_none_PeF_left,-0.221148677,PeF,left,3311,none,0,FALSE,PeF,HY,3311_none,PeF_left
3311_none_PeF_right,0.595309193,PeF,right,3311,none,0.595309193,FALSE,PeF,HY,3311_none,PeF_right
3311_none_RE_left,0.288077891,RE,left,3311,none,0.288077891,FALSE,RE,TH,3311_none,RE_left
3311_none_RE_right,0.481513946,RE,right,3311,none,0.481513946,FALSE,RE,TH,3311_none,RE_right
3311_none_RH_left,0.41796846,RH,left,3311,none,0.41796846,FALSE,RH,TH,3311_none,RH_left
3311_none_RH_right,0.393322627,RH,right,3311,none,0.393322627,FALSE,RH,TH,3311_none,RH_right
3311_none_RSPagl_left,1.009163991,RSPagl,left,3311,none,1,FALSE,RSP,Isocortex,3311_none,RSPagl_left
3311_none_RSPagl_right,0.941450503,RSPagl,right,3311,none,0.941450503,FALSE,RSP,Isocortex,3311_none,RSPagl_right
3311_none_RSPd_left,0.999767088,RSPd,left,3311,none,0.999767088,FALSE,RSP,Isocortex,3311_none,RSPd_left
3311_none_RSPd_right,0.920562377,RSPd,right,3311,none,0.920562377,FALSE,RSP,Isocortex,3311_none,RSPd_right
3311_none_RSPv_left,1.032294338,RSPv,left,3311,none,1,FALSE,RSP,Isocortex,3311_none,RSPv_left
3311_none_RSPv_right,0.946790705,RSPv,right,3311,none,0.946790705,FALSE,RSP,Isocortex,3311_none,RSPv_right
3311_none_RT_left,0.75825019,RT,left,3311,none,0.75825019,FALSE,RT,TH,3311_none,RT_left
3311_none_RT_right,0.68710182,RT,right,3311,none,0.68710182,FALSE,RT,TH,3311_none,RT_right
3311_none_SAG_right,-0.04148897,SAG,right,3311,none,0,FALSE,SAG,MB,3311_none,SAG_right
3311_none_SCm_right,0.494393865,SCm,right,3311,none,0.494393865,FALSE,MBmot,MB,3311_none,SCm_right
3311_none_SCs_right,0.620020532,SCs,right,3311,none,0.620020532,FALSE,MBsen,MB,3311_none,SCs_right
3311_none_SEZ_left,-0.361923686,SEZ,left,3311,none,0,TRUE,SEZ,VS,3311_none,SEZ_left
3311_none_SEZ_right,-0.114215622,SEZ,right,3311,none,0,TRUE,SEZ,VS,3311_none,SEZ_right
3311_none_SH_left,1.208903089,SH,left,3311,none,1,FALSE,SH,STR,3311_none,SH_left
3311_none_SH_right,0.861447836,SH,right,3311,none,0.861447836,FALSE,SH,STR,3311_none,SH_right
3311_none_SI_left,0.886368633,SI,left,3311,none,0.886368633,FALSE,SI,PAL,3311_none,SI_left
3311_none_SI_right,0.824559025,SI,right,3311,none,0.824559025,FALSE,SI,PAL,3311_none,SI_right
3311_none_SMT_left,0.363081489,SMT,left,3311,none,0.363081489,FALSE,SMT,TH,3311_none,SMT_left
3311_none_SMT_right,0.318744302,SMT,right,3311,none,0.318744302,FALSE,SMT,TH,3311_none,SMT_right
3311_none_SSp-bfd_left,1.085030652,SSp-bfd,left,3311,none,1,FALSE,SSp,Isocortex,3311_none,SSp-bfd_left
3311_none_SSp-bfd_right,0.931420228,SSp-bfd,right,3311,none,0.931420228,FALSE,SSp,Isocortex,3311_none,SSp-bfd_right
3311_none_SSp-m_left,1.061156385,SSp-m,left,3311,none,1,FALSE,SSp,Isocortex,3311_none,SSp-m_left
3311_none_SSp-m_right,1.014879549,SSp-m,right,3311,none,1,FALSE,SSp,Isocortex,3311_none,SSp-m_right
3311_none_SSp-ul_left,1.168928993,SSp-ul,left,3311,none,1,FALSE,SSp,Isocortex,3311_none,SSp-ul_left
3311_none_SSp-ul_right,1.152967923,SSp-ul,right,3311,none,1,FALSE,SSp,Isocortex,3311_none,SSp-ul_right
3311_none_SSs_left,1.142259383,SSs,left,3311,none,1,FALSE,SSs,Isocortex,3311_none,SSs_left
3311_none_SSs_right,0.991002177,SSs,right,3311,none,0.991002177,FALSE,SSs,Isocortex,3311_none,SSs_right
3311_none_STN_left,0.557186196,STN,left,3311,none,0.557186196,FALSE,STN,HY,3311_none,STN_left
3311_none_STN_right,0.151752442,STN,right,3311,none,0.151752442,FALSE,STN,HY,3311_none,STN_right
3311_none_STR_left,0.793762879,STR,left,3311,none,0.793762879,FALSE,STR,STR,3311_none,STR_left
3311_none_STR_right,0.97618279,STR,right,3311,none,0.97618279,FALSE,STR,STR,3311_none,STR_right
3311_none_SUB_right,0.863617269,SUB,right,3311,none,0.863617269,FALSE,SUB,HPF,3311_none,SUB_right
3311_none_TEa_left,1.018830681,TEa,left,3311,none,1,FALSE,TEa,Isocortex,3311_none,TEa_left
3311_none_TEa_right,0.864475566,TEa,right,3311,none,0.864475566,FALSE,TEa,Isocortex,3311_none,TEa_right
3311_none_TH_left,0.376619268,TH,left,3311,none,0.376619268,FALSE,TH,TH,3311_none,TH_left
3311_none_TH_right,0.56139458,TH,right,3311,none,0.56139458,FALSE,TH,TH,3311_none,TH_right
3311_none_TRN_right,0.538155223,TRN,right,3311,none,0.538155223,FALSE,TRN,P,3311_none,TRN_right
3311_none_TU_left,0.694013707,TU,left,3311,none,0.694013707,FALSE,TU,HY,3311_none,TU_left
3311_none_TU_right,0.672217314,TU,right,3311,none,0.672217314,FALSE,TU,HY,3311_none,TU_right
3311_none_V3_left,-0.045537684,V3,left,3311,none,0,TRUE,V3,VS,3311_none,V3_left
3311_none_V3_right,0.068103644,V3,right,3311,none,0.068103644,TRUE,V3,VS,3311_none,V3_right
3311_none_VAL_left,0.307953215,VAL,left,3311,none,0.307953215,FALSE,VAL,TH,3311_none,VAL_left
3311_none_VAL_right,0.01258268,VAL,right,3311,none,0.01258268,FALSE,VAL,TH,3311_none,VAL_right
3311_none_VISC_left,0.50253319,VISC,left,3311,none,0.50253319,FALSE,VISC,Isocortex,3311_none,VISC_left
3311_none_VISC_right,0.783210228,VISC,right,3311,none,0.783210228,FALSE,VISC,Isocortex,3311_none,VISC_right
3311_none_VISa_left,0.961019247,VISa,left,3311,none,0.961019247,FALSE,VISa,Isocortex,3311_none,VISa_left
3311_none_VISa_right,0.901838014,VISa,right,3311,none,0.901838014,FALSE,VISa,Isocortex,3311_none,VISa_right
3311_none_VISam_left,1.006608845,VISam,left,3311,none,1,FALSE,VISam,Isocortex,3311_none,VISam_left
3311_none_VISam_right,0.955722112,VISam,right,3311,none,0.955722112,FALSE,VISam,Isocortex,3311_none,VISam_right
3311_none_VISl_right,1.130706342,VISl,right,3311,none,1,FALSE,VISl,Isocortex,3311_none,VISl_right
3311_none_VISli_right,1.347500326,VISli,right,3311,none,1,FALSE,VISli,Isocortex,3311_none,VISli_right
3311_none_VISp_left,0.990545391,VISp,left,3311,none,0.990545391,FALSE,VISp,Isocortex,3311_none,VISp_left
3311_none_VISp_right,1.140433915,VISp,right,3311,none,1,FALSE,VISp,Isocortex,3311_none,VISp_right
3311_none_VISpl_right,0.935776856,VISpl,right,3311,none,0.935776856,FALSE,VISpl,Isocortex,3311_none,VISpl_right
3311_none_VISpor_right,1.082459731,VISpor,right,3311,none,1,FALSE,VISpor,Isocortex,3311_none,VISpor_right
3311_none_VISrl_left,1.101447039,VISrl,left,3311,none,1,FALSE,VISrl,Isocortex,3311_none,VISrl_left
3311_none_VISrl_right,1.029220007,VISrl,right,3311,none,1,FALSE,VISrl,Isocortex,3311_none,VISrl_right
3311_none_VL_left,0.248018014,VL,left,3311,none,0.248018014,TRUE,VL,VS,3311_none,VL_left
3311_none_VL_right,0.396551076,VL,right,3311,none,0.396551076,TRUE,VL,VS,3311_none,VL_right
3311_none_VMH_left,0.641936559,VMH,left,3311,none,0.641936559,FALSE,VMH,HY,3311_none,VMH_left
3311_none_VMH_right,0.65312815,VMH,right,3311,none,0.65312815,FALSE,VMH,HY,3311_none,VMH_right
3311_none_VM_left,0.593165319,VM,left,3311,none,0.593165319,FALSE,VM,TH,3311_none,VM_left
3311_none_VM_right,0.625623104,VM,right,3311,none,0.625623104,FALSE,VM,TH,3311_none,VM_right
3311_none_VPL_left,0.462030261,VPL,left,3311,none,0.462030261,FALSE,VPL,TH,3311_none,VPL_left
3311_none_VPL_right,0.488608116,VPL,right,3311,none,0.488608116,FALSE,VPL,TH,3311_none,VPL_right
3311_none_VPM_left,0.738667653,VPM,left,3311,none,0.738667653,FALSE,VPM,TH,3311_none,VPM_left
3311_none_VPM_right,0.645683055,VPM,right,3311,none,0.645683055,FALSE,VPM,TH,3311_none,VPM_right
3311_none_VP_left,0.425482764,VP,left,3311,none,0.425482764,FALSE,VP,TH,3311_none,VP_left
3311_none_VP_right,0.308999602,VP,right,3311,none,0.308999602,FALSE,VP,TH,3311_none,VP_right
3311_none_Xi_left,0.193355958,Xi,left,3311,none,0.193355958,FALSE,Xi,TH,3311_none,Xi_left
3311_none_Xi_right,0.394269661,Xi,right,3311,none,0.394269661,FALSE,Xi,TH,3311_none,Xi_right
3311_none_ZI_left,0.623382156,ZI,left,3311,none,0.623382156,FALSE,ZI,HY,3311_none,ZI_left
3311_none_ZI_right,0.447859274,ZI,right,3311,none,0.447859274,FALSE,ZI,HY,3311_none,ZI_right
3311_none_alv_left,0.723954575,alv,left,3311,none,0.723954575,TRUE,alv,fiber tracts,3311_none,alv_left
3311_none_alv_right,0.497160354,alv,right,3311,none,0.497160354,TRUE,alv,fiber tracts,3311_none,alv_right
3311_none_amc_left,0.988899331,amc,left,3311,none,0.988899331,TRUE,amc,fiber tracts,3311_none,amc_left
3311_none_amc_right,0.864648305,amc,right,3311,none,0.864648305,TRUE,amc,fiber tracts,3311_none,amc_right
3311_none_ar_left,0.426151774,ar,left,3311,none,0.426151774,TRUE,ar,fiber tracts,3311_none,ar_left
3311_none_ar_right,0.330886393,ar,right,3311,none,0.330886393,TRUE,ar,fiber tracts,3311_none,ar_right
3311_none_bic_right,0.565729351,bic,right,3311,none,0.565729351,TRUE,bic,fiber tracts,3311_none,bic_right
3311_none_cc_left,0.505509129,cc,left,3311,none,0.505509129,TRUE,cc,fiber tracts,3311_none,cc_left
3311_none_cc_right,0.431191991,cc,right,3311,none,0.431191991,TRUE,cc,fiber tracts,3311_none,cc_right
3311_none_ccg_left,0.400434636,ccg,left,3311,none,0.400434636,TRUE,ccg,fiber tracts,3311_none,ccg_left
3311_none_ccg_right,0.382454898,ccg,right,3311,none,0.382454898,TRUE,ccg,fiber tracts,3311_none,ccg_right
3311_none_chpl_left,0.358452829,chpl,left,3311,none,0.358452829,TRUE,chpl,VS,3311_none,chpl_left
3311_none_chpl_right,-0.030400454,chpl,right,3311,none,0,TRUE,chpl,VS,3311_none,chpl_right
3311_none_cing_left,0.66088081,cing,left,3311,none,0.66088081,TRUE,cing,fiber tracts,3311_none,cing_left
3311_none_cing_right,0.568642005,cing,right,3311,none,0.568642005,TRUE,cing,fiber tracts,3311_none,cing_right
3311_none_cst_right,0.705090879,cst,right,3311,none,0.705090879,TRUE,cst,fiber tracts,3311_none,cst_right
3311_none_dhc_left,0.582911731,dhc,left,3311,none,0.582911731,TRUE,dhc,fiber tracts,3311_none,dhc_left
3311_none_dhc_right,0.535840004,dhc,right,3311,none,0.535840004,TRUE,dhc,fiber tracts,3311_none,dhc_right
3311_none_dscp_right,-0.292700398,dscp,right,3311,none,0,TRUE,dscp,fiber tracts,3311_none,dscp_right
3311_none_ec_left,0.586424847,ec,left,3311,none,0.586424847,TRUE,ec,fiber tracts,3311_none,ec_left
3311_none_ec_right,0.706931424,ec,right,3311,none,0.706931424,TRUE,ec,fiber tracts,3311_none,ec_right
3311_none_em_left,0.21897316,em,left,3311,none,0.21897316,TRUE,em,fiber tracts,3311_none,em_left
3311_none_em_right,0.789686395,em,right,3311,none,0.789686395,TRUE,em,fiber tracts,3311_none,em_right
3311_none_fi_left,0.507294259,fi,left,3311,none,0.507294259,TRUE,fi,fiber tracts,3311_none,fi_left
3311_none_fi_right,0.323303796,fi,right,3311,none,0.323303796,TRUE,fi,fiber tracts,3311_none,fi_right
3311_none_fiber tracts_left,0.472073143,fiber tracts,left,3311,none,0.472073143,TRUE,fiber tracts,fiber tracts,3311_none,fiber tracts_left
3311_none_fiber tracts_right,0.366205699,fiber tracts,right,3311,none,0.366205699,TRUE,fiber tracts,fiber tracts,3311_none,fiber tracts_right
3311_none_fr_left,-0.695573883,fr,left,3311,none,0,TRUE,fr,fiber tracts,3311_none,fr_left
3311_none_fr_right,-0.033389217,fr,right,3311,none,0,TRUE,fr,fiber tracts,3311_none,fr_right
3311_none_fx_left,0.477713667,fx,left,3311,none,0.477713667,TRUE,fx,fiber tracts,3311_none,fx_left
3311_none_fx_right,0.49905884,fx,right,3311,none,0.49905884,TRUE,fx,fiber tracts,3311_none,fx_right
3311_none_hbc_left,0.071230124,hbc,left,3311,none,0.071230124,TRUE,hbc,fiber tracts,3311_none,hbc_left
3311_none_hbc_right,0.269333802,hbc,right,3311,none,0.269333802,TRUE,hbc,fiber tracts,3311_none,hbc_right
3311_none_int_left,0.43142493,int,left,3311,none,0.43142493,TRUE,int,fiber tracts,3311_none,int_left
3311_none_int_right,0.353230306,int,right,3311,none,0.353230306,TRUE,int,fiber tracts,3311_none,int_right
3311_none_ll_right,0.109909757,ll,right,3311,none,0.109909757,TRUE,ll,fiber tracts,3311_none,ll_right
3311_none_lotg_left,0.541300384,lotg,left,3311,none,0.541300384,TRUE,In,fiber tracts,3311_none,lotg_left
3311_none_lotg_right,0.461496237,lotg,right,3311,none,0.461496237,TRUE,In,fiber tracts,3311_none,lotg_right
3311_none_mcp_right,-0.052845721,mcp,right,3311,none,0,TRUE,mcp,fiber tracts,3311_none,mcp_right
3311_none_ml_right,0.778763919,ml,right,3311,none,0.778763919,TRUE,ml,fiber tracts,3311_none,ml_right
3311_none_mlf_right,-0.65536374,mlf,right,3311,none,0,TRUE,mlf,fiber tracts,3311_none,mlf_right
3311_none_moV_right,-0.611534324,moV,right,3311,none,0,TRUE,moV,fiber tracts,3311_none,moV_right
3311_none_mtg_right,-0.268416593,mtg,right,3311,none,0,TRUE,mtg,fiber tracts,3311_none,mtg_right
3311_none_mtt_left,0.321497674,mtt,left,3311,none,0.321497674,TRUE,mtt,fiber tracts,3311_none,mtt_left
3311_none_mtt_right,0.448280317,mtt,right,3311,none,0.448280317,TRUE,mtt,fiber tracts,3311_none,mtt_right
3311_none_nst_left,-0.064711089,nst,left,3311,none,0,TRUE,nst,fiber tracts,3311_none,nst_left
3311_none_nst_right,0.841240033,nst,right,3311,none,0.841240033,TRUE,nst,fiber tracts,3311_none,nst_right
3311_none_opt_left,-0.052897006,opt,left,3311,none,0,TRUE,opt,fiber tracts,3311_none,opt_left
3311_none_opt_right,-0.021299628,opt,right,3311,none,0,TRUE,opt,fiber tracts,3311_none,opt_right
3311_none_or_left,0.515162054,or,left,3311,none,0.515162054,TRUE,or,fiber tracts,3311_none,or_left
3311_none_or_right,0.447725167,or,right,3311,none,0.447725167,TRUE,or,fiber tracts,3311_none,or_right
3311_none_rust_right,0.182395935,rust,right,3311,none,0.182395935,TRUE,rust,fiber tracts,3311_none,rust_right
3311_none_sV_right,-0.636704489,sV,right,3311,none,0,TRUE,sV,fiber tracts,3311_none,sV_right
3311_none_scp_right,-0.421642312,scp,right,3311,none,0,TRUE,scp,fiber tracts,3311_none,scp_right
3311_none_scwm_left,0.582957495,scwm,left,3311,none,0.582957495,TRUE,scwm,fiber tracts,3311_none,scwm_left
3311_none_scwm_right,0.555495484,scwm,right,3311,none,0.555495484,TRUE,scwm,fiber tracts,3311_none,scwm_right
3311_none_st_left,0.565054315,st,left,3311,none,0.565054315,TRUE,st,fiber tracts,3311_none,st_left
3311_none_st_right,0.685786937,st,right,3311,none,0.685786937,TRUE,st,fiber tracts,3311_none,st_right
3311_none_stc_left,0.208419534,stc,left,3311,none,0.208419534,TRUE,stc,fiber tracts,3311_none,stc_left
3311_none_stc_right,0.570896257,stc,right,3311,none,0.570896257,TRUE,stc,fiber tracts,3311_none,stc_right
3311_none_sup_left,-0.054928621,sup,left,3311,none,0,TRUE,sup,fiber tracts,3311_none,sup_left
3311_none_sup_right,0.112412672,sup,right,3311,none,0.112412672,TRUE,sup,fiber tracts,3311_none,sup_right
3311_none_tspc_right,0.236942201,tspc,right,3311,none,0.236942201,TRUE,tspc,fiber tracts,3311_none,tspc_right
3361_none_ACAd_left,0.837189445,ACAd,left,3361,none,0.837189445,FALSE,ACA,Isocortex,3361_none,ACAd_left
3361_none_ACAd_right,0.849866824,ACAd,right,3361,none,0.849866824,FALSE,ACA,Isocortex,3361_none,ACAd_right
3361_none_ACAv_left,0.834135869,ACAv,left,3361,none,0.834135869,FALSE,ACA,Isocortex,3361_none,ACAv_left
3361_none_ACAv_right,0.848762129,ACAv,right,3361,none,0.848762129,FALSE,ACA,Isocortex,3361_none,ACAv_right
3361_none_ACB_left,0.841860559,ACB,left,3361,none,0.841860559,FALSE,ACB,STR,3361_none,ACB_left
3361_none_ACB_right,0.839619077,ACB,right,3361,none,0.839619077,FALSE,ACB,STR,3361_none,ACB_right
3361_none_AId_left,1.077451794,AId,left,3361,none,1,FALSE,AI,Isocortex,3361_none,AId_left
3361_none_AId_right,0.973237135,AId,right,3361,none,0.973237135,FALSE,AI,Isocortex,3361_none,AId_right
3361_none_AIp_left,1.060001079,AIp,left,3361,none,1,FALSE,AI,Isocortex,3361_none,AIp_left
3361_none_AIp_right,1.012512307,AIp,right,3361,none,1,FALSE,AI,Isocortex,3361_none,AIp_right
3361_none_AIv_left,1.226836618,AIv,left,3361,none,1,FALSE,AI,Isocortex,3361_none,AIv_left
3361_none_AIv_right,0.863701642,AIv,right,3361,none,0.863701642,FALSE,AI,Isocortex,3361_none,AIv_right
3361_none_APr_left,0.909897771,APr,left,3361,none,0.909897771,FALSE,APr,HPF,3361_none,APr_left
3361_none_APr_right,0.866466415,APr,right,3361,none,0.866466415,FALSE,APr,HPF,3361_none,APr_right
3361_none_AQ_left,-1.572335657,AQ,left,3361,none,0,TRUE,AQ,VS,3361_none,AQ_left
3361_none_AQ_right,-1.318719715,AQ,right,3361,none,0,TRUE,AQ,VS,3361_none,AQ_right
3361_none_ARH_left,0.365738999,ARH,left,3361,none,0.365738999,FALSE,ARH,HY,3361_none,ARH_left
3361_none_ARH_right,0.10258808,ARH,right,3361,none,0.10258808,FALSE,ARH,HY,3361_none,ARH_right
3361_none_AT_left,0.105777515,AT,left,3361,none,0.105777515,FALSE,AT,MB,3361_none,AT_left
3361_none_AT_right,0.010567608,AT,right,3361,none,0.010567608,FALSE,AT,MB,3361_none,AT_right
3361_none_AUDd_left,1.151603832,AUDd,left,3361,none,1,FALSE,AUDd,Isocortex,3361_none,AUDd_left
3361_none_AUDp_left,1.209092273,AUDp,left,3361,none,1,FALSE,AUDp,Isocortex,3361_none,AUDp_left
3361_none_AUDv_left,1.169149037,AUDv,left,3361,none,1,FALSE,AUDv,Isocortex,3361_none,AUDv_left
3361_none_AVPV_left,0.601435378,AVPV,left,3361,none,0.601435378,FALSE,AVPV,HY,3361_none,AVPV_left
3361_none_AVPV_right,0.617070987,AVPV,right,3361,none,0.617070987,FALSE,AVPV,HY,3361_none,AVPV_right
3361_none_BLA_left,1.162953611,BLA,left,3361,none,1,FALSE,BLA,CTXsp,3361_none,BLA_left
3361_none_BLA_right,1.129510905,BLA,right,3361,none,1,FALSE,BLA,CTXsp,3361_none,BLA_right
3361_none_BMA_left,1.145289449,BMA,left,3361,none,1,FALSE,BMA,CTXsp,3361_none,BMA_left
3361_none_BMA_right,1.066780639,BMA,right,3361,none,1,FALSE,BMA,CTXsp,3361_none,BMA_right
3361_none_CA1_left,0.959824964,CA1,left,3361,none,0.959824964,FALSE,CA1,HPF,3361_none,CA1_left
3361_none_CA1_right,0.883100918,CA1,right,3361,none,0.883100918,FALSE,CA1,HPF,3361_none,CA1_right
3361_none_CA2_left,0.753536021,CA2,left,3361,none,0.753536021,FALSE,CA2,HPF,3361_none,CA2_left
3361_none_CA2_right,0.682950628,CA2,right,3361,none,0.682950628,FALSE,CA2,HPF,3361_none,CA2_right
3361_none_CA3_left,0.762459435,CA3,left,3361,none,0.762459435,FALSE,CA3,HPF,3361_none,CA3_left
3361_none_CA3_right,0.638131418,CA3,right,3361,none,0.638131418,FALSE,CA3,HPF,3361_none,CA3_right
3361_none_CB_left,-1.083311399,CB,left,3361,none,0,FALSE,CB,CB,3361_none,CB_left
3361_none_CB_right,-0.131891185,CB,right,3361,none,0,FALSE,CB,CB,3361_none,CB_right
3361_none_CEA_left,0.937060733,CEA,left,3361,none,0.937060733,FALSE,CEA,STR,3361_none,CEA_left
3361_none_CEA_right,0.93693647,CEA,right,3361,none,0.93693647,FALSE,CEA,STR,3361_none,CEA_right
3361_none_CLA_left,0.973027661,CLA,left,3361,none,0.973027661,FALSE,CLA,CTXsp,3361_none,CLA_left
3361_none_CLA_right,0.919953736,CLA,right,3361,none,0.919953736,FALSE,CLA,CTXsp,3361_none,CLA_right
3361_none_CL_left,0.664599824,CL,left,3361,none,0.664599824,FALSE,CL,TH,3361_none,CL_left
3361_none_CL_right,0.608328816,CL,right,3361,none,0.608328816,FALSE,CL,TH,3361_none,CL_right
3361_none_CM_left,0.452246397,CM,left,3361,none,0.452246397,FALSE,CM,TH,3361_none,CM_left
3361_none_CM_right,0.55073733,CM,right,3361,none,0.55073733,FALSE,CM,TH,3361_none,CM_right
3361_none_COA_left,1.0863513,COA,left,3361,none,1,FALSE,COA,OLF,3361_none,COA_left
3361_none_COA_right,1.003869678,COA,right,3361,none,1,FALSE,COA,OLF,3361_none,COA_right
3361_none_COAp_left,1.146891647,COAp,left,3361,none,1,FALSE,COA,OLF,3361_none,COAp_left
3361_none_CP_left,0.7256946,CP,left,3361,none,0.7256946,FALSE,CP,STR,3361_none,CP_left
3361_none_CP_right,0.672698879,CP,right,3361,none,0.672698879,FALSE,CP,STR,3361_none,CP_right
3361_none_CS_left,0.473794263,CS,left,3361,none,0.473794263,FALSE,CS,P,3361_none,CS_left
3361_none_CS_right,0.330026442,CS,right,3361,none,0.330026442,FALSE,CS,P,3361_none,CS_right
3361_none_CTXsp_left,1.283679723,CTXsp,left,3361,none,1,FALSE,CTXsp,CTXsp,3361_none,CTXsp_left
3361_none_CTXsp_right,1.115004199,CTXsp,right,3361,none,1,FALSE,CTXsp,CTXsp,3361_none,CTXsp_right
3361_none_DG_left,0.660116439,DG,left,3361,none,0.660116439,FALSE,DG,HPF,3361_none,DG_left
3361_none_DG_right,0.631738758,DG,right,3361,none,0.631738758,FALSE,DG,HPF,3361_none,DG_right
3361_none_DMH_left,0.743287265,DMH,left,3361,none,0.743287265,FALSE,DMH,HY,3361_none,DMH_left
3361_none_DMH_right,0.680149847,DMH,right,3361,none,0.680149847,FALSE,DMH,HY,3361_none,DMH_right
3361_none_DR_left,0.670433871,DR,left,3361,none,0.670433871,FALSE,DR,MB,3361_none,DR_left
3361_none_DR_right,0.396230316,DR,right,3361,none,0.396230316,FALSE,DR,MB,3361_none,DR_right
3361_none_ECT_left,1.126628726,ECT,left,3361,none,1,FALSE,ECT,Isocortex,3361_none,ECT_left
3361_none_ECT_right,0.480579641,ECT,right,3361,none,0.480579641,FALSE,ECT,Isocortex,3361_none,ECT_right
3361_none_ENTl_left,1.096105961,ENTl,left,3361,none,1,FALSE,ENT,HPF,3361_none,ENTl_left
3361_none_ENTl_right,1.068856907,ENTl,right,3361,none,1,FALSE,ENT,HPF,3361_none,ENTl_right
3361_none_ENTm_left,1.207981285,ENTm,left,3361,none,1,FALSE,ENT,HPF,3361_none,ENTm_left
3361_none_ENTm_right,1.081550362,ENTm,right,3361,none,1,FALSE,ENT,HPF,3361_none,ENTm_right
3361_none_EP_left,1.103098125,EP,left,3361,none,1,FALSE,EP,CTXsp,3361_none,EP_left
3361_none_EP_right,1.036989094,EP,right,3361,none,1,FALSE,EP,CTXsp,3361_none,EP_right
3361_none_Eth_left,0.382951527,Eth,left,3361,none,0.382951527,FALSE,Eth,TH,3361_none,Eth_left
3361_none_Eth_right,0.840932549,Eth,right,3361,none,0.840932549,FALSE,Eth,TH,3361_none,Eth_right
3361_none_FC_left,0.924215393,FC,left,3361,none,0.924215393,FALSE,FC,HPF,3361_none,FC_left
3361_none_FC_right,0.864213176,FC,right,3361,none,0.864213176,FALSE,FC,HPF,3361_none,FC_right
3361_none_GU_left,1.084632254,GU,left,3361,none,1,FALSE,GU,Isocortex,3361_none,GU_left
3361_none_GU_right,0.958232775,GU,right,3361,none,0.958232775,FALSE,GU,Isocortex,3361_none,GU_right
3361_none_HPF_left,0.743673354,HPF,left,3361,none,0.743673354,FALSE,HPF,HPF,3361_none,HPF_left
3361_none_HPF_right,0.314756795,HPF,right,3361,none,0.314756795,FALSE,HPF,HPF,3361_none,HPF_right
3361_none_HY_left,0.651144174,HY,left,3361,none,0.651144174,FALSE,HY,HY,3361_none,HY_left
3361_none_HY_right,0.743310135,HY,right,3361,none,0.743310135,FALSE,HY,HY,3361_none,HY_right
3361_none_IA_left,1.225714901,IA,left,3361,none,1,FALSE,IA,STR,3361_none,IA_left
3361_none_IA_right,0.971403262,IA,right,3361,none,0.971403262,FALSE,IA,STR,3361_none,IA_right
3361_none_IC_left,0.618387016,IC,left,3361,none,0.618387016,FALSE,IC,MB,3361_none,IC_left
3361_none_IC_right,0.659640314,IC,right,3361,none,0.659640314,FALSE,IC,MB,3361_none,IC_right
3361_none_IG_left,0.274105085,IG,left,3361,none,0.274105085,FALSE,IG,HPF,3361_none,IG_left
3361_none_IG_right,0.5233394,IG,right,3361,none,0.5233394,FALSE,IG,HPF,3361_none,IG_right
3361_none_IIn_left,-5,IIn,left,3361,none,0,TRUE,IIn,fiber tracts,3361_none,IIn_left
3361_none_IIn_right,-5,IIn,right,3361,none,0,TRUE,IIn,fiber tracts,3361_none,IIn_right
3361_none_IMD_left,0.674649648,IMD,left,3361,none,0.674649648,FALSE,IMD,TH,3361_none,IMD_left
3361_none_IMD_right,0.7970089,IMD,right,3361,none,0.7970089,FALSE,IMD,TH,3361_none,IMD_right
3361_none_IV_left,0.103725914,IV,left,3361,none,0.103725914,FALSE,IV,MB,3361_none,IV_left
3361_none_IV_right,0.635943902,IV,right,3361,none,0.635943902,FALSE,IV,MB,3361_none,IV_right
3361_none_In_left,0.39469822,In,left,3361,none,0.39469822,TRUE,In,fiber tracts,3361_none,In_left
3361_none_In_right,0.009486077,In,right,3361,none,0.009486077,TRUE,In,fiber tracts,3361_none,In_right
3361_none_LA_left,1.122791572,LA,left,3361,none,1,FALSE,LA,CTXsp,3361_none,LA_left
3361_none_LA_right,1.054107948,LA,right,3361,none,1,FALSE,LA,CTXsp,3361_none,LA_right
3361_none_LD_left,0.828672789,LD,left,3361,none,0.828672789,FALSE,LD,TH,3361_none,LD_left
3361_none_LD_right,0.725184991,LD,right,3361,none,0.725184991,FALSE,LD,TH,3361_none,LD_right
3361_none_LGd_left,0.723274639,LGd,left,3361,none,0.723274639,FALSE,LGd,TH,3361_none,LGd_left
3361_none_LGd_right,0.691866826,LGd,right,3361,none,0.691866826,FALSE,LGd,TH,3361_none,LGd_right
3361_none_LGv_left,0.643828026,LGv,left,3361,none,0.643828026,FALSE,LGv,TH,3361_none,LGv_left
3361_none_LGv_right,0.913096092,LGv,right,3361,none,0.913096092,FALSE,LGv,TH,3361_none,LGv_right
3361_none_LHA_left,0.458203335,LHA,left,3361,none,0.458203335,FALSE,LHA,HY,3361_none,LHA_left
3361_none_LHA_right,0.433264917,LHA,right,3361,none,0.433264917,FALSE,LHA,HY,3361_none,LHA_right
3361_none_LH_left,0.21356309,LH,left,3361,none,0.21356309,FALSE,LH,TH,3361_none,LH_left
3361_none_LH_right,0.065006659,LH,right,3361,none,0.065006659,FALSE,LH,TH,3361_none,LH_right
3361_none_LPO_left,0.823696534,LPO,left,3361,none,0.823696534,FALSE,LPO,HY,3361_none,LPO_left
3361_none_LPO_right,0.758594836,LPO,right,3361,none,0.758594836,FALSE,LPO,HY,3361_none,LPO_right
3361_none_LP_left,0.78010893,LP,left,3361,none,0.78010893,FALSE,LP,TH,3361_none,LP_left
3361_none_LP_right,0.83934791,LP,right,3361,none,0.83934791,FALSE,LP,TH,3361_none,LP_right
3361_none_LS_left,0.931820599,LS,left,3361,none,0.931820599,FALSE,LS,STR,3361_none,LS_left
3361_none_LS_right,0.954618364,LS,right,3361,none,0.954618364,FALSE,LS,STR,3361_none,LS_right
3361_none_MB_left,0.412829416,MB,left,3361,none,0.412829416,FALSE,MB,MB,3361_none,MB_left
3361_none_MB_right,0.255766455,MB,right,3361,none,0.255766455,FALSE,MB,MB,3361_none,MB_right
3361_none_MD_left,0.632775493,MD,left,3361,none,0.632775493,FALSE,MD,TH,3361_none,MD_left
3361_none_MD_right,0.682769114,MD,right,3361,none,0.682769114,FALSE,MD,TH,3361_none,MD_right
3361_none_MEA_left,1.002218491,MEA,left,3361,none,1,FALSE,MEA,STR,3361_none,MEA_left
3361_none_MEA_right,0.975102703,MEA,right,3361,none,0.975102703,FALSE,MEA,STR,3361_none,MEA_right
3361_none_ME_left,-5,ME,left,3361,none,0,FALSE,ME,HY,3361_none,ME_left
3361_none_ME_right,-5,ME,right,3361,none,0,FALSE,ME,HY,3361_none,ME_right
3361_none_MH_left,-0.469203108,MH,left,3361,none,0,FALSE,MH,TH,3361_none,MH_left
3361_none_MH_right,-0.201556589,MH,right,3361,none,0,FALSE,MH,TH,3361_none,MH_right
3361_none_MOp_left,0.998693045,MOp,left,3361,none,0.998693045,FALSE,MOp,Isocortex,3361_none,MOp_left
3361_none_MOp_right,0.779192858,MOp,right,3361,none,0.779192858,FALSE,MOp,Isocortex,3361_none,MOp_right
3361_none_MOs_left,0.939129564,MOs,left,3361,none,0.939129564,FALSE,MOs,Isocortex,3361_none,MOs_left
3361_none_MOs_right,0.8539622,MOs,right,3361,none,0.8539622,FALSE,MOs,Isocortex,3361_none,MOs_right
3361_none_MRN_left,0.323189203,MRN,left,3361,none,0.323189203,FALSE,MRN,MB,3361_none,MRN_left
3361_none_MRN_right,0.366525836,MRN,right,3361,none,0.366525836,FALSE,MRN,MB,3361_none,MRN_right
3361_none_MS_left,0.219360222,MS,left,3361,none,0.219360222,FALSE,MS,PAL,3361_none,MS_left
3361_none_MS_right,0.583885767,MS,right,3361,none,0.583885767,FALSE,MS,PAL,3361_none,MS_right
3361_none_NDB_left,0.596982925,NDB,left,3361,none,0.596982925,FALSE,NDB,PAL,3361_none,NDB_left
3361_none_NDB_right,0.707532003,NDB,right,3361,none,0.707532003,FALSE,NDB,PAL,3361_none,NDB_right
3361_none_NLL_left,0.261208118,NLL,left,3361,none,0.261208118,FALSE,NLL,P,3361_none,NLL_left
3361_none_NLL_right,0.211206868,NLL,right,3361,none,0.211206868,FALSE,NLL,P,3361_none,NLL_right
3361_none_OLF_left,1.088471005,OLF,left,3361,none,1,FALSE,OLF,OLF,3361_none,OLF_left
3361_none_OLF_right,0.927039062,OLF,right,3361,none,0.927039062,FALSE,OLF,OLF,3361_none,OLF_right
3361_none_OT_left,0.906500375,OT,left,3361,none,0.906500375,FALSE,OT,STR,3361_none,OT_left
3361_none_OT_right,0.960365664,OT,right,3361,none,0.960365664,FALSE,OT,STR,3361_none,OT_right
3361_none_PAA_left,1.179625575,PAA,left,3361,none,1,FALSE,PAA,OLF,3361_none,PAA_left
3361_none_PAA_right,1.058907669,PAA,right,3361,none,1,FALSE,PAA,OLF,3361_none,PAA_right
3361_none_PAG_left,0.34747757,PAG,left,3361,none,0.34747757,FALSE,PAG,MB,3361_none,PAG_left
3361_none_PAG_right,0.329979001,PAG,right,3361,none,0.329979001,FALSE,PAG,MB,3361_none,PAG_right
3361_none_PAL_left,0.510642502,PAL,left,3361,none,0.510642502,FALSE,PAL,PAL,3361_none,PAL_left
3361_none_PAL_right,0.537949858,PAL,right,3361,none,0.537949858,FALSE,PAL,PAL,3361_none,PAL_right
3361_none_PALd_left,0.370785306,PALd,left,3361,none,0.370785306,FALSE,PAL,PAL,3361_none,PALd_left
3361_none_PALd_right,0.54967611,PALd,right,3361,none,0.54967611,FALSE,PAL,PAL,3361_none,PALd_right
3361_none_PAR_left,1.009460993,PAR,left,3361,none,1,FALSE,PAR,HPF,3361_none,PAR_left
3361_none_PAR_right,1.018723732,PAR,right,3361,none,1,FALSE,PAR,HPF,3361_none,PAR_right
3361_none_PBG_left,-0.606616845,PBG,left,3361,none,0,FALSE,PBG,MB,3361_none,PBG_left
3361_none_PBG_right,0.94156909,PBG,right,3361,none,0.94156909,FALSE,PBG,MB,3361_none,PBG_right
3361_none_PCN_left,0.633397455,PCN,left,3361,none,0.633397455,FALSE,PCN,TH,3361_none,PCN_left
3361_none_PCN_right,0.412484199,PCN,right,3361,none,0.412484199,FALSE,PCN,TH,3361_none,PCN_right
3361_none_PERI_left,0.997313226,PERI,left,3361,none,0.997313226,FALSE,PERI,Isocortex,3361_none,PERI_left
3361_none_PERI_right,0.772729926,PERI,right,3361,none,0.772729926,FALSE,PERI,Isocortex,3361_none,PERI_right
3361_none_PG_left,-0.106541568,PG,left,3361,none,0,FALSE,PG,P,3361_none,PG_left
3361_none_PG_right,1.025388977,PG,right,3361,none,1,FALSE,PG,P,3361_none,PG_right
3361_none_PH_left,0.011370599,PH,left,3361,none,0.011370599,FALSE,PH,HY,3361_none,PH_left
3361_none_PIR_left,1.06837721,PIR,left,3361,none,1,FALSE,PIR,OLF,3361_none,PIR_left
3361_none_PIR_right,1.022646241,PIR,right,3361,none,1,FALSE,PIR,OLF,3361_none,PIR_right
3361_none_POST_left,0.856229098,POST,left,3361,none,0.856229098,FALSE,POST,HPF,3361_none,POST_left
3361_none_POST_right,0.831374069,POST,right,3361,none,0.831374069,FALSE,POST,HPF,3361_none,POST_right
3361_none_PO_left,0.851429255,PO,left,3361,none,0.851429255,FALSE,PO,TH,3361_none,PO_left
3361_none_PO_right,0.684806159,PO,right,3361,none,0.684806159,FALSE,PO,TH,3361_none,PO_right
3361_none_PPN_left,0.355319016,PPN,left,3361,none,0.355319016,FALSE,PPN,MB,3361_none,PPN_left
3361_none_PPN_right,0.321520024,PPN,right,3361,none,0.321520024,FALSE,PPN,MB,3361_none,PPN_right
3361_none_PRE_left,0.87835243,PRE,left,3361,none,0.87835243,FALSE,PRE,HPF,3361_none,PRE_left
3361_none_PRE_right,1.01849329,PRE,right,3361,none,1,FALSE,PRE,HPF,3361_none,PRE_right
3361_none_PRNr_left,0.468675569,PRNr,left,3361,none,0.468675569,FALSE,PRNr,P,3361_none,PRNr_left
3361_none_PRNr_right,0.30462666,PRNr,right,3361,none,0.30462666,FALSE,PRNr,P,3361_none,PRNr_right
3361_none_PR_left,0.520644784,PR,left,3361,none,0.520644784,FALSE,PR,TH,3361_none,PR_left
3361_none_PR_right,0.209488267,PR,right,3361,none,0.209488267,FALSE,PR,TH,3361_none,PR_right
3361_none_PST_left,0.497401131,PST,left,3361,none,0.497401131,FALSE,PST,HY,3361_none,PST_left
3361_none_PVT_left,0.327375291,PVT,left,3361,none,0.327375291,FALSE,PVT,TH,3361_none,PVT_left
3361_none_PVT_right,-0.138985976,PVT,right,3361,none,0,FALSE,PVT,TH,3361_none,PVT_right
3361_none_PVZ_left,0.147899477,PVZ,left,3361,none,0.147899477,FALSE,PVZ,HY,3361_none,PVZ_left
3361_none_PVZ_right,0.713362177,PVZ,right,3361,none,0.713362177,FALSE,PVZ,HY,3361_none,PVZ_right
3361_none_P_left,0.090653265,P,left,3361,none,0.090653265,FALSE,P,P,3361_none,P_left
3361_none_P_right,0.227944558,P,right,3361,none,0.227944558,FALSE,P,P,3361_none,P_right
3361_none_Pa4_left,-0.091791924,Pa4,left,3361,none,0,FALSE,Pa4,MB,3361_none,Pa4_left
3361_none_Pa4_right,0.173332102,Pa4,right,3361,none,0.173332102,FALSE,Pa4,MB,3361_none,Pa4_right
3361_none_PeF_left,0.518252761,PeF,left,3361,none,0.518252761,FALSE,PeF,HY,3361_none,PeF_left
3361_none_PeF_right,0.491313313,PeF,right,3361,none,0.491313313,FALSE,PeF,HY,3361_none,PeF_right
3361_none_RE_left,0.582076855,RE,left,3361,none,0.582076855,FALSE,RE,TH,3361_none,RE_left
3361_none_RE_right,0.568925079,RE,right,3361,none,0.568925079,FALSE,RE,TH,3361_none,RE_right
3361_none_RH_left,0.640242527,RH,left,3361,none,0.640242527,FALSE,RH,TH,3361_none,RH_left
3361_none_RH_right,0.542018565,RH,right,3361,none,0.542018565,FALSE,RH,TH,3361_none,RH_right
3361_none_RSPagl_left,1.033102186,RSPagl,left,3361,none,1,FALSE,RSP,Isocortex,3361_none,RSPagl_left
3361_none_RSPagl_right,0.932136623,RSPagl,right,3361,none,0.932136623,FALSE,RSP,Isocortex,3361_none,RSPagl_right
3361_none_RSPd_left,1.009542195,RSPd,left,3361,none,1,FALSE,RSP,Isocortex,3361_none,RSPd_left
3361_none_RSPd_right,1.008971731,RSPd,right,3361,none,1,FALSE,RSP,Isocortex,3361_none,RSPd_right
3361_none_RSPv_left,0.891261251,RSPv,left,3361,none,0.891261251,FALSE,RSP,Isocortex,3361_none,RSPv_left
3361_none_RSPv_right,0.961453636,RSPv,right,3361,none,0.961453636,FALSE,RSP,Isocortex,3361_none,RSPv_right
3361_none_RT_left,0.577438948,RT,left,3361,none,0.577438948,FALSE,RT,TH,3361_none,RT_left
3361_none_RT_right,0.691105738,RT,right,3361,none,0.691105738,FALSE,RT,TH,3361_none,RT_right
3361_none_SAG_left,0.337187214,SAG,left,3361,none,0.337187214,FALSE,SAG,MB,3361_none,SAG_left
3361_none_SAG_right,0.009000334,SAG,right,3361,none,0.009000334,FALSE,SAG,MB,3361_none,SAG_right
3361_none_SCm_left,0.477706401,SCm,left,3361,none,0.477706401,FALSE,MBmot,MB,3361_none,SCm_left
3361_none_SCm_right,0.423369204,SCm,right,3361,none,0.423369204,FALSE,MBmot,MB,3361_none,SCm_right
3361_none_SCs_left,0.694107449,SCs,left,3361,none,0.694107449,FALSE,MBsen,MB,3361_none,SCs_left
3361_none_SCs_right,0.619615526,SCs,right,3361,none,0.619615526,FALSE,MBsen,MB,3361_none,SCs_right
3361_none_SEZ_left,-1.027978031,SEZ,left,3361,none,0,TRUE,SEZ,VS,3361_none,SEZ_left
3361_none_SEZ_right,-0.021449314,SEZ,right,3361,none,0,TRUE,SEZ,VS,3361_none,SEZ_right
3361_none_SH_left,0.745112311,SH,left,3361,none,0.745112311,FALSE,SH,STR,3361_none,SH_left
3361_none_SH_right,0.765908236,SH,right,3361,none,0.765908236,FALSE,SH,STR,3361_none,SH_right
3361_none_SI_left,0.950565712,SI,left,3361,none,0.950565712,FALSE,SI,PAL,3361_none,SI_left
3361_none_SI_right,0.887837705,SI,right,3361,none,0.887837705,FALSE,SI,PAL,3361_none,SI_right
3361_none_SMT_left,0.462362391,SMT,left,3361,none,0.462362391,FALSE,SMT,TH,3361_none,SMT_left
3361_none_SMT_right,0.670320637,SMT,right,3361,none,0.670320637,FALSE,SMT,TH,3361_none,SMT_right
3361_none_SSp-bfd_left,1.149705579,SSp-bfd,left,3361,none,1,FALSE,SSp,Isocortex,3361_none,SSp-bfd_left
3361_none_SSp-bfd_right,0.91322323,SSp-bfd,right,3361,none,0.91322323,FALSE,SSp,Isocortex,3361_none,SSp-bfd_right
3361_none_SSp-m_left,1.125458396,SSp-m,left,3361,none,1,FALSE,SSp,Isocortex,3361_none,SSp-m_left
3361_none_SSp-m_right,0.843811325,SSp-m,right,3361,none,0.843811325,FALSE,SSp,Isocortex,3361_none,SSp-m_right
3361_none_SSp-tr_left,-0.129202883,SSp-tr,left,3361,none,0,FALSE,SSp,Isocortex,3361_none,SSp-tr_left
3361_none_SSp-tr_right,0.931205357,SSp-tr,right,3361,none,0.931205357,FALSE,SSp,Isocortex,3361_none,SSp-tr_right
3361_none_SSp-ul_left,1.173119718,SSp-ul,left,3361,none,1,FALSE,SSp,Isocortex,3361_none,SSp-ul_left
3361_none_SSp-ul_right,0.945711095,SSp-ul,right,3361,none,0.945711095,FALSE,SSp,Isocortex,3361_none,SSp-ul_right
3361_none_SSp-un_right,-0.435779822,SSp-un,right,3361,none,0,FALSE,SSp,Isocortex,3361_none,SSp-un_right
3361_none_SSs_left,1.148617538,SSs,left,3361,none,1,FALSE,SSs,Isocortex,3361_none,SSs_left
3361_none_SSs_right,0.980070663,SSs,right,3361,none,0.980070663,FALSE,SSs,Isocortex,3361_none,SSs_right
3361_none_STN_left,0.173334864,STN,left,3361,none,0.173334864,FALSE,STN,HY,3361_none,STN_left
3361_none_STR_left,0.92485853,STR,left,3361,none,0.92485853,FALSE,STR,STR,3361_none,STR_left
3361_none_STR_right,0.805577784,STR,right,3361,none,0.805577784,FALSE,STR,STR,3361_none,STR_right
3361_none_SUB_left,1.046824275,SUB,left,3361,none,1,FALSE,SUB,HPF,3361_none,SUB_left
3361_none_SUB_right,0.964118323,SUB,right,3361,none,0.964118323,FALSE,SUB,HPF,3361_none,SUB_right
3361_none_TEa_left,1.146064412,TEa,left,3361,none,1,FALSE,TEa,Isocortex,3361_none,TEa_left
3361_none_TH_left,0.664501689,TH,left,3361,none,0.664501689,FALSE,TH,TH,3361_none,TH_left
3361_none_TH_right,0.511441514,TH,right,3361,none,0.511441514,FALSE,TH,TH,3361_none,TH_right
3361_none_TRN_left,0.63349673,TRN,left,3361,none,0.63349673,FALSE,TRN,P,3361_none,TRN_left
3361_none_TRN_right,0.656605735,TRN,right,3361,none,0.656605735,FALSE,TRN,P,3361_none,TRN_right
3361_none_TU_left,0.933921298,TU,left,3361,none,0.933921298,FALSE,TU,HY,3361_none,TU_left
3361_none_TU_right,0.927730084,TU,right,3361,none,0.927730084,FALSE,TU,HY,3361_none,TU_right
3361_none_V3_left,-1.561367183,V3,left,3361,none,0,TRUE,V3,VS,3361_none,V3_left
3361_none_V3_right,0.12996751,V3,right,3361,none,0.12996751,TRUE,V3,VS,3361_none,V3_right
3361_none_VAL_left,0.7586502,VAL,left,3361,none,0.7586502,FALSE,VAL,TH,3361_none,VAL_left
3361_none_VAL_right,0.526965975,VAL,right,3361,none,0.526965975,FALSE,VAL,TH,3361_none,VAL_right
3361_none_VISC_left,1.003925039,VISC,left,3361,none,1,FALSE,VISC,Isocortex,3361_none,VISC_left
3361_none_VISC_right,1.091401763,VISC,right,3361,none,1,FALSE,VISC,Isocortex,3361_none,VISC_right
3361_none_VISa_left,1.156954318,VISa,left,3361,none,1,FALSE,VISa,Isocortex,3361_none,VISa_left
3361_none_VISa_right,1.013118665,VISa,right,3361,none,1,FALSE,VISa,Isocortex,3361_none,VISa_right
3361_none_VISam_left,1.093472749,VISam,left,3361,none,1,FALSE,VISam,Isocortex,3361_none,VISam_left
3361_none_VISam_right,1.106818706,VISam,right,3361,none,1,FALSE,VISam,Isocortex,3361_none,VISam_right
3361_none_VISl_left,1.044793712,VISl,left,3361,none,1,FALSE,VISl,Isocortex,3361_none,VISl_left
3361_none_VISl_right,0.97493708,VISl,right,3361,none,0.97493708,FALSE,VISl,Isocortex,3361_none,VISl_right
3361_none_VISli_left,0.738274106,VISli,left,3361,none,0.738274106,FALSE,VISli,Isocortex,3361_none,VISli_left
3361_none_VISli_right,0.810694997,VISli,right,3361,none,0.810694997,FALSE,VISli,Isocortex,3361_none,VISli_right
3361_none_VISp_left,0.940590416,VISp,left,3361,none,0.940590416,FALSE,VISp,Isocortex,3361_none,VISp_left
3361_none_VISp_right,0.88820037,VISp,right,3361,none,0.88820037,FALSE,VISp,Isocortex,3361_none,VISp_right
3361_none_VISpl_left,0.889697485,VISpl,left,3361,none,0.889697485,FALSE,VISpl,Isocortex,3361_none,VISpl_left
3361_none_VISpl_right,0.731303949,VISpl,right,3361,none,0.731303949,FALSE,VISpl,Isocortex,3361_none,VISpl_right
3361_none_VISpor_left,1.010791225,VISpor,left,3361,none,1,FALSE,VISpor,Isocortex,3361_none,VISpor_left
3361_none_VISpor_right,1.074991054,VISpor,right,3361,none,1,FALSE,VISpor,Isocortex,3361_none,VISpor_right
3361_none_VISrl_left,1.234423987,VISrl,left,3361,none,1,FALSE,VISrl,Isocortex,3361_none,VISrl_left
3361_none_VL_left,-0.270292339,VL,left,3361,none,0,TRUE,VL,VS,3361_none,VL_left
3361_none_VL_right,-0.656611092,VL,right,3361,none,0,TRUE,VL,VS,3361_none,VL_right
3361_none_VMH_left,0.776427476,VMH,left,3361,none,0.776427476,FALSE,VMH,HY,3361_none,VMH_left
3361_none_VMH_right,0.83626471,VMH,right,3361,none,0.83626471,FALSE,VMH,HY,3361_none,VMH_right
3361_none_VM_left,0.542867941,VM,left,3361,none,0.542867941,FALSE,VM,TH,3361_none,VM_left
3361_none_VM_right,0.555112184,VM,right,3361,none,0.555112184,FALSE,VM,TH,3361_none,VM_right
3361_none_VPL_left,0.534126094,VPL,left,3361,none,0.534126094,FALSE,VPL,TH,3361_none,VPL_left
3361_none_VPL_right,0.408191698,VPL,right,3361,none,0.408191698,FALSE,VPL,TH,3361_none,VPL_right
3361_none_VPM_left,0.548015017,VPM,left,3361,none,0.548015017,FALSE,VPM,TH,3361_none,VPM_left
3361_none_VPM_right,0.553330065,VPM,right,3361,none,0.553330065,FALSE,VPM,TH,3361_none,VPM_right
3361_none_Xi_left,0.430817362,Xi,left,3361,none,0.430817362,FALSE,Xi,TH,3361_none,Xi_left
3361_none_Xi_right,0.814419009,Xi,right,3361,none,0.814419009,FALSE,Xi,TH,3361_none,Xi_right
3361_none_ZI_left,0.527716989,ZI,left,3361,none,0.527716989,FALSE,ZI,HY,3361_none,ZI_left
3361_none_ZI_right,0.44950992,ZI,right,3361,none,0.44950992,FALSE,ZI,HY,3361_none,ZI_right
3361_none_alv_left,0.385261593,alv,left,3361,none,0.385261593,TRUE,alv,fiber tracts,3361_none,alv_left
3361_none_alv_right,0.637967048,alv,right,3361,none,0.637967048,TRUE,alv,fiber tracts,3361_none,alv_right
3361_none_amc_left,1.213242207,amc,left,3361,none,1,TRUE,amc,fiber tracts,3361_none,amc_left
3361_none_amc_right,1.057853595,amc,right,3361,none,1,TRUE,amc,fiber tracts,3361_none,amc_right
3361_none_ar_left,0.417545281,ar,left,3361,none,0.417545281,TRUE,ar,fiber tracts,3361_none,ar_left
3361_none_bic_left,-0.393001604,bic,left,3361,none,0,TRUE,bic,fiber tracts,3361_none,bic_left
3361_none_bic_right,0.215057213,bic,right,3361,none,0.215057213,TRUE,bic,fiber tracts,3361_none,bic_right
3361_none_cc_left,0.4344695,cc,left,3361,none,0.4344695,TRUE,cc,fiber tracts,3361_none,cc_left
3361_none_cc_right,0.08802346,cc,right,3361,none,0.08802346,TRUE,cc,fiber tracts,3361_none,cc_right
3361_none_ccg_left,0.066069263,ccg,left,3361,none,0.066069263,TRUE,ccg,fiber tracts,3361_none,ccg_left
3361_none_ccg_right,0.193968922,ccg,right,3361,none,0.193968922,TRUE,ccg,fiber tracts,3361_none,ccg_right
3361_none_chpl_left,-1.211207828,chpl,left,3361,none,0,TRUE,chpl,VS,3361_none,chpl_left
3361_none_chpl_right,-1.7395409,chpl,right,3361,none,0,TRUE,chpl,VS,3361_none,chpl_right
3361_none_cing_left,0.498777888,cing,left,3361,none,0.498777888,TRUE,cing,fiber tracts,3361_none,cing_left
3361_none_cing_right,0.388504462,cing,right,3361,none,0.388504462,TRUE,cing,fiber tracts,3361_none,cing_right
3361_none_cst_left,0.261978604,cst,left,3361,none,0.261978604,TRUE,cst,fiber tracts,3361_none,cst_left
3361_none_cst_right,0.364165019,cst,right,3361,none,0.364165019,TRUE,cst,fiber tracts,3361_none,cst_right
3361_none_dhc_left,0.11033135,dhc,left,3361,none,0.11033135,TRUE,dhc,fiber tracts,3361_none,dhc_left
3361_none_dhc_right,0.241258365,dhc,right,3361,none,0.241258365,TRUE,dhc,fiber tracts,3361_none,dhc_right
3361_none_dscp_left,-0.241162642,dscp,left,3361,none,0,TRUE,dscp,fiber tracts,3361_none,dscp_left
3361_none_dscp_right,-0.190065609,dscp,right,3361,none,0,TRUE,dscp,fiber tracts,3361_none,dscp_right
3361_none_ec_left,0.976784727,ec,left,3361,none,0.976784727,TRUE,ec,fiber tracts,3361_none,ec_left
3361_none_ec_right,0.661105821,ec,right,3361,none,0.661105821,TRUE,ec,fiber tracts,3361_none,ec_right
3361_none_em_left,0.628629265,em,left,3361,none,0.628629265,TRUE,em,fiber tracts,3361_none,em_left
3361_none_em_right,1.152545016,em,right,3361,none,1,TRUE,em,fiber tracts,3361_none,em_right
3361_none_fi_left,0.453563557,fi,left,3361,none,0.453563557,TRUE,fi,fiber tracts,3361_none,fi_left
3361_none_fi_right,0.111455151,fi,right,3361,none,0.111455151,TRUE,fi,fiber tracts,3361_none,fi_right
3361_none_fiber tracts_left,0.478180063,fiber tracts,left,3361,none,0.478180063,TRUE,fiber tracts,fiber tracts,3361_none,fiber tracts_left
3361_none_fiber tracts_right,0.411817358,fiber tracts,right,3361,none,0.411817358,TRUE,fiber tracts,fiber tracts,3361_none,fiber tracts_right
3361_none_fr_left,0.455165157,fr,left,3361,none,0.455165157,TRUE,fr,fiber tracts,3361_none,fr_left
3361_none_fr_right,-0.116840158,fr,right,3361,none,0,TRUE,fr,fiber tracts,3361_none,fr_right
3361_none_fx_left,0.583579139,fx,left,3361,none,0.583579139,TRUE,fx,fiber tracts,3361_none,fx_left
3361_none_fx_right,0.770495848,fx,right,3361,none,0.770495848,TRUE,fx,fiber tracts,3361_none,fx_right
3361_none_hbc_left,0.00096594,hbc,left,3361,none,0.00096594,TRUE,hbc,fiber tracts,3361_none,hbc_left
3361_none_hbc_right,0.45968696,hbc,right,3361,none,0.45968696,TRUE,hbc,fiber tracts,3361_none,hbc_right
3361_none_int_left,0.330657252,int,left,3361,none,0.330657252,TRUE,int,fiber tracts,3361_none,int_left
3361_none_int_right,-0.00340556,int,right,3361,none,0,TRUE,int,fiber tracts,3361_none,int_right
3361_none_ll_left,-0.126502646,ll,left,3361,none,0,TRUE,ll,fiber tracts,3361_none,ll_left
3361_none_ll_right,0.381947352,ll,right,3361,none,0.381947352,TRUE,ll,fiber tracts,3361_none,ll_right
3361_none_lotg_left,1.104893977,lotg,left,3361,none,1,TRUE,In,fiber tracts,3361_none,lotg_left
3361_none_lotg_right,0.021140616,lotg,right,3361,none,0.021140616,TRUE,In,fiber tracts,3361_none,lotg_right
3361_none_mcp_left,-0.18524689,mcp,left,3361,none,0,TRUE,mcp,fiber tracts,3361_none,mcp_left
3361_none_mcp_right,-0.463881877,mcp,right,3361,none,0,TRUE,mcp,fiber tracts,3361_none,mcp_right
3361_none_ml_left,0.334773563,ml,left,3361,none,0.334773563,TRUE,ml,fiber tracts,3361_none,ml_left
3361_none_ml_right,0.86986934,ml,right,3361,none,0.86986934,TRUE,ml,fiber tracts,3361_none,ml_right
3361_none_mlf_left,-1.14609414,mlf,left,3361,none,0,TRUE,mlf,fiber tracts,3361_none,mlf_left
3361_none_mlf_right,0.086091942,mlf,right,3361,none,0.086091942,TRUE,mlf,fiber tracts,3361_none,mlf_right
3361_none_moV_left,-0.131208126,moV,left,3361,none,0,TRUE,moV,fiber tracts,3361_none,moV_left
3361_none_moV_right,-0.371267902,moV,right,3361,none,0,TRUE,moV,fiber tracts,3361_none,moV_right
3361_none_mtg_left,-1.016031482,mtg,left,3361,none,0,TRUE,mtg,fiber tracts,3361_none,mtg_left
3361_none_mtg_right,-0.480513119,mtg,right,3361,none,0,TRUE,mtg,fiber tracts,3361_none,mtg_right
3361_none_mtt_left,-0.010569836,mtt,left,3361,none,0,TRUE,mtt,fiber tracts,3361_none,mtt_left
3361_none_mtt_right,0.391072342,mtt,right,3361,none,0.391072342,TRUE,mtt,fiber tracts,3361_none,mtt_right
3361_none_nst_left,0.457641021,nst,left,3361,none,0.457641021,TRUE,nst,fiber tracts,3361_none,nst_left
3361_none_nst_right,0.029734366,nst,right,3361,none,0.029734366,TRUE,nst,fiber tracts,3361_none,nst_right
3361_none_opt_left,0.219396807,opt,left,3361,none,0.219396807,TRUE,opt,fiber tracts,3361_none,opt_left
3361_none_opt_right,-0.030028547,opt,right,3361,none,0,TRUE,opt,fiber tracts,3361_none,opt_right
3361_none_or_left,0.471554543,or,left,3361,none,0.471554543,TRUE,or,fiber tracts,3361_none,or_left
3361_none_or_right,0.340467,or,right,3361,none,0.340467,TRUE,or,fiber tracts,3361_none,or_right
3361_none_rust_left,-0.232696779,rust,left,3361,none,0,TRUE,rust,fiber tracts,3361_none,rust_left
3361_none_rust_right,-0.103335822,rust,right,3361,none,0,TRUE,rust,fiber tracts,3361_none,rust_right
3361_none_sV_left,-1.047765439,sV,left,3361,none,0,TRUE,sV,fiber tracts,3361_none,sV_left
3361_none_sV_right,-2.089461475,sV,right,3361,none,0,TRUE,sV,fiber tracts,3361_none,sV_right
3361_none_scp_left,-0.541761717,scp,left,3361,none,0,TRUE,scp,fiber tracts,3361_none,scp_left
3361_none_scp_right,-0.624326093,scp,right,3361,none,0,TRUE,scp,fiber tracts,3361_none,scp_right
3361_none_scwm_left,0.542303998,scwm,left,3361,none,0.542303998,TRUE,scwm,fiber tracts,3361_none,scwm_left
3361_none_scwm_right,0.358611557,scwm,right,3361,none,0.358611557,TRUE,scwm,fiber tracts,3361_none,scwm_right
3361_none_sm_left,0.700095933,sm,left,3361,none,0.700095933,TRUE,sm,fiber tracts,3361_none,sm_left
3361_none_sm_right,-1.576432965,sm,right,3361,none,0,TRUE,sm,fiber tracts,3361_none,sm_right
3361_none_st_left,0.705052785,st,left,3361,none,0.705052785,TRUE,st,fiber tracts,3361_none,st_left
3361_none_st_right,0.092413542,st,right,3361,none,0.092413542,TRUE,st,fiber tracts,3361_none,st_right
3361_none_stc_left,0.683440224,stc,left,3361,none,0.683440224,TRUE,stc,fiber tracts,3361_none,stc_left
3361_none_stc_right,0.651865237,stc,right,3361,none,0.651865237,TRUE,stc,fiber tracts,3361_none,stc_right
3361_none_sup_left,0.314984893,sup,left,3361,none,0.314984893,TRUE,sup,fiber tracts,3361_none,sup_left
3361_none_sup_right,0.41141641,sup,right,3361,none,0.41141641,TRUE,sup,fiber tracts,3361_none,sup_right
3361_none_tspc_left,0.370340127,tspc,left,3361,none,0.370340127,TRUE,tspc,fiber tracts,3361_none,tspc_left
3361_none_tspc_right,0.067214729,tspc,right,3361,none,0.067214729,TRUE,tspc,fiber tracts,3361_none,tspc_right
3489_none_ACAd_left,0.484585113,ACAd,left,3489,none,0.484585113,FALSE,ACA,Isocortex,3489_none,ACAd_left
3489_none_ACAd_right,0.579705986,ACAd,right,3489,none,0.579705986,FALSE,ACA,Isocortex,3489_none,ACAd_right
3489_none_ACAv_left,0.739551754,ACAv,left,3489,none,0.739551754,FALSE,ACA,Isocortex,3489_none,ACAv_left
3489_none_ACAv_right,0.76169557,ACAv,right,3489,none,0.76169557,FALSE,ACA,Isocortex,3489_none,ACAv_right
3489_none_ACB_left,0.70719799,ACB,left,3489,none,0.70719799,FALSE,ACB,STR,3489_none,ACB_left
3489_none_ACB_right,0.526588023,ACB,right,3489,none,0.526588023,FALSE,ACB,STR,3489_none,ACB_right
3489_none_AId_left,0.934407905,AId,left,3489,none,0.934407905,FALSE,AI,Isocortex,3489_none,AId_left
3489_none_AId_right,0.850473093,AId,right,3489,none,0.850473093,FALSE,AI,Isocortex,3489_none,AId_right
3489_none_AIp_left,0.912384986,AIp,left,3489,none,0.912384986,FALSE,AI,Isocortex,3489_none,AIp_left
3489_none_AIp_right,0.902757647,AIp,right,3489,none,0.902757647,FALSE,AI,Isocortex,3489_none,AIp_right
3489_none_AIv_left,0.890638963,AIv,left,3489,none,0.890638963,FALSE,AI,Isocortex,3489_none,AIv_left
3489_none_AIv_right,0.867503136,AIv,right,3489,none,0.867503136,FALSE,AI,Isocortex,3489_none,AIv_right
3489_none_APN_right,-0.140295714,APN,right,3489,none,0,FALSE,APN,MB,3489_none,APN_right
3489_none_APr_left,0.742970599,APr,left,3489,none,0.742970599,FALSE,APr,HPF,3489_none,APr_left
3489_none_APr_right,0.639977772,APr,right,3489,none,0.639977772,FALSE,APr,HPF,3489_none,APr_right
3489_none_AQ_left,-2.709265981,AQ,left,3489,none,0,TRUE,AQ,VS,3489_none,AQ_left
3489_none_AQ_right,-1.900888331,AQ,right,3489,none,0,TRUE,AQ,VS,3489_none,AQ_right
3489_none_ARH_left,0.596229157,ARH,left,3489,none,0.596229157,FALSE,ARH,HY,3489_none,ARH_left
3489_none_ARH_right,0.844694682,ARH,right,3489,none,0.844694682,FALSE,ARH,HY,3489_none,ARH_right
3489_none_AT_left,-0.27485745,AT,left,3489,none,0,FALSE,AT,MB,3489_none,AT_left
3489_none_AT_right,0.57360725,AT,right,3489,none,0.57360725,FALSE,AT,MB,3489_none,AT_right
3489_none_AUDd_left,0.881281672,AUDd,left,3489,none,0.881281672,FALSE,AUDd,Isocortex,3489_none,AUDd_left
3489_none_AUDd_right,0.496365859,AUDd,right,3489,none,0.496365859,FALSE,AUDd,Isocortex,3489_none,AUDd_right
3489_none_AUDp_left,1.116316253,AUDp,left,3489,none,1,FALSE,AUDp,Isocortex,3489_none,AUDp_left
3489_none_AUDp_right,0.58362949,AUDp,right,3489,none,0.58362949,FALSE,AUDp,Isocortex,3489_none,AUDp_right
3489_none_AUDv_left,0.876140832,AUDv,left,3489,none,0.876140832,FALSE,AUDv,Isocortex,3489_none,AUDv_left
3489_none_AUDv_right,0.635979663,AUDv,right,3489,none,0.635979663,FALSE,AUDv,Isocortex,3489_none,AUDv_right
3489_none_AVPV_left,0.528121203,AVPV,left,3489,none,0.528121203,FALSE,AVPV,HY,3489_none,AVPV_left
3489_none_AVPV_right,0.692905264,AVPV,right,3489,none,0.692905264,FALSE,AVPV,HY,3489_none,AVPV_right
3489_none_BLA_left,0.912511649,BLA,left,3489,none,0.912511649,FALSE,BLA,CTXsp,3489_none,BLA_left
3489_none_BLA_right,0.72619891,BLA,right,3489,none,0.72619891,FALSE,BLA,CTXsp,3489_none,BLA_right
3489_none_BMA_left,0.833438746,BMA,left,3489,none,0.833438746,FALSE,BMA,CTXsp,3489_none,BMA_left
3489_none_BMA_right,0.798025527,BMA,right,3489,none,0.798025527,FALSE,BMA,CTXsp,3489_none,BMA_right
3489_none_BST_left,0.754733332,BST,left,3489,none,0.754733332,FALSE,BST,PAL,3489_none,BST_left
3489_none_BST_right,0.553597709,BST,right,3489,none,0.553597709,FALSE,BST,PAL,3489_none,BST_right
3489_none_CA1_left,0.6021491,CA1,left,3489,none,0.6021491,FALSE,CA1,HPF,3489_none,CA1_left
3489_none_CA1_right,0.481552792,CA1,right,3489,none,0.481552792,FALSE,CA1,HPF,3489_none,CA1_right
3489_none_CA2_left,0.648113026,CA2,left,3489,none,0.648113026,FALSE,CA2,HPF,3489_none,CA2_left
3489_none_CA2_right,0.495151927,CA2,right,3489,none,0.495151927,FALSE,CA2,HPF,3489_none,CA2_right
3489_none_CA3_left,0.566519819,CA3,left,3489,none,0.566519819,FALSE,CA3,HPF,3489_none,CA3_left
3489_none_CA3_right,0.478137727,CA3,right,3489,none,0.478137727,FALSE,CA3,HPF,3489_none,CA3_right
3489_none_CB_left,0.403809768,CB,left,3489,none,0.403809768,FALSE,CB,CB,3489_none,CB_left
3489_none_CB_right,-0.315669197,CB,right,3489,none,0,FALSE,CB,CB,3489_none,CB_right
3489_none_CEA_left,0.699941532,CEA,left,3489,none,0.699941532,FALSE,CEA,STR,3489_none,CEA_left
3489_none_CEA_right,0.478325429,CEA,right,3489,none,0.478325429,FALSE,CEA,STR,3489_none,CEA_right
3489_none_CLA_left,0.756413956,CLA,left,3489,none,0.756413956,FALSE,CLA,CTXsp,3489_none,CLA_left
3489_none_CLA_right,0.948503613,CLA,right,3489,none,0.948503613,FALSE,CLA,CTXsp,3489_none,CLA_right
3489_none_CLI_left,-0.152147273,CLI,left,3489,none,0,FALSE,CLI,MB,3489_none,CLI_left
3489_none_CLI_right,-0.80450505,CLI,right,3489,none,0,FALSE,CLI,MB,3489_none,CLI_right
3489_none_CL_left,0.449042458,CL,left,3489,none,0.449042458,FALSE,CL,TH,3489_none,CL_left
3489_none_CL_right,0.395964513,CL,right,3489,none,0.395964513,FALSE,CL,TH,3489_none,CL_right
3489_none_CM_left,0.008399737,CM,left,3489,none,0.008399737,FALSE,CM,TH,3489_none,CM_left
3489_none_CM_right,0.117228404,CM,right,3489,none,0.117228404,FALSE,CM,TH,3489_none,CM_right
3489_none_COA_left,0.911061948,COA,left,3489,none,0.911061948,FALSE,COA,OLF,3489_none,COA_left
3489_none_COA_right,0.891707832,COA,right,3489,none,0.891707832,FALSE,COA,OLF,3489_none,COA_right
3489_none_COAp_left,0.984963725,COAp,left,3489,none,0.984963725,FALSE,COA,OLF,3489_none,COAp_left
3489_none_COAp_right,0.905161986,COAp,right,3489,none,0.905161986,FALSE,COA,OLF,3489_none,COAp_right
3489_none_CP_left,0.517942888,CP,left,3489,none,0.517942888,FALSE,CP,STR,3489_none,CP_left
3489_none_CP_right,0.478026434,CP,right,3489,none,0.478026434,FALSE,CP,STR,3489_none,CP_right
3489_none_CS_left,0.274678868,CS,left,3489,none,0.274678868,FALSE,CS,P,3489_none,CS_left
3489_none_CS_right,0.486642992,CS,right,3489,none,0.486642992,FALSE,CS,P,3489_none,CS_right
3489_none_CTXsp_left,0.771846632,CTXsp,left,3489,none,0.771846632,FALSE,CTXsp,CTXsp,3489_none,CTXsp_left
3489_none_CTXsp_right,0.782034025,CTXsp,right,3489,none,0.782034025,FALSE,CTXsp,CTXsp,3489_none,CTXsp_right
3489_none_DG_left,0.33432064,DG,left,3489,none,0.33432064,FALSE,DG,HPF,3489_none,DG_left
3489_none_DG_right,0.231595736,DG,right,3489,none,0.231595736,FALSE,DG,HPF,3489_none,DG_right
3489_none_DMH_left,0.364366154,DMH,left,3489,none,0.364366154,FALSE,DMH,HY,3489_none,DMH_left
3489_none_DMH_right,0.354599033,DMH,right,3489,none,0.354599033,FALSE,DMH,HY,3489_none,DMH_right
3489_none_DR_left,0.218688354,DR,left,3489,none,0.218688354,FALSE,DR,MB,3489_none,DR_left
3489_none_DR_right,0.694213753,DR,right,3489,none,0.694213753,FALSE,DR,MB,3489_none,DR_right
3489_none_ECT_left,0.921250268,ECT,left,3489,none,0.921250268,FALSE,ECT,Isocortex,3489_none,ECT_left
3489_none_ECT_right,0.68193604,ECT,right,3489,none,0.68193604,FALSE,ECT,Isocortex,3489_none,ECT_right
3489_none_ENTl_left,1.150748666,ENTl,left,3489,none,1,FALSE,ENT,HPF,3489_none,ENTl_left
3489_none_ENTl_right,0.985405351,ENTl,right,3489,none,0.985405351,FALSE,ENT,HPF,3489_none,ENTl_right
3489_none_ENTm_left,1.147938986,ENTm,left,3489,none,1,FALSE,ENT,HPF,3489_none,ENTm_left
3489_none_ENTm_right,1.130493273,ENTm,right,3489,none,1,FALSE,ENT,HPF,3489_none,ENTm_right
3489_none_EP_left,0.822084912,EP,left,3489,none,0.822084912,FALSE,EP,CTXsp,3489_none,EP_left
3489_none_EP_right,0.719486443,EP,right,3489,none,0.719486443,FALSE,EP,CTXsp,3489_none,EP_right
3489_none_Eth_left,0.475335348,Eth,left,3489,none,0.475335348,FALSE,Eth,TH,3489_none,Eth_left
3489_none_Eth_right,0.627145491,Eth,right,3489,none,0.627145491,FALSE,Eth,TH,3489_none,Eth_right
3489_none_FC_left,0.722177934,FC,left,3489,none,0.722177934,FALSE,FC,HPF,3489_none,FC_left
3489_none_FC_right,0.795563738,FC,right,3489,none,0.795563738,FALSE,FC,HPF,3489_none,FC_right
3489_none_GU_left,0.985698103,GU,left,3489,none,0.985698103,FALSE,GU,Isocortex,3489_none,GU_left
3489_none_GU_right,1.029706404,GU,right,3489,none,1,FALSE,GU,Isocortex,3489_none,GU_right
3489_none_HATA_left,1.140093959,HATA,left,3489,none,1,FALSE,HATA,HPF,3489_none,HATA_left
3489_none_HATA_right,1.206716025,HATA,right,3489,none,1,FALSE,HATA,HPF,3489_none,HATA_right
3489_none_HPF_left,0.499032769,HPF,left,3489,none,0.499032769,FALSE,HPF,HPF,3489_none,HPF_left
3489_none_HPF_right,0.402312481,HPF,right,3489,none,0.402312481,FALSE,HPF,HPF,3489_none,HPF_right
3489_none_HY_left,0.59180031,HY,left,3489,none,0.59180031,FALSE,HY,HY,3489_none,HY_left
3489_none_HY_right,0.479651629,HY,right,3489,none,0.479651629,FALSE,HY,HY,3489_none,HY_right
3489_none_IA_left,0.903667213,IA,left,3489,none,0.903667213,FALSE,IA,STR,3489_none,IA_left
3489_none_IA_right,0.729970081,IA,right,3489,none,0.729970081,FALSE,IA,STR,3489_none,IA_right
3489_none_IC_left,0.413458682,IC,left,3489,none,0.413458682,FALSE,IC,MB,3489_none,IC_left
3489_none_IC_right,0.478610641,IC,right,3489,none,0.478610641,FALSE,IC,MB,3489_none,IC_right
3489_none_IGL_right,0.448811615,IGL,right,3489,none,0.448811615,FALSE,IGL,TH,3489_none,IGL_right
3489_none_IG_left,0.494113498,IG,left,3489,none,0.494113498,FALSE,IG,HPF,3489_none,IG_left
3489_none_IG_right,0.983937415,IG,right,3489,none,0.983937415,FALSE,IG,HPF,3489_none,IG_right
3489_none_III_left,-0.983554996,III,left,3489,none,0,FALSE,III,MB,3489_none,III_left
3489_none_III_right,-0.758262621,III,right,3489,none,0,FALSE,III,MB,3489_none,III_right
3489_none_IIn_left,-5,IIn,left,3489,none,0,TRUE,IIn,fiber tracts,3489_none,IIn_left
3489_none_IIn_right,-5,IIn,right,3489,none,0,TRUE,IIn,fiber tracts,3489_none,IIn_right
3489_none_IMD_left,0.325125295,IMD,left,3489,none,0.325125295,FALSE,IMD,TH,3489_none,IMD_left
3489_none_IMD_right,0.407624639,IMD,right,3489,none,0.407624639,FALSE,IMD,TH,3489_none,IMD_right
3489_none_In_left,0.52911453,In,left,3489,none,0.52911453,TRUE,In,fiber tracts,3489_none,In_left
3489_none_In_right,0.402459263,In,right,3489,none,0.402459263,TRUE,In,fiber tracts,3489_none,In_right
3489_none_LA_left,0.8161984,LA,left,3489,none,0.8161984,FALSE,LA,CTXsp,3489_none,LA_left
3489_none_LA_right,0.661619086,LA,right,3489,none,0.661619086,FALSE,LA,CTXsp,3489_none,LA_right
3489_none_LGd_left,0.362195009,LGd,left,3489,none,0.362195009,FALSE,LGd,TH,3489_none,LGd_left
3489_none_LGd_right,0.480218317,LGd,right,3489,none,0.480218317,FALSE,LGd,TH,3489_none,LGd_right
3489_none_LGv_left,0.506726342,LGv,left,3489,none,0.506726342,FALSE,LGv,TH,3489_none,LGv_left
3489_none_LGv_right,0.679856052,LGv,right,3489,none,0.679856052,FALSE,LGv,TH,3489_none,LGv_right
3489_none_LHA_left,0.246408021,LHA,left,3489,none,0.246408021,FALSE,LHA,HY,3489_none,LHA_left
3489_none_LHA_right,0.12679041,LHA,right,3489,none,0.12679041,FALSE,LHA,HY,3489_none,LHA_right
3489_none_LH_left,-0.388465329,LH,left,3489,none,0,FALSE,LH,TH,3489_none,LH_left
3489_none_LH_right,0.03763987,LH,right,3489,none,0.03763987,FALSE,LH,TH,3489_none,LH_right
3489_none_LPO_left,0.863407417,LPO,left,3489,none,0.863407417,FALSE,LPO,HY,3489_none,LPO_left
3489_none_LPO_right,0.688320194,LPO,right,3489,none,0.688320194,FALSE,LPO,HY,3489_none,LPO_right
3489_none_LP_left,0.474281688,LP,left,3489,none,0.474281688,FALSE,LP,TH,3489_none,LP_left
3489_none_LP_right,0.570563821,LP,right,3489,none,0.570563821,FALSE,LP,TH,3489_none,LP_right
3489_none_LS_left,0.775967993,LS,left,3489,none,0.775967993,FALSE,LS,STR,3489_none,LS_left
3489_none_LS_right,0.752039715,LS,right,3489,none,0.752039715,FALSE,LS,STR,3489_none,LS_right
3489_none_MB_left,0.304189502,MB,left,3489,none,0.304189502,FALSE,MB,MB,3489_none,MB_left
3489_none_MB_right,0.158783392,MB,right,3489,none,0.158783392,FALSE,MB,MB,3489_none,MB_right
3489_none_MBmot_left,0.424088053,MBmot,left,3489,none,0.424088053,FALSE,MB,MB,3489_none,MBmot_left
3489_none_MBmot_right,-0.343947666,MBmot,right,3489,none,0,FALSE,MB,MB,3489_none,MBmot_right
3489_none_MD_left,0.455094375,MD,left,3489,none,0.455094375,FALSE,MD,TH,3489_none,MD_left
3489_none_MD_right,0.274452199,MD,right,3489,none,0.274452199,FALSE,MD,TH,3489_none,MD_right
3489_none_MEA_left,0.773705153,MEA,left,3489,none,0.773705153,FALSE,MEA,STR,3489_none,MEA_left
3489_none_MEA_right,0.746524395,MEA,right,3489,none,0.746524395,FALSE,MEA,STR,3489_none,MEA_right
3489_none_ME_left,-1.715860103,ME,left,3489,none,0,FALSE,ME,HY,3489_none,ME_left
3489_none_ME_right,-1.77180157,ME,right,3489,none,0,FALSE,ME,HY,3489_none,ME_right
3489_none_MH_left,-0.339920409,MH,left,3489,none,0,FALSE,MH,TH,3489_none,MH_left
3489_none_MH_right,-0.32825127,MH,right,3489,none,0,FALSE,MH,TH,3489_none,MH_right
3489_none_MOp_left,0.783519275,MOp,left,3489,none,0.783519275,FALSE,MOp,Isocortex,3489_none,MOp_left
3489_none_MOp_right,0.760141847,MOp,right,3489,none,0.760141847,FALSE,MOp,Isocortex,3489_none,MOp_right
3489_none_MOs_left,0.747933964,MOs,left,3489,none,0.747933964,FALSE,MOs,Isocortex,3489_none,MOs_left
3489_none_MOs_right,0.806352613,MOs,right,3489,none,0.806352613,FALSE,MOs,Isocortex,3489_none,MOs_right
3489_none_MPO_right,0.215805245,MPO,right,3489,none,0.215805245,FALSE,MPO,HY,3489_none,MPO_right
3489_none_MRN_left,0.125664494,MRN,left,3489,none,0.125664494,FALSE,MRN,MB,3489_none,MRN_left
3489_none_MRN_right,0.211909854,MRN,right,3489,none,0.211909854,FALSE,MRN,MB,3489_none,MRN_right
3489_none_MS_left,0.242456592,MS,left,3489,none,0.242456592,FALSE,MS,PAL,3489_none,MS_left
3489_none_MS_right,0.416994711,MS,right,3489,none,0.416994711,FALSE,MS,PAL,3489_none,MS_right
3489_none_NDB_left,0.609765851,NDB,left,3489,none,0.609765851,FALSE,NDB,PAL,3489_none,NDB_left
3489_none_NDB_right,0.61924452,NDB,right,3489,none,0.61924452,FALSE,NDB,PAL,3489_none,NDB_right
3489_none_NLL_left,0.32401041,NLL,left,3489,none,0.32401041,FALSE,NLL,P,3489_none,NLL_left
3489_none_NLL_right,0.40757041,NLL,right,3489,none,0.40757041,FALSE,NLL,P,3489_none,NLL_right
3489_none_OLF_left,0.853920427,OLF,left,3489,none,0.853920427,FALSE,OLF,OLF,3489_none,OLF_left
3489_none_OLF_right,0.809001703,OLF,right,3489,none,0.809001703,FALSE,OLF,OLF,3489_none,OLF_right
3489_none_OT_left,0.890560455,OT,left,3489,none,0.890560455,FALSE,OT,STR,3489_none,OT_left
3489_none_OT_right,0.829929786,OT,right,3489,none,0.829929786,FALSE,OT,STR,3489_none,OT_right
3489_none_PAA_left,0.994563603,PAA,left,3489,none,0.994563603,FALSE,PAA,OLF,3489_none,PAA_left
3489_none_PAA_right,0.931449574,PAA,right,3489,none,0.931449574,FALSE,PAA,OLF,3489_none,PAA_right
3489_none_PAG_left,0.195551106,PAG,left,3489,none,0.195551106,FALSE,PAG,MB,3489_none,PAG_left
3489_none_PAG_right,0.102642761,PAG,right,3489,none,0.102642761,FALSE,PAG,MB,3489_none,PAG_right
3489_none_PAL_left,0.607508281,PAL,left,3489,none,0.607508281,FALSE,PAL,PAL,3489_none,PAL_left
3489_none_PAL_right,0.923678594,PAL,right,3489,none,0.923678594,FALSE,PAL,PAL,3489_none,PAL_right
3489_none_PALd_left,0.721103087,PALd,left,3489,none,0.721103087,FALSE,PAL,PAL,3489_none,PALd_left
3489_none_PAR_left,0.886185171,PAR,left,3489,none,0.886185171,FALSE,PAR,HPF,3489_none,PAR_left
3489_none_PAR_right,0.790969394,PAR,right,3489,none,0.790969394,FALSE,PAR,HPF,3489_none,PAR_right
3489_none_PBG_left,0.18911482,PBG,left,3489,none,0.18911482,FALSE,PBG,MB,3489_none,PBG_left
3489_none_PBG_right,-0.310937028,PBG,right,3489,none,0,FALSE,PBG,MB,3489_none,PBG_right
3489_none_PCN_left,0.379157021,PCN,left,3489,none,0.379157021,FALSE,PCN,TH,3489_none,PCN_left
3489_none_PCN_right,0.444669561,PCN,right,3489,none,0.444669561,FALSE,PCN,TH,3489_none,PCN_right
3489_none_PERI_left,1.046431255,PERI,left,3489,none,1,FALSE,PERI,Isocortex,3489_none,PERI_left
3489_none_PERI_right,0.758961247,PERI,right,3489,none,0.758961247,FALSE,PERI,Isocortex,3489_none,PERI_right
3489_none_PF_left,-0.180201041,PF,left,3489,none,0,FALSE,PF,TH,3489_none,PF_left
3489_none_PF_right,-0.065031771,PF,right,3489,none,0,FALSE,PF,TH,3489_none,PF_right
3489_none_PG_left,0.555951963,PG,left,3489,none,0.555951963,FALSE,PG,P,3489_none,PG_left
3489_none_PG_right,0.556470317,PG,right,3489,none,0.556470317,FALSE,PG,P,3489_none,PG_right
3489_none_PH_left,0.185022948,PH,left,3489,none,0.185022948,FALSE,PH,HY,3489_none,PH_left
3489_none_PH_right,0.029217136,PH,right,3489,none,0.029217136,FALSE,PH,HY,3489_none,PH_right
3489_none_PIR_left,0.92507471,PIR,left,3489,none,0.92507471,FALSE,PIR,OLF,3489_none,PIR_left
3489_none_PIR_right,0.82147283,PIR,right,3489,none,0.82147283,FALSE,PIR,OLF,3489_none,PIR_right
3489_none_POST_left,0.765239526,POST,left,3489,none,0.765239526,FALSE,POST,HPF,3489_none,POST_left
3489_none_POST_right,0.778771389,POST,right,3489,none,0.778771389,FALSE,POST,HPF,3489_none,POST_right
3489_none_PO_left,0.671979702,PO,left,3489,none,0.671979702,FALSE,PO,TH,3489_none,PO_left
3489_none_PO_right,0.657128676,PO,right,3489,none,0.657128676,FALSE,PO,TH,3489_none,PO_right
3489_none_PPN_left,0.277203696,PPN,left,3489,none,0.277203696,FALSE,PPN,MB,3489_none,PPN_left
3489_none_PPN_right,0.383213474,PPN,right,3489,none,0.383213474,FALSE,PPN,MB,3489_none,PPN_right
3489_none_PRC_left,-0.514666883,PRC,left,3489,none,0,FALSE,PRC,MB,3489_none,PRC_left
3489_none_PRC_right,-1.627499759,PRC,right,3489,none,0,FALSE,PRC,MB,3489_none,PRC_right
3489_none_PRE_left,0.867961773,PRE,left,3489,none,0.867961773,FALSE,PRE,HPF,3489_none,PRE_left
3489_none_PRE_right,0.850996447,PRE,right,3489,none,0.850996447,FALSE,PRE,HPF,3489_none,PRE_right
3489_none_PRNr_left,0.351134736,PRNr,left,3489,none,0.351134736,FALSE,PRNr,P,3489_none,PRNr_left
3489_none_PRNr_right,0.248137974,PRNr,right,3489,none,0.248137974,FALSE,PRNr,P,3489_none,PRNr_right
3489_none_PR_left,0.235977629,PR,left,3489,none,0.235977629,FALSE,PR,TH,3489_none,PR_left
3489_none_PR_right,-0.175600331,PR,right,3489,none,0,FALSE,PR,TH,3489_none,PR_right
3489_none_PST_left,0.636860165,PST,left,3489,none,0.636860165,FALSE,PST,HY,3489_none,PST_left
3489_none_PST_right,0.04066192,PST,right,3489,none,0.04066192,FALSE,PST,HY,3489_none,PST_right
3489_none_PVT_left,-0.125249218,PVT,left,3489,none,0,FALSE,PVT,TH,3489_none,PVT_left
3489_none_PVT_right,0.049815642,PVT,right,3489,none,0.049815642,FALSE,PVT,TH,3489_none,PVT_right
3489_none_PVZ_left,0.036320698,PVZ,left,3489,none,0.036320698,FALSE,PVZ,HY,3489_none,PVZ_left
3489_none_PVZ_right,0.081991043,PVZ,right,3489,none,0.081991043,FALSE,PVZ,HY,3489_none,PVZ_right
3489_none_P_left,0.221162544,P,left,3489,none,0.221162544,FALSE,P,P,3489_none,P_left
3489_none_P_right,0.234130756,P,right,3489,none,0.234130756,FALSE,P,P,3489_none,P_right
3489_none_Pa4_left,-0.254875543,Pa4,left,3489,none,0,FALSE,Pa4,MB,3489_none,Pa4_left
3489_none_Pa4_right,0.319673643,Pa4,right,3489,none,0.319673643,FALSE,Pa4,MB,3489_none,Pa4_right
3489_none_PeF_left,-5,PeF,left,3489,none,0,FALSE,PeF,HY,3489_none,PeF_left
3489_none_RE_left,0.586741477,RE,left,3489,none,0.586741477,FALSE,RE,TH,3489_none,RE_left
3489_none_RE_right,0.621437521,RE,right,3489,none,0.621437521,FALSE,RE,TH,3489_none,RE_right
3489_none_RSPagl_left,0.711576877,RSPagl,left,3489,none,0.711576877,FALSE,RSP,Isocortex,3489_none,RSPagl_left
3489_none_RSPagl_right,0.620360109,RSPagl,right,3489,none,0.620360109,FALSE,RSP,Isocortex,3489_none,RSPagl_right
3489_none_RSPd_left,0.700108907,RSPd,left,3489,none,0.700108907,FALSE,RSP,Isocortex,3489_none,RSPd_left
3489_none_RSPd_right,0.57187989,RSPd,right,3489,none,0.57187989,FALSE,RSP,Isocortex,3489_none,RSPd_right
3489_none_RSPv_left,0.500756611,RSPv,left,3489,none,0.500756611,FALSE,RSP,Isocortex,3489_none,RSPv_left
3489_none_RSPv_right,0.44839408,RSPv,right,3489,none,0.44839408,FALSE,RSP,Isocortex,3489_none,RSPv_right
3489_none_RT_left,0.640757557,RT,left,3489,none,0.640757557,FALSE,RT,TH,3489_none,RT_left
3489_none_RT_right,0.466655523,RT,right,3489,none,0.466655523,FALSE,RT,TH,3489_none,RT_right
3489_none_SAG_left,0.207954696,SAG,left,3489,none,0.207954696,FALSE,SAG,MB,3489_none,SAG_left
3489_none_SAG_right,0.121769447,SAG,right,3489,none,0.121769447,FALSE,SAG,MB,3489_none,SAG_right
3489_none_SCm_left,0.412630231,SCm,left,3489,none,0.412630231,FALSE,MBmot,MB,3489_none,SCm_left
3489_none_SCm_right,0.471405351,SCm,right,3489,none,0.471405351,FALSE,MBmot,MB,3489_none,SCm_right
3489_none_SCs_left,0.440118142,SCs,left,3489,none,0.440118142,FALSE,MBsen,MB,3489_none,SCs_left
3489_none_SCs_right,0.38241475,SCs,right,3489,none,0.38241475,FALSE,MBsen,MB,3489_none,SCs_right
3489_none_SEZ_left,-0.312193107,SEZ,left,3489,none,0,TRUE,SEZ,VS,3489_none,SEZ_left
3489_none_SEZ_right,-0.688034901,SEZ,right,3489,none,0,TRUE,SEZ,VS,3489_none,SEZ_right
3489_none_SI_left,0.851855435,SI,left,3489,none,0.851855435,FALSE,SI,PAL,3489_none,SI_left
3489_none_SI_right,0.737170389,SI,right,3489,none,0.737170389,FALSE,SI,PAL,3489_none,SI_right
3489_none_SSp-bfd_left,0.848015677,SSp-bfd,left,3489,none,0.848015677,FALSE,SSp,Isocortex,3489_none,SSp-bfd_left
3489_none_SSp-bfd_right,0.570634999,SSp-bfd,right,3489,none,0.570634999,FALSE,SSp,Isocortex,3489_none,SSp-bfd_right
3489_none_SSp-ll_left,0.90859642,SSp-ll,left,3489,none,0.90859642,FALSE,SSp,Isocortex,3489_none,SSp-ll_left
3489_none_SSp-ll_right,1.231084187,SSp-ll,right,3489,none,1,FALSE,SSp,Isocortex,3489_none,SSp-ll_right
3489_none_SSp-m_left,0.956513545,SSp-m,left,3489,none,0.956513545,FALSE,SSp,Isocortex,3489_none,SSp-m_left
3489_none_SSp-m_right,0.943541423,SSp-m,right,3489,none,0.943541423,FALSE,SSp,Isocortex,3489_none,SSp-m_right
3489_none_SSp-n_right,1.166999172,SSp-n,right,3489,none,1,FALSE,SSp,Isocortex,3489_none,SSp-n_right
3489_none_SSp-ul_left,0.96368827,SSp-ul,left,3489,none,0.96368827,FALSE,SSp,Isocortex,3489_none,SSp-ul_left
3489_none_SSp-ul_right,0.858435319,SSp-ul,right,3489,none,0.858435319,FALSE,SSp,Isocortex,3489_none,SSp-ul_right
3489_none_SSp-un_left,0.934021468,SSp-un,left,3489,none,0.934021468,FALSE,SSp,Isocortex,3489_none,SSp-un_left
3489_none_SSp-un_right,1.215516103,SSp-un,right,3489,none,1,FALSE,SSp,Isocortex,3489_none,SSp-un_right
3489_none_SSs_left,0.950312484,SSs,left,3489,none,0.950312484,FALSE,SSs,Isocortex,3489_none,SSs_left
3489_none_SSs_right,0.908224951,SSs,right,3489,none,0.908224951,FALSE,SSs,Isocortex,3489_none,SSs_right
3489_none_STN_left,0.320223309,STN,left,3489,none,0.320223309,FALSE,STN,HY,3489_none,STN_left
3489_none_STN_right,0.370249539,STN,right,3489,none,0.370249539,FALSE,STN,HY,3489_none,STN_right
3489_none_STR_left,0.737468848,STR,left,3489,none,0.737468848,FALSE,STR,STR,3489_none,STR_left
3489_none_STR_right,0.623823999,STR,right,3489,none,0.623823999,FALSE,STR,STR,3489_none,STR_right
3489_none_SUB_left,0.970542465,SUB,left,3489,none,0.970542465,FALSE,SUB,HPF,3489_none,SUB_left
3489_none_SUB_right,0.824151731,SUB,right,3489,none,0.824151731,FALSE,SUB,HPF,3489_none,SUB_right
3489_none_Su3_left,-0.137579242,Su3,left,3489,none,0,FALSE,Su3,MB,3489_none,Su3_left
3489_none_Su3_right,0.298925536,Su3,right,3489,none,0.298925536,FALSE,Su3,MB,3489_none,Su3_right
3489_none_TEa_left,0.922219741,TEa,left,3489,none,0.922219741,FALSE,TEa,Isocortex,3489_none,TEa_left
3489_none_TEa_right,0.580823253,TEa,right,3489,none,0.580823253,FALSE,TEa,Isocortex,3489_none,TEa_right
3489_none_TH_left,0.08842197,TH,left,3489,none,0.08842197,FALSE,TH,TH,3489_none,TH_left
3489_none_TH_right,0.462438216,TH,right,3489,none,0.462438216,FALSE,TH,TH,3489_none,TH_right
3489_none_TRN_left,0.282206172,TRN,left,3489,none,0.282206172,FALSE,TRN,P,3489_none,TRN_left
3489_none_TRN_right,0.613986841,TRN,right,3489,none,0.613986841,FALSE,TRN,P,3489_none,TRN_right
3489_none_TU_left,0.657813799,TU,left,3489,none,0.657813799,FALSE,TU,HY,3489_none,TU_left
3489_none_TU_right,0.673193864,TU,right,3489,none,0.673193864,FALSE,TU,HY,3489_none,TU_right
3489_none_V3_left,-0.993491493,V3,left,3489,none,0,TRUE,V3,VS,3489_none,V3_left
3489_none_V3_right,0.01649164,V3,right,3489,none,0.01649164,TRUE,V3,VS,3489_none,V3_right
3489_none_VISC_left,0.881139723,VISC,left,3489,none,0.881139723,FALSE,VISC,Isocortex,3489_none,VISC_left
3489_none_VISC_right,0.805811567,VISC,right,3489,none,0.805811567,FALSE,VISC,Isocortex,3489_none,VISC_right
3489_none_VISa_left,0.645737368,VISa,left,3489,none,0.645737368,FALSE,VISa,Isocortex,3489_none,VISa_left
3489_none_VISa_right,0.366479679,VISa,right,3489,none,0.366479679,FALSE,VISa,Isocortex,3489_none,VISa_right
3489_none_VISam_left,0.632014501,VISam,left,3489,none,0.632014501,FALSE,VISam,Isocortex,3489_none,VISam_left
3489_none_VISam_right,0.323554335,VISam,right,3489,none,0.323554335,FALSE,VISam,Isocortex,3489_none,VISam_right
3489_none_VISl_left,1.100669102,VISl,left,3489,none,1,FALSE,VISl,Isocortex,3489_none,VISl_left
3489_none_VISl_right,0.909058562,VISl,right,3489,none,0.909058562,FALSE,VISl,Isocortex,3489_none,VISl_right
3489_none_VISli_left,1.21732284,VISli,left,3489,none,1,FALSE,VISli,Isocortex,3489_none,VISli_left
3489_none_VISli_right,1.094444114,VISli,right,3489,none,1,FALSE,VISli,Isocortex,3489_none,VISli_right
3489_none_VISp_left,1.006958832,VISp,left,3489,none,1,FALSE,VISp,Isocortex,3489_none,VISp_left
3489_none_VISp_right,0.788170994,VISp,right,3489,none,0.788170994,FALSE,VISp,Isocortex,3489_none,VISp_right
3489_none_VISpl_left,0.908444738,VISpl,left,3489,none,0.908444738,FALSE,VISpl,Isocortex,3489_none,VISpl_left
3489_none_VISpl_right,0.670061255,VISpl,right,3489,none,0.670061255,FALSE,VISpl,Isocortex,3489_none,VISpl_right
3489_none_VISpm_right,-0.060538443,VISpm,right,3489,none,0,FALSE,VISpm,Isocortex,3489_none,VISpm_right
3489_none_VISpor_left,1.072065466,VISpor,left,3489,none,1,FALSE,VISpor,Isocortex,3489_none,VISpor_left
3489_none_VISpor_right,0.929862248,VISpor,right,3489,none,0.929862248,FALSE,VISpor,Isocortex,3489_none,VISpor_right
3489_none_VISrl_left,0.830199892,VISrl,left,3489,none,0.830199892,FALSE,VISrl,Isocortex,3489_none,VISrl_left
3489_none_VISrl_right,0.417111633,VISrl,right,3489,none,0.417111633,FALSE,VISrl,Isocortex,3489_none,VISrl_right
3489_none_VL_left,-0.335606237,VL,left,3489,none,0,TRUE,VL,VS,3489_none,VL_left
3489_none_VL_right,-0.447044287,VL,right,3489,none,0,TRUE,VL,VS,3489_none,VL_right
3489_none_VMH_left,0.691909216,VMH,left,3489,none,0.691909216,FALSE,VMH,HY,3489_none,VMH_left
3489_none_VMH_right,0.73925589,VMH,right,3489,none,0.73925589,FALSE,VMH,HY,3489_none,VMH_right
3489_none_VM_left,0.517377085,VM,left,3489,none,0.517377085,FALSE,VM,TH,3489_none,VM_left
3489_none_VM_right,0.382008341,VM,right,3489,none,0.382008341,FALSE,VM,TH,3489_none,VM_right
3489_none_VPL_left,0.663499189,VPL,left,3489,none,0.663499189,FALSE,VPL,TH,3489_none,VPL_left
3489_none_VPL_right,0.622986875,VPL,right,3489,none,0.622986875,FALSE,VPL,TH,3489_none,VPL_right
3489_none_VPM_left,0.543239241,VPM,left,3489,none,0.543239241,FALSE,VPM,TH,3489_none,VPM_left
3489_none_VPM_right,0.475051238,VPM,right,3489,none,0.475051238,FALSE,VPM,TH,3489_none,VPM_right
3489_none_VP_left,0.378999707,VP,left,3489,none,0.378999707,FALSE,VP,TH,3489_none,VP_left
3489_none_VP_right,0.568067612,VP,right,3489,none,0.568067612,FALSE,VP,TH,3489_none,VP_right
3489_none_Xi_left,-0.17436031,Xi,left,3489,none,0,FALSE,Xi,TH,3489_none,Xi_left
3489_none_Xi_right,-0.70425689,Xi,right,3489,none,0,FALSE,Xi,TH,3489_none,Xi_right
3489_none_ZI_left,0.50728283,ZI,left,3489,none,0.50728283,FALSE,ZI,HY,3489_none,ZI_left
3489_none_ZI_right,0.398579351,ZI,right,3489,none,0.398579351,FALSE,ZI,HY,3489_none,ZI_right
3489_none_alv_left,0.661665612,alv,left,3489,none,0.661665612,TRUE,alv,fiber tracts,3489_none,alv_left
3489_none_alv_right,0.482695895,alv,right,3489,none,0.482695895,TRUE,alv,fiber tracts,3489_none,alv_right
3489_none_amc_left,0.912239197,amc,left,3489,none,0.912239197,TRUE,amc,fiber tracts,3489_none,amc_left
3489_none_amc_right,0.620709249,amc,right,3489,none,0.620709249,TRUE,amc,fiber tracts,3489_none,amc_right
3489_none_ar_left,0.368401083,ar,left,3489,none,0.368401083,TRUE,ar,fiber tracts,3489_none,ar_left
3489_none_ar_right,0.48202164,ar,right,3489,none,0.48202164,TRUE,ar,fiber tracts,3489_none,ar_right
3489_none_bic_left,0.347576352,bic,left,3489,none,0.347576352,TRUE,bic,fiber tracts,3489_none,bic_left
3489_none_bic_right,0.323818198,bic,right,3489,none,0.323818198,TRUE,bic,fiber tracts,3489_none,bic_right
3489_none_cc_left,0.344093138,cc,left,3489,none,0.344093138,TRUE,cc,fiber tracts,3489_none,cc_left
3489_none_cc_right,0.202381597,cc,right,3489,none,0.202381597,TRUE,cc,fiber tracts,3489_none,cc_right
3489_none_ccg_left,0.02301158,ccg,left,3489,none,0.02301158,TRUE,ccg,fiber tracts,3489_none,ccg_left
3489_none_ccg_right,0.106045293,ccg,right,3489,none,0.106045293,TRUE,ccg,fiber tracts,3489_none,ccg_right
3489_none_chpl_left,-0.761633451,chpl,left,3489,none,0,TRUE,chpl,VS,3489_none,chpl_left
3489_none_chpl_right,0.073554595,chpl,right,3489,none,0.073554595,TRUE,chpl,VS,3489_none,chpl_right
3489_none_cing_left,0.259725619,cing,left,3489,none,0.259725619,TRUE,cing,fiber tracts,3489_none,cing_left
3489_none_cing_right,0.184291937,cing,right,3489,none,0.184291937,TRUE,cing,fiber tracts,3489_none,cing_right
3489_none_cst_left,0.739656847,cst,left,3489,none,0.739656847,TRUE,cst,fiber tracts,3489_none,cst_left
3489_none_cst_right,0.588317856,cst,right,3489,none,0.588317856,TRUE,cst,fiber tracts,3489_none,cst_right
3489_none_dhc_left,0.447178059,dhc,left,3489,none,0.447178059,TRUE,dhc,fiber tracts,3489_none,dhc_left
3489_none_dhc_right,0.254917378,dhc,right,3489,none,0.254917378,TRUE,dhc,fiber tracts,3489_none,dhc_right
3489_none_dscp_left,0.02340587,dscp,left,3489,none,0.02340587,TRUE,dscp,fiber tracts,3489_none,dscp_left
3489_none_dscp_right,0.080804617,dscp,right,3489,none,0.080804617,TRUE,dscp,fiber tracts,3489_none,dscp_right
3489_none_ec_left,0.606634461,ec,left,3489,none,0.606634461,TRUE,ec,fiber tracts,3489_none,ec_left
3489_none_ec_right,0.605125929,ec,right,3489,none,0.605125929,TRUE,ec,fiber tracts,3489_none,ec_right
3489_none_em_left,0.19943777,em,left,3489,none,0.19943777,TRUE,em,fiber tracts,3489_none,em_left
3489_none_em_right,-0.246804186,em,right,3489,none,0,TRUE,em,fiber tracts,3489_none,em_right
3489_none_fi_left,0.342710582,fi,left,3489,none,0.342710582,TRUE,fi,fiber tracts,3489_none,fi_left
3489_none_fi_right,0.302300502,fi,right,3489,none,0.302300502,TRUE,fi,fiber tracts,3489_none,fi_right
3489_none_fiber tracts_left,0.379802652,fiber tracts,left,3489,none,0.379802652,TRUE,fiber tracts,fiber tracts,3489_none,fiber tracts_left
3489_none_fiber tracts_right,0.353492833,fiber tracts,right,3489,none,0.353492833,TRUE,fiber tracts,fiber tracts,3489_none,fiber tracts_right
3489_none_fr_left,-0.30769608,fr,left,3489,none,0,TRUE,fr,fiber tracts,3489_none,fr_left
3489_none_fr_right,-0.039861424,fr,right,3489,none,0,TRUE,fr,fiber tracts,3489_none,fr_right
3489_none_fx_left,0.533087577,fx,left,3489,none,0.533087577,TRUE,fx,fiber tracts,3489_none,fx_left
3489_none_fx_right,0.589257133,fx,right,3489,none,0.589257133,TRUE,fx,fiber tracts,3489_none,fx_right
3489_none_hbc_left,-1.400355743,hbc,left,3489,none,0,TRUE,hbc,fiber tracts,3489_none,hbc_left
3489_none_hbc_right,-0.320571839,hbc,right,3489,none,0,TRUE,hbc,fiber tracts,3489_none,hbc_right
3489_none_int_left,0.320762457,int,left,3489,none,0.320762457,TRUE,int,fiber tracts,3489_none,int_left
3489_none_int_right,0.247693028,int,right,3489,none,0.247693028,TRUE,int,fiber tracts,3489_none,int_right
3489_none_ll_left,0.251911302,ll,left,3489,none,0.251911302,TRUE,ll,fiber tracts,3489_none,ll_left
3489_none_ll_right,0.054360908,ll,right,3489,none,0.054360908,TRUE,ll,fiber tracts,3489_none,ll_right
3489_none_lotg_left,0.583406098,lotg,left,3489,none,0.583406098,TRUE,In,fiber tracts,3489_none,lotg_left
3489_none_lotg_right,0.301380962,lotg,right,3489,none,0.301380962,TRUE,In,fiber tracts,3489_none,lotg_right
3489_none_mcp_left,0.123848488,mcp,left,3489,none,0.123848488,TRUE,mcp,fiber tracts,3489_none,mcp_left
3489_none_mcp_right,-0.004470042,mcp,right,3489,none,0,TRUE,mcp,fiber tracts,3489_none,mcp_right
3489_none_ml_left,0.512903043,ml,left,3489,none,0.512903043,TRUE,ml,fiber tracts,3489_none,ml_left
3489_none_ml_right,0.331164242,ml,right,3489,none,0.331164242,TRUE,ml,fiber tracts,3489_none,ml_right
3489_none_mlf_left,0.034368396,mlf,left,3489,none,0.034368396,TRUE,mlf,fiber tracts,3489_none,mlf_left
3489_none_mlf_right,-0.00283216,mlf,right,3489,none,0,TRUE,mlf,fiber tracts,3489_none,mlf_right
3489_none_moV_left,-0.352905284,moV,left,3489,none,0,TRUE,moV,fiber tracts,3489_none,moV_left
3489_none_moV_right,-0.175655418,moV,right,3489,none,0,TRUE,moV,fiber tracts,3489_none,moV_right
3489_none_mtg_left,-0.450994761,mtg,left,3489,none,0,TRUE,mtg,fiber tracts,3489_none,mtg_left
3489_none_mtg_right,0.914294694,mtg,right,3489,none,0.914294694,TRUE,mtg,fiber tracts,3489_none,mtg_right
3489_none_mtt_left,0.463136538,mtt,left,3489,none,0.463136538,TRUE,mtt,fiber tracts,3489_none,mtt_left
3489_none_mtt_right,0.066677214,mtt,right,3489,none,0.066677214,TRUE,mtt,fiber tracts,3489_none,mtt_right
3489_none_nst_left,0.744603538,nst,left,3489,none,0.744603538,TRUE,nst,fiber tracts,3489_none,nst_left
3489_none_nst_right,0.568176427,nst,right,3489,none,0.568176427,TRUE,nst,fiber tracts,3489_none,nst_right
3489_none_opt_left,0.269164256,opt,left,3489,none,0.269164256,TRUE,opt,fiber tracts,3489_none,opt_left
3489_none_opt_right,0.279739306,opt,right,3489,none,0.279739306,TRUE,opt,fiber tracts,3489_none,opt_right
3489_none_or_left,0.094537469,or,left,3489,none,0.094537469,TRUE,or,fiber tracts,3489_none,or_left
3489_none_or_right,0.240206318,or,right,3489,none,0.240206318,TRUE,or,fiber tracts,3489_none,or_right
3489_none_rust_left,0.387307924,rust,left,3489,none,0.387307924,TRUE,rust,fiber tracts,3489_none,rust_left
3489_none_rust_right,0.250792154,rust,right,3489,none,0.250792154,TRUE,rust,fiber tracts,3489_none,rust_right
3489_none_sV_left,-0.218584421,sV,left,3489,none,0,TRUE,sV,fiber tracts,3489_none,sV_left
3489_none_sV_right,-1.070211205,sV,right,3489,none,0,TRUE,sV,fiber tracts,3489_none,sV_right
3489_none_scp_left,0.020101365,scp,left,3489,none,0.020101365,TRUE,scp,fiber tracts,3489_none,scp_left
3489_none_scp_right,-1.357950519,scp,right,3489,none,0,TRUE,scp,fiber tracts,3489_none,scp_right
3489_none_scwm_left,0.426362885,scwm,left,3489,none,0.426362885,TRUE,scwm,fiber tracts,3489_none,scwm_left
3489_none_scwm_right,0.418241543,scwm,right,3489,none,0.418241543,TRUE,scwm,fiber tracts,3489_none,scwm_right
3489_none_st_left,0.488153484,st,left,3489,none,0.488153484,TRUE,st,fiber tracts,3489_none,st_left
3489_none_st_right,0.56706806,st,right,3489,none,0.56706806,TRUE,st,fiber tracts,3489_none,st_right
3489_none_stc_left,0.521311307,stc,left,3489,none,0.521311307,TRUE,stc,fiber tracts,3489_none,stc_left
3489_none_sup_left,-0.620118395,sup,left,3489,none,0,TRUE,sup,fiber tracts,3489_none,sup_left
3489_none_sup_right,-0.545937839,sup,right,3489,none,0,TRUE,sup,fiber tracts,3489_none,sup_right
3489_none_tspc_left,0.707202095,tspc,left,3489,none,0.707202095,TRUE,tspc,fiber tracts,3489_none,tspc_left
3489_none_tspc_right,-0.444514078,tspc,right,3489,none,0,TRUE,tspc,fiber tracts,3489_none,tspc_right
