param,meanA,meanB,sdA,sdB
alpha,3.3765877502919004,2.624845567899561,0.06240031034269046,0.05355725888788919
