param,meanA,meanB,sdA,sdB
rho,1.108477345992703,1.259423964717103,0.03305422883297421,0.02899923199749479
