param,meanA,meanB,sdA,sdB
seed,0.1730924654775889,0.17287213373196877,0.006544363101023136,0.006387927398878018
