param,meanA,meanB,sdA,sdB
σ,0.04468298111543385,0.06816985587354794,0.00024274092544780657,0.00016857541773665271
