param,meanA,meanB,sdA,sdB
alpha,1.9155241924657032,0.6176525247600116,0.0688204935529123,0.019503394953559704
