param,meanA,meanB,sdA,sdB
rho,0.6585487882101752,0.08180722334207305,0.030579566697929886,0.008753810589393434
