param,meanA,meanB,sdA,sdB
seed,0.20391291707646161,0.21689037033047048,0.00971449767013896,0.09420815641395988
