param,meanA,meanB,sdA,sdB
σ,0.026926491391604874,0.044414190037079436,0.00040110835303849835,0.0009901105459990266
