param,meanA,meanB,sdA,sdB
alpha,3.09064711084253,3.1225244485185253,0.04984552531232077,0.04579682119120576
