param,meanA,meanB,sdA,sdB
rho,0.878938424609515,1.4101688109219868,0.029906665897082966,0.02214885486880807
