param,meanA,meanB,sdA,sdB
seed,0.9237926690658389,0.9967093030563895,0.08073412974701101,0.07994896438672996
