param,meanA,meanB,sdA,sdB
alpha,3.09064711084253,3.1221958788206106,0.04984552531232077,0.04069032221485069
