param,meanA,meanB,sdA,sdB
rho,0.878938424609515,1.399848548424995,0.029906665897082966,0.019225410068264875
