param,meanA,meanB,sdA,sdB
seed,0.9237926690658389,1.0123444159997688,0.08073412974701101,0.07682874845035721
