param,meanA,meanB,sdA,sdB
σ,0.04079490030503139,0.06495830668101303,0.00022343348808400476,0.00014240889953795637
