param,meanA,meanB,sdA,sdB
σ,0.04079490030503139,0.06499132095052604,0.00022343348808400476,0.00014490960521523142
